SAMINATURA BINEFAR;;;;;;;;;;;
ARTICULOS - PROVEEDOR;;;;;;;;;;;

DEPORTE;;
Codigo;Articulo;;Referencia;Proveedor;;Uds.;Precio;;Dto%;;Importe
;;;;;;;;;;;
565;;;20- BIG UNIVERSAL;;30,00;1,98;;0;;
;;;;;;;;;;;

COSMETICA;;
Codigo;Articulo;;Referencia;Proveedor;;Uds.;Precio;;Dto%;;Importe
;;;;;;;;;;;
657; balsamo labial 1;;21-NATURAKOSMETIC;;3,00;4,96;;0;;
;;;;;;;;;;;

TODAS;;
Codigo;Articulo;;Referencia;Proveedor;;Uds.;Precio;;Dto%;;Importe
;;;;;;;;;;;
2603; E BERGAMOTA;;10012- APROLIS;;5,00;6,43;;0;;
;;;;;;;;;;;

ALIMENTACION-GALLETAS;;
Codigo;Articulo;;Referencia;Proveedor;;Uds.;Precio;;Dto%;;Importe
;;;;;;;;;;;
328; G ESP CHOCO 32g;;7- BIOCOP;;15,00;0,58;;10;;
;;;;;;;;;;;

TODAS;;
Codigo;Articulo;;Referencia;Proveedor;;Uds.;Precio;;Dto%;;Importe
;;;;;;;;;;;
2930; magdalenas sarraceno;;7- BIOCOP;;1,00;2,50;;0;;
;;;;;;;;;;;

REFRIGERADOS;;
Codigo;Articulo;;Referencia;Proveedor;;Uds.;Precio;;Dto%;;Importe
;;;;;;;;;;;
531; YOGUR GRIEGO CIT 400G;;2- LA FINESTRASUL CIELO;;20,00;2,16;;0;;
;;;;;;;;;;;
529; YOGUR GRIEGO N 400G;;2- LA FINESTRASUL CIELO;;7,00;2,07;;0;;
;;;;;;;;;;;
530; YOGUR GRIEGO VAN 400G;;2- LA FINESTRASUL CIELO;;20,00;2,16;;0;;
;;;;;;;;;;;

TODAS;;
Codigo;Articulo;;Referencia;Proveedor;;Uds.;Precio;;Dto%;;Importe
;;;;;;;;;;;
1458;,;;2- LA FINESTRASUL CIELO;;10,00;2,43;;0;;
;;;;;;;;;;;
2216;100% pure;;10017- BIOTECH;;10,00;0,99;;0;;
;;;;;;;;;;;
2226;100% PURE WHEY apple;;10017- BIOTECH;;1,00;41,95;;0;;
;;;;;;;;;;;
2224;100% PURE WHEY arroz conleche;;10017- BIOTECH;;4,00;43,90;;0;;
;;;;;;;;;;;
2225;100% PURE WHEY BANANA;;10017- BIOTECH;;8,00;43,90;;0;;
;;;;;;;;;;;
2222;100% PURE WHEY CAPP;;10017- BIOTECH;;1,00;41,95;;0;;
;;;;;;;;;;;
2227;100% PURE WHEY CARAMEL;;10017- BIOTECH;;2,00;41,95;;0;;
;;;;;;;;;;;
2223;100% PURE WHEY coco/choco;;10017- BIOTECH;;3,00;41,95;;0;;
;;;;;;;;;;;
3342;100% PURE WHEYCHOCOLATE PEANUT 2270G;;10017- BIOTECH;;1,00;43,90;;0;;
;;;;;;;;;;;
2228;100% WHEY CHEESECAKE;;10017- BIOTECH;;1,00;0,00;;0;;
;;;;;;;;;;;
2229;100% whey vainilla;;10017- BIOTECH;;2,00;41,95;;0;;
;;;;;;;;;;;

DEPORTE;;
Codigo;Articulo;;Referencia;Proveedor;;Uds.;Precio;;Dto%;;Importe
;;;;;;;;;;;
1180;11FIT CEREZA COLA;;29- LIFE PRO;;24,00;0,21;;0;;
;;;;;;;;;;;
1176;11FIT MANGO;;29- LIFE PRO;;24,00;0,21;;0;;
;;;;;;;;;;;
1177;11fit piña;;29- LIFE PRO;;24,00;0,21;;0;;
;;;;;;;;;;;

ARTICULOS - PROVEEDOR;;;;;Pagina 1 ;;;Fecha : 03/02/2026;;;
1178;11FIT PLATANO FRESA;;29- LIFE PRO;;24,00;0,21;;0;;
;;;;;;;;;;;
1175;11fit tropical;;29- LIFE PRO;;24,00;0,21;;0;;
;;;;;;;;;;;

TODAS;;
Codigo;Articulo;;Referencia;Proveedor;;Uds.;Precio;;Dto%;;Importe
;;;;;;;;;;;
1174;11FIT VAINILLA;;29- LIFE PRO;;24,00;0,21;;0;;
;;;;;;;;;;;
2765;2EN1 BEBE;;10019- WELEDA;;2,00;6,51;;0;;
;;;;;;;;;;;

NUTRICION;;
Codigo;Articulo;;Referencia;Proveedor;;Uds.;Precio;;Dto%;;Importe
;;;;;;;;;;;
1361;5-HTP;;10004- HSN;;2,00;11,35;;0;;
;;;;;;;;;;;

TODAS;;
Codigo;Articulo;;Referencia;Proveedor;;Uds.;Precio;;Dto%;;Importe
;;;;;;;;;;;
2399;5902837748269SALSAVAINILLA;;10013- POWERBODY;;2,00;3,47;;0;;
;;;;;;;;;;;
2691;7 HONGOS;;3- FELIUBADALO;;1,00;10,24;;0;;
;;;;;;;;;;;

NUTRICION;;
Codigo;Articulo;;Referencia;Proveedor;;Uds.;Precio;;Dto%;;Importe
;;;;;;;;;;;
1237;9,95PROPOLIS;;10008- BIODISPHARMA;;6,00;3,13;;0;;
;;;;;;;;;;;

TODAS;;
Codigo;Articulo;;Referencia;Proveedor;;Uds.;Precio;;Dto%;;Importe
;;;;;;;;;;;
1935;a e jenjibre;;10012- APROLIS;;6,00;8,04;;0;;
;;;;;;;;;;;
1934;A E LAVANDA;;10012- APROLIS;;11,00;7,41;;0;;
;;;;;;;;;;;
1937;a e mandarina;;10012- APROLIS;;8,00;7,09;;0;;
;;;;;;;;;;;
1936;A E MENTA P;;10012- APROLIS;;6,00;7,03;;0;;
;;;;;;;;;;;
2904;a vogel;;10- ECOPLAZA;;1,00;3,37;;0;;
2904;a vogel;;3- FELIUBADALO;;2,00;3,37;;0;;
;;;;;;;;;;;
2449;A-TOPIC GEL;;10012- APROLIS;;3,00;13,22;;0;;
;;;;;;;;;;;
2448;a-topic natur;;10012- APROLIS;;3,00;17,72;;0;;
;;;;;;;;;;;
1939;a-v extract;;10012- APROLIS;;3,00;11,25;;0;;
;;;;;;;;;;;
2991;a.c gauteria;;10012- APROLIS;;2,00;4,55;;0;;
;;;;;;;;;;;
3292;a.e alcanfor;;10012- APROLIS;;1,00;6,27;;0;;
;;;;;;;;;;;
2610;A.E ANIS ESTR;;10012- APROLIS;;4,00;4,45;;0;;
;;;;;;;;;;;
2611;A.E BASILICO;;10012- APROLIS;;4,00;7,06;;0;;
;;;;;;;;;;;
2602;A.E CANELA;;10012- APROLIS;;7,00;11,91;;0;;
;;;;;;;;;;;
3054;A.E CIPRES;;10012- APROLIS;;2,00;5,45;;0;;
;;;;;;;;;;;
2604;A.E CITRONELA;;10012- APROLIS;;4,00;4,42;;0;;
;;;;;;;;;;;
2612;A.E INCIENSO;;10012- APROLIS;;4,00;6,57;;0;;
;;;;;;;;;;;
2613;A.E INCIENSO INDIA;;10012- APROLIS;;4,00;7,06;;0;;
;;;;;;;;;;;
3053;A.E LAUREL;;10012- APROLIS;;2,00;7,60;;0;;
;;;;;;;;;;;
2606;A.E LEMONGRASS;;10012- APROLIS;;3,00;4,43;;0;;
;;;;;;;;;;;
3052;a.e limon;;10012- APROLIS;;3,00;5,73;;0;;
;;;;;;;;;;;
2614;A.E MIRRA;;10012- APROLIS;;3,00;8,84;;0;;
;;;;;;;;;;;
2605;A.E NARANJO HOJAS;;10012- APROLIS;;4,00;5,34;;0;;
;;;;;;;;;;;
2615;A.E NIAOULI;;10012- APROLIS;;4,00;5,36;;0;;
;;;;;;;;;;;

ARTICULOS - PROVEEDOR;;;;;Pagina 2 ;;;Fecha : 03/02/2026;;;
2608;A.E PACHULI;;10012- APROLIS;;5,00;9,83;;0;;
;;;;;;;;;;;
2616;A.E PALMAROSA;;10012- APROLIS;;4,00;4,71;;0;;
;;;;;;;;;;;
2607;A.E POMELA;;10012- APROLIS;;4,00;4,46;;0;;
;;;;;;;;;;;
3291;a.e salvia;;10012- APROLIS;;4,00;7,80;;0;;
;;;;;;;;;;;
3290;A.E TOMILLO;;10012- APROLIS;;4,00;8,90;;0;;
;;;;;;;;;;;
2609;A.E YLANG-YLANG;;10012- APROLIS;;7,00;6,40;;0;;
;;;;;;;;;;;

REFRIGERADOS;;
Codigo;Articulo;;Referencia;Proveedor;;Uds.;Precio;;Dto%;;Importe
;;;;;;;;;;;
738;ABBOT GREEK NATURAL;;10- ECOPLAZA;;24,00;2,22;;0;;
;;;;;;;;;;;

ALIMENTACION;;
Codigo;Articulo;;Referencia;Proveedor;;Uds.;Precio;;Dto%;;Importe
;;;;;;;;;;;
1456;ABDODREN;;3- FELIUBADALO;;3,00;15,45;;0;;
;;;;;;;;;;;

TODAS;;
Codigo;Articulo;;Referencia;Proveedor;;Uds.;Precio;;Dto%;;Importe
;;;;;;;;;;;
2514;abedul;;10- ECOPLAZA;;5,00;0,95;;5;;
;;;;;;;;;;;

ALIMENTACION;;
Codigo;Articulo;;Referencia;Proveedor;;Uds.;Precio;;Dto%;;Importe
;;;;;;;;;;;
1146;abedul toobio;;10- ECOPLAZA;;11,00;3,48;;0;;
;;;;;;;;;;;

NUTRICION;;
Codigo;Articulo;;Referencia;Proveedor;;Uds.;Precio;;Dto%;;Importe
;;;;;;;;;;;
1549;absorb-n-zyme;;27- ACTIBIOS;;1,00;16,50;;0;;
;;;;;;;;;;;

TODAS;;
Codigo;Articulo;;Referencia;Proveedor;;Uds.;Precio;;Dto%;;Importe
;;;;;;;;;;;
1999;ac oregano;;3- FELIUBADALO;;2,00;7,45;;0;;
;;;;;;;;;;;
2125;ACAI;;15- orgacicasuperfoods;;6,00;9,05;;0;;
;;;;;;;;;;;

CONGELADOS;;
Codigo;Articulo;;Referencia;Proveedor;;Uds.;Precio;;Dto%;;Importe
;;;;;;;;;;;
876;ACAI;;2- LA FINESTRASUL CIELO;;8,00;2,85;;0;;
;;;;;;;;;;;

NUTRICION;;
Codigo;Articulo;;Referencia;Proveedor;;Uds.;Precio;;Dto%;;Importe
;;;;;;;;;;;
837;ACAI LIOFILIZADO;;25- NUTRICIONSANTE;;6,00;9,83;;20;;
;;;;;;;;;;;

TODAS;;
Codigo;Articulo;;Referencia;Proveedor;;Uds.;Precio;;Dto%;;Importe
;;;;;;;;;;;
2739;aceite arnica;;10019- WELEDA;;2,00;10,95;;0;;
;;;;;;;;;;;
2766;aceite bebe;;10019- WELEDA;;2,00;10,38;;0;;
;;;;;;;;;;;
2737;aceite citrus;;10019- WELEDA;;2,00;10,96;;0;;
;;;;;;;;;;;

ALIMENTACION-ACEITES;;
Codigo;Articulo;;Referencia;Proveedor;;Uds.;Precio;;Dto%;;Importe
;;;;;;;;;;;

ARTICULOS - PROVEEDOR;;;;;Pagina 3 ;;;Fecha : 03/02/2026;;;
321;aceite coco 200ml ecob;;5- ECOBASICS;;30,00;1,66;;0;;
;;;;;;;;;;;
322;ACEITE COCO 500ML ECOB;;5- ECOBASICS;;30,00;3,51;;0;;
;;;;;;;;;;;
108;ACEITE CHIA;;3- FELIUBADALO;;6,00;3,97;;0;;
;;;;;;;;;;;

TODAS;;
Codigo;Articulo;;Referencia;Proveedor;;Uds.;Precio;;Dto%;;Importe
;;;;;;;;;;;
2730;aceite de abedul;;10019- WELEDA;;2,00;14,43;;0;;
;;;;;;;;;;;
1661;ACEITE DE AGUACATE;;10009- faire;;6,00;2,79;;0;;
;;;;;;;;;;;

ALIMENTACION;;
Codigo;Articulo;;Referencia;Proveedor;;Uds.;Precio;;Dto%;;Importe
;;;;;;;;;;;
942;ACEITE DE AGUACATE;;2- LA FINESTRASUL CIELO;;6,00;7,83;;0;;
942;ACEITE DE AGUACATE;;29- LIFE PRO;;1,00;7,83;;5;;
;;;;;;;;;;;

TODAS;;
Codigo;Articulo;;Referencia;Proveedor;;Uds.;Precio;;Dto%;;Importe
;;;;;;;;;;;
2067;aceite de albaricoque;;10012- APROLIS;;3,00;9,97;;0;;
;;;;;;;;;;;
3294;ACEITE DE ALMENDRA;;10012- APROLIS;;4,00;8,86;;0;;
;;;;;;;;;;;

ALIMENTACION-ACEITES;;
Codigo;Articulo;;Referencia;Proveedor;;Uds.;Precio;;Dto%;;Importe
;;;;;;;;;;;
767;ACEITE DE ALMENDRA;;3- FELIUBADALO;;4,00;7,61;;0;;
;;;;;;;;;;;

TODAS;;
Codigo;Articulo;;Referencia;Proveedor;;Uds.;Precio;;Dto%;;Importe
;;;;;;;;;;;
2138;ACEITE DE ALMENDRA 500ML;;10- ECOPLAZA;;1,00;6,45;;30;;
;;;;;;;;;;;
1666;aceite de almendra dulce;;10009- faire;;6,00;2,79;;0;;
;;;;;;;;;;;
1663;ACEITE DE ARGAN;;10009- faire;;6,00;3,25;;0;;
;;;;;;;;;;;

COSMETICA;;
Codigo;Articulo;;Referencia;Proveedor;;Uds.;Precio;;Dto%;;Importe
;;;;;;;;;;;
1258;ACEITE DE BAOBAB 100ML;;10- ECOPLAZA;;1,00;8,75;;0;;
1258;ACEITE DE BAOBAB 100ML;;10009- faire;;3,00;8,75;;0;;
;;;;;;;;;;;
1259;ACEITE DE BAOBAB 50ML;;10009- faire;;2,00;4,95;;0;;
;;;;;;;;;;;

TODAS;;
Codigo;Articulo;;Referencia;Proveedor;;Uds.;Precio;;Dto%;;Importe
;;;;;;;;;;;
2547;aceite de barba;;21-NATURAKOSMETIC;;4,00;3,47;;0;;
;;;;;;;;;;;

ALIMENTACION-ACEITES;;
Codigo;Articulo;;Referencia;Proveedor;;Uds.;Precio;;Dto%;;Importe
;;;;;;;;;;;
766;aceite de calabaza;;3- FELIUBADALO;;4,00;6,58;;10;;
;;;;;;;;;;;

TODAS;;
Codigo;Articulo;;Referencia;Proveedor;;Uds.;Precio;;Dto%;;Importe
;;;;;;;;;;;
1256;ACEITE DE CARA 100ML;;10- ECOPLAZA;;1,00;8,75;;0;;
1256;ACEITE DE CARA 100ML;;10009- faire;;3,00;8,75;;0;;
;;;;;;;;;;;

ARTICULOS - PROVEEDOR;;;;;Pagina 4 ;;;Fecha : 03/02/2026;;;
COSMETICA;;
Codigo;Articulo;;Referencia;Proveedor;;Uds.;Precio;;Dto%;;Importe
;;;;;;;;;;;
1257;ACEITE DE CARA 50ML;;10009- faire;;3,00;4,46;;0;;
;;;;;;;;;;;

ALIMENTACION;;
Codigo;Articulo;;Referencia;Proveedor;;Uds.;Precio;;Dto%;;Importe
;;;;;;;;;;;
1532;aceite de coco 1l;;5- ECOBASICS;;6,00;5,49;;0;;
;;;;;;;;;;;

TODAS;;
Codigo;Articulo;;Referencia;Proveedor;;Uds.;Precio;;Dto%;;Importe
;;;;;;;;;;;
1976;aceite de coco desodorizado;;10- ECOPLAZA;;6,00;4,97;;0;;
;;;;;;;;;;;
3094;ACEITE DE COCO TOOBIO;;10- ECOPLAZA;;1,00;4,35;;0;;
;;;;;;;;;;;

COSMETICA;;
Codigo;Articulo;;Referencia;Proveedor;;Uds.;Precio;;Dto%;;Importe
;;;;;;;;;;;
1660;aceite de comino negro;;10009- faire;;6,00;2,95;;0;;
;;;;;;;;;;;

TODAS;;
Codigo;Articulo;;Referencia;Proveedor;;Uds.;Precio;;Dto%;;Importe
;;;;;;;;;;;
1801;ACEITE DE EUCALIPTO;;10012- APROLIS;;7,00;5,14;;0;;
;;;;;;;;;;;
2694;aceite de germen;;3- FELIUBADALO;;1,00;5,62;;0;;
;;;;;;;;;;;

ALIMENTACION-ACEITES;;
Codigo;Articulo;;Referencia;Proveedor;;Uds.;Precio;;Dto%;;Importe
;;;;;;;;;;;
220;ACEITE DE GIRASOL;;7- BIOCOP;;12,00;4,27;;25;;
;;;;;;;;;;;

COSMETICA;;
Codigo;Articulo;;Referencia;Proveedor;;Uds.;Precio;;Dto%;;Importe
;;;;;;;;;;;
1260;ACEITE DE HIGO CHUMBO;;10009- faire;;3,00;14,45;;0;;
;;;;;;;;;;;

TODAS;;
Codigo;Articulo;;Referencia;Proveedor;;Uds.;Precio;;Dto%;;Importe
;;;;;;;;;;;
2553;ACEITE DE JOJOBA;;21-NATURAKOSMETIC;;1,00;6,96;;0;;
;;;;;;;;;;;

ALIMENTACION-BEBIDAS-AGUA;;
Codigo;Articulo;;Referencia;Proveedor;;Uds.;Precio;;Dto%;;Importe
;;;;;;;;;;;
107;aceite de lino 250ml;;3- FELIUBADALO;;6,00;2,77;;0;;
;;;;;;;;;;;

TODAS;;
Codigo;Articulo;;Referencia;Proveedor;;Uds.;Precio;;Dto%;;Importe
;;;;;;;;;;;
1662;aceite de maracuya;;10009- faire;;6,00;2,83;;0;;
;;;;;;;;;;;

COSMETICA;;
Codigo;Articulo;;Referencia;Proveedor;;Uds.;Precio;;Dto%;;Importe
;;;;;;;;;;;
1264;ACEITE DE MARULA 100ml;;10- ECOPLAZA;;1,00;7,45;;0;;
1264;ACEITE DE MARULA 100ml;;10009- faire;;2,00;7,45;;0;;
;;;;;;;;;;;
1263;ACEITE DE MARULA 50ML;;10009- faire;;2,00;4,95;;0;;
;;;;;;;;;;;

ARTICULOS - PROVEEDOR;;;;;Pagina 5 ;;;Fecha : 03/02/2026;;;
TODAS;;
Codigo;Articulo;;Referencia;Proveedor;;Uds.;Precio;;Dto%;;Importe
;;;;;;;;;;;
2990;aceite de mejorana;;10012- APROLIS;;2,00;8,04;;0;;
;;;;;;;;;;;
1664;aceite de moringa;;10009- faire;;6,00;4,13;;0;;
;;;;;;;;;;;
1665;ACEITE DE NEEM;;10009- faire;;6,00;2,87;;0;;
;;;;;;;;;;;
974;ACEITE DE OLIVA 0,5CL;;28- ARTEOLIVA;;10,00;5,35;;0;;
;;;;;;;;;;;

ALIMENTACION;;
Codigo;Articulo;;Referencia;Proveedor;;Uds.;Precio;;Dto%;;Importe
;;;;;;;;;;;
973;ACEITE DE OLIVA 1L;;28- ARTEOLIVA;;10,00;9,50;;0;;
;;;;;;;;;;;

NUTRICION;;
Codigo;Articulo;;Referencia;Proveedor;;Uds.;Precio;;Dto%;;Importe
;;;;;;;;;;;
841;ACEITE DE OLIVA ECO;;25- NUTRICIONSANTE;;12,00;13,16;;20;;
;;;;;;;;;;;

TODAS;;
Codigo;Articulo;;Referencia;Proveedor;;Uds.;Precio;;Dto%;;Importe
;;;;;;;;;;;
2592;ACEITE DE ONAGRA;;29- LIFE PRO;;6,00;12,50;;0;;
;;;;;;;;;;;
2139;aceite de recino;;10- ECOPLAZA;;12,00;3,99;;0;;
;;;;;;;;;;;

COSMETICA;;
Codigo;Articulo;;Referencia;Proveedor;;Uds.;Precio;;Dto%;;Importe
;;;;;;;;;;;
1262;ACEITE DE RECINO 100ml;;10009- faire;;2,00;4,45;;0;;
;;;;;;;;;;;
1261;ACEITE DE RECINO 50ML;;10009- faire;;2,00;2,95;;0;;
;;;;;;;;;;;

NUTRICION;;
Codigo;Articulo;;Referencia;Proveedor;;Uds.;Precio;;Dto%;;Importe
;;;;;;;;;;;
842;ACEITE DE SEMILLAS DECAÑAMO;;25- NUTRICIONSANTE;;6,00;5,46;;20;;
;;;;;;;;;;;

ALIMENTACION;;
Codigo;Articulo;;Referencia;Proveedor;;Uds.;Precio;;Dto%;;Importe
;;;;;;;;;;;
1039;ACEITE DE SESAMO;;7- BIOCOP;;6,00;9,20;;15;;
;;;;;;;;;;;

TODAS;;
Codigo;Articulo;;Referencia;Proveedor;;Uds.;Precio;;Dto%;;Importe
;;;;;;;;;;;
2366;aceite de sesamo negro;;3- FELIUBADALO;;1,00;13,03;;0;;
;;;;;;;;;;;
1968;ACEITE DE ZANAHORIA;;10009- faire;;4,00;3,70;;0;;
;;;;;;;;;;;

COSMETICA;;
Codigo;Articulo;;Referencia;Proveedor;;Uds.;Precio;;Dto%;;Importe
;;;;;;;;;;;
712;ACEITE FACIAL ELIXIR;;21-NATURAKOSMETIC;;1,00;10,25;;100;;
;;;;;;;;;;;
664;ACEITE LABIAL;;21-NATURAKOSMETIC;;3,00;5,77;;0;;
;;;;;;;;;;;

TODAS;;
Codigo;Articulo;;Referencia;Proveedor;;Uds.;Precio;;Dto%;;Importe
;;;;;;;;;;;
2975;ACEITE MEJORANA;;3- FELIUBADALO;;1,00;9,92;;0;;
;;;;;;;;;;;

ALIMENTACION-ACEITES;;
Codigo;Articulo;;Referencia;Proveedor;;Uds.;Precio;;Dto%;;Importe
ARTICULOS - PROVEEDOR;;;;;Pagina 6 ;;;Fecha : 03/02/2026;;;
;;;;;;;;;;;
123;aceite sesamo;;3- FELIUBADALO;;3,00;4,04;;10;;
;;;;;;;;;;;

NUTRICION;;
Codigo;Articulo;;Referencia;Proveedor;;Uds.;Precio;;Dto%;;Importe
;;;;;;;;;;;
409;ACEITE TULSI;;10012- APROLIS;;1,00;6,36;;0;;
409;ACEITE TULSI;;16- ORGANIC INDIA;;4,00;6,36;;0;;
;;;;;;;;;;;

TODAS;;
Codigo;Articulo;;Referencia;Proveedor;;Uds.;Precio;;Dto%;;Importe
;;;;;;;;;;;
2738;ACEITE W GRANADA;;10019- WELEDA;;2,00;14,43;;0;;
;;;;;;;;;;;

ALIMENTACION;;
Codigo;Articulo;;Referencia;Proveedor;;Uds.;Precio;;Dto%;;Importe
;;;;;;;;;;;
1307;aceitunas gigante;;7- BIOCOP;;6,00;3,74;;15;;
;;;;;;;;;;;

ALIMENTACION-CONSERVAS;;
Codigo;Articulo;;Referencia;Proveedor;;Uds.;Precio;;Dto%;;Importe
;;;;;;;;;;;
159;ACELGAS;;4- BIONSAN;;30,00;0,90;;0;;
;;;;;;;;;;;

NUTRICION;;
Codigo;Articulo;;Referencia;Proveedor;;Uds.;Precio;;Dto%;;Importe
;;;;;;;;;;;
1509;acerola;;11- organicasuperfoods;;2,00;12,09;;0;;
;;;;;;;;;;;

TODAS;;
Codigo;Articulo;;Referencia;Proveedor;;Uds.;Precio;;Dto%;;Importe
;;;;;;;;;;;
2140;ACEROLA;;10- ECOPLAZA;;3,00;9,76;;50;;
;;;;;;;;;;;

NUTRICION;;
Codigo;Articulo;;Referencia;Proveedor;;Uds.;Precio;;Dto%;;Importe
;;;;;;;;;;;
502;acido hialuronico;;19- ALDOUS;;12,00;16,81;;0;;
;;;;;;;;;;;

TODAS;;
Codigo;Articulo;;Referencia;Proveedor;;Uds.;Precio;;Dto%;;Importe
;;;;;;;;;;;
2129;acidophilusultra;;10015-SURAVITASAN;;2,00;16,05;;20;;
;;;;;;;;;;;
3253;ACIETE CAPILAR;;10019- WELEDA;;2,00;8,65;;0;;
;;;;;;;;;;;
1706;ACIETE DE OREGANO SURAVITASAN;;10015-SURAVITASAN;;12,00;14,55;;20;;
1706;ACIETE DE OREGANO SURAVITASAN;;3- FELIUBADALO;;4,00;14,55;;0;;
;;;;;;;;;;;
1799;ACIETE DE ROMERO;;10012- APROLIS;;11,00;5,51;;0;;
;;;;;;;;;;;
2093;ACL;;29- LIFE PRO;;2,00;11,90;;0;;
;;;;;;;;;;;

NUTRICION;;
Codigo;Articulo;;Referencia;Proveedor;;Uds.;Precio;;Dto%;;Importe
;;;;;;;;;;;
1505;ACNDEPUR;;10012- APROLIS;;8,00;9,27;;0;;
;;;;;;;;;;;

HIGIENE PERSONAL;;
Codigo;Articulo;;Referencia;Proveedor;;Uds.;Precio;;Dto%;;Importe
;;;;;;;;;;;
1318;acodicionador te;;7- BIOCOP;;3,00;5,69;;0;;
;;;;;;;;;;;
678;ACONDICIONADO TRATNTE;;21-NATURAKOSMETIC;;2,00;8,40;;12;;
;;;;;;;;;;;

ARTICULOS - PROVEEDOR;;;;;Pagina 7 ;;;Fecha : 03/02/2026;;;
TODAS;;
Codigo;Articulo;;Referencia;Proveedor;;Uds.;Precio;;Dto%;;Importe
;;;;;;;;;;;
2554;acondicionador;;21-NATURAKOSMETIC;;2,00;4,15;;0;;
;;;;;;;;;;;

HIGIENE PERSONAL;;
Codigo;Articulo;;Referencia;Proveedor;;Uds.;Precio;;Dto%;;Importe
;;;;;;;;;;;
625;acondicionador;;21-NATURAKOSMETIC;;3,00;3,72;;0;;
;;;;;;;;;;;

TODAS;;
Codigo;Articulo;;Referencia;Proveedor;;Uds.;Precio;;Dto%;;Importe
;;;;;;;;;;;
1781;ACONDICIONADOR;;7- BIOCOP;;6,00;5,34;;20;;
;;;;;;;;;;;

HIGIENE PERSONAL;;
Codigo;Articulo;;Referencia;Proveedor;;Uds.;Precio;;Dto%;;Importe
;;;;;;;;;;;
1316;acondicionador aloe;;3- FELIUBADALO;;3,00;5,69;;0;;
1316;acondicionador aloe;;7- BIOCOP;;3,00;5,69;;0;;
;;;;;;;;;;;
1485;acondicionador ALOE;;3- FELIUBADALO;;3,00;4,55;;0;;
;;;;;;;;;;;
1486;Acondicionador camolmila;;3- FELIUBADALO;;9,00;4,55;;0;;
;;;;;;;;;;;
342;ACONDICIONADOR COCO;;7- BIOCOP;;6,00;5,33;;30;;
;;;;;;;;;;;
1484;acondicionador lavanda;;3- FELIUBADALO;;9,00;4,55;;0;;
;;;;;;;;;;;
1317;ACONDICIONADOR NIÑOS;;7- BIOCOP;;4,00;3,93;;0;;
;;;;;;;;;;;

TODAS;;
Codigo;Articulo;;Referencia;Proveedor;;Uds.;Precio;;Dto%;;Importe
;;;;;;;;;;;
2555;ACONDICIONADOR RIZOS;;21-NATURAKOSMETIC;;3,00;5,99;;0;;
;;;;;;;;;;;
3252;ACONDICIONADOR ROM W;;10019- WELEDA;;4,00;5,18;;0;;
;;;;;;;;;;;
2578;ACONDICIONADOR ROSA;;7- BIOCOP;;6,00;3,93;;0;;
;;;;;;;;;;;

HIGIENE PERSONAL;;
Codigo;Articulo;;Referencia;Proveedor;;Uds.;Precio;;Dto%;;Importe
;;;;;;;;;;;
677;acondicionador vita;;21-NATURAKOSMETIC;;2,00;6,70;;12;;
;;;;;;;;;;;

TODAS;;
Codigo;Articulo;;Referencia;Proveedor;;Uds.;Precio;;Dto%;;Importe
;;;;;;;;;;;
2141;actimincyl;;10- ECOPLAZA;;3,00;14,82;;50;;
;;;;;;;;;;;
2024;ACTIVE C;;10013- POWERBODY;;3,00;4,13;;0;;
;;;;;;;;;;;

ALIMENTACION;;
Codigo;Articulo;;Referencia;Proveedor;;Uds.;Precio;;Dto%;;Importe
;;;;;;;;;;;
1305;ACHICORIA;;7- BIOCOP;;18,00;2,42;;25;;
;;;;;;;;;;;

TODAS;;
Codigo;Articulo;;Referencia;Proveedor;;Uds.;Precio;;Dto%;;Importe
;;;;;;;;;;;
2697;achicoria raiz;;10- ECOPLAZA;;6,00;2,28;;0;;
;;;;;;;;;;;

NUTRICION;;
Codigo;Articulo;;Referencia;Proveedor;;Uds.;Precio;;Dto%;;Importe
;;;;;;;;;;;
1243;ADELGAPOWER;;10008- BIODISPHARMA;;9,00;10,88;;0;;

ARTICULOS - PROVEEDOR;;;;;Pagina 8 ;;;Fecha : 03/02/2026;;;
;;;;;;;;;;;

TODAS;;
Codigo;Articulo;;Referencia;Proveedor;;Uds.;Precio;;Dto%;;Importe
;;;;;;;;;;;
1827;AGAR AGAR;;10011- bioprasad;;4,00;2,83;;0;;
;;;;;;;;;;;
3184;agar agar tiras;;3- FELIUBADALO;;1,00;1,50;;0;;
;;;;;;;;;;;
2861;AGARAGAR 100GR;;10- ECOPLAZA;;6,00;5,59;;0;;
;;;;;;;;;;;
2686;agua alcalina;;2- LA FINESTRASUL CIELO;;6,00;1,15;;0;;
;;;;;;;;;;;

ALIMENTACION-BEBIDAS-AGUA;;
Codigo;Articulo;;Referencia;Proveedor;;Uds.;Precio;;Dto%;;Importe
;;;;;;;;;;;
97;AGUA ALCALINA NARJ;;3- FELIUBADALO;;4,00;1,38;;0;;
;;;;;;;;;;;
230;AGUA COCO 1L;;2- LA FINESTRASUL CIELO;;23,00;3,36;;25;;
;;;;;;;;;;;

TODAS;;
Codigo;Articulo;;Referencia;Proveedor;;Uds.;Precio;;Dto%;;Importe
;;;;;;;;;;;
2566;agua de coco;;3- FELIUBADALO;;2,00;4,09;;0;;
2566;agua de coco;;31- EBRO Diet;;6,00;3,46;;0;;
;;;;;;;;;;;
3375;agua de mar;;31- EBRO Diet;;1,00;3,95;;0;;
;;;;;;;;;;;

NUTRICION;;
Codigo;Articulo;;Referencia;Proveedor;;Uds.;Precio;;Dto%;;Importe
;;;;;;;;;;;
899;AGUA DE MAR 1L;;10001- ALGAMAR;;24,00;3,27;;0;;
899;AGUA DE MAR 1L;;2- LA FINESTRASUL CIELO;;1,00;3,27;;0;;
899;AGUA DE MAR 1L;;3- FELIUBADALO;;1,00;3,53;;0;;
;;;;;;;;;;;
911;AGUA DE MAR 3L;;10001- ALGAMAR;;6,00;4,18;;0;;
;;;;;;;;;;;

TODAS;;
Codigo;Articulo;;Referencia;Proveedor;;Uds.;Precio;;Dto%;;Importe
;;;;;;;;;;;
2800;AGUA DE MAR LA FINSTRA;;2- LA FINESTRASUL CIELO;;12,00;3,88;;0;;
;;;;;;;;;;;
1969;agua de rosas 1969;;10009- faire;;6,00;4,00;;0;;
;;;;;;;;;;;
2763;AGUA DENT RATANIA;;10019- WELEDA;;2,00;5,18;;0;;
;;;;;;;;;;;

HIGIENE PERSONAL;;
Codigo;Articulo;;Referencia;Proveedor;;Uds.;Precio;;Dto%;;Importe
;;;;;;;;;;;
693;AGUA LIMPIADOR BEBE;;21-NATURAKOSMETIC;;2,00;7,14;;12;;
;;;;;;;;;;;

GRANEL;;
Codigo;Articulo;;Referencia;Proveedor;;Uds.;Precio;;Dto%;;Importe
;;;;;;;;;;;
689;agua m anti age;;21-NATURAKOSMETIC;;2,00;5,50;;12;;
;;;;;;;;;;;

TODAS;;
Codigo;Articulo;;Referencia;Proveedor;;Uds.;Precio;;Dto%;;Importe
;;;;;;;;;;;
3418;AGUA MAR;;10- ECOPLAZA;;1,00;3,24;;0;;
;;;;;;;;;;;
2909;AGUA MAR 2L;;10- ECOPLAZA;;1,00;3,47;;0;;
2909;AGUA MAR 2L;;3- FELIUBADALO;;1,00;3,53;;0;;
;;;;;;;;;;;
2907;agua mar 500g;;10- ECOPLAZA;;1,00;1,94;;0;;
;;;;;;;;;;;

COSMETICA;;
Codigo;Articulo;;Referencia;Proveedor;;Uds.;Precio;;Dto%;;Importe
ARTICULOS - PROVEEDOR;;;;;Pagina 9 ;;;Fecha : 03/02/2026;;;
;;;;;;;;;;;
695;AGUA PERFUMADA;;21-NATURAKOSMETIC;;2,00;11,78;;12;;
;;;;;;;;;;;

TODAS;;
Codigo;Articulo;;Referencia;Proveedor;;Uds.;Precio;;Dto%;;Importe
;;;;;;;;;;;
2559;AJENJO;;31- EBRO Diet;;6,00;1,39;;0;;
;;;;;;;;;;;

ALIMENTACION;;
Codigo;Articulo;;Referencia;Proveedor;;Uds.;Precio;;Dto%;;Importe
;;;;;;;;;;;
936;AJO;;2- LA FINESTRASUL CIELO;;6,00;2,60;;0;;
936;AJO;;7- BIOCOP;;1,00;2,60;;0;;
;;;;;;;;;;;

TODAS;;
Codigo;Articulo;;Referencia;Proveedor;;Uds.;Precio;;Dto%;;Importe
;;;;;;;;;;;
3405;ajo en polvo;;10- ECOPLAZA;;1,00;1,70;;0;;
;;;;;;;;;;;

ALIMENTACION-CONSERVAS;;
Codigo;Articulo;;Referencia;Proveedor;;Uds.;Precio;;Dto%;;Importe
;;;;;;;;;;;
446;alb del pais c 350g;;1- CAL VALLS;;6,00;1,60;;0;;
;;;;;;;;;;;

ALIMENTACION;;
Codigo;Articulo;;Referencia;Proveedor;;Uds.;Precio;;Dto%;;Importe
;;;;;;;;;;;
1394;albahaca;;10011- bioprasad;;4,00;0,73;;0;;
;;;;;;;;;;;
934;ALBAHACA;;2- LA FINESTRASUL CIELO;;6,00;1,95;;0;;
934;ALBAHACA;;7- BIOCOP;;1,00;1,95;;0;;
;;;;;;;;;;;

ALIMENTACION-PASTELERIA;;
Codigo;Articulo;;Referencia;Proveedor;;Uds.;Precio;;Dto%;;Importe
;;;;;;;;;;;
615;ALBARICOQUES;;23- BIOCOMERCIO;;11,00;1,90;;0;;
;;;;;;;;;;;

ALIMENTACION;;
Codigo;Articulo;;Referencia;Proveedor;;Uds.;Precio;;Dto%;;Importe
;;;;;;;;;;;
1024;alcachofa;;7- BIOCOP;;5,00;5,10;;25;;
;;;;;;;;;;;

TODAS;;
Codigo;Articulo;;Referencia;Proveedor;;Uds.;Precio;;Dto%;;Importe
;;;;;;;;;;;
1752;alcachofera;;2- LA FINESTRASUL CIELO;;8,00;2,15;;0;;
;;;;;;;;;;;
2515;ALCACHOFERA;;10- ECOPLAZA;;5,00;1,85;;0;;
;;;;;;;;;;;

ALIMENTACION-CONSERVAS;;
Codigo;Articulo;;Referencia;Proveedor;;Uds.;Precio;;Dto%;;Importe
;;;;;;;;;;;
753;alcaparras;;4- BIONSAN;;12,00;2,14;;0;;
;;;;;;;;;;;

TODAS;;
Codigo;Articulo;;Referencia;Proveedor;;Uds.;Precio;;Dto%;;Importe
;;;;;;;;;;;
2521;ALCARAVEA;;10- ECOPLAZA;;6,00;1,95;;5;;
;;;;;;;;;;;
3455;aldous oregano;;19- ALDOUS;;1,00;16,81;;0;;
;;;;;;;;;;;
2052;aleo vera;;3- FELIUBADALO;;1,00;13,87;;0;;
;;;;;;;;;;;

ARTICULOS - PROVEEDOR;;;;;Pagina 10 ;;;Fecha : 03/02/2026;;;
NUTRICION;;
Codigo;Articulo;;Referencia;Proveedor;;Uds.;Precio;;Dto%;;Importe
;;;;;;;;;;;
1548;ALFA LIPOICO;;27- ACTIBIOS;;1,00;12,60;;0;;
;;;;;;;;;;;

TODAS;;
Codigo;Articulo;;Referencia;Proveedor;;Uds.;Precio;;Dto%;;Importe
;;;;;;;;;;;
2857;alga dulce;;3- FELIUBADALO;;1,00;2,00;;0;;
;;;;;;;;;;;

ALIMENTACION-ALGAS;;
Codigo;Articulo;;Referencia;Proveedor;;Uds.;Precio;;Dto%;;Importe
;;;;;;;;;;;
910;alga nori;;10001- ALGAMAR;;12,00;4,43;;0;;
;;;;;;;;;;;

TODAS;;
Codigo;Articulo;;Referencia;Proveedor;;Uds.;Precio;;Dto%;;Importe
;;;;;;;;;;;
2978;ALGA OMEGA;;10013- POWERBODY;;3,00;18,09;;0;;
;;;;;;;;;;;
2670;ALGAE OMEGA;;10013- POWERBODY;;1,00;31,26;;0;;
;;;;;;;;;;;
2504;ALGARROBA;;7- BIOCOP;;6,00;2,81;;0;;
;;;;;;;;;;;

ALIMENTACION;;
Codigo;Articulo;;Referencia;Proveedor;;Uds.;Precio;;Dto%;;Importe
;;;;;;;;;;;
1390;ALGARROBA C -CM-M;;10011- bioprasad;;4,00;2,44;;0;;
;;;;;;;;;;;

TODAS;;
Codigo;Articulo;;Referencia;Proveedor;;Uds.;Precio;;Dto%;;Importe
;;;;;;;;;;;
1389;algarroba c-p-l;;10011- bioprasad;;4,00;2,44;;0;;
;;;;;;;;;;;

ALIMENTACION;;
Codigo;Articulo;;Referencia;Proveedor;;Uds.;Precio;;Dto%;;Importe
;;;;;;;;;;;
969;ali-oli;;28- ARTEOLIVA;;18,00;3,00;;0;;
;;;;;;;;;;;
972;ALI-OLI UN;;28- ARTEOLIVA;;6,00;1,00;;0;;
;;;;;;;;;;;
1095;ALIOLI;;1- CAL VALLS;;6,00;2,35;;0;;
;;;;;;;;;;;

TODAS;;
Codigo;Articulo;;Referencia;Proveedor;;Uds.;Precio;;Dto%;;Importe
;;;;;;;;;;;
3358;almedra repelada 150g;;23- BIOCOMERCIO;;10,00;2,42;;0;;
;;;;;;;;;;;

ALIMENTACION-FRUTOS SECOS;;
Codigo;Articulo;;Referencia;Proveedor;;Uds.;Precio;;Dto%;;Importe
;;;;;;;;;;;
618;almendra garrapiñada;;23- BIOCOMERCIO;;10,00;1,67;;0;;
;;;;;;;;;;;
616;almendra laminada;;23- BIOCOMERCIO;;11,00;1,72;;0;;
616;almendra laminada;;7- BIOCOP;;1,00;1,58;;0;;
;;;;;;;;;;;

GRANEL;;
Codigo;Articulo;;Referencia;Proveedor;;Uds.;Precio;;Dto%;;Importe
;;;;;;;;;;;
603;almendra natural;;23- BIOCOMERCIO;;5,00;9,94;;0;;
;;;;;;;;;;;

TODAS;;
Codigo;Articulo;;Referencia;Proveedor;;Uds.;Precio;;Dto%;;Importe
;;;;;;;;;;;
3357;ALMENDRA REPELADA;;23- BIOCOMERCIO;;10,00;10,57;;0;;
;;;;;;;;;;;
ARTICULOS - PROVEEDOR;;;;;Pagina 11 ;;;Fecha : 03/02/2026;;;
2780;almidon de tapioca;;10011- bioprasad;;1,00;1,35;;0;;
2780;almidon de tapioca;;3- FELIUBADALO;;2,00;1,35;;0;;
;;;;;;;;;;;
2856;ALMIDON DE TAPIOCA;;3- FELIUBADALO;;1,00;1,88;;0;;
;;;;;;;;;;;

NUTRICION;;
Codigo;Articulo;;Referencia;Proveedor;;Uds.;Precio;;Dto%;;Importe
;;;;;;;;;;;
1387;ALOE 10000 PROBIOTICS;;10004- HSN;;2,00;9,69;;0;;
1387;ALOE 10000 PROBIOTICS;;10013- POWERBODY;;2,00;9,97;;0;;
;;;;;;;;;;;

TODAS;;
Codigo;Articulo;;Referencia;Proveedor;;Uds.;Precio;;Dto%;;Importe
;;;;;;;;;;;
2701;ALOE 1L;;36- paimes;;1,00;14,00;;0;;
;;;;;;;;;;;
2702;aloe 500ml;;36- paimes;;2,00;8,70;;0;;
;;;;;;;;;;;
3163;aloe vera cap;;10013- POWERBODY;;1,00;7,02;;0;;
;;;;;;;;;;;
2485;ALOEVERA 485;;3- FELIUBADALO;;2,00;10,37;;0;;
;;;;;;;;;;;
2813;ALOEVERA 500ML;;10013- POWERBODY;;3,00;7,52;;0;;
;;;;;;;;;;;
2979;alpha lipoc acid 250mg now;;10013- POWERBODY;;1,00;9,45;;0;;
;;;;;;;;;;;
2385;alpha lipoic acid;;10013- POWERBODY;;3,00;6,30;;0;;
;;;;;;;;;;;
3160;alpha lipolic acid 600mg;;10013- POWERBODY;;1,00;14,82;;0;;
;;;;;;;;;;;

ALIMENTACION;;
Codigo;Articulo;;Referencia;Proveedor;;Uds.;Precio;;Dto%;;Importe
;;;;;;;;;;;
1081;altramuces picante;;1- CAL VALLS;;6,00;2,64;;0;;
;;;;;;;;;;;

ALIMENTACION-CONSERVAS;;
Codigo;Articulo;;Referencia;Proveedor;;Uds.;Precio;;Dto%;;Importe
;;;;;;;;;;;
258;ALUB NEGRAS 400G;;2- LA FINESTRASUL CIELO;;12,00;1,21;;0;;
;;;;;;;;;;;

TODAS;;
Codigo;Articulo;;Referencia;Proveedor;;Uds.;Precio;;Dto%;;Importe
;;;;;;;;;;;
2134;ALUBIA BIO EXTRA;;31- EBRO Diet;;5,00;3,90;;0;;
;;;;;;;;;;;

ALIMENTACION-LEGUMBRES;;
Codigo;Articulo;;Referencia;Proveedor;;Uds.;Precio;;Dto%;;Importe
;;;;;;;;;;;
150;ALUBIA BL 540G;;4- BIONSAN;;12,00;1,88;;0;;
;;;;;;;;;;;
301;alubia roja;;5- ECOBASICS;;10,00;1,65;;0;;
;;;;;;;;;;;
300;ALUBIAS BL 500G;;5- ECOBASICS;;10,00;1,89;;0;;
;;;;;;;;;;;

TODAS;;
Codigo;Articulo;;Referencia;Proveedor;;Uds.;Precio;;Dto%;;Importe
;;;;;;;;;;;
3226;alubias blancas;;31- EBRO Diet;;1,00;1,99;;0;;
;;;;;;;;;;;

ALIMENTACION-CONSERVAS;;
Codigo;Articulo;;Referencia;Proveedor;;Uds.;Precio;;Dto%;;Importe
;;;;;;;;;;;
447;ALUBIAS C 350G;;1- CAL VALLS;;6,00;1,25;;0;;
;;;;;;;;;;;
435;alubias c 700g;;1- CAL VALLS;;7,00;2,20;;0;;
;;;;;;;;;;;
436;ALUBIAS ROJAS 700G C;;1- CAL VALLS;;6,00;2,26;;0;;
;;;;;;;;;;;
449;ALUBIAS ROJAS C 350G;;1- CAL VALLS;;7,00;1,27;;0;;

ARTICULOS - PROVEEDOR;;;;;Pagina 12 ;;;Fecha : 03/02/2026;;;
;;;;;;;;;;;

TODAS;;
Codigo;Articulo;;Referencia;Proveedor;;Uds.;Precio;;Dto%;;Importe
;;;;;;;;;;;
1769;ALLETAS CAPPELI CACAO;;7- BIOCOP;;8,00;2,71;;20;;
;;;;;;;;;;;

NUTRICION;;
Codigo;Articulo;;Referencia;Proveedor;;Uds.;Precio;;Dto%;;Importe
;;;;;;;;;;;
393;AMALKI;;16- ORGANIC INDIA;;5,00;13,99;;0;;
;;;;;;;;;;;

ALIMENTACION-SEMILLAS;;
Codigo;Articulo;;Referencia;Proveedor;;Uds.;Precio;;Dto%;;Importe
;;;;;;;;;;;
279;AMAPOLA 250G;;5- ECOBASICS;;13,00;1,34;;0;;
279;AMAPOLA 250G;;7- BIOCOP;;1,00;1,34;;0;;
;;;;;;;;;;;

ALIMENTACION-GRANOS;;
Codigo;Articulo;;Referencia;Proveedor;;Uds.;Precio;;Dto%;;Importe
;;;;;;;;;;;
260;AMARANTO;;5- ECOBASICS;;10,00;1,58;;0;;
;;;;;;;;;;;

TODAS;;
Codigo;Articulo;;Referencia;Proveedor;;Uds.;Precio;;Dto%;;Importe
;;;;;;;;;;;
2887;AMARANTO INFLADO;;10011- bioprasad;;1,00;1,09;;0;;
;;;;;;;;;;;

DEPORTE;;
Codigo;Articulo;;Referencia;Proveedor;;Uds.;Precio;;Dto%;;Importe
;;;;;;;;;;;
1219;AMILOPECTINA;;10004- HSN;;2,00;3,90;;0;;
;;;;;;;;;;;
1250;amino arginina;;20- BIG UNIVERSAL;;2,00;17,95;;0;;
;;;;;;;;;;;
1249;amino arginina COLA;;20- BIG UNIVERSAL;;1,00;17,95;;0;;
;;;;;;;;;;;
1248;amino arginina mango;;20- BIG UNIVERSAL;;2,00;17,95;;0;;
;;;;;;;;;;;

TODAS;;
Codigo;Articulo;;Referencia;Proveedor;;Uds.;Precio;;Dto%;;Importe
;;;;;;;;;;;
2116;AMLA;;16- ORGANIC INDIA;;2,00;9,83;;0;;
;;;;;;;;;;;

NUTRICION;;
Codigo;Articulo;;Referencia;Proveedor;;Uds.;Precio;;Dto%;;Importe
;;;;;;;;;;;
382;AMLA;;11- organicasuperfoods;;6,00;3,63;;0;;
382;AMLA;;15- orgacicasuperfoods;;8,00;3,82;;0;;
;;;;;;;;;;;

GRANEL;;
Codigo;Articulo;;Referencia;Proveedor;;Uds.;Precio;;Dto%;;Importe
;;;;;;;;;;;
608;anacardos;;23- BIOCOMERCIO;;5,00;9,82;;0;;
;;;;;;;;;;;

ALIMENTACION-FRUTOS SECOS;;
Codigo;Articulo;;Referencia;Proveedor;;Uds.;Precio;;Dto%;;Importe
;;;;;;;;;;;
619;anacardos garapiñados;;23- BIOCOMERCIO;;10,00;1,76;;0;;
;;;;;;;;;;;

NUTRICION;;
Codigo;Articulo;;Referencia;Proveedor;;Uds.;Precio;;Dto%;;Importe
;;;;;;;;;;;
1576;ANG PROPOL;;10012- APROLIS;;21,00;10,90;;0;;

ARTICULOS - PROVEEDOR;;;;;Pagina 13 ;;;Fecha : 03/02/2026;;;
;;;;;;;;;;;

TODAS;;
Codigo;Articulo;;Referencia;Proveedor;;Uds.;Precio;;Dto%;;Importe
;;;;;;;;;;;
1972;anis estellado;;10- ECOPLAZA;;19,00;2,95;;0;;
;;;;;;;;;;;
1973;ANIS VERDE;;10- ECOPLAZA;;13,00;1,70;;0;;
;;;;;;;;;;;

COSMETICA;;
Codigo;Articulo;;Referencia;Proveedor;;Uds.;Precio;;Dto%;;Importe
;;;;;;;;;;;
918;ANTI MOSQUITOS;;2- LA FINESTRASUL CIELO;;2,00;7,55;;0;;
;;;;;;;;;;;
647;antifaz relajante;;21-NATURAKOSMETIC;;4,00;4,14;;0;;
;;;;;;;;;;;

TODAS;;
Codigo;Articulo;;Referencia;Proveedor;;Uds.;Precio;;Dto%;;Importe
;;;;;;;;;;;
2896;ANTIMOSKITOS;;10012- APROLIS;;1,00;7,27;;0;;
;;;;;;;;;;;
2997;antistres;;10012- APROLIS;;2,00;12,42;;0;;
;;;;;;;;;;;
2649;anua cleansing oil;;10018- STORE.K;;3,00;8,46;;0;;
;;;;;;;;;;;

ALIMENTACION-ACEITES;;
Codigo;Articulo;;Referencia;Proveedor;;Uds.;Precio;;Dto%;;Importe
;;;;;;;;;;;
430;AOVE 5L;;1- CAL VALLS;;2,00;55,00;;0;;
;;;;;;;;;;;

ALIMENTACION-SNACK;;
Codigo;Articulo;;Referencia;Proveedor;;Uds.;Precio;;Dto%;;Importe
;;;;;;;;;;;
907;aperitivo de leg con algas;;10001- ALGAMAR;;8,00;1,60;;0;;
;;;;;;;;;;;

DEPORTE;;
Codigo;Articulo;;Referencia;Proveedor;;Uds.;Precio;;Dto%;;Importe
;;;;;;;;;;;
1253;APETISTOP;;20- BIG UNIVERSAL;;3,00;17,50;;0;;
;;;;;;;;;;;

NUTRICION;;
Codigo;Articulo;;Referencia;Proveedor;;Uds.;Precio;;Dto%;;Importe
;;;;;;;;;;;
1358;apple cider;;10004- HSN;;8,00;7,56;;0;;
1358;apple cider;;10013- POWERBODY;;6,00;9,06;;0;;
;;;;;;;;;;;

TODAS;;
Codigo;Articulo;;Referencia;Proveedor;;Uds.;Precio;;Dto%;;Importe
;;;;;;;;;;;
3434;APPLE CIDER VINEGAR;;10013- POWERBODY;;2,00;13,02;;0;;
;;;;;;;;;;;

ALIMENTACION-BEBIDAS-REFRESCOS;;
Codigo;Articulo;;Referencia;Proveedor;;Uds.;Precio;;Dto%;;Importe
;;;;;;;;;;;
140;apple whole;;10- ECOPLAZA;;26,00;1,06;;10;;
;;;;;;;;;;;

NUTRICION;;
Codigo;Articulo;;Referencia;Proveedor;;Uds.;Precio;;Dto%;;Importe
;;;;;;;;;;;
1215;ARABIC GUM;;10004- HSN;;2,00;3,56;;0;;
;;;;;;;;;;;

TODAS;;
Codigo;Articulo;;Referencia;Proveedor;;Uds.;Precio;;Dto%;;Importe
;;;;;;;;;;;
2142;ARANDANOS;;10- ECOPLAZA;;2,00;13,09;;50;;

ARTICULOS - PROVEEDOR;;;;;Pagina 14 ;;;Fecha : 03/02/2026;;;
;;;;;;;;;;;

FRUTERIA;;
Codigo;Articulo;;Referencia;Proveedor;;Uds.;Precio;;Dto%;;Importe
;;;;;;;;;;;
1114;ARANDANOS;;1- CAL VALLS;;8,00;1,80;;0;;
;;;;;;;;;;;

CONGELADOS;;
Codigo;Articulo;;Referencia;Proveedor;;Uds.;Precio;;Dto%;;Importe
;;;;;;;;;;;
882;ARANDANOS;;2- LA FINESTRASUL CIELO;;10,00;4,20;;0;;
;;;;;;;;;;;

ALIMENTACION;;
Codigo;Articulo;;Referencia;Proveedor;;Uds.;Precio;;Dto%;;Importe
;;;;;;;;;;;
1435;arandanos rojos;;10011- bioprasad;;30,00;1,77;;0;;
;;;;;;;;;;;

TODAS;;
Codigo;Articulo;;Referencia;Proveedor;;Uds.;Precio;;Dto%;;Importe
;;;;;;;;;;;
1800;arbol de te;;10012- APROLIS;;2,00;5,65;;0;;
;;;;;;;;;;;

HIGIENE PERSONAL;;
Codigo;Articulo;;Referencia;Proveedor;;Uds.;Precio;;Dto%;;Importe
;;;;;;;;;;;
345;ARCILLA BLANCA POLVO;;7- BIOCOP;;6,00;3,56;;10;;
;;;;;;;;;;;

TODAS;;
Codigo;Articulo;;Referencia;Proveedor;;Uds.;Precio;;Dto%;;Importe
;;;;;;;;;;;
2076;ARCILLA VERDE;;2- LA FINESTRASUL CIELO;;2,00;5,26;;0;;
;;;;;;;;;;;

COSMETICA;;
Codigo;Articulo;;Referencia;Proveedor;;Uds.;Precio;;Dto%;;Importe
;;;;;;;;;;;
512;ARGAN CBD;;19- ALDOUS;;4,00;9,90;;0;;
;;;;;;;;;;;

NUTRICION;;
Codigo;Articulo;;Referencia;Proveedor;;Uds.;Precio;;Dto%;;Importe
;;;;;;;;;;;
1640;arginina + sitrulina now;;10004- HSN;;3,00;13,81;;0;;
;;;;;;;;;;;
1582;ARINGIL;;10012- APROLIS;;10,00;7,78;;0;;
;;;;;;;;;;;

TODAS;;
Codigo;Articulo;;Referencia;Proveedor;;Uds.;Precio;;Dto%;;Importe
;;;;;;;;;;;
2068;ARNICA;;10012- APROLIS;;3,00;10,22;;0;;
;;;;;;;;;;;
1741;aronia;;3- FELIUBADALO;;2,00;6,78;;0;;
;;;;;;;;;;;
1708;ARONIA BERRIES POLVO;;3- FELIUBADALO;;1,00;2,76;;0;;
;;;;;;;;;;;

ALIMENTACION;;
Codigo;Articulo;;Referencia;Proveedor;;Uds.;Precio;;Dto%;;Importe
;;;;;;;;;;;
1422;aros con cacao;;10011- bioprasad;;11,00;1,84;;0;;
1422;aros con cacao;;10019- WELEDA;;1,00;1,84;;0;;
;;;;;;;;;;;
1232;arrabbiata;;10007- TEOREMA;;6,00;1,50;;0;;
;;;;;;;;;;;

TODAS;;
Codigo;Articulo;;Referencia;Proveedor;;Uds.;Precio;;Dto%;;Importe
;;;;;;;;;;;
1808;ARROWROOT;;10- ECOPLAZA;;1,00;2,73;;0;;

ARTICULOS - PROVEEDOR;;;;;Pagina 15 ;;;Fecha : 03/02/2026;;;
;;;;;;;;;;;

ALIMENTACION-GRANOS;;
Codigo;Articulo;;Referencia;Proveedor;;Uds.;Precio;;Dto%;;Importe
;;;;;;;;;;;
272;arroz bl redondo 500g;;5- ECOBASICS;;19,00;1,70;;0;;
;;;;;;;;;;;

TODAS;;
Codigo;Articulo;;Referencia;Proveedor;;Uds.;Precio;;Dto%;;Importe
;;;;;;;;;;;
3514;arroz blanco;;7- BIOCOP;;1,00;3,81;;0;;
;;;;;;;;;;;
1947;ARROZ BLANCO;;1- CAL VALLS;;4,00;4,15;;0;;
;;;;;;;;;;;

ALIMENTACION-CONSERVAS;;
Codigo;Articulo;;Referencia;Proveedor;;Uds.;Precio;;Dto%;;Importe
;;;;;;;;;;;
758;arroz con lentejas;;4- BIONSAN;;6,00;2,36;;0;;
;;;;;;;;;;;

ALIMENTACION-ORIENTAL;;
Codigo;Articulo;;Referencia;Proveedor;;Uds.;Precio;;Dto%;;Importe
;;;;;;;;;;;
909;ARROZ CON LENTEJAS YALGAS;;10001- ALGAMAR;;6,00;3,43;;0;;
;;;;;;;;;;;

TODAS;;
Codigo;Articulo;;Referencia;Proveedor;;Uds.;Precio;;Dto%;;Importe
;;;;;;;;;;;
3215;arroz de sushi;;10- ECOPLAZA;;1,00;2,47;;0;;
;;;;;;;;;;;

ALIMENTACION-CEREALES;;
Codigo;Articulo;;Referencia;Proveedor;;Uds.;Precio;;Dto%;;Importe
;;;;;;;;;;;
289;arroz inf cacao s gluten;;5- ECOBASICS;;12,00;1,78;;0;;
;;;;;;;;;;;
290;arroz inf choco 300g;;5- ECOBASICS;;12,00;1,78;;0;;
;;;;;;;;;;;

TODAS;;
Codigo;Articulo;;Referencia;Proveedor;;Uds.;Precio;;Dto%;;Importe
;;;;;;;;;;;
1946;ARROZ INTEGRAL;;1- CAL VALLS;;4,00;3,70;;0;;
;;;;;;;;;;;

ALIMENTACION-GRANOS;;
Codigo;Articulo;;Referencia;Proveedor;;Uds.;Precio;;Dto%;;Importe
;;;;;;;;;;;
270;arroz largo bl 500g;;5- ECOBASICS;;10,00;1,53;;0;;
;;;;;;;;;;;
271;ARROZ LARGP INTG;;5- ECOBASICS;;10,00;1,40;;0;;
;;;;;;;;;;;

TODAS;;
Codigo;Articulo;;Referencia;Proveedor;;Uds.;Precio;;Dto%;;Importe
;;;;;;;;;;;
2838;arroz negro;;4- BIONSAN;;1,00;4,09;;0;;
;;;;;;;;;;;
1421;ARROZ NEGRO;;10- ECOPLAZA;;1,00;3,66;;0;;
1421;ARROZ NEGRO;;10011- bioprasad;;5,00;3,66;;0;;
;;;;;;;;;;;

ALIMENTACION-GRANOS;;
Codigo;Articulo;;Referencia;Proveedor;;Uds.;Precio;;Dto%;;Importe
;;;;;;;;;;;
273;ARROZ REDONDO INTG 500G;;5- ECOBASICS;;20,00;1,55;;0;;
;;;;;;;;;;;
274;arroz rojo;;5- ECOBASICS;;10,00;1,78;;0;;
;;;;;;;;;;;

TODAS;;
Codigo;Articulo;;Referencia;Proveedor;;Uds.;Precio;;Dto%;;Importe
;;;;;;;;;;;
ARTICULOS - PROVEEDOR;;;;;Pagina 16 ;;;Fecha : 03/02/2026;;;
3319;ARROZ ROJO;;10- ECOPLAZA;;6,00;2,92;;0;;
;;;;;;;;;;;
2931;ARROZ SEMI 1KG;;7- BIOCOP;;1,00;3,68;;8;;
;;;;;;;;;;;
1742;artemisa;;2- LA FINESTRASUL CIELO;;36,00;2,05;;0;;
;;;;;;;;;;;
2481;ARTEMISA ANNUA;;36- paimes;;7,00;5,00;;0;;
;;;;;;;;;;;
2734;ARTHRO FORTE;;10017- BIOTECH;;2,00;16,90;;20;;
;;;;;;;;;;;

DEPORTE;;
Codigo;Articulo;;Referencia;Proveedor;;Uds.;Precio;;Dto%;;Importe
;;;;;;;;;;;
1066;ARTICULO 1066;;20- BIG UNIVERSAL;;8,00;16,10;;0;;
;;;;;;;;;;;

TODAS;;
Codigo;Articulo;;Referencia;Proveedor;;Uds.;Precio;;Dto%;;Importe
;;;;;;;;;;;
1167;ARTICULO 1167;;19- ALDOUS;;11,00;14,50;;0;;
;;;;;;;;;;;
1320;ARTICULO 1320;;10- ECOPLAZA;;6,00;1,40;;0;;
1320;ARTICULO 1320;;3- FELIUBADALO;;3,00;1,35;;0;;
;;;;;;;;;;;
1321;ARTICULO 1321;;3- FELIUBADALO;;3,00;1,30;;0;;
;;;;;;;;;;;
1322;ARTICULO 1322;;10- ECOPLAZA;;6,00;1,40;;5;;
1322;ARTICULO 1322;;3- FELIUBADALO;;3,00;1,35;;0;;
;;;;;;;;;;;
1323;ARTICULO 1323;;3- FELIUBADALO;;3,00;1,55;;0;;
;;;;;;;;;;;
1324;ARTICULO 1324;;3- FELIUBADALO;;3,00;1,60;;0;;
;;;;;;;;;;;
1325;ARTICULO 1325;;3- FELIUBADALO;;9,00;1,45;;0;;
;;;;;;;;;;;
1333;ARTICULO 1333;;3- FELIUBADALO;;4,00;5,67;;0;;
;;;;;;;;;;;
1373;ARTICULO 1373;;10011- bioprasad;;4,00;1,58;;0;;
;;;;;;;;;;;
1449;ARTICULO 1449;;5- ECOBASICS;;20,00;2,18;;0;;
;;;;;;;;;;;
1457;ARTICULO 1457;;2- LA FINESTRASUL CIELO;;20,00;2,43;;0;;
1457;ARTICULO 1457;;3- FELIUBADALO;;2,00;3,06;;0;;
;;;;;;;;;;;
1607;ARTICULO 1607;;10005- VAL DECINCA;;3,00;3,98;;0;;
;;;;;;;;;;;
1697;ARTICULO 16978423903063828;;3- FELIUBADALO;;2,00;1,60;;0;;
;;;;;;;;;;;
1701;ARTICULO 1701;;3- FELIUBADALO;;1,00;3,64;;0;;
;;;;;;;;;;;
1804;ARTICULO 1804;;10011- bioprasad;;1,00;2,20;;0;;
;;;;;;;;;;;
1821;ARTICULO 1821;;10011- bioprasad;;3,00;1,46;;0;;
;;;;;;;;;;;
1877;ARTICULO 1877;;31- EBRO Diet;;7,00;2,39;;0;;
;;;;;;;;;;;
1925;ARTICULO 1925;;5- ECOBASICS;;6,00;1,57;;0;;
1925;ARTICULO 1925;;7- BIOCOP;;1,00;1,57;;0;;
;;;;;;;;;;;
1943;ARTICULO 1943;;3- FELIUBADALO;;1,00;7,26;;0;;
;;;;;;;;;;;

GRANEL;;
Codigo;Articulo;;Referencia;Proveedor;;Uds.;Precio;;Dto%;;Importe
;;;;;;;;;;;
199;ARTICULO 199;;1- CAL VALLS;;14,00;0,60;;0;;
;;;;;;;;;;;

TODAS;;
Codigo;Articulo;;Referencia;Proveedor;;Uds.;Precio;;Dto%;;Importe
;;;;;;;;;;;
2006;ARTICULO 2006;;10013- POWERBODY;;3,00;1,26;;0;;
;;;;;;;;;;;
2008;ARTICULO 2008;;10013- POWERBODY;;3,00;1,47;;0;;
;;;;;;;;;;;
2082;ARTICULO 2082;;29- LIFE PRO;;7,00;8,90;;0;;
;;;;;;;;;;;
2327;ARTICULO 2327;;7- BIOCOP;;20,00;2,45;;0;;
;;;;;;;;;;;
2380;ARTICULO 2380;;10013- POWERBODY;;6,00;6,21;;0;;
;;;;;;;;;;;

ARTICULOS - PROVEEDOR;;;;;Pagina 17 ;;;Fecha : 03/02/2026;;;
2432;ARTICULO 2432;;3- FELIUBADALO;;1,00;5,60;;0;;
;;;;;;;;;;;
2497;ARTICULO 2497;;7- BIOCOP;;1,00;2,45;;8;;
;;;;;;;;;;;
2965;ARTICULO 2965;;10012- APROLIS;;2,00;9,48;;0;;
;;;;;;;;;;;
3038;ARTICULO 3038;;2- LA FINESTRASUL CIELO;;1,00;2,21;;0;;
;;;;;;;;;;;
3178;ARTICULO 3178;;10013- POWERBODY;;2,00;3,54;;0;;
;;;;;;;;;;;
3259;ARTICULO 3259;;7- BIOCOP;;1,00;13,54;;0;;
;;;;;;;;;;;
3272;ARTICULO 3272;;31- EBRO Diet;;1,00;1,59;;0;;
;;;;;;;;;;;
3277;ARTICULO 3277;;10- ECOPLAZA;;1,00;2,18;;0;;
;;;;;;;;;;;

GRANEL;;
Codigo;Articulo;;Referencia;Proveedor;;Uds.;Precio;;Dto%;;Importe
;;;;;;;;;;;
334;ARTICULO 334;;7- BIOCOP;;6,00;3,54;;10;;
;;;;;;;;;;;

ALIMENTACION;;
Codigo;Articulo;;Referencia;Proveedor;;Uds.;Precio;;Dto%;;Importe
;;;;;;;;;;;
3353;ARTICULO 3353;;23- BIOCOMERCIO;;10,00;7,98;;0;;
;;;;;;;;;;;

GRANEL;;
Codigo;Articulo;;Referencia;Proveedor;;Uds.;Precio;;Dto%;;Importe
;;;;;;;;;;;
379;ARTICULO 379;;10- ECOPLAZA;;6,00;1,95;;5;;
;;;;;;;;;;;
763;ARTICULO 763;;3- FELIUBADALO;;9,00;1,84;;5;;
;;;;;;;;;;;
826;ARTICULO 826;;25- NUTRICIONSANTE;;6,00;14,05;;20;;
;;;;;;;;;;;
847;ARTICULO 847;;1- CAL VALLS;;12,00;0,60;;0;;
;;;;;;;;;;;
848;ARTICULO 848;;25- NUTRICIONSANTE;;9,00;2,34;;20;;
;;;;;;;;;;;
850;ARTICULO 850;;25- NUTRICIONSANTE;;11,00;2,11;;20;;
;;;;;;;;;;;
852;ARTICULO 852;;25- NUTRICIONSANTE;;15,00;2,06;;0;;
;;;;;;;;;;;

ALIMENTACION-ALGAS;;
Codigo;Articulo;;Referencia;Proveedor;;Uds.;Precio;;Dto%;;Importe
;;;;;;;;;;;
88;ARTICULO 88;;3- FELIUBADALO;;8,00;1,50;;0;;
;;;;;;;;;;;

NUTRICION;;
Codigo;Articulo;;Referencia;Proveedor;;Uds.;Precio;;Dto%;;Importe
;;;;;;;;;;;
897;ARTICULO 897;;19- ALDOUS;;2,00;20,18;;0;;
;;;;;;;;;;;

TODAS;;
Codigo;Articulo;;Referencia;Proveedor;;Uds.;Precio;;Dto%;;Importe
;;;;;;;;;;;
977;ARTICULO 977;;2- LA FINESTRASUL CIELO;;6,00;3,22;;0;;
;;;;;;;;;;;

ALIMENTACION-CONSERVAS;;
Codigo;Articulo;;Referencia;Proveedor;;Uds.;Precio;;Dto%;;Importe
;;;;;;;;;;;
453;ARTICULO tomate triturado660g;;1- CAL VALLS;;12,00;1,59;;0;;
;;;;;;;;;;;

DEPORTE;;
Codigo;Articulo;;Referencia;Proveedor;;Uds.;Precio;;Dto%;;Importe
;;;;;;;;;;;
1181;ARTILIFE PRO;;29- LIFE PRO;;6,00;15,90;;0;;
;;;;;;;;;;;

ARTICULOS - PROVEEDOR;;;;;Pagina 18 ;;;Fecha : 03/02/2026;;;
NUTRICION;;
Codigo;Articulo;;Referencia;Proveedor;;Uds.;Precio;;Dto%;;Importe
;;;;;;;;;;;
895;ASHWAGANDA;;19- ALDOUS;;9,00;17,90;;0;;
;;;;;;;;;;;

TODAS;;
Codigo;Articulo;;Referencia;Proveedor;;Uds.;Precio;;Dto%;;Importe
;;;;;;;;;;;
1850;ASHWAGANDHA;;20- BIG UNIVERSAL;;6,00;12,00;;0;;
;;;;;;;;;;;

NUTRICION;;
Codigo;Articulo;;Referencia;Proveedor;;Uds.;Precio;;Dto%;;Importe
;;;;;;;;;;;
985;ASHWAGANDHA;;11- organicasuperfoods;;12,00;4,84;;0;;
985;ASHWAGANDHA;;15- orgacicasuperfoods;;12,00;4,84;;0;;
;;;;;;;;;;;

TODAS;;
Codigo;Articulo;;Referencia;Proveedor;;Uds.;Precio;;Dto%;;Importe
;;;;;;;;;;;
2191;ASHWAGANDHA 400mg;;10013- POWERBODY;;4,00;4,44;;0;;
;;;;;;;;;;;
2452;ashwagandha nutralie;;10- ECOPLAZA;;1,00;14,56;;25;;
2452;ashwagandha nutralie;;29- LIFE PRO;;8,00;10,92;;0;;
2452;ashwagandha nutralie;;5- ECOBASICS;;4,00;14,56;;0;;
;;;;;;;;;;;

NUTRICION;;
Codigo;Articulo;;Referencia;Proveedor;;Uds.;Precio;;Dto%;;Importe
;;;;;;;;;;;
1474;ashwaghanda;;10004- HSN;;2,00;3,84;;0;;
;;;;;;;;;;;
1473;ASHWAGHANDA;;10004- HSN;;3,00;8,98;;0;;
;;;;;;;;;;;

TODAS;;
Codigo;Articulo;;Referencia;Proveedor;;Uds.;Precio;;Dto%;;Importe
;;;;;;;;;;;
3045;ASHWAGHANDA +MAG 120C;;10004- HSN;;7,00;11,33;;0;;
;;;;;;;;;;;
3044;ASHWAGHANDA +MAG 30C;;10004- HSN;;1,00;3,90;;0;;
;;;;;;;;;;;
2375;ASHWAGHANDA +SHATAVARI;;10013- POWERBODY;;4,00;9,79;;0;;
;;;;;;;;;;;
3199;ASHWAGHANDA FERMNT;;15- orgacicasuperfoods;;2,00;12,09;;0;;
;;;;;;;;;;;
2072;ASHWAGHANDA GUMMY;;19- ALDOUS;;3,00;13,50;;0;;
;;;;;;;;;;;
2668;ashwaghanda men;;10013- POWERBODY;;2,00;5,59;;0;;
2668;ashwaghanda men;;29- LIFE PRO;;1,00;5,59;;0;;
;;;;;;;;;;;
2832;ashwaghanda sleep;;10013- POWERBODY;;2,00;13,81;;0;;
;;;;;;;;;;;
2192;ashwaghnda gomitas osavi;;10013- POWERBODY;;2,00;5,20;;0;;
;;;;;;;;;;;
2017;ASTAXANTHIN 10MG;;10013- POWERBODY;;1,00;11,26;;0;;
;;;;;;;;;;;
3379;astaxantina;;19- ALDOUS;;1,00;13,15;;0;;
;;;;;;;;;;;
2376;astragalus gotas;;10013- POWERBODY;;2,00;9,28;;0;;
;;;;;;;;;;;
2199;atrix 50/50;;10016- VITOBEST;;1,00;37,29;;0;;
;;;;;;;;;;;

ALIMENTACION-CONSERVAS;;
Codigo;Articulo;;Referencia;Proveedor;;Uds.;Precio;;Dto%;;Importe
;;;;;;;;;;;
776;atun al natural;;3- FELIUBADALO;;20,00;2,03;;0;;
;;;;;;;;;;;

TODAS;;
Codigo;Articulo;;Referencia;Proveedor;;Uds.;Precio;;Dto%;;Importe
;;;;;;;;;;;
2973;atun aov;;3- FELIUBADALO;;2,00;2,52;;0;;
;;;;;;;;;;;

ARTICULOS - PROVEEDOR;;;;;Pagina 19 ;;;Fecha : 03/02/2026;;;
2926;ATUN BIOCOP;;7- BIOCOP;;1,00;6,03;;8;;
;;;;;;;;;;;
2974;ATUN ESCABECHE;;3- FELIUBADALO;;1,00;2,71;;0;;
;;;;;;;;;;;

GRANEL;;
Codigo;Articulo;;Referencia;Proveedor;;Uds.;Precio;;Dto%;;Importe
;;;;;;;;;;;
604;avellana;;23- BIOCOMERCIO;;5,00;10,38;;0;;
;;;;;;;;;;;

NUTRICION;;
Codigo;Articulo;;Referencia;Proveedor;;Uds.;Precio;;Dto%;;Importe
;;;;;;;;;;;
1209;AVENA  BROWNIE;;10004- HSN;;3,00;5,07;;0;;
;;;;;;;;;;;

TODAS;;
Codigo;Articulo;;Referencia;Proveedor;;Uds.;Precio;;Dto%;;Importe
;;;;;;;;;;;
1924;avena 1,5kg;;5- ECOBASICS;;6,00;2,33;;0;;
;;;;;;;;;;;
3296;AVENA 1KG S/G;;5- ECOBASICS;;1,00;2,39;;0;;
;;;;;;;;;;;

DEPORTE;;
Codigo;Articulo;;Referencia;Proveedor;;Uds.;Precio;;Dto%;;Importe
;;;;;;;;;;;
807;AVENA COOKIES;;24- INDEX GROUP;;2,00;2,75;;0;;
;;;;;;;;;;;

ALIMENTACION-PASTA;;
Codigo;Articulo;;Referencia;Proveedor;;Uds.;Precio;;Dto%;;Importe
;;;;;;;;;;;
83;AVENA CR 200ml;;3- FELIUBADALO;;7,00;0,95;;0;;
;;;;;;;;;;;

DEPORTE;;
Codigo;Articulo;;Referencia;Proveedor;;Uds.;Precio;;Dto%;;Importe
;;;;;;;;;;;
806;AVENA CHOCO NUTS;;24- INDEX GROUP;;2,00;2,75;;0;;
;;;;;;;;;;;

ALIMENTACION-DESAYUNO;;
Codigo;Articulo;;Referencia;Proveedor;;Uds.;Precio;;Dto%;;Importe
;;;;;;;;;;;
781;avena fin;;4- BIONSAN;;1,00;1,00;;100;;
;;;;;;;;;;;

ALIMENTACION;;
Codigo;Articulo;;Referencia;Proveedor;;Uds.;Precio;;Dto%;;Importe
;;;;;;;;;;;
1542;AVENA FINA;;5- ECOBASICS;;10,00;1,89;;0;;
;;;;;;;;;;;

ALIMENTACION-DESAYUNO;;
Codigo;Articulo;;Referencia;Proveedor;;Uds.;Precio;;Dto%;;Importe
;;;;;;;;;;;
782;AVENA GR;;4- BIONSAN;;1,00;1,00;;100;;
;;;;;;;;;;;

ALIMENTACION-GRANOS;;
Codigo;Articulo;;Referencia;Proveedor;;Uds.;Precio;;Dto%;;Importe
;;;;;;;;;;;
261;AVENA GRANO 500G;;5- ECOBASICS;;10,00;1,25;;0;;
;;;;;;;;;;;

TODAS;;
Codigo;Articulo;;Referencia;Proveedor;;Uds.;Precio;;Dto%;;Importe
;;;;;;;;;;;
1687;avena sin gluten 1kg;;5- ECOBASICS;;1,00;2,39;;0;;
;;;;;;;;;;;

ARTICULOS - PROVEEDOR;;;;;Pagina 20 ;;;Fecha : 03/02/2026;;;
NUTRICION;;
Codigo;Articulo;;Referencia;Proveedor;;Uds.;Precio;;Dto%;;Importe
;;;;;;;;;;;
1210;avena sin sabor;;10004- HSN;;4,00;3,12;;0;;
;;;;;;;;;;;
1208;avena speculoos;;10004- HSN;;6,00;3,90;;0;;
;;;;;;;;;;;

TODAS;;
Codigo;Articulo;;Referencia;Proveedor;;Uds.;Precio;;Dto%;;Importe
;;;;;;;;;;;
3029;ayurdent;;16- ORGANIC INDIA;;1,00;3,18;;0;;
;;;;;;;;;;;
3028;AYURDENT;;16- ORGANIC INDIA;;1,00;3,18;;0;;
;;;;;;;;;;;
2143;azafran;;10- ECOPLAZA;;3,00;6,18;;0;;
;;;;;;;;;;;
2130;azafran suravitasan;;10015-SURAVITASAN;;2,00;18,00;;20;;
;;;;;;;;;;;

ALIMENTACION-ENDULZANTES;;
Codigo;Articulo;;Referencia;Proveedor;;Uds.;Precio;;Dto%;;Importe
;;;;;;;;;;;
309;azucar caña 500g;;5- ECOBASICS;;10,00;1,38;;0;;
309;azucar caña 500g;;7- BIOCOP;;1,00;1,38;;0;;
;;;;;;;;;;;

NUTRICION;;
Codigo;Articulo;;Referencia;Proveedor;;Uds.;Precio;;Dto%;;Importe
;;;;;;;;;;;
838;AZUCAR DE COCO;;25- NUTRICIONSANTE;;12,00;3,39;;20;;
;;;;;;;;;;;

ALIMENTACION;;
Codigo;Articulo;;Referencia;Proveedor;;Uds.;Precio;;Dto%;;Importe
;;;;;;;;;;;
1392;AZUCAR DE COCO;;10011- bioprasad;;5,00;1,79;;0;;
;;;;;;;;;;;

TODAS;;
Codigo;Articulo;;Referencia;Proveedor;;Uds.;Precio;;Dto%;;Importe
;;;;;;;;;;;
1696;azucar de maiz;;3- FELIUBADALO;;2,00;2,37;;0;;
;;;;;;;;;;;
1690;AZUCAR VAINILLA;;3- FELIUBADALO;;3,00;1,05;;0;;
;;;;;;;;;;;

ALIMENTACION-LEGUMBRES;;
Codigo;Articulo;;Referencia;Proveedor;;Uds.;Precio;;Dto%;;Importe
;;;;;;;;;;;
302;AZUKI 500G;;5- ECOBASICS;;10,00;2,03;;0;;
;;;;;;;;;;;

ALIMENTACION-CONSERVAS;;
Codigo;Articulo;;Referencia;Proveedor;;Uds.;Precio;;Dto%;;Importe
;;;;;;;;;;;
437;azuki 700g;;1- CAL VALLS;;7,00;2,26;;0;;
;;;;;;;;;;;
448;azukis;;1- CAL VALLS;;6,00;1,27;;0;;
;;;;;;;;;;;
160;AZUKIS 540G;;4- BIONSAN;;12,00;1,85;;0;;
;;;;;;;;;;;

ALIMENTACION-BEBIDAS-LECHE;;
Codigo;Articulo;;Referencia;Proveedor;;Uds.;Precio;;Dto%;;Importe
;;;;;;;;;;;
85;B AVENA 1L FINESTRA;;3- FELIUBADALO;;18,00;1,30;;10;;
;;;;;;;;;;;

ALIMENTACION-BEBIDAS;;
Codigo;Articulo;;Referencia;Proveedor;;Uds.;Precio;;Dto%;;Importe
;;;;;;;;;;;
229;B AVENA SIN GLUTEN;;2- LA FINESTRASUL CIELO;;29,00;1,48;;0;;
;;;;;;;;;;;

ARTICULOS - PROVEEDOR;;;;;Pagina 21 ;;;Fecha : 03/02/2026;;;
NUTRICION;;
Codigo;Articulo;;Referencia;Proveedor;;Uds.;Precio;;Dto%;;Importe
;;;;;;;;;;;
992;B COMPLEX;;29- LIFE PRO;;14,00;4,20;;0;;
;;;;;;;;;;;

DEPORTE;;
Codigo;Articulo;;Referencia;Proveedor;;Uds.;Precio;;Dto%;;Importe
;;;;;;;;;;;
560;B&G KOJAC;;20- BIG UNIVERSAL;;3,00;24,42;;0;;
;;;;;;;;;;;
558;B&G SANDIA;;20- BIG UNIVERSAL;;2,00;23,42;;0;;
;;;;;;;;;;;

TODAS;;
Codigo;Articulo;;Referencia;Proveedor;;Uds.;Precio;;Dto%;;Importe
;;;;;;;;;;;
2829;b1 OSAVI;;10013- POWERBODY;;1,00;2,93;;0;;
;;;;;;;;;;;
3462;B12;;36- paimes;;2,00;6,30;;0;;
;;;;;;;;;;;

NUTRICION;;
Codigo;Articulo;;Referencia;Proveedor;;Uds.;Precio;;Dto%;;Importe
;;;;;;;;;;;
508;B12 aldous;;19- ALDOUS;;5,00;14,50;;0;;
;;;;;;;;;;;

TODAS;;
Codigo;Articulo;;Referencia;Proveedor;;Uds.;Precio;;Dto%;;Importe
;;;;;;;;;;;
2001;B12 GOTAS;;10013- POWERBODY;;5,00;4,89;;0;;
;;;;;;;;;;;
2806;B6 ALL NUTRICION;;10013- POWERBODY;;1,00;2,15;;0;;
;;;;;;;;;;;

NUTRICION;;
Codigo;Articulo;;Referencia;Proveedor;;Uds.;Precio;;Dto%;;Importe
;;;;;;;;;;;
1522;BACH;;10- ECOPLAZA;;6,00;11,34;;10;;
;;;;;;;;;;;

DEPORTE;;
Codigo;Articulo;;Referencia;Proveedor;;Uds.;Precio;;Dto%;;Importe
;;;;;;;;;;;
1004;BAGELS;;29- LIFE PRO;;15,00;0,99;;0;;
;;;;;;;;;;;

TODAS;;
Codigo;Articulo;;Referencia;Proveedor;;Uds.;Precio;;Dto%;;Importe
;;;;;;;;;;;
2357;BAGUET 2 S/G;;7- BIOCOP;;6,00;3,21;;0;;
;;;;;;;;;;;

ALIMENTACION;;
Codigo;Articulo;;Referencia;Proveedor;;Uds.;Precio;;Dto%;;Importe
;;;;;;;;;;;
1056;baguette sg;;7- BIOCOP;;6,00;2,28;;0;;
;;;;;;;;;;;

HIGIENE PERSONAL;;
Codigo;Articulo;;Referencia;Proveedor;;Uds.;Precio;;Dto%;;Importe
;;;;;;;;;;;
457;balsamo ginseng;;10- ECOPLAZA;;3,00;6,69;;0;;
;;;;;;;;;;;

TODAS;;
Codigo;Articulo;;Referencia;Proveedor;;Uds.;Precio;;Dto%;;Importe
;;;;;;;;;;;
1603;BALSAMO LABIAL;;10012- APROLIS;;5,00;3,96;;0;;
;;;;;;;;;;;

COSMETICA;;
Codigo;Articulo;;Referencia;Proveedor;;Uds.;Precio;;Dto%;;Importe
;;;;;;;;;;;

ARTICULOS - PROVEEDOR;;;;;Pagina 22 ;;;Fecha : 03/02/2026;;;
658;balsamo labial 2;;21-NATURAKOSMETIC;;3,00;4,96;;0;;
;;;;;;;;;;;
659;balsamo labial 3;;21-NATURAKOSMETIC;;3,00;4,96;;0;;
;;;;;;;;;;;
660;balsamo labial 4;;21-NATURAKOSMETIC;;3,00;4,96;;0;;
;;;;;;;;;;;
674;BALSAMO LABIAL KARITE;;21-NATURAKOSMETIC;;7,00;2,70;;0;;
;;;;;;;;;;;

TODAS;;
Codigo;Articulo;;Referencia;Proveedor;;Uds.;Precio;;Dto%;;Importe
;;;;;;;;;;;
2754;balsamo multiusos;;10019- WELEDA;;6,00;4,60;;0;;
;;;;;;;;;;;

NUTRICION;;
Codigo;Articulo;;Referencia;Proveedor;;Uds.;Precio;;Dto%;;Importe
;;;;;;;;;;;
1604;balsamo reparador;;10012- APROLIS;;17,00;13,32;;0;;
;;;;;;;;;;;

COSMETICA;;
Codigo;Articulo;;Referencia;Proveedor;;Uds.;Precio;;Dto%;;Importe
;;;;;;;;;;;
458;BALSAMO SOLAR BEBE;;10- ECOPLAZA;;3,00;12,34;;0;;
;;;;;;;;;;;

TODAS;;
Codigo;Articulo;;Referencia;Proveedor;;Uds.;Precio;;Dto%;;Importe
;;;;;;;;;;;
1686;BALSAMO TIGER BLANCO;;25- NUTRICIONSANTE;;6,00;5,23;;0;;
;;;;;;;;;;;
1685;BALSAMO TIGER ROJO;;25- NUTRICIONSANTE;;6,00;5,23;;0;;
;;;;;;;;;;;
2092;banban glicolico;;10- ECOPLAZA;;6,00;7,40;;0;;
;;;;;;;;;;;
2091;BANBAN PACK;;10- ECOPLAZA;;3,00;17,30;;0;;
;;;;;;;;;;;
3025;baño de crema;;10019- WELEDA;;1,00;7,50;;0;;
;;;;;;;;;;;

NUTRICION;;
Codigo;Articulo;;Referencia;Proveedor;;Uds.;Precio;;Dto%;;Importe
;;;;;;;;;;;
387;BAOBAB;;15- orgacicasuperfoods;;6,00;3,63;;0;;
;;;;;;;;;;;

ALIMENTACION;;
Codigo;Articulo;;Referencia;Proveedor;;Uds.;Precio;;Dto%;;Importe
;;;;;;;;;;;
98;BAR LINO CHIA;;3- FELIUBADALO;;6,00;0,81;;0;;
;;;;;;;;;;;

TODAS;;
Codigo;Articulo;;Referencia;Proveedor;;Uds.;Precio;;Dto%;;Importe
;;;;;;;;;;;
2271;bar minidona;;20- BIG UNIVERSAL;;15,00;1,95;;0;;
;;;;;;;;;;;
2268;BAR MINIDONA;;20- BIG UNIVERSAL;;15,00;1,95;;0;;
;;;;;;;;;;;

ALIMENTACION-PASTELERIA;;
Codigo;Articulo;;Referencia;Proveedor;;Uds.;Precio;;Dto%;;Importe
;;;;;;;;;;;
99;BAR PIPAS CALABAZA CHOCO;;3- FELIUBADALO;;7,00;1,00;;0;;
;;;;;;;;;;;

TODAS;;
Codigo;Articulo;;Referencia;Proveedor;;Uds.;Precio;;Dto%;;Importe
;;;;;;;;;;;
3109;barrita;;10017- BIOTECH;;1,00;0,99;;0;;
;;;;;;;;;;;
3310;BARRITA;;10017- BIOTECH;;12,00;1,25;;0;;
;;;;;;;;;;;
1729;BARRITA CONGUITO BL;;20- BIG UNIVERSAL;;15,00;1,97;;0;;
;;;;;;;;;;;
1853;BARRITA DE LACASITOS;;20- BIG UNIVERSAL;;15,00;1,98;;0;;
;;;;;;;;;;;

ARTICULOS - PROVEEDOR;;;;;Pagina 23 ;;;Fecha : 03/02/2026;;;
1739;barrita granaada;;3- FELIUBADALO;;14,00;1,00;;0;;
;;;;;;;;;;;

ALIMENTACION;;
Codigo;Articulo;;Referencia;Proveedor;;Uds.;Precio;;Dto%;;Importe
;;;;;;;;;;;
1031;BARRITA MANGO BAOBAB;;7- BIOCOP;;25,00;1,16;;15;;
;;;;;;;;;;;
1144;barrita maxi nutrition choco;;10- ECOPLAZA;;12,00;1,70;;0;;
;;;;;;;;;;;
1037;barrita muesli;;7- BIOCOP;;14,00;1,40;;15;;
;;;;;;;;;;;

ALIMENTACION-FRUTOS SECOS;;
Codigo;Articulo;;Referencia;Proveedor;;Uds.;Precio;;Dto%;;Importe
;;;;;;;;;;;
620;BARRITAS ALMENDRA;;23- BIOCOMERCIO;;91,00;0,65;;0;;
;;;;;;;;;;;

ALIMENTACION;;
Codigo;Articulo;;Referencia;Proveedor;;Uds.;Precio;;Dto%;;Importe
;;;;;;;;;;;
1036;BASE DE PIZA;;7- BIOCOP;;12,00;3,03;;25;;
;;;;;;;;;;;
1143;base piozza sg;;10- ECOPLAZA;;5,00;1,78;;0;;
;;;;;;;;;;;

TODAS;;
Codigo;Articulo;;Referencia;Proveedor;;Uds.;Precio;;Dto%;;Importe
;;;;;;;;;;;
2364;BASE PIZZA;;7- BIOCOP;;9,00;2,03;;8;;
;;;;;;;;;;;

ALIMENTACION-PANAES;;
Codigo;Articulo;;Referencia;Proveedor;;Uds.;Precio;;Dto%;;Importe
;;;;;;;;;;;
247;base pizza espelta intg F;;2- LA FINESTRASUL CIELO;;9,00;3,31;;0;;
;;;;;;;;;;;

ALIMENTACION-GRANOS;;
Codigo;Articulo;;Referencia;Proveedor;;Uds.;Precio;;Dto%;;Importe
;;;;;;;;;;;
268;basmati bl 500g;;5- ECOBASICS;;10,00;1,86;;0;;
;;;;;;;;;;;
269;BASMATI INTG 500G;;5- ECOBASICS;;10,00;1,55;;0;;
;;;;;;;;;;;

TODAS;;
Codigo;Articulo;;Referencia;Proveedor;;Uds.;Precio;;Dto%;;Importe
;;;;;;;;;;;
3499;BASTONCILLOS;;21-NATURAKOSMETIC;;1,00;1,40;;0;;
;;;;;;;;;;;
2839;bastones de almendra;;23- BIOCOMERCIO;;10,00;2,39;;0;;
;;;;;;;;;;;

ALIMENTACION;;
Codigo;Articulo;;Referencia;Proveedor;;Uds.;Precio;;Dto%;;Importe
;;;;;;;;;;;
1518;batido pro fresa;;10- ECOPLAZA;;1,00;1,99;;0;;
;;;;;;;;;;;
1519;BATIDO PRO VAINILLA;;10- ECOPLAZA;;6,00;1,99;;0;;
1519;BATIDO PRO VAINILLA;;5- ECOBASICS;;8,00;1,99;;0;;
;;;;;;;;;;;
1434;BAYAS DE LOS INCAS;;10011- bioprasad;;4,00;2,49;;0;;
;;;;;;;;;;;

DEPORTE;;
Codigo;Articulo;;Referencia;Proveedor;;Uds.;Precio;;Dto%;;Importe
;;;;;;;;;;;
1349;bbq italian;;29- LIFE PRO;;6,00;1,90;;0;;
;;;;;;;;;;;

TODAS;;
Codigo;Articulo;;Referencia;Proveedor;;Uds.;Precio;;Dto%;;Importe
;;;;;;;;;;;
3306;bcaa;;10017- BIOTECH;;1,00;13,50;;0;;
ARTICULOS - PROVEEDOR;;;;;Pagina 24 ;;;Fecha : 03/02/2026;;;
;;;;;;;;;;;
1847;BCAA;;20- BIG UNIVERSAL;;2,00;23,42;;0;;
;;;;;;;;;;;

GRANEL;;
Codigo;Articulo;;Referencia;Proveedor;;Uds.;Precio;;Dto%;;Importe
;;;;;;;;;;;
794;BCAA +GLUTAMINA;;24- INDEX GROUP;;2,00;13,90;;5;;
;;;;;;;;;;;

NUTRICION;;
Codigo;Articulo;;Referencia;Proveedor;;Uds.;Precio;;Dto%;;Importe
;;;;;;;;;;;
993;BCAA 200C;;29- LIFE PRO;;4,00;13,99;;5;;
;;;;;;;;;;;
998;BCAA 400C;;29- LIFE PRO;;1,00;20,90;;5;;
;;;;;;;;;;;

TODAS;;
Codigo;Articulo;;Referencia;Proveedor;;Uds.;Precio;;Dto%;;Importe
;;;;;;;;;;;
2346;bcaa biotech;;10017- BIOTECH;;1,00;9,90;;0;;
;;;;;;;;;;;
1563;BCAA GLUTAMINE;;20- BIG UNIVERSAL;;7,00;23,42;;0;;
;;;;;;;;;;;
2101;be positive;;21-NATURAKOSMETIC;;0,00;11,00;;0;;
;;;;;;;;;;;
2070;BE POSITIVE;;10012- APROLIS;;5,00;8,14;;0;;
;;;;;;;;;;;
2676;BEAN ESSENCE;;10018- STORE.K;;4,00;10,33;;0;;
;;;;;;;;;;;

NUTRICION;;
Codigo;Articulo;;Referencia;Proveedor;;Uds.;Precio;;Dto%;;Importe
;;;;;;;;;;;
1550;beanassist;;27- ACTIBIOS;;1,00;11,60;;0;;
;;;;;;;;;;;

TODAS;;
Codigo;Articulo;;Referencia;Proveedor;;Uds.;Precio;;Dto%;;Importe
;;;;;;;;;;;
3177;beauty blend;;10013- POWERBODY;;4,00;8,91;;0;;
;;;;;;;;;;;
2651;beauty of jonseon psf50+;;10018- STORE.K;;2,00;8,77;;0;;
;;;;;;;;;;;

ALIMENTACION-BEBIDAS-LECHE;;
Codigo;Articulo;;Referencia;Proveedor;;Uds.;Precio;;Dto%;;Importe
;;;;;;;;;;;
425;BEBIDA CHUFA 1L;;1- CAL VALLS;;12,00;2,33;;0;;
;;;;;;;;;;;

TODAS;;
Codigo;Articulo;;Referencia;Proveedor;;Uds.;Precio;;Dto%;;Importe
;;;;;;;;;;;
1837;BEBIDA DE ALMENDRA;;3- FELIUBADALO;;6,00;1,67;;0;;
;;;;;;;;;;;
1838;bebida de almendra bio;;3- FELIUBADALO;;12,00;2,04;;0;;
;;;;;;;;;;;
2254;bebida de arroz;;10- ECOPLAZA;;4,00;1,41;;0;;
;;;;;;;;;;;
2144;BEBIDA DE ARROZ;;10- ECOPLAZA;;1,00;1,72;;10;;
;;;;;;;;;;;
1780;bebida de avena;;2- LA FINESTRASUL CIELO;;1,00;1,48;;0;;
1780;bebida de avena;;7- BIOCOP;;12,00;1,70;;16,67;;
;;;;;;;;;;;
2000;bebida de espelta;;3- FELIUBADALO;;6,00;3,06;;0;;
;;;;;;;;;;;
1944;BEBIDA DE REMOLACHA;;1- CAL VALLS;;6,00;2,85;;0;;
;;;;;;;;;;;
1169;BEBIDA LIMON;;10- ECOPLAZA;;6,00;1,06;;10;;
;;;;;;;;;;;

DEPORTE;;
Codigo;Articulo;;Referencia;Proveedor;;Uds.;Precio;;Dto%;;Importe
;;;;;;;;;;;
1366;bedtime hot choco;;10004- HSN;;8,00;3,80;;0;;
;;;;;;;;;;;

ARTICULOS - PROVEEDOR;;;;;Pagina 25 ;;;Fecha : 03/02/2026;;;
TODAS;;
Codigo;Articulo;;Referencia;Proveedor;;Uds.;Precio;;Dto%;;Importe
;;;;;;;;;;;
2537;beef protein;;10017- BIOTECH;;3,00;11,50;;0;;
;;;;;;;;;;;
2536;BEEF PROTEIN;;10017- BIOTECH;;2,00;11,50;;0;;
;;;;;;;;;;;
2102;BEPOSITIVE;;21-NATURAKOSMETIC;;3,00;10,45;;0;;
;;;;;;;;;;;
1869;berberin;;10003- nutrinat;;4,00;15,70;;0;;
;;;;;;;;;;;

NUTRICION;;
Codigo;Articulo;;Referencia;Proveedor;;Uds.;Precio;;Dto%;;Importe
;;;;;;;;;;;
996;BERBERINA 500MG;;29- LIFE PRO;;2,00;14,50;;5;;
;;;;;;;;;;;

TODAS;;
Codigo;Articulo;;Referencia;Proveedor;;Uds.;Precio;;Dto%;;Importe
;;;;;;;;;;;
1195;BERBERINE COMPLEX;;10004- HSN;;10,00;4,01;;0;;
;;;;;;;;;;;
3161;berberine phytosome;;10013- POWERBODY;;1,00;13,95;;0;;
;;;;;;;;;;;

ALIMENTACION;;
Codigo;Articulo;;Referencia;Proveedor;;Uds.;Precio;;Dto%;;Importe
;;;;;;;;;;;
1023;berenjena;;7- BIOCOP;;5,00;3,68;;25;;
;;;;;;;;;;;

TODAS;;
Codigo;Articulo;;Referencia;Proveedor;;Uds.;Precio;;Dto%;;Importe
;;;;;;;;;;;
1737;beta alanina;;20- BIG UNIVERSAL;;4,00;7,72;;0;;
;;;;;;;;;;;
1475;BETA ALANINA;;29- LIFE PRO;;5,00;7,50;;0;;
;;;;;;;;;;;
2976;betain hci;;10013- POWERBODY;;1,00;12,97;;0;;
;;;;;;;;;;;
1866;betaine;;10004- HSN;;2,00;9,07;;0;;
;;;;;;;;;;;

NUTRICION;;
Codigo;Articulo;;Referencia;Proveedor;;Uds.;Precio;;Dto%;;Importe
;;;;;;;;;;;
1359;BETAINE HCI;;10004- HSN;;1,00;10,13;;0;;
1359;BETAINE HCI;;10013- POWERBODY;;6,00;11,54;;0;;
;;;;;;;;;;;

ALIMENTACION-BEBIDAS-AGUA;;
Codigo;Articulo;;Referencia;Proveedor;;Uds.;Precio;;Dto%;;Importe
;;;;;;;;;;;
891;BEZOYA 0,5CL;;26- BOSCH;;21,00;0,00;;0;;
;;;;;;;;;;;
892;bezoya 1,5l;;26- BOSCH;;21,00;0,54;;0;;
;;;;;;;;;;;
893;BEZOYA 5L;;26- BOSCH;;9,00;0,45;;0;;
;;;;;;;;;;;

TODAS;;
Codigo;Articulo;;Referencia;Proveedor;;Uds.;Precio;;Dto%;;Importe
;;;;;;;;;;;
1812;BICARBONAATO;;10004- HSN;;3,00;0,76;;0;;
;;;;;;;;;;;

LIMPIEZA HOGAR;;
Codigo;Articulo;;Referencia;Proveedor;;Uds.;Precio;;Dto%;;Importe
;;;;;;;;;;;
1049;BICARBONATO;;7- BIOCOP;;8,00;4,64;;10;;
;;;;;;;;;;;

TODAS;;
Codigo;Articulo;;Referencia;Proveedor;;Uds.;Precio;;Dto%;;Importe
;;;;;;;;;;;

ARTICULOS - PROVEEDOR;;;;;Pagina 26 ;;;Fecha : 03/02/2026;;;
3046;bicarbonato 500g;;10004- HSN;;1,00;1,88;;0;;
;;;;;;;;;;;
2998;BIDEPRESAN;;10012- APROLIS;;2,00;17,10;;0;;
;;;;;;;;;;;
1867;BIDON;;10004- HSN;;1,00;0,00;;0;;
;;;;;;;;;;;
2679;BIFIDA ESSENCE;;10018- STORE.K;;1,00;13,22;;0;;
;;;;;;;;;;;
1566;BIG REAL;;20- BIG UNIVERSAL;;9,00;15,71;;0;;
;;;;;;;;;;;

ALIMENTACION;;
Codigo;Articulo;;Referencia;Proveedor;;Uds.;Precio;;Dto%;;Importe
;;;;;;;;;;;
945;BIO BISCOTES;;10- ECOPLAZA;;1,00;1,93;;0;;
;;;;;;;;;;;

TODAS;;
Codigo;Articulo;;Referencia;Proveedor;;Uds.;Precio;;Dto%;;Importe
;;;;;;;;;;;
1773;BIO PILLOWS;;10012- APROLIS;;1,00;3,44;;0;;
1773;BIO PILLOWS;;7- BIOCOP;;9,00;3,74;;8;;
;;;;;;;;;;;

ALIMENTACION-BEBIDAS-ISOTONICOS;;
Codigo;Articulo;;Referencia;Proveedor;;Uds.;Precio;;Dto%;;Importe
;;;;;;;;;;;
116;BIO RAW ACAI;;3- FELIUBADALO;;12,00;0,88;;0;;
;;;;;;;;;;;
115;bio raw nar/mang;;3- FELIUBADALO;;12,00;0,88;;0;;
;;;;;;;;;;;

TODAS;;
Codigo;Articulo;;Referencia;Proveedor;;Uds.;Precio;;Dto%;;Importe
;;;;;;;;;;;
2696;BIOPACER SPORT;;5- ECOBASICS;;10,00;6,68;;0;;
;;;;;;;;;;;
2891;biopillows;;10012- APROLIS;;1,00;3,37;;0;;
2891;biopillows;;7- BIOCOP;;1,00;3,37;;0;;
;;;;;;;;;;;

ALIMENTACION;;
Codigo;Articulo;;Referencia;Proveedor;;Uds.;Precio;;Dto%;;Importe
;;;;;;;;;;;
1619;biosalt;;32- NORTEM BIO;;5,00;0,95;;0;;
;;;;;;;;;;;

NUTRICION;;
Codigo;Articulo;;Referencia;Proveedor;;Uds.;Precio;;Dto%;;Importe
;;;;;;;;;;;
505;biotina comp;;19- ALDOUS;;7,00;15,87;;0;;
;;;;;;;;;;;

TODAS;;
Codigo;Articulo;;Referencia;Proveedor;;Uds.;Precio;;Dto%;;Importe
;;;;;;;;;;;
3200;biotina gominolas;;19- ALDOUS;;3,00;13,45;;0;;
;;;;;;;;;;;

ALIMENTACION;;
Codigo;Articulo;;Referencia;Proveedor;;Uds.;Precio;;Dto%;;Importe
;;;;;;;;;;;
924;BISCOCHO CACAO;;10002- la granja;;30,00;0,69;;0;;
;;;;;;;;;;;
925;BISCOCHO PLATANO COCO;;10002- la granja;;30,00;0,69;;0;;
;;;;;;;;;;;

TODAS;;
Codigo;Articulo;;Referencia;Proveedor;;Uds.;Precio;;Dto%;;Importe
;;;;;;;;;;;
2798;BISCOCHO S/G GERMINAL;;2- LA FINESTRASUL CIELO;;24,00;2,50;;15;;
;;;;;;;;;;;

ALIMENTACION;;
Codigo;Articulo;;Referencia;Proveedor;;Uds.;Precio;;Dto%;;Importe
;;;;;;;;;;;
ARTICULOS - PROVEEDOR;;;;;Pagina 27 ;;;Fecha : 03/02/2026;;;
922;BISCOCHO TRADICIONAL;;10002- la granja;;30,00;0,78;;0;;
;;;;;;;;;;;
923;BISCOCHO ZAN NUECES;;10002- la granja;;30,00;0,78;;0;;
;;;;;;;;;;;

TODAS;;
Codigo;Articulo;;Referencia;Proveedor;;Uds.;Precio;;Dto%;;Importe
;;;;;;;;;;;
2168;BISGLICINATO;;19- ALDOUS;;5,00;15,97;;0;;
;;;;;;;;;;;
1562;BISGLYCINATE;;10- ECOPLAZA;;1,00;6,42;;0;;
1562;BISGLYCINATE;;10012- APROLIS;;1,00;6,42;;0;;
1562;BISGLYCINATE;;20- BIG UNIVERSAL;;29,00;6,42;;0;;
;;;;;;;;;;;
2993;BISILUET;;10012- APROLIS;;1,00;14,23;;0;;
;;;;;;;;;;;
3286;BITRANSAMIN;;10012- APROLIS;;4,00;9,80;;0;;
;;;;;;;;;;;

ALIMENTACION;;
Codigo;Articulo;;Referencia;Proveedor;;Uds.;Precio;;Dto%;;Importe
;;;;;;;;;;;
1058;bizcocho castaña;;7- BIOCOP;;6,00;3,40;;100;;
;;;;;;;;;;;

TODAS;;
Codigo;Articulo;;Referencia;Proveedor;;Uds.;Precio;;Dto%;;Importe
;;;;;;;;;;;
2214;black blood;;10017- BIOTECH;;10,00;1,15;;0;;
;;;;;;;;;;;
2538;BLACK BLOOD;;10017- BIOTECH;;4,00;18,90;;0;;
;;;;;;;;;;;
3066;BLACK BLOOD CAF+;;10017- BIOTECH;;1,00;18,90;;0;;
;;;;;;;;;;;
3068;BLACK BLOOD NOX+;;10017- BIOTECH;;1,00;18,90;;0;;
;;;;;;;;;;;
3101;black maca life pro;;29- LIFE PRO;;6,00;8,50;;0;;
;;;;;;;;;;;
1730;BLACK MAX;;20- BIG UNIVERSAL;;12,00;1,87;;0;;
;;;;;;;;;;;
1732;black max choco BL;;20- BIG UNIVERSAL;;12,00;1,87;;0;;
;;;;;;;;;;;
1731;black max choco ng;;20- BIG UNIVERSAL;;12,00;1,87;;0;;
;;;;;;;;;;;
2943;BLUCH;;21-NATURAKOSMETIC;;1,00;5,79;;0;;
;;;;;;;;;;;
2899;BODY MILK PIC;;10012- APROLIS;;1,00;8,40;;0;;
;;;;;;;;;;;
2557;BOLDO;;31- EBRO Diet;;6,00;1,22;;0;;
;;;;;;;;;;;

DEPORTE;;
Codigo;Articulo;;Referencia;Proveedor;;Uds.;Precio;;Dto%;;Importe
;;;;;;;;;;;
786;BOLERO BANANA;;24- INDEX GROUP;;24,00;0,24;;0;;
;;;;;;;;;;;
783;bolero berry;;24- INDEX GROUP;;24,00;0,24;;0;;
;;;;;;;;;;;
1170;BOLERO BLUEBERRY;;29- LIFE PRO;;24,00;0,24;;0;;
;;;;;;;;;;;
1171;bolero cereza;;29- LIFE PRO;;24,00;0,24;;0;;
;;;;;;;;;;;
1172;BOLERO GUANABANA;;29- LIFE PRO;;24,00;0,24;;0;;
;;;;;;;;;;;
1173;bolero ice te maracuya;;29- LIFE PRO;;24,00;0,24;;0;;
;;;;;;;;;;;
784;BOLERO MELC;;24- INDEX GROUP;;24,00;0,24;;0;;
;;;;;;;;;;;
768;bolero pack 6;;3- FELIUBADALO;;12,00;1,69;;0;;
;;;;;;;;;;;
785;bolero papaya;;24- INDEX GROUP;;24,00;0,24;;0;;
;;;;;;;;;;;
787;bolero piña;;24- INDEX GROUP;;24,00;0,24;;0;;
787;bolero piña;;29- LIFE PRO;;1,00;0,24;;0;;
;;;;;;;;;;;

ALIMENTACION-CEREALES;;
Codigo;Articulo;;Referencia;Proveedor;;Uds.;Precio;;Dto%;;Importe
;;;;;;;;;;;
291;BOLITAS CHOCO 300G;;5- ECOBASICS;;22,00;1,85;;0;;

ARTICULOS - PROVEEDOR;;;;;Pagina 28 ;;;Fecha : 03/02/2026;;;
;;;;;;;;;;;

TODAS;;
Codigo;Articulo;;Referencia;Proveedor;;Uds.;Precio;;Dto%;;Importe
;;;;;;;;;;;
3495;BOLSA DE BASURA;;3- FELIUBADALO;;1,00;2,40;;0;;
;;;;;;;;;;;

HIGIENE PERSONAL;;
Codigo;Articulo;;Referencia;Proveedor;;Uds.;Precio;;Dto%;;Importe
;;;;;;;;;;;
680;BOLSA JABON;;21-NATURAKOSMETIC;;6,00;1,59;;12;;
;;;;;;;;;;;

TODAS;;
Codigo;Articulo;;Referencia;Proveedor;;Uds.;Precio;;Dto%;;Importe
;;;;;;;;;;;
1658;BOMBONES;;37- BLAUVER;;1,00;7,97;;0;;
;;;;;;;;;;;

ALIMENTACION;;
Codigo;Articulo;;Referencia;Proveedor;;Uds.;Precio;;Dto%;;Importe
;;;;;;;;;;;
1136;BONBON FRUTA;;10009- faire;;36,00;1,21;;0;;
1136;BONBON FRUTA;;30- AYIURE;;12,00;1,35;;0;;
;;;;;;;;;;;

ALIMENTACION-CONSERVAS;;
Codigo;Articulo;;Referencia;Proveedor;;Uds.;Precio;;Dto%;;Importe
;;;;;;;;;;;
368;bonito del norte biocop;;7- BIOCOP;;18,00;6,12;;10;;
;;;;;;;;;;;

TODAS;;
Codigo;Articulo;;Referencia;Proveedor;;Uds.;Precio;;Dto%;;Importe
;;;;;;;;;;;
2986;boron;;10013- POWERBODY;;1,00;2,04;;0;;
;;;;;;;;;;;
3164;BORON 3MG;;10013- POWERBODY;;1,00;4,92;;0;;
;;;;;;;;;;;

DEPORTE;;
Codigo;Articulo;;Referencia;Proveedor;;Uds.;Precio;;Dto%;;Importe
;;;;;;;;;;;
1618;BOTELLA AZUL;;32- NORTEM BIO;;1,00;6,48;;0;;
;;;;;;;;;;;

TODAS;;
Codigo;Articulo;;Referencia;Proveedor;;Uds.;Precio;;Dto%;;Importe
;;;;;;;;;;;
2249;BOTELLA DE COBRE;;16- ORGANIC INDIA;;4,00;15,61;;0;;
;;;;;;;;;;;

DEPORTE;;
Codigo;Articulo;;Referencia;Proveedor;;Uds.;Precio;;Dto%;;Importe
;;;;;;;;;;;
1616;BOTELLA GRIS;;32- NORTEM BIO;;1,00;6,48;;0;;
;;;;;;;;;;;
1615;BOTELLA LILA;;32- NORTEM BIO;;2,00;6,48;;0;;
;;;;;;;;;;;
1617;BOTELLA NARANJA;;32- NORTEM BIO;;2,00;6,48;;0;;
;;;;;;;;;;;
1613;BOTELLA ROSA;;32- NORTEM BIO;;1,00;6,48;;0;;
;;;;;;;;;;;

TODAS;;
Codigo;Articulo;;Referencia;Proveedor;;Uds.;Precio;;Dto%;;Importe
;;;;;;;;;;;
1614;botella verde;;32- NORTEM BIO;;2,00;6,48;;0;;
;;;;;;;;;;;

NUTRICION;;
Codigo;Articulo;;Referencia;Proveedor;;Uds.;Precio;;Dto%;;Importe
;;;;;;;;;;;
398;BOWELCARE;;16- ORGANIC INDIA;;3,00;13,99;;0;;
;;;;;;;;;;;
ARTICULOS - PROVEEDOR;;;;;Pagina 29 ;;;Fecha : 03/02/2026;;;
1266;brahmi;;15- orgacicasuperfoods;;3,00;5,73;;0;;
;;;;;;;;;;;
400;BRAHMI;;16- ORGANIC INDIA;;10,00;13,99;;0;;
;;;;;;;;;;;

TODAS;;
Codigo;Articulo;;Referencia;Proveedor;;Uds.;Precio;;Dto%;;Importe
;;;;;;;;;;;
2687;BRAIN COMPLEX;;10- ECOPLAZA;;5,00;13,39;;0;;
;;;;;;;;;;;

ALIMENTACION-CEREALES;;
Codigo;Articulo;;Referencia;Proveedor;;Uds.;Precio;;Dto%;;Importe
;;;;;;;;;;;
292;branflakes 375g;;5- ECOBASICS;;12,00;1,79;;0;;
;;;;;;;;;;;

TODAS;;
Codigo;Articulo;;Referencia;Proveedor;;Uds.;Precio;;Dto%;;Importe
;;;;;;;;;;;
3399;BRAZIL;;7- BIOCOP;;16,00;4,29;;0;;
;;;;;;;;;;;

CONGELADOS;;
Codigo;Articulo;;Referencia;Proveedor;;Uds.;Precio;;Dto%;;Importe
;;;;;;;;;;;
886;BROCOLI;;2- LA FINESTRASUL CIELO;;8,00;2,61;;0;;
;;;;;;;;;;;

FRUTERIA;;
Codigo;Articulo;;Referencia;Proveedor;;Uds.;Precio;;Dto%;;Importe
;;;;;;;;;;;
1121;brot alflf ruc;;1- CAL VALLS;;6,00;1,40;;0;;
;;;;;;;;;;;
1122;BROT BROCOLI;;1- CAL VALLS;;4,00;1,85;;0;;
;;;;;;;;;;;
1123;brot kale;;1- CAL VALLS;;4,00;1,90;;0;;
;;;;;;;;;;;
1124;BROT RABANO;;1- CAL VALLS;;7,00;1,75;;0;;
;;;;;;;;;;;

ALIMENTACION-CONSERVAS;;
Codigo;Articulo;;Referencia;Proveedor;;Uds.;Precio;;Dto%;;Importe
;;;;;;;;;;;
851;brotes de soja;;25- NUTRICIONSANTE;;4,00;2,04;;0;;
;;;;;;;;;;;

NUTRICION;;
Codigo;Articulo;;Referencia;Proveedor;;Uds.;Precio;;Dto%;;Importe
;;;;;;;;;;;
1577;BUCAL-AF;;10012- APROLIS;;6,00;9,22;;0;;
;;;;;;;;;;;
831;BUDDHA ACAI BANANA;;25- NUTRICIONSANTE;;15,00;1,40;;20;;
831;BUDDHA ACAI BANANA;;3- FELIUBADALO;;1,00;1,47;;0;;
831;BUDDHA ACAI BANANA;;31- EBRO Diet;;15,00;1,47;;0;;
;;;;;;;;;;;
833;BUDDHA ALGARROBA;;25- NUTRICIONSANTE;;15,00;1,40;;20;;
833;BUDDHA ALGARROBA;;3- FELIUBADALO;;1,00;1,47;;0;;
833;BUDDHA ALGARROBA;;31- EBRO Diet;;15,00;1,47;;0;;
;;;;;;;;;;;
829;BUDDHA CACAO;;25- NUTRICIONSANTE;;15,00;1,75;;20;;
;;;;;;;;;;;
832;BUDDHA CACAO GUARANA;;25- NUTRICIONSANTE;;15,00;1,40;;20;;
832;BUDDHA CACAO GUARANA;;3- FELIUBADALO;;1,00;1,47;;0;;
832;BUDDHA CACAO GUARANA;;31- EBRO Diet;;15,00;1,47;;0;;
;;;;;;;;;;;
828;BUDDHA CHIA LIMON;;25- NUTRICIONSANTE;;15,00;1,75;;20;;
828;BUDDHA CHIA LIMON;;3- FELIUBADALO;;1,00;1,84;;0;;
828;BUDDHA CHIA LIMON;;31- EBRO Diet;;15,00;1,84;;0;;
;;;;;;;;;;;
830;BUDDHA MACA VAINILLA;;25- NUTRICIONSANTE;;15,00;1,40;;20;;
830;BUDDHA MACA VAINILLA;;3- FELIUBADALO;;1,00;1,47;;0;;
830;BUDDHA MACA VAINILLA;;31- EBRO Diet;;15,00;1,47;;0;;

ARTICULOS - PROVEEDOR;;;;;Pagina 30 ;;;Fecha : 03/02/2026;;;
;;;;;;;;;;;

TODAS;;
Codigo;Articulo;;Referencia;Proveedor;;Uds.;Precio;;Dto%;;Importe
;;;;;;;;;;;
2137;BUENAS NOCHES;;2- LA FINESTRASUL CIELO;;6,00;2,70;;0;;
;;;;;;;;;;;
2801;BURGER MIJO BERENJENA;;2- LA FINESTRASUL CIELO;;1,00;3,50;;10;;
;;;;;;;;;;;

DEPORTE;;
Codigo;Articulo;;Referencia;Proveedor;;Uds.;Precio;;Dto%;;Importe
;;;;;;;;;;;
1290;BURGER PRO;;29- LIFE PRO;;5,00;1,45;;0;;
;;;;;;;;;;;

ALIMENTACION;;
Codigo;Articulo;;Referencia;Proveedor;;Uds.;Precio;;Dto%;;Importe
;;;;;;;;;;;
961;BURGER SEITAN SHITAKE;;10- ECOPLAZA;;18,00;2,05;;10;;
;;;;;;;;;;;

ALIMENTACION-GRANOS;;
Codigo;Articulo;;Referencia;Proveedor;;Uds.;Precio;;Dto%;;Importe
;;;;;;;;;;;
262;burgul 500g;;5- ECOBASICS;;11,00;1,55;;0;;
;;;;;;;;;;;

TODAS;;
Codigo;Articulo;;Referencia;Proveedor;;Uds.;Precio;;Dto%;;Importe
;;;;;;;;;;;
2169;burn4all;;10013- POWERBODY;;7,00;4,46;;0;;
;;;;;;;;;;;
2170;burn4all 200mg caffeine;;10013- POWERBODY;;4,00;6,83;;0;;
;;;;;;;;;;;
3154;burn4all extr;;10013- POWERBODY;;4,00;4,39;;0;;
;;;;;;;;;;;

DEPORTE;;
Codigo;Articulo;;Referencia;Proveedor;;Uds.;Precio;;Dto%;;Importe
;;;;;;;;;;;
801;burner;;24- INDEX GROUP;;7,00;12,90;;100;;
;;;;;;;;;;;

TODAS;;
Codigo;Articulo;;Referencia;Proveedor;;Uds.;Precio;;Dto%;;Importe
;;;;;;;;;;;
2850;butibifidus;;10020- N-PRO;;4,00;22,22;;20;;
;;;;;;;;;;;

NUTRICION;;
Codigo;Articulo;;Referencia;Proveedor;;Uds.;Precio;;Dto%;;Importe
;;;;;;;;;;;
1367;BUTIRATO;;3- FELIUBADALO;;2,00;15,75;;0;;
;;;;;;;;;;;

ALIMENTACION-SNACK;;
Codigo;Articulo;;Referencia;Proveedor;;Uds.;Precio;;Dto%;;Importe
;;;;;;;;;;;
516;butter cup alm;;2- LA FINESTRASUL CIELO;;15,00;1,48;;0;;
;;;;;;;;;;;
515;BUTTER CUP AVELLANA;;2- LA FINESTRASUL CIELO;;14,00;1,48;;0;;
;;;;;;;;;;;

TODAS;;
Codigo;Articulo;;Referencia;Proveedor;;Uds.;Precio;;Dto%;;Importe
;;;;;;;;;;;
1927;c pura;;19- ALDOUS;;6,00;16,90;;0;;
;;;;;;;;;;;
2379;C-100 ZINCNOW;;10013- POWERBODY;;2,00;8,14;;0;;
;;;;;;;;;;;
2019;C1000 ZINC D3;;10013- POWERBODY;;2,00;10,32;;0;;
;;;;;;;;;;;

HIGIENE PERSONAL;;
Codigo;Articulo;;Referencia;Proveedor;;Uds.;Precio;;Dto%;;Importe
ARTICULOS - PROVEEDOR;;;;;Pagina 31 ;;;Fecha : 03/02/2026;;;
;;;;;;;;;;;
706;CABEZALES PARA CP ELC;;21-NATURAKOSMETIC;;2,00;8,32;;12;;
;;;;;;;;;;;

TODAS;;
Codigo;Articulo;;Referencia;Proveedor;;Uds.;Precio;;Dto%;;Importe
;;;;;;;;;;;
2692;cacao con hongos;;3- FELIUBADALO;;1,00;11,00;;0;;
;;;;;;;;;;;
1704;CACAO EN GRANO;;3- FELIUBADALO;;3,00;4,60;;0;;
;;;;;;;;;;;

NUTRICION;;
Codigo;Articulo;;Referencia;Proveedor;;Uds.;Precio;;Dto%;;Importe
;;;;;;;;;;;
385;CACAO POLVO;;11- organicasuperfoods;;1,00;4,84;;0;;
385;CACAO POLVO;;15- orgacicasuperfoods;;16,00;4,84;;0;;
;;;;;;;;;;;

ALIMENTACION;;
Codigo;Articulo;;Referencia;Proveedor;;Uds.;Precio;;Dto%;;Importe
;;;;;;;;;;;
1413;CACAO SOLUBLE;;10011- bioprasad;;2,00;2,89;;0;;
;;;;;;;;;;;

TODAS;;
Codigo;Articulo;;Referencia;Proveedor;;Uds.;Precio;;Dto%;;Importe
;;;;;;;;;;;
3205;cacaolat pro;;20- BIG UNIVERSAL;;24,00;1,45;;0;;
;;;;;;;;;;;

ALIMENTACION-DESAYUNO;;
Codigo;Articulo;;Referencia;Proveedor;;Uds.;Precio;;Dto%;;Importe
;;;;;;;;;;;
310;CACOA POLVO 200G;;5- ECOBASICS;;6,00;2,05;;0;;
;;;;;;;;;;;

TODAS;;
Codigo;Articulo;;Referencia;Proveedor;;Uds.;Precio;;Dto%;;Importe
;;;;;;;;;;;
3071;CAF+TAURINA;;10017- BIOTECH;;1,00;4,90;;0;;
;;;;;;;;;;;

ALIMENTACION-TES;;
Codigo;Articulo;;Referencia;Proveedor;;Uds.;Precio;;Dto%;;Importe
;;;;;;;;;;;
493;CAFE ARABICA;;17- PROBIOS;;6,00;3,42;;0;;
;;;;;;;;;;;

TODAS;;
Codigo;Articulo;;Referencia;Proveedor;;Uds.;Precio;;Dto%;;Importe
;;;;;;;;;;;
3488;cafe canella;;3- FELIUBADALO;;1,00;4,37;;0;;
;;;;;;;;;;;
3491;CAFE COLOMBIA;;3- FELIUBADALO;;1,00;5,79;;0;;
;;;;;;;;;;;
2503;cafe de cereales;;7- BIOCOP;;6,00;2,25;;0;;
;;;;;;;;;;;
1776;cafe desc;;7- BIOCOP;;17,00;6,51;;8;;
;;;;;;;;;;;
3490;cafe ethiopia;;3- FELIUBADALO;;1,00;5,79;;0;;
;;;;;;;;;;;

ALIMENTACION-TES;;
Codigo;Articulo;;Referencia;Proveedor;;Uds.;Precio;;Dto%;;Importe
;;;;;;;;;;;
492;cafe gins;;10009- faire;;1,00;3,94;;0;;
492;cafe gins;;17- PROBIOS;;6,00;3,94;;0;;
;;;;;;;;;;;

TODAS;;
Codigo;Articulo;;Referencia;Proveedor;;Uds.;Precio;;Dto%;;Importe
;;;;;;;;;;;
3122;cafe grano mexique;;3- FELIUBADALO;;1,00;4,96;;0;;
;;;;;;;;;;;
3489;CAFE GUATEMALA;;3- FELIUBADALO;;1,00;5,31;;0;;
ARTICULOS - PROVEEDOR;;;;;Pagina 32 ;;;Fecha : 03/02/2026;;;
;;;;;;;;;;;
1775;CAFE NATURAL;;7- BIOCOP;;16,00;3,54;;0;;
;;;;;;;;;;;
1779;CAFE SOLUBLE;;7- BIOCOP;;12,00;4,99;;0;;
;;;;;;;;;;;
3487;CAFE VAINILLA;;3- FELIUBADALO;;1,00;4,37;;0;;
;;;;;;;;;;;

ALIMENTACION-TES;;
Codigo;Articulo;;Referencia;Proveedor;;Uds.;Precio;;Dto%;;Importe
;;;;;;;;;;;
494;cafe verde;;17- PROBIOS;;6,00;4,36;;0;;
;;;;;;;;;;;

NUTRICION;;
Codigo;Articulo;;Referencia;Proveedor;;Uds.;Precio;;Dto%;;Importe
;;;;;;;;;;;
1238;CAFE VERDE;;10008- BIODISPHARMA;;6,00;4,33;;0;;
;;;;;;;;;;;

TODAS;;
Codigo;Articulo;;Referencia;Proveedor;;Uds.;Precio;;Dto%;;Importe
;;;;;;;;;;;
2081;CAFEINA 200MG;;29- LIFE PRO;;2,00;4,50;;0;;
;;;;;;;;;;;
3390;caja winter;;21-NATURAKOSMETIC;;3,00;9,56;;0;;
;;;;;;;;;;;

ALIMENTACION-CONSERVAS;;
Codigo;Articulo;;Referencia;Proveedor;;Uds.;Precio;;Dto%;;Importe
;;;;;;;;;;;
774;calamares;;3- FELIUBADALO;;6,00;1,40;;0;;
;;;;;;;;;;;

NUTRICION;;
Codigo;Articulo;;Referencia;Proveedor;;Uds.;Precio;;Dto%;;Importe
;;;;;;;;;;;
898;CALCIO MARINO;;10001- ALGAMAR;;4,00;3,50;;0;;
;;;;;;;;;;;

ALIMENTACION-SALSAS;;
Codigo;Articulo;;Referencia;Proveedor;;Uds.;Precio;;Dto%;;Importe
;;;;;;;;;;;
180;CALCOTS;;4- BIONSAN;;6,00;2,65;;0;;
;;;;;;;;;;;

TODAS;;
Codigo;Articulo;;Referencia;Proveedor;;Uds.;Precio;;Dto%;;Importe
;;;;;;;;;;;
2054;caldo de huesos;;10015-SURAVITASAN;;4,00;26,75;;50;;
2054;caldo de huesos;;3- FELIUBADALO;;1,00;26,10;;0;;
;;;;;;;;;;;

ALIMENTACION;;
Codigo;Articulo;;Referencia;Proveedor;;Uds.;Precio;;Dto%;;Importe
;;;;;;;;;;;
928;CALDO DE VERDURA;;2- LA FINESTRASUL CIELO;;12,00;3,62;;0;;
;;;;;;;;;;;

TODAS;;
Codigo;Articulo;;Referencia;Proveedor;;Uds.;Precio;;Dto%;;Importe
;;;;;;;;;;;
3508;CALDO PACK;;7- BIOCOP;;2,00;3,63;;0;;
;;;;;;;;;;;
2037;CALDO POLLO;;7- BIOCOP;;15,00;1,30;;30;;
;;;;;;;;;;;

ALIMENTACION;;
Codigo;Articulo;;Referencia;Proveedor;;Uds.;Precio;;Dto%;;Importe
;;;;;;;;;;;
927;CALDO POLLO;;2- LA FINESTRASUL CIELO;;12,00;3,62;;0;;
;;;;;;;;;;;

TODAS;;
Codigo;Articulo;;Referencia;Proveedor;;Uds.;Precio;;Dto%;;Importe
;;;;;;;;;;;
ARTICULOS - PROVEEDOR;;;;;Pagina 33 ;;;Fecha : 03/02/2026;;;
2038;caldo verdura;;7- BIOCOP;;16,00;1,30;;30;;
;;;;;;;;;;;
3305;calendrario;;3- FELIUBADALO;;2,00;6,37;;0;;
;;;;;;;;;;;
2119;calendula;;3- FELIUBADALO;;3,00;1,10;;0;;
;;;;;;;;;;;
2146;CALENDULA;;10- ECOPLAZA;;9,00;1,35;;5;;
;;;;;;;;;;;
3017;calmia dia;;10022- webotanix;;13,00;12,26;;0;;
;;;;;;;;;;;
3013;calmia forte;;7- BIOCOP;;1,00;10,00;;0;;
;;;;;;;;;;;
2131;CALOSTRO;;10015-SURAVITASAN;;2,00;17,44;;0;;
;;;;;;;;;;;

HIGIENE PERSONAL;;
Codigo;Articulo;;Referencia;Proveedor;;Uds.;Precio;;Dto%;;Importe
;;;;;;;;;;;
462;CAMOMILA CHAMPU;;10- ECOPLAZA;;4,00;6,69;;0;;
;;;;;;;;;;;

TODAS;;
Codigo;Articulo;;Referencia;Proveedor;;Uds.;Precio;;Dto%;;Importe
;;;;;;;;;;;
3194;camu camu;;15- orgacicasuperfoods;;3,00;7,00;;0;;
;;;;;;;;;;;
2189;candida support;;10013- POWERBODY;;3,00;15,47;;0;;
;;;;;;;;;;;
2020;CANDIDA SUPPORT;;10013- POWERBODY;;2,00;11,00;;0;;
;;;;;;;;;;;

NUTRICION;;
Codigo;Articulo;;Referencia;Proveedor;;Uds.;Precio;;Dto%;;Importe
;;;;;;;;;;;
1303;candidase;;10003- nutrinat;;3,00;26,30;;0;;
;;;;;;;;;;;

ALIMENTACION;;
Codigo;Articulo;;Referencia;Proveedor;;Uds.;Precio;;Dto%;;Importe
;;;;;;;;;;;
1397;CANELA;;10011- bioprasad;;2,00;1,69;;0;;
;;;;;;;;;;;

TODAS;;
Codigo;Articulo;;Referencia;Proveedor;;Uds.;Precio;;Dto%;;Importe
;;;;;;;;;;;
2453;canela 25g;;5- ECOBASICS;;6,00;1,75;;0;;
2453;canela 25g;;7- BIOCOP;;1,00;1,75;;0;;
;;;;;;;;;;;
2454;CANELA 70G;;5- ECOBASICS;;6,00;2,70;;0;;
;;;;;;;;;;;

ALIMENTACION-CONDIMENTOS;;
Codigo;Articulo;;Referencia;Proveedor;;Uds.;Precio;;Dto%;;Importe
;;;;;;;;;;;
320;CANELA CEYLAN 80G;;5- ECOBASICS;;25,00;1,81;;0;;
320;CANELA CEYLAN 80G;;7- BIOCOP;;1,00;1,81;;0;;
;;;;;;;;;;;

ALIMENTACION;;
Codigo;Articulo;;Referencia;Proveedor;;Uds.;Precio;;Dto%;;Importe
;;;;;;;;;;;
1396;canela molida;;10011- bioprasad;;4,00;0,80;;0;;
;;;;;;;;;;;

TODAS;;
Codigo;Articulo;;Referencia;Proveedor;;Uds.;Precio;;Dto%;;Importe
;;;;;;;;;;;
2243;CANELA RAMA;;31- EBRO Diet;;6,00;2,15;;0;;
2243;CANELA RAMA;;7- BIOCOP;;1,00;2,15;;0;;
;;;;;;;;;;;
2237;cañamo 200g;;3- FELIUBADALO;;2,00;4,72;;0;;
;;;;;;;;;;;

ALIMENTACION;;
Codigo;Articulo;;Referencia;Proveedor;;Uds.;Precio;;Dto%;;Importe
ARTICULOS - PROVEEDOR;;;;;Pagina 34 ;;;Fecha : 03/02/2026;;;
;;;;;;;;;;;
1230;caprese;;10007- TEOREMA;;6,00;1,50;;0;;
1230;caprese;;7- BIOCOP;;1,00;1,50;;0;;
;;;;;;;;;;;

TODAS;;
Codigo;Articulo;;Referencia;Proveedor;;Uds.;Precio;;Dto%;;Importe
;;;;;;;;;;;
3174;CAPRYLIC ACID;;10013- POWERBODY;;3,00;3,99;;0;;
;;;;;;;;;;;
1294;CARAMELO;;10010- SIERRA DEGUARA;;4,00;2,00;;0;;
;;;;;;;;;;;
3398;caramelos;;7- BIOCOP;;12,00;1,95;;0;;
;;;;;;;;;;;
1683;CARAMELOS;;25- NUTRICIONSANTE;;12,00;2,95;;0;;
;;;;;;;;;;;
1893;caramelos de manuka;;2- LA FINESTRASUL CIELO;;12,00;5,17;;0;;
;;;;;;;;;;;

ALIMENTACION;;
Codigo;Articulo;;Referencia;Proveedor;;Uds.;Precio;;Dto%;;Importe
;;;;;;;;;;;
1293;caramelos romero;;10010- SIERRA DEGUARA;;4,00;2,00;;0;;
;;;;;;;;;;;

TODAS;;
Codigo;Articulo;;Referencia;Proveedor;;Uds.;Precio;;Dto%;;Importe
;;;;;;;;;;;
2147;carbon activo;;10- ECOPLAZA;;3,00;13,88;;50;;
;;;;;;;;;;;

NUTRICION;;
Codigo;Articulo;;Referencia;Proveedor;;Uds.;Precio;;Dto%;;Importe
;;;;;;;;;;;
1240;CARBON ACTIVO;;10008- BIODISPHARMA;;6,00;3,79;;0;;
;;;;;;;;;;;

TODAS;;
Codigo;Articulo;;Referencia;Proveedor;;Uds.;Precio;;Dto%;;Importe
;;;;;;;;;;;
2351;carbox;;10017- BIOTECH;;1,00;5,45;;0;;
;;;;;;;;;;;
2493;CARDAMOMO;;31- EBRO Diet;;6,00;3,19;;0;;
;;;;;;;;;;;
2561;CARDAMOMO CID;;31- EBRO Diet;;8,00;5,25;;0;;
;;;;;;;;;;;

ALIMENTACION;;
Codigo;Articulo;;Referencia;Proveedor;;Uds.;Precio;;Dto%;;Importe
;;;;;;;;;;;
1398;cardamomo molido;;10011- bioprasad;;5,00;1,37;;0;;
;;;;;;;;;;;
1080;cardo;;1- CAL VALLS;;6,00;3,15;;0;;
;;;;;;;;;;;

TODAS;;
Codigo;Articulo;;Referencia;Proveedor;;Uds.;Precio;;Dto%;;Importe
;;;;;;;;;;;
1753;cardo mariano;;2- LA FINESTRASUL CIELO;;6,00;1,95;;0;;
;;;;;;;;;;;
3271;CARDO MARIANO;;10023- TONGIL;;3,00;11,77;;0;;
;;;;;;;;;;;

NUTRICION;;
Codigo;Articulo;;Referencia;Proveedor;;Uds.;Precio;;Dto%;;Importe
;;;;;;;;;;;
497;cardo mariano 150c;;19- ALDOUS;;4,00;16,81;;0;;
;;;;;;;;;;;
1508;CARDUSCOMPLEX;;10012- APROLIS;;4,00;18,35;;0;;
;;;;;;;;;;;

DEPORTE;;
Codigo;Articulo;;Referencia;Proveedor;;Uds.;Precio;;Dto%;;Importe
;;;;;;;;;;;
1075;CARNIBOOM;;20- BIG UNIVERSAL;;2,00;0,00;;0;;
;;;;;;;;;;;

ARTICULOS - PROVEEDOR;;;;;Pagina 35 ;;;Fecha : 03/02/2026;;;
NUTRICION;;
Codigo;Articulo;;Referencia;Proveedor;;Uds.;Precio;;Dto%;;Importe
;;;;;;;;;;;
856;CASCARA DE PSYLLIUM;;25- NUTRICIONSANTE;;6,00;5,44;;20;;
;;;;;;;;;;;

TODAS;;
Codigo;Articulo;;Referencia;Proveedor;;Uds.;Precio;;Dto%;;Importe
;;;;;;;;;;;
3209;CASEINA LIFE;;29- LIFE PRO;;1,00;21,90;;0;;
;;;;;;;;;;;

ALIMENTACION;;
Codigo;Articulo;;Referencia;Proveedor;;Uds.;Precio;;Dto%;;Importe
;;;;;;;;;;;
1327;CASTAÑO INDIO;;10- ECOPLAZA;;5,00;1,75;;5;;
1327;CASTAÑO INDIO;;3- FELIUBADALO;;2,00;1,70;;0;;
;;;;;;;;;;;

TODAS;;
Codigo;Articulo;;Referencia;Proveedor;;Uds.;Precio;;Dto%;;Importe
;;;;;;;;;;;
2619;castaño indio extr;;10012- APROLIS;;3,00;8,85;;0;;
;;;;;;;;;;;

COSMETICA;;
Codigo;Articulo;;Referencia;Proveedor;;Uds.;Precio;;Dto%;;Importe
;;;;;;;;;;;
514;CASTOR CBD;;19- ALDOUS;;2,00;4,90;;0;;
;;;;;;;;;;;

TODAS;;
Codigo;Articulo;;Referencia;Proveedor;;Uds.;Precio;;Dto%;;Importe
;;;;;;;;;;;
3437;CASTOR OIL;;10013- POWERBODY;;1,00;5,86;;0;;
;;;;;;;;;;;

ALIMENTACION;;
Codigo;Articulo;;Referencia;Proveedor;;Uds.;Precio;;Dto%;;Importe
;;;;;;;;;;;
1609;CAYENA;;32- NORTEM BIO;;2,00;2,98;;0;;
;;;;;;;;;;;

TODAS;;
Codigo;Articulo;;Referencia;Proveedor;;Uds.;Precio;;Dto%;;Importe
;;;;;;;;;;;
3220;CBD 7%;;10022- webotanix;;3,00;22,99;;0;;
;;;;;;;;;;;

NUTRICION;;
Codigo;Articulo;;Referencia;Proveedor;;Uds.;Precio;;Dto%;;Importe
;;;;;;;;;;;
896;CBD FULL SPEC 5%;;19- ALDOUS;;3,00;12,26;;0;;
;;;;;;;;;;;

TODAS;;
Codigo;Articulo;;Referencia;Proveedor;;Uds.;Precio;;Dto%;;Importe
;;;;;;;;;;;
3166;CEATINAA CHUP;;10013- POWERBODY;;1,00;9,69;;0;;
;;;;;;;;;;;
1913;CEBADA;;4- BIONSAN;;6,00;1,53;;0;;
;;;;;;;;;;;
3422;CEBOLLA;;10- ECOPLAZA;;1,00;1,70;;0;;
;;;;;;;;;;;

ALIMENTACION;;
Codigo;Articulo;;Referencia;Proveedor;;Uds.;Precio;;Dto%;;Importe
;;;;;;;;;;;
1399;CEBOLLA MOLIDA;;10011- bioprasad;;4,00;0,92;;0;;
;;;;;;;;;;;

TODAS;;
Codigo;Articulo;;Referencia;Proveedor;;Uds.;Precio;;Dto%;;Importe
;;;;;;;;;;;

ARTICULOS - PROVEEDOR;;;;;Pagina 36 ;;;Fecha : 03/02/2026;;;
3394;CEJAS;;21-NATURAKOSMETIC;;4,00;3,75;;0;;
;;;;;;;;;;;
1715;CELIBIO AVENA GRANADA;;10- ECOPLAZA;;15,00;2,29;;0;;
1715;CELIBIO AVENA GRANADA;;7- BIOCOP;;1,00;2,29;;0;;
;;;;;;;;;;;

ALIMENTACION;;
Codigo;Articulo;;Referencia;Proveedor;;Uds.;Precio;;Dto%;;Importe
;;;;;;;;;;;
948;CELIBIO AVENA MANZ;;10- ECOPLAZA;;8,00;2,29;;0;;
;;;;;;;;;;;
949;celibio coco naranja;;10- ECOPLAZA;;6,00;2,29;;0;;
;;;;;;;;;;;
947;celibio coco piña;;10- ECOPLAZA;;12,00;2,29;;0;;
;;;;;;;;;;;

TODAS;;
Codigo;Articulo;;Referencia;Proveedor;;Uds.;Precio;;Dto%;;Importe
;;;;;;;;;;;
2148;CELLIMINE;;10- ECOPLAZA;;4,00;15,75;;50;;
;;;;;;;;;;;
2111;centella body +facial;;16- ORGANIC INDIA;;3,00;9,83;;0;;
;;;;;;;;;;;
2684;CENTELLA MASK;;10018- STORE.K;;2,00;15,00;;0;;
;;;;;;;;;;;
1912;centeno;;4- BIONSAN;;3,00;1,53;;0;;
;;;;;;;;;;;
3500;CEPILLO;;21-NATURAKOSMETIC;;1,00;1,66;;0;;
;;;;;;;;;;;

HIGIENE PERSONAL;;
Codigo;Articulo;;Referencia;Proveedor;;Uds.;Precio;;Dto%;;Importe
;;;;;;;;;;;
705;CEPILLO ADULTO;;21-NATURAKOSMETIC;;2,00;1,15;;12;;
;;;;;;;;;;;

COSMETICA;;
Codigo;Articulo;;Referencia;Proveedor;;Uds.;Precio;;Dto%;;Importe
;;;;;;;;;;;
703;CEPILLO ADULTO;;21-NATURAKOSMETIC;;2,00;1,74;;12;;
;;;;;;;;;;;

GRANEL;;
Codigo;Articulo;;Referencia;Proveedor;;Uds.;Precio;;Dto%;;Importe
;;;;;;;;;;;
700;CEPILLO ADULTO;;21-NATURAKOSMETIC;;3,00;1,66;;0;;
;;;;;;;;;;;

HIGIENE PERSONAL;;
Codigo;Articulo;;Referencia;Proveedor;;Uds.;Precio;;Dto%;;Importe
;;;;;;;;;;;
704;CEPILLO ADULTO P2;;21-NATURAKOSMETIC;;2,00;1,74;;12;;
;;;;;;;;;;;

TODAS;;
Codigo;Articulo;;Referencia;Proveedor;;Uds.;Precio;;Dto%;;Importe
;;;;;;;;;;;
3152;cepillo bambu y carbon;;21-NATURAKOSMETIC;;4,00;1,80;;0;;
;;;;;;;;;;;

HIGIENE PERSONAL;;
Codigo;Articulo;;Referencia;Proveedor;;Uds.;Precio;;Dto%;;Importe
;;;;;;;;;;;
698;CEPILLO bebe;;21-NATURAKOSMETIC;;2,00;1,74;;12;;
;;;;;;;;;;;

TODAS;;
Codigo;Articulo;;Referencia;Proveedor;;Uds.;Precio;;Dto%;;Importe
;;;;;;;;;;;
3388;CEPILLO CARA;;21-NATURAKOSMETIC;;1,00;2,12;;0;;
;;;;;;;;;;;
2548;CEPILLO CELULITIS;;21-NATURAKOSMETIC;;2,00;3,57;;0;;
;;;;;;;;;;;
3494;cepillo dent;;3- FELIUBADALO;;1,00;1,94;;0;;
;;;;;;;;;;;
3493;CEPILLO DENT;;3- FELIUBADALO;;1,00;2,21;;0;;
;;;;;;;;;;;

ARTICULOS - PROVEEDOR;;;;;Pagina 37 ;;;Fecha : 03/02/2026;;;
3150;cepillo inf;;21-NATURAKOSMETIC;;2,00;2,33;;0;;
;;;;;;;;;;;

COSMETICA;;
Codigo;Articulo;;Referencia;Proveedor;;Uds.;Precio;;Dto%;;Importe
;;;;;;;;;;;
681;cepillo masajeador;;21-NATURAKOSMETIC;;3,00;5,41;;12;;
;;;;;;;;;;;

HIGIENE PERSONAL;;
Codigo;Articulo;;Referencia;Proveedor;;Uds.;Precio;;Dto%;;Importe
;;;;;;;;;;;
697;CEPILLO NIÑO;;21-NATURAKOSMETIC;;3,00;1,74;;12;;
;;;;;;;;;;;
696;cepillo niño bambu;;21-NATURAKOSMETIC;;3,00;1,74;;12;;
;;;;;;;;;;;

TODAS;;
Codigo;Articulo;;Referencia;Proveedor;;Uds.;Precio;;Dto%;;Importe
;;;;;;;;;;;
2958;CEPILLO PELO BAMBO;;21-NATURAKOSMETIC;;4,00;4,52;;0;;
;;;;;;;;;;;

HIGIENE PERSONAL;;
Codigo;Articulo;;Referencia;Proveedor;;Uds.;Precio;;Dto%;;Importe
;;;;;;;;;;;
650;cepillo pie & pomez;;21-NATURAKOSMETIC;;3,00;5,10;;12;;
;;;;;;;;;;;

TODAS;;
Codigo;Articulo;;Referencia;Proveedor;;Uds.;Precio;;Dto%;;Importe
;;;;;;;;;;;
3501;cepillo PRO;;21-NATURAKOSMETIC;;1,00;2,03;;0;;
;;;;;;;;;;;
2940;cepillo sonic;;21-NATURAKOSMETIC;;1,00;24,70;;0;;
;;;;;;;;;;;
3254;CERA DE ABEJA;;10- ECOPLAZA;;3,00;2,25;;0;;
;;;;;;;;;;;
3269;CEREALES;;3- FELIUBADALO;;1,00;2,25;;0;;
;;;;;;;;;;;

DEPORTE;;
Codigo;Articulo;;Referencia;Proveedor;;Uds.;Precio;;Dto%;;Importe
;;;;;;;;;;;
1348;CESAR;;29- LIFE PRO;;6,00;1,90;;0;;
;;;;;;;;;;;

GRANEL;;
Codigo;Articulo;;Referencia;Proveedor;;Uds.;Precio;;Dto%;;Importe
;;;;;;;;;;;
538;CFM  ISO ZERO CACAOLAT1KG;;20- BIG UNIVERSAL;;3,00;34,90;;0;;
;;;;;;;;;;;

TODAS;;
Codigo;Articulo;;Referencia;Proveedor;;Uds.;Precio;;Dto%;;Importe
;;;;;;;;;;;
1557;cfm choco;;20- BIG UNIVERSAL;;2,00;29,90;;0;;
;;;;;;;;;;;

GRANEL;;
Codigo;Articulo;;Referencia;Proveedor;;Uds.;Precio;;Dto%;;Importe
;;;;;;;;;;;
540;CFM ISO ZERO  CONGUITOSDARK1KG;;20- BIG UNIVERSAL;;2,00;30,90;;0;;
;;;;;;;;;;;
539;CFM ISO ZERO  LACASITOS1KG;;20- BIG UNIVERSAL;;2,00;30,90;;0;;
;;;;;;;;;;;
534;CFM ISO ZERO COOKIESCREAM 1KG;;20- BIG UNIVERSAL;;2,00;29,90;;0;;
;;;;;;;;;;;

DEPORTE;;
Codigo;Articulo;;Referencia;Proveedor;;Uds.;Precio;;Dto%;;Importe
;;;;;;;;;;;
536;CFM ISO ZERO choco negro 1KG;;20- BIG UNIVERSAL;;2,00;29,90;;0;;
;;;;;;;;;;;
535;CFM ISO ZERO LECHECANELA 1KG;;20- BIG UNIVERSAL;;5,00;33,90;;0;;
;;;;;;;;;;;

ARTICULOS - PROVEEDOR;;;;;Pagina 38 ;;;Fecha : 03/02/2026;;;
537;CFM ISO ZERO MOWGLYWHITE 1KG;;20- BIG UNIVERSAL;;6,00;33,90;;0;;
;;;;;;;;;;;
1247;CFM MEGATROCITOS;;20- BIG UNIVERSAL;;0,00;30,90;;0;;
;;;;;;;;;;;
588;cfm monodosis;;20- BIG UNIVERSAL;;2,00;1,50;;0;;
;;;;;;;;;;;

GRANEL;;
Codigo;Articulo;;Referencia;Proveedor;;Uds.;Precio;;Dto%;;Importe
;;;;;;;;;;;
586;cfm monodosis;;20- BIG UNIVERSAL;;4,00;1,50;;0;;
;;;;;;;;;;;

TODAS;;
Codigo;Articulo;;Referencia;Proveedor;;Uds.;Precio;;Dto%;;Importe
;;;;;;;;;;;
1559;cfm pink;;20- BIG UNIVERSAL;;2,00;29,90;;0;;
;;;;;;;;;;;
2680;cica-hyal eye patch;;10018- STORE.K;;1,00;11,57;;0;;
;;;;;;;;;;;
2518;cilantro;;10- ECOPLAZA;;8,00;1,45;;5;;
;;;;;;;;;;;

NUTRICION;;
Codigo;Articulo;;Referencia;Proveedor;;Uds.;Precio;;Dto%;;Importe
;;;;;;;;;;;
1643;cilantro;;10004- HSN;;2,00;2,56;;0;;
;;;;;;;;;;;

ALIMENTACION;;
Codigo;Articulo;;Referencia;Proveedor;;Uds.;Precio;;Dto%;;Importe
;;;;;;;;;;;
1400;cilantro;;10011- bioprasad;;5,00;0,90;;0;;
;;;;;;;;;;;

TODAS;;
Codigo;Articulo;;Referencia;Proveedor;;Uds.;Precio;;Dto%;;Importe
;;;;;;;;;;;
3085;CIRCULACION;;10020- N-PRO;;1,00;10,69;;20;;
;;;;;;;;;;;

ALIMENTACION;;
Codigo;Articulo;;Referencia;Proveedor;;Uds.;Precio;;Dto%;;Importe
;;;;;;;;;;;
1437;cirulas;;10011- bioprasad;;4,00;2,59;;0;;
;;;;;;;;;;;

TODAS;;
Codigo;Articulo;;Referencia;Proveedor;;Uds.;Precio;;Dto%;;Importe
;;;;;;;;;;;
1787;citrato de mag;;10004- HSN;;7,00;7,68;;0;;
1787;citrato de mag;;10013- POWERBODY;;7,00;9,24;;0;;
;;;;;;;;;;;
1896;CITRATO DE MAGNESIO;;10- ECOPLAZA;;6,00;7,88;;0;;
;;;;;;;;;;;
2167;citrato de potasio;;19- ALDOUS;;3,00;16,90;;0;;
;;;;;;;;;;;
1791;CITRATO DE POTASIUM;;10004- HSN;;3,00;3,06;;0;;
;;;;;;;;;;;
1786;CITRATO DE POTASUIM;;10004- HSN;;2,00;4,23;;0;;
;;;;;;;;;;;
2971;CITRATO MAGNESIO;;19- ALDOUS;;2,00;12,61;;0;;
;;;;;;;;;;;
2050;CITROBIOC GOTAS;;10003- nutrinat;;5,00;16,50;;0;;
;;;;;;;;;;;
2049;citrobiotic;;10003- nutrinat;;5,00;18,20;;0;;
;;;;;;;;;;;
2716;citronella;;31- EBRO Diet;;6,00;1,88;;0;;
;;;;;;;;;;;

DEPORTE;;
Codigo;Articulo;;Referencia;Proveedor;;Uds.;Precio;;Dto%;;Importe
;;;;;;;;;;;
1365;citrulina;;10004- HSN;;1,00;6,14;;0;;
;;;;;;;;;;;
1282;CITRULINA FRUIT;;29- LIFE PRO;;3,00;11,90;;0;;
;;;;;;;;;;;

ARTICULOS - PROVEEDOR;;;;;Pagina 39 ;;;Fecha : 03/02/2026;;;
TODAS;;
Codigo;Articulo;;Referencia;Proveedor;;Uds.;Precio;;Dto%;;Importe
;;;;;;;;;;;
1568;CLA;;20- BIG UNIVERSAL;;2,00;12,20;;0;;
;;;;;;;;;;;
3155;CLA+L-CAR+GR TEA;;10013- POWERBODY;;2,00;10,71;;0;;
;;;;;;;;;;;
3141;classic spray;;10012- APROLIS;;9,00;8,22;;0;;
;;;;;;;;;;;
2935;clavo 35g;;31- EBRO Diet;;1,00;3,41;;0;;
;;;;;;;;;;;
1967;clavo de olor;;10009- faire;;10,00;4,30;;0;;
1967;clavo de olor;;10012- APROLIS;;1,00;4,30;;0;;
;;;;;;;;;;;

ALIMENTACION;;
Codigo;Articulo;;Referencia;Proveedor;;Uds.;Precio;;Dto%;;Importe
;;;;;;;;;;;
1395;CLAVO MOLIDO;;10011- bioprasad;;5,00;1,13;;0;;
;;;;;;;;;;;

COSMETICA;;
Codigo;Articulo;;Referencia;Proveedor;;Uds.;Precio;;Dto%;;Importe
;;;;;;;;;;;
1280;clean yuzu gel;;21-NATURAKOSMETIC;;2,00;5,03;;20;;
;;;;;;;;;;;

TODAS;;
Codigo;Articulo;;Referencia;Proveedor;;Uds.;Precio;;Dto%;;Importe
;;;;;;;;;;;
2844;CLEANINTEST;;10020- N-PRO;;3,00;12,28;;0;;
;;;;;;;;;;;
3083;cleanpylori;;10020- N-PRO;;1,00;19,23;;20;;
;;;;;;;;;;;
2675;CLEANSING FOAM;;10018- STORE.K;;4,00;7,44;;0;;
;;;;;;;;;;;

DEPORTE;;
Codigo;Articulo;;Referencia;Proveedor;;Uds.;Precio;;Dto%;;Importe
;;;;;;;;;;;
1376;CLEAR  PIÑA;;29- LIFE PRO;;1,00;20,90;;0;;
;;;;;;;;;;;
1379;CLEAR CEREZA;;29- LIFE PRO;;1,00;20,90;;0;;
;;;;;;;;;;;

TODAS;;
Codigo;Articulo;;Referencia;Proveedor;;Uds.;Precio;;Dto%;;Importe
;;;;;;;;;;;
2853;CLEAR ISO SANDIA;;29- LIFE PRO;;1,00;29,90;;0;;
;;;;;;;;;;;

DEPORTE;;
Codigo;Articulo;;Referencia;Proveedor;;Uds.;Precio;;Dto%;;Importe
;;;;;;;;;;;
1375;CLEAR LIMON;;29- LIFE PRO;;1,00;20,90;;0;;
;;;;;;;;;;;
1377;CLEAR MELOCOTON;;29- LIFE PRO;;1,00;20,90;;0;;
;;;;;;;;;;;
1378;CLEAR nuetro;;29- LIFE PRO;;1,00;20,90;;0;;
;;;;;;;;;;;

TODAS;;
Codigo;Articulo;;Referencia;Proveedor;;Uds.;Precio;;Dto%;;Importe
;;;;;;;;;;;
2869;clear piruleta;;20- BIG UNIVERSAL;;3,00;23,90;;0;;
;;;;;;;;;;;

NUTRICION;;
Codigo;Articulo;;Referencia;Proveedor;;Uds.;Precio;;Dto%;;Importe
;;;;;;;;;;;
999;CLEAR PROTEIN WATER500ML;;29- LIFE PRO;;7,00;1,98;;5;;
;;;;;;;;;;;

DEPORTE;;
Codigo;Articulo;;Referencia;Proveedor;;Uds.;Precio;;Dto%;;Importe
;;;;;;;;;;;

ARTICULOS - PROVEEDOR;;;;;Pagina 40 ;;;Fecha : 03/02/2026;;;
1283;CLEAR PROTEIN WATERMELC 500ML;;29- LIFE PRO;;6,00;1,98;;5;;
;;;;;;;;;;;

TODAS;;
Codigo;Articulo;;Referencia;Proveedor;;Uds.;Precio;;Dto%;;Importe
;;;;;;;;;;;
2785;CLEAR PROTIEN kojac cola750G;;20- BIG UNIVERSAL;;2,00;23,90;;0;;
;;;;;;;;;;;
2786;CLEAR PROTIEN kojacMORA750G;;20- BIG UNIVERSAL;;2,00;23,90;;0;;
;;;;;;;;;;;

DEPORTE;;
Codigo;Articulo;;Referencia;Proveedor;;Uds.;Precio;;Dto%;;Importe
;;;;;;;;;;;
556;CLEAR PROTIEN kojacsandia750G;;20- BIG UNIVERSAL;;4,00;23,90;;0;;
;;;;;;;;;;;

GRANEL;;
Codigo;Articulo;;Referencia;Proveedor;;Uds.;Precio;;Dto%;;Importe
;;;;;;;;;;;
557;CLEAR PROTIEN kojak cereza750G;;20- BIG UNIVERSAL;;3,00;23,90;;0;;
;;;;;;;;;;;

TODAS;;
Codigo;Articulo;;Referencia;Proveedor;;Uds.;Precio;;Dto%;;Importe
;;;;;;;;;;;
2178;CLEAR SKIN;;10013- POWERBODY;;6,00;1,60;;0;;
;;;;;;;;;;;
2567;CLOROFILA;;31- EBRO Diet;;1,00;22,17;;0;;
;;;;;;;;;;;

NUTRICION;;
Codigo;Articulo;;Referencia;Proveedor;;Uds.;Precio;;Dto%;;Importe
;;;;;;;;;;;
1268;cloruro de magnesium;;11- organicasuperfoods;;1,00;8,27;;0;;
1268;cloruro de magnesium;;15- orgacicasuperfoods;;3,00;7,00;;0;;
;;;;;;;;;;;

DEPORTE;;
Codigo;Articulo;;Referencia;Proveedor;;Uds.;Precio;;Dto%;;Importe
;;;;;;;;;;;
1127;cmf natillas;;20- BIG UNIVERSAL;;3,00;29,90;;0;;
;;;;;;;;;;;

ALIMENTACION-CONSERVAS;;
Codigo;Articulo;;Referencia;Proveedor;;Uds.;Precio;;Dto%;;Importe
;;;;;;;;;;;
756;COCIDO DE ALUBIAS V MEDIT;;4- BIONSAN;;6,00;2,23;;0;;
;;;;;;;;;;;
757;COCIDO LENTEJAS V MEDIT;;4- BIONSAN;;6,00;2,23;;0;;
;;;;;;;;;;;

TODAS;;
Codigo;Articulo;;Referencia;Proveedor;;Uds.;Precio;;Dto%;;Importe
;;;;;;;;;;;
3034;coco rallado;;4- BIONSAN;;1,00;2,22;;0;;
3034;coco rallado;;7- BIOCOP;;1,00;2,22;;0;;
;;;;;;;;;;;

ALIMENTACION;;
Codigo;Articulo;;Referencia;Proveedor;;Uds.;Precio;;Dto%;;Importe
;;;;;;;;;;;
1432;COCO RALLADO;;10- ECOPLAZA;;1,00;1,97;;0;;
1432;COCO RALLADO;;10011- bioprasad;;8,00;1,97;;0;;
;;;;;;;;;;;

TODAS;;
Codigo;Articulo;;Referencia;Proveedor;;Uds.;Precio;;Dto%;;Importe
;;;;;;;;;;;
2373;cocolytes;;10004- HSN;;2,00;4,18;;0;;
;;;;;;;;;;;
3460;COCOLYTES;;10004- HSN;;1,00;4,18;;0;;
;;;;;;;;;;;

ARTICULOS - PROVEEDOR;;;;;Pagina 41 ;;;Fecha : 03/02/2026;;;
ALIMENTACION-BEBIDAS-LECHE;;
Codigo;Articulo;;Referencia;Proveedor;;Uds.;Precio;;Dto%;;Importe
;;;;;;;;;;;
86;coconut ecomil 1l;;3- FELIUBADALO;;12,00;1,57;;10;;
;;;;;;;;;;;
96;coconut supreme 1l;;3- FELIUBADALO;;80,00;1,90;;0;;
;;;;;;;;;;;

TODAS;;
Codigo;Articulo;;Referencia;Proveedor;;Uds.;Precio;;Dto%;;Importe
;;;;;;;;;;;
2196;cod liver 250ml;;10013- POWERBODY;;2,00;8,49;;0;;
;;;;;;;;;;;
2403;COD LIVER 250ML OSAVI;;10013- POWERBODY;;1,00;8,49;;0;;
;;;;;;;;;;;
2404;cod liver 500ml;;10013- POWERBODY;;1,00;12,07;;0;;
;;;;;;;;;;;
2405;COD LIVER 500ML;;10013- POWERBODY;;2,00;12,07;;0;;
;;;;;;;;;;;
2195;cod liver kids;;10013- POWERBODY;;2,00;5,85;;0;;
;;;;;;;;;;;
1565;COD LIVER OIL;;20- BIG UNIVERSAL;;5,00;11,35;;0;;
;;;;;;;;;;;
3497;CODIUM;;3- FELIUBADALO;;1,00;1,80;;0;;
;;;;;;;;;;;
3374;COFRE;;10009- faire;;4,00;13,50;;0;;
;;;;;;;;;;;

NUTRICION;;
Codigo;Articulo;;Referencia;Proveedor;;Uds.;Precio;;Dto%;;Importe
;;;;;;;;;;;
503;COL ,ACIDO HIAL;;19- ALDOUS;;11,00;15,87;;0;;
;;;;;;;;;;;

ALIMENTACION-CONSERVAS;;
Codigo;Articulo;;Referencia;Proveedor;;Uds.;Precio;;Dto%;;Importe
;;;;;;;;;;;
147;COL BL FERMENTADA;;4- BIONSAN;;10,00;3,08;;3;;
;;;;;;;;;;;

TODAS;;
Codigo;Articulo;;Referencia;Proveedor;;Uds.;Precio;;Dto%;;Importe
;;;;;;;;;;;
2934;COLA DE CABALLO;;31- EBRO Diet;;1,00;1,22;;5;;
;;;;;;;;;;;
1671;colagen;;10009- faire;;6,00;16,25;;0;;
;;;;;;;;;;;
2919;colageno;;36- paimes;;1,00;11,60;;0;;
;;;;;;;;;;;

NUTRICION;;
Codigo;Articulo;;Referencia;Proveedor;;Uds.;Precio;;Dto%;;Importe
;;;;;;;;;;;
1489;colageno;;10008- BIODISPHARMA;;20,00;15,95;;0;;
;;;;;;;;;;;
1206;colageno +mag;;10004- HSN;;3,00;4,63;;0;;
1206;colageno +mag;;10009- faire;;1,00;4,63;;0;;
;;;;;;;;;;;

TODAS;;
Codigo;Articulo;;Referencia;Proveedor;;Uds.;Precio;;Dto%;;Importe
;;;;;;;;;;;
1789;COLAGENO +MAG;;10004- HSN;;2,00;4,63;;0;;
1789;COLAGENO +MAG;;10009- faire;;1,00;4,63;;0;;
;;;;;;;;;;;

NUTRICION;;
Codigo;Articulo;;Referencia;Proveedor;;Uds.;Precio;;Dto%;;Importe
;;;;;;;;;;;
1476;COLAGENO ANTIAGING;;29- LIFE PRO;;11,00;16,90;;0;;
;;;;;;;;;;;

TODAS;;
Codigo;Articulo;;Referencia;Proveedor;;Uds.;Precio;;Dto%;;Importe
;;;;;;;;;;;
1790;COLAGENO BEAUTY;;10004- HSN;;2,00;5,01;;0;;

ARTICULOS - PROVEEDOR;;;;;Pagina 42 ;;;Fecha : 03/02/2026;;;
;;;;;;;;;;;

NUTRICION;;
Codigo;Articulo;;Referencia;Proveedor;;Uds.;Precio;;Dto%;;Importe
;;;;;;;;;;;
1440;COLAGENO BOVINO;;10009- faire;;4,00;17,50;;0;;
;;;;;;;;;;;
1201;colageno bovino 150g;;10004- HSN;;9,00;4,12;;0;;
1201;colageno bovino 150g;;10009- faire;;1,00;3,90;;0;;
;;;;;;;;;;;

TODAS;;
Codigo;Articulo;;Referencia;Proveedor;;Uds.;Precio;;Dto%;;Importe
;;;;;;;;;;;
3381;colageno marino;;19- ALDOUS;;4,00;12,61;;0;;
;;;;;;;;;;;
2188;COLAGENO MARINONEOCELL;;10013- POWERBODY;;4,00;15,00;;0;;
;;;;;;;;;;;
3015;colageno mobility;;10022- webotanix;;9,00;15,31;;0;;
;;;;;;;;;;;

NUTRICION;;
Codigo;Articulo;;Referencia;Proveedor;;Uds.;Precio;;Dto%;;Importe
;;;;;;;;;;;
1207;COLAGENO+MAG LIMON;;10004- HSN;;2,00;4,40;;0;;
;;;;;;;;;;;
1488;COLAGENOFLEX;;10009- faire;;4,00;12,50;;0;;
;;;;;;;;;;;

TODAS;;
Codigo;Articulo;;Referencia;Proveedor;;Uds.;Precio;;Dto%;;Importe
;;;;;;;;;;;
2151;colagenova;;10- ECOPLAZA;;3,00;19,10;;50;;
;;;;;;;;;;;
2027;colastrum;;10013- POWERBODY;;2,00;7,27;;0;;
;;;;;;;;;;;

NUTRICION;;
Codigo;Articulo;;Referencia;Proveedor;;Uds.;Precio;;Dto%;;Importe
;;;;;;;;;;;
1439;colegeno marino;;10009- faire;;3,00;18,55;;0;;
;;;;;;;;;;;

TODAS;;
Codigo;Articulo;;Referencia;Proveedor;;Uds.;Precio;;Dto%;;Importe
;;;;;;;;;;;
1954;colestfenol 2,5g;;20- BIG UNIVERSAL;;2,00;14,10;;0;;
;;;;;;;;;;;
2656;COLONCALM FLORA;;10015-SURAVITASAN;;5,00;25,65;;20;;
;;;;;;;;;;;

COSMETICA;;
Codigo;Articulo;;Referencia;Proveedor;;Uds.;Precio;;Dto%;;Importe
;;;;;;;;;;;
919;colonia natural;;2- LA FINESTRASUL CIELO;;1,00;9,20;;0;;
;;;;;;;;;;;

TODAS;;
Codigo;Articulo;;Referencia;Proveedor;;Uds.;Precio;;Dto%;;Importe
;;;;;;;;;;;
2295;COLORETE;;21-NATURAKOSMETIC;;3,00;5,74;;0;;
;;;;;;;;;;;
2296;colorete duo 02;;21-NATURAKOSMETIC;;3,00;5,74;;0;;
;;;;;;;;;;;
2706;COLVITA;;36- paimes;;2,00;5,00;;0;;
;;;;;;;;;;;
2002;COLLAGEN BEAUTY;;10013- POWERBODY;;2,00;6,21;;0;;
;;;;;;;;;;;
2681;collagen eye;;10018- STORE.K;;4,00;14,88;;0;;
;;;;;;;;;;;
3167;collagen neocell 180cmp;;10013- POWERBODY;;2,00;11,75;;0;;
;;;;;;;;;;;
3168;collagen neocell 270COMP;;10013- POWERBODY;;2,00;15,31;;0;;
;;;;;;;;;;;

ALIMENTACION;;
Codigo;Articulo;;Referencia;Proveedor;;Uds.;Precio;;Dto%;;Importe
;;;;;;;;;;;

ARTICULOS - PROVEEDOR;;;;;Pagina 43 ;;;Fecha : 03/02/2026;;;
933;comino;;2- LA FINESTRASUL CIELO;;6,00;3,65;;0;;
933;comino;;7- BIOCOP;;1,00;3,65;;0;;
;;;;;;;;;;;

TODAS;;
Codigo;Articulo;;Referencia;Proveedor;;Uds.;Precio;;Dto%;;Importe
;;;;;;;;;;;
1749;COMINO;;10- ECOPLAZA;;1,00;3,35;;0;;
1749;COMINO;;2- LA FINESTRASUL CIELO;;6,00;3,30;;0;;
;;;;;;;;;;;
3480;COMINO NEGRO ACIETE;;10012- APROLIS;;1,00;16,16;;0;;
;;;;;;;;;;;
3097;comino negro suravitasan;;10015-SURAVITASAN;;1,00;12,95;;0;;
;;;;;;;;;;;
2792;COMINO PQ;;10- ECOPLAZA;;6,00;1,95;;5;;
2792;COMINO PQ;;7- BIOCOP;;1,00;1,85;;0;;
;;;;;;;;;;;

NUTRICION;;
Codigo;Articulo;;Referencia;Proveedor;;Uds.;Precio;;Dto%;;Importe
;;;;;;;;;;;
397;COMLETE FLEXIBILITYORGANIC INDIA;;16- ORGANIC INDIA;;3,00;13,99;;0;;
;;;;;;;;;;;

TODAS;;
Codigo;Articulo;;Referencia;Proveedor;;Uds.;Precio;;Dto%;;Importe
;;;;;;;;;;;
3159;COMPLETE MEAL;;10013- POWERBODY;;1,00;19,58;;0;;
;;;;;;;;;;;
3181;COMPLETE PROTEIN;;10013- POWERBODY;;1,00;12,33;;0;;
;;;;;;;;;;;
1917;COMPLEX TRIBULUS;;10009- faire;;2,00;12,81;;0;;
;;;;;;;;;;;
2903;COMPLEX VISION NUTRALIE;;10- ECOPLAZA;;4,00;16,32;;25;;
;;;;;;;;;;;

ALIMENTACION-DESAYUNO;;
Codigo;Articulo;;Referencia;Proveedor;;Uds.;Precio;;Dto%;;Importe
;;;;;;;;;;;
363;compota ciruela;;7- BIOCOP;;12,00;2,64;;0;;
;;;;;;;;;;;

TODAS;;
Codigo;Articulo;;Referencia;Proveedor;;Uds.;Precio;;Dto%;;Importe
;;;;;;;;;;;
2501;COMPOTA DE ALBARICOQUE;;7- BIOCOP;;18,00;3,20;;0;;
;;;;;;;;;;;

ALIMENTACION;;
Codigo;Articulo;;Referencia;Proveedor;;Uds.;Precio;;Dto%;;Importe
;;;;;;;;;;;
980;COMPOTA DE ARANDANOS;;18- PROBIOS;;1,00;3,65;;0;;
;;;;;;;;;;;

TODAS;;
Codigo;Articulo;;Referencia;Proveedor;;Uds.;Precio;;Dto%;;Importe
;;;;;;;;;;;
3298;compota de arandanos/gin;;7- BIOCOP;;1,00;3,03;;0;;
;;;;;;;;;;;
3521;compota de bergamota;;7- BIOCOP;;1,00;2,04;;0;;
;;;;;;;;;;;
3520;COMPOTA DE MANGO;;7- BIOCOP;;1,00;2,27;;0;;
;;;;;;;;;;;
1764;compota de melocoton;;7- BIOCOP;;18,00;2,28;;0;;
;;;;;;;;;;;
3522;COMPOTA DE MEMBRILLO;;7- BIOCOP;;1,00;2,04;;0;;
;;;;;;;;;;;
1765;COMPOTA DE MORAS;;7- BIOCOP;;12,00;3,37;;25;;
;;;;;;;;;;;
3297;COMPOTA DE NARNJ/GIN;;7- BIOCOP;;1,00;2,82;;0;;
;;;;;;;;;;;

ALIMENTACION-DESAYUNO;;
Codigo;Articulo;;Referencia;Proveedor;;Uds.;Precio;;Dto%;;Importe
;;;;;;;;;;;
420;compota manz 400g;;1- CAL VALLS;;7,00;1,40;;0;;
;;;;;;;;;;;

ARTICULOS - PROVEEDOR;;;;;Pagina 44 ;;;Fecha : 03/02/2026;;;
454;COMPOTA MANZ 700G;;1- CAL VALLS;;6,00;1,85;;0;;
;;;;;;;;;;;
412;COMPOTA PERA;;1- CAL VALLS;;6,00;1,40;;0;;
;;;;;;;;;;;

TODAS;;
Codigo;Articulo;;Referencia;Proveedor;;Uds.;Precio;;Dto%;;Importe
;;;;;;;;;;;
3509;COMPRESA;;7- BIOCOP;;1,00;3,45;;8;;
;;;;;;;;;;;

ALIMENTACION;;
Codigo;Articulo;;Referencia;Proveedor;;Uds.;Precio;;Dto%;;Importe
;;;;;;;;;;;
1088;CONCENTRADO DE AGAVE;;1- CAL VALLS;;6,00;4,40;;0;;
;;;;;;;;;;;

ALIMENTACION-ENDULZANTES;;
Codigo;Articulo;;Referencia;Proveedor;;Uds.;Precio;;Dto%;;Importe
;;;;;;;;;;;
486;concentrdao manz;;1- CAL VALLS;;1,00;4,55;;0;;
;;;;;;;;;;;

ALIMENTACION-SALSAS;;
Codigo;Articulo;;Referencia;Proveedor;;Uds.;Precio;;Dto%;;Importe
;;;;;;;;;;;
429;CONCETRADO TOMATE;;1- CAL VALLS;;6,00;1,75;;0;;
;;;;;;;;;;;

ALIMENTACION;;
Codigo;Articulo;;Referencia;Proveedor;;Uds.;Precio;;Dto%;;Importe
;;;;;;;;;;;
1424;conchas;;10011- bioprasad;;11,00;1,84;;0;;
;;;;;;;;;;;

TODAS;;
Codigo;Articulo;;Referencia;Proveedor;;Uds.;Precio;;Dto%;;Importe
;;;;;;;;;;;
3227;CONFORT DIGESTIVO;;31- EBRO Diet;;1,00;2,70;;0;;
;;;;;;;;;;;
2704;CONFORT DREAMS;;29- LIFE PRO;;2,00;9,10;;0;;
2704;CONFORT DREAMS;;36- paimes;;3,00;9,10;;0;;
;;;;;;;;;;;
2152;CONFORTE URINARIO;;10- ECOPLAZA;;3,00;14,93;;50;;
;;;;;;;;;;;
2270;CONGUITOS GALLETA;;20- BIG UNIVERSAL;;2,00;27,90;;0;;
;;;;;;;;;;;
2370;CONSUELDA;;3- FELIUBADALO;;1,00;2,62;;0;;
;;;;;;;;;;;

COSMETICA;;
Codigo;Articulo;;Referencia;Proveedor;;Uds.;Precio;;Dto%;;Importe
;;;;;;;;;;;
692;contorno anti age;;21-NATURAKOSMETIC;;3,00;7,80;;10;;
;;;;;;;;;;;

TODAS;;
Codigo;Articulo;;Referencia;Proveedor;;Uds.;Precio;;Dto%;;Importe
;;;;;;;;;;;
1981;contorno de ojo la vera;;21-NATURAKOSMETIC;;2,00;14,00;;10;;
;;;;;;;;;;;
1993;contorno de ojos;;21-NATURAKOSMETIC;;3,00;12,55;;0;;
;;;;;;;;;;;

COSMETICA;;
Codigo;Articulo;;Referencia;Proveedor;;Uds.;Precio;;Dto%;;Importe
;;;;;;;;;;;
597;contorno ojos;;21-NATURAKOSMETIC;;3,00;9,33;;0;;
;;;;;;;;;;;

ALIMENTACION;;
Codigo;Articulo;;Referencia;Proveedor;;Uds.;Precio;;Dto%;;Importe
;;;;;;;;;;;
962;COOKIE AVENA;;18- PROBIOS;;15,00;1,29;;0;;
;;;;;;;;;;;

ARTICULOS - PROVEEDOR;;;;;Pagina 45 ;;;Fecha : 03/02/2026;;;
TODAS;;
Codigo;Articulo;;Referencia;Proveedor;;Uds.;Precio;;Dto%;;Importe
;;;;;;;;;;;
3512;COOKIES;;7- BIOCOP;;1,00;2,88;;0;;
;;;;;;;;;;;

ALIMENTACION-GALLETAS;;
Codigo;Articulo;;Referencia;Proveedor;;Uds.;Precio;;Dto%;;Importe
;;;;;;;;;;;
361;cookies doble choco;;7- BIOCOP;;37,00;2,64;;8;;
;;;;;;;;;;;
362;COOKIES ESP CHOCO;;7- BIOCOP;;28,00;2,64;;8;;
;;;;;;;;;;;

ALIMENTACION-BARRITAS;;
Codigo;Articulo;;Referencia;Proveedor;;Uds.;Precio;;Dto%;;Importe
;;;;;;;;;;;
456;COOKIES PIÑA;;10- ECOPLAZA;;14,00;1,26;;0;;
;;;;;;;;;;;

ALIMENTACION-CEREALES;;
Codigo;Articulo;;Referencia;Proveedor;;Uds.;Precio;;Dto%;;Importe
;;;;;;;;;;;
293;COPOS 4 CEREALES 500G;;5- ECOBASICS;;12,00;1,20;;0;;
;;;;;;;;;;;
294;copos avena f 500g;;5- ECOBASICS;;12,00;1,07;;0;;
;;;;;;;;;;;
359;copos avena finos biocop;;7- BIOCOP;;24,00;1,52;;35;;
;;;;;;;;;;;
295;COPOS AVENA GR 500g;;5- ECOBASICS;;24,00;1,07;;0;;
;;;;;;;;;;;
360;COPOS AVENA GRUESO;;7- BIOCOP;;12,00;1,52;;35;;
;;;;;;;;;;;
326;COPOS AVENA S GLUTENECOB;;5- ECOBASICS;;13,00;1,59;;0;;
;;;;;;;;;;;

ALIMENTACION;;
Codigo;Articulo;;Referencia;Proveedor;;Uds.;Precio;;Dto%;;Importe
;;;;;;;;;;;
1531;copos de avena 1kg;;5- ECOBASICS;;10,00;1,90;;0;;
;;;;;;;;;;;

ALIMENTACION-CEREALES;;
Codigo;Articulo;;Referencia;Proveedor;;Uds.;Precio;;Dto%;;Importe
;;;;;;;;;;;
198;COPOS DE CENTENO;;4- BIONSAN;;11,00;0,98;;0;;
;;;;;;;;;;;

TODAS;;
Codigo;Articulo;;Referencia;Proveedor;;Uds.;Precio;;Dto%;;Importe
;;;;;;;;;;;
1825;copos de trigo sarraceno;;10011- bioprasad;;7,00;1,97;;0;;
;;;;;;;;;;;

ALIMENTACION-DESAYUNO;;
Codigo;Articulo;;Referencia;Proveedor;;Uds.;Precio;;Dto%;;Importe
;;;;;;;;;;;
364;copota de fresa;;7- BIOCOP;;13,00;2,44;;35;;
;;;;;;;;;;;

TODAS;;
Codigo;Articulo;;Referencia;Proveedor;;Uds.;Precio;;Dto%;;Importe
;;;;;;;;;;;
2834;CoQ10 100MG 50C;;10013- POWERBODY;;1,00;9,78;;0;;
;;;;;;;;;;;
3104;CoQ10 100MG 90CAP NOW;;10013- POWERBODY;;1,00;17,30;;0;;
;;;;;;;;;;;
2809;COQ10 100MG BIOPEREINE;;10013- POWERBODY;;1,00;12,88;;0;;
;;;;;;;;;;;
2820;CoQ10 100MG NOW 90C;;10013- POWERBODY;;1,00;18,20;;0;;
;;;;;;;;;;;
3221;coq10 200mg;;10013- POWERBODY;;1,00;20,70;;0;;
;;;;;;;;;;;
2810;COQ10 200MG BIOPEREINE;;10013- POWERBODY;;1,00;20,68;;0;;
;;;;;;;;;;;
2831;CoQ10 LIQ;;10013- POWERBODY;;1,00;17,38;;0;;
;;;;;;;;;;;
2584;coquitos de espl;;7- BIOCOP;;8,00;1,06;;0;;

ARTICULOS - PROVEEDOR;;;;;Pagina 46 ;;;Fecha : 03/02/2026;;;
;;;;;;;;;;;

ALIMENTACION-CEREALES;;
Codigo;Articulo;;Referencia;Proveedor;;Uds.;Precio;;Dto%;;Importe
;;;;;;;;;;;
296;CORNFLAKES S GLUTEN;;5- ECOBASICS;;12,00;1,61;;0;;
;;;;;;;;;;;

TODAS;;
Codigo;Articulo;;Referencia;Proveedor;;Uds.;Precio;;Dto%;;Importe
;;;;;;;;;;;
2300;CORRECTOR FLUIDO 01;;21-NATURAKOSMETIC;;3,00;5,74;;0;;
;;;;;;;;;;;

ALIMENTACION-SALSAS;;
Codigo;Articulo;;Referencia;Proveedor;;Uds.;Precio;;Dto%;;Importe
;;;;;;;;;;;
94;CR AVENA ISOLA;;3- FELIUBADALO;;6,00;1,39;;0;;
;;;;;;;;;;;

TODAS;;
Codigo;Articulo;;Referencia;Proveedor;;Uds.;Precio;;Dto%;;Importe
;;;;;;;;;;;
2328;cracker QUINOA 150g;;3- FELIUBADALO;;1,00;3,65;;0;;
2328;cracker QUINOA 150g;;7- BIOCOP;;5,00;3,40;;0;;
;;;;;;;;;;;

ALIMENTACION-PANAES;;
Codigo;Articulo;;Referencia;Proveedor;;Uds.;Precio;;Dto%;;Importe
;;;;;;;;;;;
356;cracker sarrac 150g;;7- BIOCOP;;32,00;2,45;;10;;
;;;;;;;;;;;
218;CRACKER SARRACENO 300G;;7- BIOCOP;;17,00;4,76;;8;;
;;;;;;;;;;;

TODAS;;
Codigo;Articulo;;Referencia;Proveedor;;Uds.;Precio;;Dto%;;Importe
;;;;;;;;;;;
2264;crackers de avena;;10009- faire;;8,00;2,38;;0;;
;;;;;;;;;;;
1758;crackers tr sarraceno 300g;;7- BIOCOP;;9,00;4,76;;8;;
;;;;;;;;;;;
3274;CRANBERRY;;10023- TONGIL;;3,00;14,00;;0;;
;;;;;;;;;;;
3273;cranberry complex;;10023- TONGIL;;3,00;10,43;;0;;
;;;;;;;;;;;

ALIMENTACION-BEBIDAS-REFRESCOS;;
Codigo;Articulo;;Referencia;Proveedor;;Uds.;Precio;;Dto%;;Importe
;;;;;;;;;;;
141;CRANBERRY WHOLE;;10- ECOPLAZA;;24,00;1,06;;0;;
;;;;;;;;;;;

TODAS;;
Codigo;Articulo;;Referencia;Proveedor;;Uds.;Precio;;Dto%;;Importe
;;;;;;;;;;;
1868;cranprobio;;10003- nutrinat;;5,00;20,60;;0;;
;;;;;;;;;;;
3061;crea zero;;10017- BIOTECH;;1,00;13,90;;0;;
;;;;;;;;;;;

DEPORTE;;
Codigo;Articulo;;Referencia;Proveedor;;Uds.;Precio;;Dto%;;Importe
;;;;;;;;;;;
559;CREABIG KOJAC;;20- BIG UNIVERSAL;;7,00;16,10;;0;;
;;;;;;;;;;;
1068;CREABIG KOJAC COLA;;20- BIG UNIVERSAL;;3,00;16,10;;0;;
;;;;;;;;;;;
561;CREABIG PIRULETA;;20- BIG UNIVERSAL;;9,00;16,10;;0;;
;;;;;;;;;;;
1065;creabig smint limon;;20- BIG UNIVERSAL;;5,00;16,10;;0;;
;;;;;;;;;;;
1067;creabig ultra pure;;20- BIG UNIVERSAL;;25,00;14,00;;0;;
1067;creabig ultra pure;;29- LIFE PRO;;1,00;14,00;;0;;
;;;;;;;;;;;
1011;CREAM SPECULOOS;;29- LIFE PRO;;3,00;3,90;;0;;
;;;;;;;;;;;

ARTICULOS - PROVEEDOR;;;;;Pagina 47 ;;;Fecha : 03/02/2026;;;
1012;CREAM SPECULOOS CACAO;;29- LIFE PRO;;4,00;4,90;;0;;
;;;;;;;;;;;
1384;CREAPURE 500G LOLIPOP;;10- ECOPLAZA;;1,00;20,90;;0;;
1384;CREAPURE 500G LOLIPOP;;29- LIFE PRO;;8,00;20,90;;0;;
;;;;;;;;;;;
1382;CREAPURE COLA;;29- LIFE PRO;;3,00;20,90;;0;;
;;;;;;;;;;;
1383;creapure lolipop 200 mesh;;29- LIFE PRO;;4,00;14,90;;0;;
;;;;;;;;;;;
1381;creapure naranja 500g;;29- LIFE PRO;;5,00;20,90;;0;;
;;;;;;;;;;;

TODAS;;
Codigo;Articulo;;Referencia;Proveedor;;Uds.;Precio;;Dto%;;Importe
;;;;;;;;;;;
1710;creatina;;34- LASTONRED;;1,00;21,67;;0;;
;;;;;;;;;;;

NUTRICION;;
Codigo;Articulo;;Referencia;Proveedor;;Uds.;Precio;;Dto%;;Importe
;;;;;;;;;;;
1203;creatina;;10004- HSN;;13,00;2,63;;0;;
;;;;;;;;;;;

DEPORTE;;
Codigo;Articulo;;Referencia;Proveedor;;Uds.;Precio;;Dto%;;Importe
;;;;;;;;;;;
1385;creatina 220 MESH;;29- LIFE PRO;;2,00;13,90;;0;;
;;;;;;;;;;;

TODAS;;
Codigo;Articulo;;Referencia;Proveedor;;Uds.;Precio;;Dto%;;Importe
;;;;;;;;;;;
2348;CREATINA 300G;;10017- BIOTECH;;15,00;11,95;;0;;
;;;;;;;;;;;
2347;CREATINA 500G;;10017- BIOTECH;;1,00;17,90;;0;;
;;;;;;;;;;;
2591;creatina 650g;;29- LIFE PRO;;2,00;23,90;;0;;
;;;;;;;;;;;
2590;CREATINA 650G;;29- LIFE PRO;;1,00;23,90;;5;;
;;;;;;;;;;;
3180;creatina cola;;10013- POWERBODY;;3,00;3,99;;0;;
;;;;;;;;;;;

DEPORTE;;
Codigo;Articulo;;Referencia;Proveedor;;Uds.;Precio;;Dto%;;Importe
;;;;;;;;;;;
1380;CREATINA CREAPURE 500G;;29- LIFE PRO;;11,00;20,50;;0;;
;;;;;;;;;;;

TODAS;;
Codigo;Articulo;;Referencia;Proveedor;;Uds.;Precio;;Dto%;;Importe
;;;;;;;;;;;
2589;creatina melon 650g;;29- LIFE PRO;;2,00;23,90;;5;;
;;;;;;;;;;;

DEPORTE;;
Codigo;Articulo;;Referencia;Proveedor;;Uds.;Precio;;Dto%;;Importe
;;;;;;;;;;;
795;creatina monohyd;;24- INDEX GROUP;;2,00;13,00;;5;;
795;creatina monohyd;;29- LIFE PRO;;11,00;13,00;;0;;
;;;;;;;;;;;

TODAS;;
Codigo;Articulo;;Referencia;Proveedor;;Uds.;Precio;;Dto%;;Importe
;;;;;;;;;;;
3179;CREATINA ORANGE;;10013- POWERBODY;;3,00;4,68;;0;;
;;;;;;;;;;;

ALIMENTACION-DESAYUNO;;
Codigo;Articulo;;Referencia;Proveedor;;Uds.;Precio;;Dto%;;Importe
;;;;;;;;;;;
623;crema almendra;;23- BIOCOMERCIO;;25,00;3,75;;0;;
;;;;;;;;;;;
624;CREMA ANACARDOS;;23- BIOCOMERCIO;;26,00;4,15;;0;;

ARTICULOS - PROVEEDOR;;;;;Pagina 48 ;;;Fecha : 03/02/2026;;;
;;;;;;;;;;;

COSMETICA;;
Codigo;Articulo;;Referencia;Proveedor;;Uds.;Precio;;Dto%;;Importe
;;;;;;;;;;;
916;CREMA ANTI VERUGAS;;2- LA FINESTRASUL CIELO;;4,00;6,50;;0;;
;;;;;;;;;;;

TODAS;;
Codigo;Articulo;;Referencia;Proveedor;;Uds.;Precio;;Dto%;;Importe
;;;;;;;;;;;
2511;crema blanca;;7- BIOCOP;;6,00;3,44;;0;;
;;;;;;;;;;;

ALIMENTACION-DESAYUNO;;
Codigo;Articulo;;Referencia;Proveedor;;Uds.;Precio;;Dto%;;Importe
;;;;;;;;;;;
490;crema cacao avellana;;17- PROBIOS;;6,00;3,42;;0;;
;;;;;;;;;;;

TODAS;;
Codigo;Articulo;;Referencia;Proveedor;;Uds.;Precio;;Dto%;;Importe
;;;;;;;;;;;
1899;crema colorante;;10- ECOPLAZA;;1,00;4,69;;0;;
;;;;;;;;;;;
1898;CREMA COLORANTE;;10- ECOPLAZA;;1,00;4,69;;0;;
;;;;;;;;;;;
3281;CREMA COMFORT;;10012- APROLIS;;9,00;18,40;;0;;
;;;;;;;;;;;
2513;crema choco;;7- BIOCOP;;7,00;0,00;;0;;
;;;;;;;;;;;
2512;CREMA CHOCO ALMENDRA;;7- BIOCOP;;7,00;3,44;;0;;
;;;;;;;;;;;
2768;CREMA DE AFEITAR;;10019- WELEDA;;2,00;5,76;;0;;
;;;;;;;;;;;

GRANEL;;
Codigo;Articulo;;Referencia;Proveedor;;Uds.;Precio;;Dto%;;Importe
;;;;;;;;;;;
572;CREMA DE AROZ LACASITOS;;20- BIG UNIVERSAL;;1,00;8,90;;0;;
;;;;;;;;;;;

TODAS;;
Codigo;Articulo;;Referencia;Proveedor;;Uds.;Precio;;Dto%;;Importe
;;;;;;;;;;;
1852;CREMA DE ARROZ NUETRA;;20- BIG UNIVERSAL;;2,00;6,85;;0;;
;;;;;;;;;;;

ALIMENTACION-DESAYUNO;;
Codigo;Articulo;;Referencia;Proveedor;;Uds.;Precio;;Dto%;;Importe
;;;;;;;;;;;
622;CREMA DE AVELL/ANACCACAO;;23- BIOCOMERCIO;;25,00;4,92;;0;;
;;;;;;;;;;;

TODAS;;
Codigo;Articulo;;Referencia;Proveedor;;Uds.;Precio;;Dto%;;Importe
;;;;;;;;;;;
1703;crema de avellana;;3- FELIUBADALO;;2,00;4,21;;0;;
;;;;;;;;;;;
2087;CREMA DE AVELLANA;;23- BIOCOMERCIO;;13,00;8,10;;0;;
;;;;;;;;;;;
1809;CREMA DE BONITO;;10- ECOPLAZA;;6,00;2,21;;0;;
;;;;;;;;;;;

ALIMENTACION-DESAYUNO;;
Codigo;Articulo;;Referencia;Proveedor;;Uds.;Precio;;Dto%;;Importe
;;;;;;;;;;;
621;crema de cacahuete;;23- BIOCOMERCIO;;13,00;2,38;;0;;
;;;;;;;;;;;

TODAS;;
Codigo;Articulo;;Referencia;Proveedor;;Uds.;Precio;;Dto%;;Importe
;;;;;;;;;;;
3214;CREMA DE CACAHUETE;;10- ECOPLAZA;;1,00;3,75;;0;;
;;;;;;;;;;;
2799;crema de calabaza;;2- LA FINESTRASUL CIELO;;6,00;2,80;;0;;
;;;;;;;;;;;

ARTICULOS - PROVEEDOR;;;;;Pagina 49 ;;;Fecha : 03/02/2026;;;
2329;CREMA DE CALENDULA;;10- ECOPLAZA;;2,00;7,23;;0;;
2329;CREMA DE CALENDULA;;10019- WELEDA;;1,00;7,09;;0;;
;;;;;;;;;;;
2121;CREMA DE COCO;;3- FELIUBADALO;;11,00;1,39;;0;;
;;;;;;;;;;;

ALIMENTACION;;
Codigo;Articulo;;Referencia;Proveedor;;Uds.;Precio;;Dto%;;Importe
;;;;;;;;;;;
1145;CREMA DE COCO;;3- FELIUBADALO;;6,00;2,63;;0;;
1145;CREMA DE COCO;;5- ECOBASICS;;6,00;2,65;;0;;
;;;;;;;;;;;

TODAS;;
Codigo;Articulo;;Referencia;Proveedor;;Uds.;Precio;;Dto%;;Importe
;;;;;;;;;;;
1992;CREMA DE DIA HINIJO;;21-NATURAKOSMETIC;;3,00;13,95;;0;;
;;;;;;;;;;;
2579;crema de mano;;7- BIOCOP;;6,00;3,70;;0;;
;;;;;;;;;;;
2182;CREMA DE MANO;;10013- POWERBODY;;6,00;1,00;;0;;
;;;;;;;;;;;
1984;crema de mano pq;;21-NATURAKOSMETIC;;19,00;0,00;;0;;
;;;;;;;;;;;

COSMETICA;;
Codigo;Articulo;;Referencia;Proveedor;;Uds.;Precio;;Dto%;;Importe
;;;;;;;;;;;
686;CREMA DE MANOS;;21-NATURAKOSMETIC;;3,00;2,06;;12;;
;;;;;;;;;;;

TODAS;;
Codigo;Articulo;;Referencia;Proveedor;;Uds.;Precio;;Dto%;;Importe
;;;;;;;;;;;
1987;crema de manos noche;;21-NATURAKOSMETIC;;2,00;3,57;;0;;
;;;;;;;;;;;
3001;CREMA DE MANZANA;;1- CAL VALLS;;1,00;2,15;;0;;
;;;;;;;;;;;
1991;crema de noche hinojo;;21-NATURAKOSMETIC;;3,00;14,58;;0;;
;;;;;;;;;;;
3000;crema de pera;;1- CAL VALLS;;1,00;2,25;;0;;
;;;;;;;;;;;
3502;CREMA DE PÌES;;21-NATURAKOSMETIC;;1,00;3,97;;0;;
;;;;;;;;;;;
3117;CREMA DE PISTACHO;;10004- HSN;;1,00;10,03;;0;;
;;;;;;;;;;;
2122;crema de sarraceno;;3- FELIUBADALO;;4,00;0,71;;0;;
;;;;;;;;;;;

COSMETICA;;
Codigo;Articulo;;Referencia;Proveedor;;Uds.;Precio;;Dto%;;Importe
;;;;;;;;;;;
690;crema dia  anti age;;21-NATURAKOSMETIC;;3,00;7,80;;12;;
690;crema dia  anti age;;7- BIOCOP;;1,00;6,86;;0;;
;;;;;;;;;;;

TODAS;;
Codigo;Articulo;;Referencia;Proveedor;;Uds.;Precio;;Dto%;;Importe
;;;;;;;;;;;
1797;CREMA FACIAL;;10012- APROLIS;;9,00;15,39;;0;;
;;;;;;;;;;;
3282;crema harmony;;10012- APROLIS;;9,00;18,40;;0;;
;;;;;;;;;;;
2769;crema hidratante;;10019- WELEDA;;2,00;9,23;;0;;
;;;;;;;;;;;
3019;CREMA INTIMA CANNAGYN;;10022- webotanix;;1,00;9,23;;30;;
;;;;;;;;;;;
2632;crema mixsoon;;10018- STORE.K;;4,00;14,46;;0;;
;;;;;;;;;;;

DEPORTE;;
Codigo;Articulo;;Referencia;Proveedor;;Uds.;Precio;;Dto%;;Importe
;;;;;;;;;;;
817;CREMA NUTPRO;;24- INDEX GROUP;;4,00;3,90;;0;;
817;CREMA NUTPRO;;29- LIFE PRO;;4,00;3,90;;0;;
;;;;;;;;;;;
1010;CREMA NUTPRO DUO;;29- LIFE PRO;;2,00;4,50;;0;;

ARTICULOS - PROVEEDOR;;;;;Pagina 50 ;;;Fecha : 03/02/2026;;;
;;;;;;;;;;;

TODAS;;
Codigo;Articulo;;Referencia;Proveedor;;Uds.;Precio;;Dto%;;Importe
;;;;;;;;;;;
3024;CREMA PAÑAL DUO;;10019- WELEDA;;1,00;8,62;;0;;
;;;;;;;;;;;

HIGIENE PERSONAL;;
Codigo;Articulo;;Referencia;Proveedor;;Uds.;Precio;;Dto%;;Importe
;;;;;;;;;;;
1273;CREMA PAÑALES;;21-NATURAKOSMETIC;;1,00;3,83;;0;;
;;;;;;;;;;;

TODAS;;
Codigo;Articulo;;Referencia;Proveedor;;Uds.;Precio;;Dto%;;Importe
;;;;;;;;;;;
3359;CREMA PISTACHOS;;23- BIOCOMERCIO;;1,00;11,61;;0;;
;;;;;;;;;;;
3283;CREMA PURIFYING;;10012- APROLIS;;9,00;18,40;;0;;
;;;;;;;;;;;
2065;crema rose;;33- SILICIUM;;13,00;18,82;;0;;
2065;crema rose;;7- BIOCOP;;1,00;22,80;;0;;
;;;;;;;;;;;

COSMETICA;;
Codigo;Articulo;;Referencia;Proveedor;;Uds.;Precio;;Dto%;;Importe
;;;;;;;;;;;
459;crema solar cara;;10- ECOPLAZA;;3,00;12,33;;10;;
;;;;;;;;;;;

DEPORTE;;
Codigo;Articulo;;Referencia;Proveedor;;Uds.;Precio;;Dto%;;Importe
;;;;;;;;;;;
816;crema speculoos;;24- INDEX GROUP;;3,00;3,90;;0;;
816;crema speculoos;;29- LIFE PRO;;6,00;3,90;;0;;
;;;;;;;;;;;

NUTRICION;;
Codigo;Articulo;;Referencia;Proveedor;;Uds.;Precio;;Dto%;;Importe
;;;;;;;;;;;
1216;cretin excell;;10004- HSN;;9,00;7,17;;0;;
;;;;;;;;;;;
866;CRISPBREAD;;25- NUTRICIONSANTE;;20,00;1,34;;20;;
;;;;;;;;;;;

TODAS;;
Codigo;Articulo;;Referencia;Proveedor;;Uds.;Precio;;Dto%;;Importe
;;;;;;;;;;;
1700;CRISPIS ARROZ;;3- FELIUBADALO;;2,00;2,54;;0;;
;;;;;;;;;;;
1699;crispis quinoa;;3- FELIUBADALO;;2,00;2,54;;0;;
;;;;;;;;;;;
3316;crispy;;10017- BIOTECH;;1,00;1,21;;0;;
;;;;;;;;;;;

ALIMENTACION-PANAES;;
Codigo;Articulo;;Referencia;Proveedor;;Uds.;Precio;;Dto%;;Importe
;;;;;;;;;;;
489;CRISPY GARB;;17- PROBIOS;;12,00;2,05;;0;;
;;;;;;;;;;;

TODAS;;
Codigo;Articulo;;Referencia;Proveedor;;Uds.;Precio;;Dto%;;Importe
;;;;;;;;;;;
1724;CROMIUM;;29- LIFE PRO;;2,00;4,90;;0;;
;;;;;;;;;;;
1828;CRON FLAKES;;10011- bioprasad;;4,00;1,98;;0;;
;;;;;;;;;;;
3400;CRUNCHY;;7- BIOCOP;;6,00;3,74;;0;;
;;;;;;;;;;;

ALIMENTACION-CEREALES;;
Codigo;Articulo;;Referencia;Proveedor;;Uds.;Precio;;Dto%;;Importe
;;;;;;;;;;;
297;crunchy choco 375g;;5- ECOBASICS;;12,00;2,08;;0;;
ARTICULOS - PROVEEDOR;;;;;Pagina 51 ;;;Fecha : 03/02/2026;;;
;;;;;;;;;;;

TODAS;;
Codigo;Articulo;;Referencia;Proveedor;;Uds.;Precio;;Dto%;;Importe
;;;;;;;;;;;
2865;crunchy manzana;;10- ECOPLAZA;;1,00;3,96;;0;;
;;;;;;;;;;;
1977;CRUNCHY SIN GLUTEN;;10- ECOPLAZA;;6,00;3,96;;0;;
;;;;;;;;;;;
3314;CRUSH BAR;;10017- BIOTECH;;12,00;1,94;;0;;
;;;;;;;;;;;
2153;cuarteto memoria;;10- ECOPLAZA;;2,00;13,09;;50;;
;;;;;;;;;;;

ALIMENTACION-CONDIMENTOS;;
Codigo;Articulo;;Referencia;Proveedor;;Uds.;Precio;;Dto%;;Importe
;;;;;;;;;;;
185;CUBITOS TERNERA;;4- BIONSAN;;7,00;0,97;;0;;
185;CUBITOS TERNERA;;7- BIOCOP;;1,00;0,97;;0;;
;;;;;;;;;;;
184;CUBITOS VERD;;4- BIONSAN;;6,00;1,45;;3;;
;;;;;;;;;;;

TODAS;;
Codigo;Articulo;;Referencia;Proveedor;;Uds.;Precio;;Dto%;;Importe
;;;;;;;;;;;
3378;cucuma gummies;;19- ALDOUS;;4,00;13,45;;0;;
;;;;;;;;;;;
3304;CUPPER;;3- FELIUBADALO;;12,00;3,13;;0;;
;;;;;;;;;;;
3424;curcuma;;10- ECOPLAZA;;1,00;2,05;;0;;
;;;;;;;;;;;
2483;CURCUMA;;36- paimes;;6,00;1,80;;0;;
;;;;;;;;;;;

ALIMENTACION;;
Codigo;Articulo;;Referencia;Proveedor;;Uds.;Precio;;Dto%;;Importe
;;;;;;;;;;;
1401;CURCUMA;;10011- bioprasad;;4,00;0,83;;0;;
;;;;;;;;;;;

NUTRICION;;
Codigo;Articulo;;Referencia;Proveedor;;Uds.;Precio;;Dto%;;Importe
;;;;;;;;;;;
495;CURCUMA 250CAP;;19- ALDOUS;;14,00;20,03;;0;;
;;;;;;;;;;;

ALIMENTACION-CONDIMENTOS;;
Codigo;Articulo;;Referencia;Proveedor;;Uds.;Precio;;Dto%;;Importe
;;;;;;;;;;;
194;CURCUMA 75G;;4- BIONSAN;;12,00;1,46;;0;;
;;;;;;;;;;;
312;CURCUMA 80G;;5- ECOBASICS;;25,00;1,58;;0;;
;;;;;;;;;;;

FRUTERIA;;
Codigo;Articulo;;Referencia;Proveedor;;Uds.;Precio;;Dto%;;Importe
;;;;;;;;;;;
1116;CURCUMA BIO;;1- CAL VALLS;;14,00;2,32;;0;;
;;;;;;;;;;;

ALIMENTACION;;
Codigo;Articulo;;Referencia;Proveedor;;Uds.;Precio;;Dto%;;Importe
;;;;;;;;;;;
1402;curcuma con p y g;;10011- bioprasad;;17,00;1,04;;0;;
;;;;;;;;;;;

TODAS;;
Codigo;Articulo;;Referencia;Proveedor;;Uds.;Precio;;Dto%;;Importe
;;;;;;;;;;;
1482;curcuma life pro;;29- LIFE PRO;;3,00;9,50;;0;;
;;;;;;;;;;;
2541;CURCUMA LIQUIDA BIOTECH;;10017- BIOTECH;;18,00;8,90;;0;;
;;;;;;;;;;;

ARTICULOS - PROVEEDOR;;;;;Pagina 52 ;;;Fecha : 03/02/2026;;;
NUTRICION;;
Codigo;Articulo;;Referencia;Proveedor;;Uds.;Precio;;Dto%;;Importe
;;;;;;;;;;;
986;CURCUMA Y P;;11- organicasuperfoods;;6,00;3,02;;0;;
;;;;;;;;;;;
836;CURCUMA Y PIMIENTA;;25- NUTRICIONSANTE;;8,00;4,00;;0;;
;;;;;;;;;;;

ALIMENTACION;;
Codigo;Articulo;;Referencia;Proveedor;;Uds.;Precio;;Dto%;;Importe
;;;;;;;;;;;
931;curry;;10- ECOPLAZA;;2,00;2,42;;0;;
931;curry;;2- LA FINESTRASUL CIELO;;6,00;2,45;;0;;
;;;;;;;;;;;
1404;CURRY;;10011- bioprasad;;1,00;1,35;;0;;
;;;;;;;;;;;

TODAS;;
Codigo;Articulo;;Referencia;Proveedor;;Uds.;Precio;;Dto%;;Importe
;;;;;;;;;;;
2901;curry 30g;;10- ECOPLAZA;;1,00;1,50;;0;;
2901;curry 30g;;7- BIOCOP;;1,00;1,50;;0;;
;;;;;;;;;;;

ALIMENTACION-ORIENTAL;;
Codigo;Articulo;;Referencia;Proveedor;;Uds.;Precio;;Dto%;;Importe
;;;;;;;;;;;
722;CURRY ROJO;;10- ECOPLAZA;;6,00;2,85;;0;;
;;;;;;;;;;;
723;CURRY VERDE;;10- ECOPLAZA;;9,00;2,85;;0;;
;;;;;;;;;;;

ALIMENTACION-PASTA;;
Codigo;Articulo;;Referencia;Proveedor;;Uds.;Precio;;Dto%;;Importe
;;;;;;;;;;;
263;CUSCUS BL;;5- ECOBASICS;;10,00;1,38;;0;;
;;;;;;;;;;;

TODAS;;
Codigo;Articulo;;Referencia;Proveedor;;Uds.;Precio;;Dto%;;Importe
;;;;;;;;;;;
1914;cuscus de espelta;;4- BIONSAN;;3,00;3,47;;0;;
;;;;;;;;;;;

ALIMENTACION-PASTA;;
Codigo;Articulo;;Referencia;Proveedor;;Uds.;Precio;;Dto%;;Importe
;;;;;;;;;;;
264;cuscus intg;;5- ECOBASICS;;11,00;1,46;;0;;
;;;;;;;;;;;

TODAS;;
Codigo;Articulo;;Referencia;Proveedor;;Uds.;Precio;;Dto%;;Importe
;;;;;;;;;;;
2510;CUSCUS MAIZ;;7- BIOCOP;;10,00;2,42;;0;;
;;;;;;;;;;;
2036;cuscus sarraceno;;7- BIOCOP;;20,00;3,03;;0;;
;;;;;;;;;;;
2598;cyclo;;29- LIFE PRO;;1,00;1,05;;0;;
;;;;;;;;;;;
2599;CYCLO;;29- LIFE PRO;;1,00;1,05;;0;;
;;;;;;;;;;;

DEPORTE;;
Codigo;Articulo;;Referencia;Proveedor;;Uds.;Precio;;Dto%;;Importe
;;;;;;;;;;;
1003;CYCLO ENERGY GEL lim;;29- LIFE PRO;;12,00;1,05;;5;;
;;;;;;;;;;;

TODAS;;
Codigo;Articulo;;Referencia;Proveedor;;Uds.;Precio;;Dto%;;Importe
;;;;;;;;;;;
1002;CYCLO ENERGY GEL trp;;29- LIFE PRO;;12,00;1,05;;5;;
;;;;;;;;;;;
2597;CYCLO PACK;;29- LIFE PRO;;1,00;12,60;;0;;
;;;;;;;;;;;

ARTICULOS - PROVEEDOR;;;;;Pagina 53 ;;;Fecha : 03/02/2026;;;
NUTRICION;;
Codigo;Articulo;;Referencia;Proveedor;;Uds.;Precio;;Dto%;;Importe
;;;;;;;;;;;
1445;CYST OPTIM;;10003- nutrinat;;4,00;10,00;;0;;
;;;;;;;;;;;
1448;CYSTICARE;;10003- nutrinat;;5,00;16,00;;0;;
;;;;;;;;;;;

TODAS;;
Codigo;Articulo;;Referencia;Proveedor;;Uds.;Precio;;Dto%;;Importe
;;;;;;;;;;;
3100;cystomed lifepro;;29- LIFE PRO;;2,00;11,90;;0;;
;;;;;;;;;;;
3026;CH/GEL WELEDA BEBE;;10019- WELEDA;;1,00;9,55;;0;;
;;;;;;;;;;;
3229;CHA CHA CHAI;;31- EBRO Diet;;1,00;2,63;;0;;
;;;;;;;;;;;
1716;chai latte;;10- ECOPLAZA;;4,00;3,50;;0;;
;;;;;;;;;;;

ALIMENTACION;;
Codigo;Articulo;;Referencia;Proveedor;;Uds.;Precio;;Dto%;;Importe
;;;;;;;;;;;
1427;champioñon negro;;10011- bioprasad;;4,00;1,58;;0;;
;;;;;;;;;;;

TODAS;;
Codigo;Articulo;;Referencia;Proveedor;;Uds.;Precio;;Dto%;;Importe
;;;;;;;;;;;
1782;champo;;7- BIOCOP;;6,00;8,91;;20;;
;;;;;;;;;;;
1783;CHAMPO;;7- BIOCOP;;6,00;8,91;;20;;
;;;;;;;;;;;
3251;CHAMPO ROMERO W;;10019- WELEDA;;4,00;5,18;;0;;
;;;;;;;;;;;
2949;champo suave;;21-NATURAKOSMETIC;;1,00;7,25;;0;;
;;;;;;;;;;;

HIGIENE PERSONAL;;
Codigo;Articulo;;Referencia;Proveedor;;Uds.;Precio;;Dto%;;Importe
;;;;;;;;;;;
628;champu 2*1;;21-NATURAKOSMETIC;;6,00;3,72;;0;;
;;;;;;;;;;;
460;CHAMPU ALOE;;10- ECOPLAZA;;4,00;6,69;;0;;
;;;;;;;;;;;

TODAS;;
Codigo;Articulo;;Referencia;Proveedor;;Uds.;Precio;;Dto%;;Importe
;;;;;;;;;;;
2318;CHAMPU ALOEVERA;;7- BIOCOP;;6,00;8,91;;0;;
;;;;;;;;;;;
2939;CHAMPU AMELIE;;21-NATURAKOSMETIC;;1,00;3,57;;0;;
;;;;;;;;;;;

HIGIENE PERSONAL;;
Codigo;Articulo;;Referencia;Proveedor;;Uds.;Precio;;Dto%;;Importe
;;;;;;;;;;;
676;champu cabello bl gris;;21-NATURAKOSMETIC;;2,00;5,45;;12;;
;;;;;;;;;;;
1046;CHAMPU CALENDULA;;7- BIOCOP;;13,00;9,21;;8;;
;;;;;;;;;;;

TODAS;;
Codigo;Articulo;;Referencia;Proveedor;;Uds.;Precio;;Dto%;;Importe
;;;;;;;;;;;
2149;champu carbon;;10- ECOPLAZA;;3,00;6,20;;50;;
;;;;;;;;;;;
2150;CHAMPU CARBON;;10- ECOPLAZA;;3,00;6,20;;50;;
;;;;;;;;;;;

HIGIENE PERSONAL;;
Codigo;Articulo;;Referencia;Proveedor;;Uds.;Precio;;Dto%;;Importe
;;;;;;;;;;;
354;champu coco 250ml;;7- BIOCOP;;6,00;5,33;;30;;
;;;;;;;;;;;

ARTICULOS - PROVEEDOR;;;;;Pagina 54 ;;;Fecha : 03/02/2026;;;
TODAS;;
Codigo;Articulo;;Referencia;Proveedor;;Uds.;Precio;;Dto%;;Importe
;;;;;;;;;;;
1041;champu de cañamo;;7- BIOCOP;;18,00;8,91;;0;;
;;;;;;;;;;;
2550;CHAMPU LA VERA;;21-NATURAKOSMETIC;;1,00;4,83;;0;;
;;;;;;;;;;;
1045;CHAMPU LEMONGRASS;;7- BIOCOP;;6,00;8,91;;20;;
;;;;;;;;;;;
2948;CHAMPU OLIVA;;21-NATURAKOSMETIC;;1,00;7,25;;0;;
;;;;;;;;;;;

HIGIENE PERSONAL;;
Codigo;Articulo;;Referencia;Proveedor;;Uds.;Precio;;Dto%;;Importe
;;;;;;;;;;;
341;champu ortiga 500ml;;7- BIOCOP;;12,00;8,91;;0;;
;;;;;;;;;;;

NUTRICION;;
Codigo;Articulo;;Referencia;Proveedor;;Uds.;Precio;;Dto%;;Importe
;;;;;;;;;;;
1597;CHAMPU PROPOLEO;;10012- APROLIS;;10,00;7,58;;0;;
;;;;;;;;;;;

HIGIENE PERSONAL;;
Codigo;Articulo;;Referencia;Proveedor;;Uds.;Precio;;Dto%;;Importe
;;;;;;;;;;;
1042;CHAMPU RASUL;;7- BIOCOP;;6,00;8,91;;20;;
;;;;;;;;;;;
461;champu reforzante;;10- ECOPLAZA;;4,00;6,69;;0;;
;;;;;;;;;;;
340;CHAMPU ROMERO;;7- BIOCOP;;36,00;6,99;;0;;
;;;;;;;;;;;

TODAS;;
Codigo;Articulo;;Referencia;Proveedor;;Uds.;Precio;;Dto%;;Importe
;;;;;;;;;;;
2580;CHAMPU ROSA;;7- BIOCOP;;6,00;6,77;;0;;
;;;;;;;;;;;

HIGIENE PERSONAL;;
Codigo;Articulo;;Referencia;Proveedor;;Uds.;Precio;;Dto%;;Importe
;;;;;;;;;;;
339;champu te 500ml;;7- BIOCOP;;6,00;8,91;;10;;
;;;;;;;;;;;

TODAS;;
Codigo;Articulo;;Referencia;Proveedor;;Uds.;Precio;;Dto%;;Importe
;;;;;;;;;;;
3075;chia;;3- FELIUBADALO;;1,00;1,87;;0;;
;;;;;;;;;;;
3330;CHIA;;10- ECOPLAZA;;1,00;2,41;;0;;
;;;;;;;;;;;

ALIMENTACION-SEMILLAS;;
Codigo;Articulo;;Referencia;Proveedor;;Uds.;Precio;;Dto%;;Importe
;;;;;;;;;;;
281;CHIA 250G;;5- ECOBASICS;;84,00;1,43;;0;;
281;CHIA 250G;;7- BIOCOP;;1,00;1,43;;0;;
;;;;;;;;;;;

TODAS;;
Codigo;Articulo;;Referencia;Proveedor;;Uds.;Precio;;Dto%;;Importe
;;;;;;;;;;;
2502;chia biocop;;7- BIOCOP;;6,00;1,74;;0;;
;;;;;;;;;;;

DEPORTE;;
Codigo;Articulo;;Referencia;Proveedor;;Uds.;Precio;;Dto%;;Importe
;;;;;;;;;;;
811;CHIOS PROTEIN;;24- INDEX GROUP;;12,00;1,20;;0;;
;;;;;;;;;;;

ALIMENTACION;;
Codigo;Articulo;;Referencia;Proveedor;;Uds.;Precio;;Dto%;;Importe
;;;;;;;;;;;
ARTICULOS - PROVEEDOR;;;;;Pagina 55 ;;;Fecha : 03/02/2026;;;
1099;CHIPS C AGRIA;;1- CAL VALLS;;12,00;1,33;;0;;
;;;;;;;;;;;

ALIMENTACION-SNACK;;
Codigo;Articulo;;Referencia;Proveedor;;Uds.;Precio;;Dto%;;Importe
;;;;;;;;;;;
358;chips crousty;;7- BIOCOP;;4,00;1,36;;10;;
;;;;;;;;;;;

ALIMENTACION-PASTELERIA;;
Codigo;Articulo;;Referencia;Proveedor;;Uds.;Precio;;Dto%;;Importe
;;;;;;;;;;;
617;CHIPS DE COCO;;10010- SIERRA DEGUARA;;1,00;0,94;;0;;
617;CHIPS DE COCO;;23- BIOCOMERCIO;;11,00;1,28;;0;;
;;;;;;;;;;;

ALIMENTACION-SNACK;;
Codigo;Articulo;;Referencia;Proveedor;;Uds.;Precio;;Dto%;;Importe
;;;;;;;;;;;
912;CHIPS DE GARB;;18- PROBIOS;;0,00;1,23;;0;;
;;;;;;;;;;;

TODAS;;
Codigo;Articulo;;Referencia;Proveedor;;Uds.;Precio;;Dto%;;Importe
;;;;;;;;;;;
964;chips de garbanzos;;18- PROBIOS;;12,00;1,23;;0;;
;;;;;;;;;;;

ALIMENTACION;;
Codigo;Articulo;;Referencia;Proveedor;;Uds.;Precio;;Dto%;;Importe
;;;;;;;;;;;
963;chips de garbanzos familiar;;18- PROBIOS;;12,00;2,46;;0;;
;;;;;;;;;;;

TODAS;;
Codigo;Articulo;;Referencia;Proveedor;;Uds.;Precio;;Dto%;;Importe
;;;;;;;;;;;
2256;chips de lentejas;;10- ECOPLAZA;;12,00;1,53;;0;;
;;;;;;;;;;;

ALIMENTACION-SNACK;;
Codigo;Articulo;;Referencia;Proveedor;;Uds.;Precio;;Dto%;;Importe
;;;;;;;;;;;
913;chips de lentejas paprika;;18- PROBIOS;;12,00;1,23;;0;;
;;;;;;;;;;;

NUTRICION;;
Codigo;Articulo;;Referencia;Proveedor;;Uds.;Precio;;Dto%;;Importe
;;;;;;;;;;;
858;CHIPS DE MAIZ;;25- NUTRICIONSANTE;;18,00;1,00;;100;;
;;;;;;;;;;;

ALIMENTACION;;
Codigo;Articulo;;Referencia;Proveedor;;Uds.;Precio;;Dto%;;Importe
;;;;;;;;;;;
1097;CHIPS F H;;1- CAL VALLS;;12,00;1,33;;0;;
;;;;;;;;;;;
965;CHIPS GARBANZOS YPIMEINTA;;18- PROBIOS;;12,00;1,23;;0;;
;;;;;;;;;;;

ALIMENTACION-SNACK;;
Codigo;Articulo;;Referencia;Proveedor;;Uds.;Precio;;Dto%;;Importe
;;;;;;;;;;;
914;CHIPS LENT ROMERO;;18- PROBIOS;;12,00;1,23;;0;;
;;;;;;;;;;;

TODAS;;
Codigo;Articulo;;Referencia;Proveedor;;Uds.;Precio;;Dto%;;Importe
;;;;;;;;;;;
1102;chips paprika;;1- CAL VALLS;;12,00;1,33;;0;;
1102;chips paprika;;7- BIOCOP;;1,00;1,33;;0;;
;;;;;;;;;;;

ARTICULOS - PROVEEDOR;;;;;Pagina 56 ;;;Fecha : 03/02/2026;;;
ALIMENTACION-SNACK;;
Codigo;Articulo;;Referencia;Proveedor;;Uds.;Precio;;Dto%;;Importe
;;;;;;;;;;;
357;CHIPS PAPRIKA LE PAIN;;7- BIOCOP;;5,00;1,36;;10;;
;;;;;;;;;;;
849;chips pequeña;;25- NUTRICIONSANTE;;24,00;0,90;;20;;
;;;;;;;;;;;

ALIMENTACION-ORIENTAL;;
Codigo;Articulo;;Referencia;Proveedor;;Uds.;Precio;;Dto%;;Importe
;;;;;;;;;;;
172;CHIPS PLATANO;;4- BIONSAN;;22,00;1,09;;0;;
;;;;;;;;;;;

DEPORTE;;
Codigo;Articulo;;Referencia;Proveedor;;Uds.;Precio;;Dto%;;Importe
;;;;;;;;;;;
812;chips protein;;24- INDEX GROUP;;12,00;1,20;;0;;
;;;;;;;;;;;
813;CHIPS PROTEIN;;24- INDEX GROUP;;12,00;1,20;;0;;
;;;;;;;;;;;

GRANEL;;
Codigo;Articulo;;Referencia;Proveedor;;Uds.;Precio;;Dto%;;Importe
;;;;;;;;;;;
810;chips protien;;24- INDEX GROUP;;12,00;1,20;;0;;
;;;;;;;;;;;

ALIMENTACION;;
Codigo;Articulo;;Referencia;Proveedor;;Uds.;Precio;;Dto%;;Importe
;;;;;;;;;;;
1100;chips queso;;1- CAL VALLS;;12,00;1,38;;0;;
;;;;;;;;;;;
1098;chips trufa;;1- CAL VALLS;;12,00;1,33;;0;;
;;;;;;;;;;;

GRANEL;;
Codigo;Articulo;;Referencia;Proveedor;;Uds.;Precio;;Dto%;;Importe
;;;;;;;;;;;
894;chips vegetal;;26- BOSCH;;6,00;1,85;;0;;
;;;;;;;;;;;

ALIMENTACION;;
Codigo;Articulo;;Referencia;Proveedor;;Uds.;Precio;;Dto%;;Importe
;;;;;;;;;;;
1101;CHIPS VEGETALES;;1- CAL VALLS;;12,00;1,70;;0;;
;;;;;;;;;;;

TODAS;;
Codigo;Articulo;;Referencia;Proveedor;;Uds.;Precio;;Dto%;;Importe
;;;;;;;;;;;
1945;CHIPS VINAGRE;;1- CAL VALLS;;12,00;1,33;;0;;
;;;;;;;;;;;
2995;CHLORELLA;;10012- APROLIS;;1,00;14,57;;0;;
;;;;;;;;;;;

NUTRICION;;
Codigo;Articulo;;Referencia;Proveedor;;Uds.;Precio;;Dto%;;Importe
;;;;;;;;;;;
311;chlorella 200g;;5- ECOBASICS;;6,00;5,89;;0;;
;;;;;;;;;;;

TODAS;;
Codigo;Articulo;;Referencia;Proveedor;;Uds.;Precio;;Dto%;;Importe
;;;;;;;;;;;
3466;CHOCO 100%;;10- ECOPLAZA;;1,00;3,35;;0;;
;;;;;;;;;;;
2507;choco 85%;;7- BIOCOP;;12,00;2,11;;0;;
;;;;;;;;;;;
1861;CHOCO COCO PR;;10004- HSN;;36,00;2,38;;0;;
;;;;;;;;;;;
2509;choco ginger;;7- BIOCOP;;12,00;2,00;;0;;
;;;;;;;;;;;
2078;CHOCO JACK-COCO;;2- LA FINESTRASUL CIELO;;10,00;2,25;;0;;
;;;;;;;;;;;
3318;choco prot;;10017- BIOTECH;;1,00;0,00;;0;;
;;;;;;;;;;;

ARTICULOS - PROVEEDOR;;;;;Pagina 57 ;;;Fecha : 03/02/2026;;;
3317;CHOCO PROT;;10017- BIOTECH;;1,00;0,00;;0;;
;;;;;;;;;;;
1860;choco protein;;10004- HSN;;12,00;2,05;;0;;
;;;;;;;;;;;
2862;CHOCO S/AZ;;10- ECOPLAZA;;7,00;2,68;;0;;
;;;;;;;;;;;
3484;chocolate;;2- LA FINESTRASUL CIELO;;1,00;2,65;;0;;
;;;;;;;;;;;
1698;CHOCOLATE;;3- FELIUBADALO;;2,00;1,74;;0;;
;;;;;;;;;;;
2063;CHRISTMAS TEA;;3- FELIUBADALO;;6,00;2,35;;0;;
2063;CHRISTMAS TEA;;31- EBRO Diet;;5,00;2,70;;0;;
;;;;;;;;;;;

NUTRICION;;
Codigo;Articulo;;Referencia;Proveedor;;Uds.;Precio;;Dto%;;Importe
;;;;;;;;;;;
1197;CHROMIUM;;10004- HSN;;2,00;1,17;;0;;
;;;;;;;;;;;

TODAS;;
Codigo;Articulo;;Referencia;Proveedor;;Uds.;Precio;;Dto%;;Importe
;;;;;;;;;;;
2021;chromium 22mcg;;10013- POWERBODY;;2,00;4,63;;0;;
;;;;;;;;;;;

ALIMENTACION;;
Codigo;Articulo;;Referencia;Proveedor;;Uds.;Precio;;Dto%;;Importe
;;;;;;;;;;;
940;chucrot;;2- LA FINESTRASUL CIELO;;6,00;1,76;;0;;
940;chucrot;;3- FELIUBADALO;;1,00;1,55;;0;;
;;;;;;;;;;;

TODAS;;
Codigo;Articulo;;Referencia;Proveedor;;Uds.;Precio;;Dto%;;Importe
;;;;;;;;;;;
1826;CHUCHES ECO SANAS;;10011- bioprasad;;6,00;0,89;;0;;
;;;;;;;;;;;

ALIMENTACION;;
Codigo;Articulo;;Referencia;Proveedor;;Uds.;Precio;;Dto%;;Importe
;;;;;;;;;;;
1089;CHUFA CONCENTRADO;;1- CAL VALLS;;6,00;5,80;;0;;
;;;;;;;;;;;

TODAS;;
Codigo;Articulo;;Referencia;Proveedor;;Uds.;Precio;;Dto%;;Importe
;;;;;;;;;;;
3376;CHUNKY;;10017- BIOTECH;;1,00;1,25;;0;;
;;;;;;;;;;;
3365;CHUNKY  BLAK BISCUTE;;10017- BIOTECH;;1,00;1,25;;0;;
;;;;;;;;;;;
3364;chunky caramel;;10017- BIOTECH;;1,00;1,25;;0;;
;;;;;;;;;;;

ALIMENTACION;;
Codigo;Articulo;;Referencia;Proveedor;;Uds.;Precio;;Dto%;;Importe
;;;;;;;;;;;
1135;CHUPA YUM;;10009- faire;;6,00;2,49;;0;;
1135;CHUPA YUM;;30- AYIURE;;6,00;2,78;;0;;
;;;;;;;;;;;
1141;CHUPS;;30- AYIURE;;200,00;0,20;;0;;
;;;;;;;;;;;
1142;chups pack;;30- AYIURE;;6,00;2,78;;0;;
;;;;;;;;;;;

TODAS;;
Codigo;Articulo;;Referencia;Proveedor;;Uds.;Precio;;Dto%;;Importe
;;;;;;;;;;;
3030;CHYAVANPRASH;;16- ORGANIC INDIA;;1,00;19,41;;0;;
;;;;;;;;;;;
2342;D3;;10017- BIOTECH;;1,00;3,81;;0;;
;;;;;;;;;;;
2528;d3 4000ui;;10013- POWERBODY;;3,00;1,79;;0;;
;;;;;;;;;;;
2272;D3 COMPLEX;;20- BIG UNIVERSAL;;6,00;7,14;;0;;
;;;;;;;;;;;

ARTICULOS - PROVEEDOR;;;;;Pagina 58 ;;;Fecha : 03/02/2026;;;
2033;d3 max;;10013- POWERBODY;;2,00;5,00;;0;;
;;;;;;;;;;;
2381;d3+k2;;10013- POWERBODY;;6,00;7,11;;0;;
;;;;;;;;;;;
2384;D3+K2;;10013- POWERBODY;;1,00;10,71;;0;;
;;;;;;;;;;;
2631;d3+k2 complex NUTRALIE;;10- ECOPLAZA;;3,00;12,22;;0;;
;;;;;;;;;;;
2015;D3+K2 GOTAS;;10013- POWERBODY;;25,00;6,11;;0;;
;;;;;;;;;;;
3128;D3+K2+MG;;10022- webotanix;;12,00;10,78;;0;;
;;;;;;;;;;;
2402;daily omega3;;10013- POWERBODY;;1,00;12,49;;0;;
;;;;;;;;;;;
2662;datil con choco;;10009- faire;;7,00;3,60;;0;;
;;;;;;;;;;;

FRUTERIA;;
Codigo;Articulo;;Referencia;Proveedor;;Uds.;Precio;;Dto%;;Importe
;;;;;;;;;;;
1125;datil medjoul;;1- CAL VALLS;;12,00;7,52;;0;;
;;;;;;;;;;;

TODAS;;
Codigo;Articulo;;Referencia;Proveedor;;Uds.;Precio;;Dto%;;Importe
;;;;;;;;;;;
3350;datiles deshesados,deshidratados;;23- BIOCOMERCIO;;1,00;2,04;;0;;
;;;;;;;;;;;
3387;den happy;;21-NATURAKOSMETIC;;12,00;1,98;;0;;
;;;;;;;;;;;
3391;den la vera;;21-NATURAKOSMETIC;;6,00;4,02;;0;;
;;;;;;;;;;;
3503;dent;;21-NATURAKOSMETIC;;1,00;2,75;;0;;
;;;;;;;;;;;

HIGIENE PERSONAL;;
Codigo;Articulo;;Referencia;Proveedor;;Uds.;Precio;;Dto%;;Importe
;;;;;;;;;;;
710;DENT  PASTILLA;;21-NATURAKOSMETIC;;2,00;3,48;;12;;
;;;;;;;;;;;

TODAS;;
Codigo;Articulo;;Referencia;Proveedor;;Uds.;Precio;;Dto%;;Importe
;;;;;;;;;;;
2040;dent aloe;;7- BIOCOP;;6,00;3,54;;25;;
;;;;;;;;;;;

COSMETICA;;
Codigo;Articulo;;Referencia;Proveedor;;Uds.;Precio;;Dto%;;Importe
;;;;;;;;;;;
671;dent blanqueador;;21-NATURAKOSMETIC;;26,00;2,35;;0;;
;;;;;;;;;;;

TODAS;;
Codigo;Articulo;;Referencia;Proveedor;;Uds.;Precio;;Dto%;;Importe
;;;;;;;;;;;
2760;dent calendula;;10019- WELEDA;;2,00;4,60;;0;;
;;;;;;;;;;;

COSMETICA;;
Codigo;Articulo;;Referencia;Proveedor;;Uds.;Precio;;Dto%;;Importe
;;;;;;;;;;;
669;dent encia sana;;21-NATURAKOSMETIC;;26,00;2,22;;0;;
;;;;;;;;;;;

HIGIENE PERSONAL;;
Codigo;Articulo;;Referencia;Proveedor;;Uds.;Precio;;Dto%;;Importe
;;;;;;;;;;;
594;dent espirulina;;21-NATURAKOSMETIC;;25,00;2,22;;0;;
;;;;;;;;;;;
336;DENT EUCALIPTUS;;7- BIOCOP;;6,00;3,54;;10;;
;;;;;;;;;;;

TODAS;;
Codigo;Articulo;;Referencia;Proveedor;;Uds.;Precio;;Dto%;;Importe
;;;;;;;;;;;
1982;dent extra fresco;;21-NATURAKOSMETIC;;13,00;2,00;;0;;

ARTICULOS - PROVEEDOR;;;;;Pagina 59 ;;;Fecha : 03/02/2026;;;
;;;;;;;;;;;

HIGIENE PERSONAL;;
Codigo;Articulo;;Referencia;Proveedor;;Uds.;Precio;;Dto%;;Importe
;;;;;;;;;;;
670;DENT FRESCOR SUAVE;;21-NATURAKOSMETIC;;24,00;2,22;;10;;
;;;;;;;;;;;

TODAS;;
Codigo;Articulo;;Referencia;Proveedor;;Uds.;Precio;;Dto%;;Importe
;;;;;;;;;;;
1990;DENT LA VERA COMPLETECARE;;21-NATURAKOSMETIC;;5,00;2,85;;0;;
;;;;;;;;;;;
1988;DENT MATCHA;;21-NATURAKOSMETIC;;4,00;2,53;;0;;
;;;;;;;;;;;
2039;DENT MENTA;;7- BIOCOP;;6,00;3,54;;25;;
;;;;;;;;;;;

HIGIENE PERSONAL;;
Codigo;Articulo;;Referencia;Proveedor;;Uds.;Precio;;Dto%;;Importe
;;;;;;;;;;;
335;dent menta te;;7- BIOCOP;;6,00;3,54;;10;;
;;;;;;;;;;;

COSMETICA;;
Codigo;Articulo;;Referencia;Proveedor;;Uds.;Precio;;Dto%;;Importe
;;;;;;;;;;;
672;DENT NIÑO FR;;21-NATURAKOSMETIC;;12,00;1,66;;12;;
;;;;;;;;;;;

TODAS;;
Codigo;Articulo;;Referencia;Proveedor;;Uds.;Precio;;Dto%;;Importe
;;;;;;;;;;;
2042;dent original;;7- BIOCOP;;6,00;3,54;;25;;
;;;;;;;;;;;

COSMETICA;;
Codigo;Articulo;;Referencia;Proveedor;;Uds.;Precio;;Dto%;;Importe
;;;;;;;;;;;
673;dent pl;;21-NATURAKOSMETIC;;6,00;1,66;;12;;
;;;;;;;;;;;

TODAS;;
Codigo;Articulo;;Referencia;Proveedor;;Uds.;Precio;;Dto%;;Importe
;;;;;;;;;;;
1985;DENT PQ;;21-NATURAKOSMETIC;;23,00;0,00;;0;;
;;;;;;;;;;;
1989;dent salvia;;21-NATURAKOSMETIC;;4,00;2,53;;0;;
;;;;;;;;;;;
2041;DENT TUTTIFRUTI;;7- BIOCOP;;13,00;2,62;;0;;
;;;;;;;;;;;
2762;dent welwda niño;;10019- WELEDA;;2,00;4,02;;0;;
;;;;;;;;;;;
2546;dentefrico;;21-NATURAKOSMETIC;;12,00;2,47;;0;;
;;;;;;;;;;;

HIGIENE PERSONAL;;
Codigo;Articulo;;Referencia;Proveedor;;Uds.;Precio;;Dto%;;Importe
;;;;;;;;;;;
466;DEO CITRUS;;10- ECOPLAZA;;4,00;6,36;;0;;
466;DEO CITRUS;;10019- WELEDA;;1,00;5,76;;0;;
;;;;;;;;;;;
465;deo crystal;;10- ECOPLAZA;;4,00;2,73;;0;;
;;;;;;;;;;;

TODAS;;
Codigo;Articulo;;Referencia;Proveedor;;Uds.;Precio;;Dto%;;Importe
;;;;;;;;;;;
2743;deo granada;;10019- WELEDA;;6,00;5,76;;0;;
;;;;;;;;;;;

HIGIENE PERSONAL;;
Codigo;Articulo;;Referencia;Proveedor;;Uds.;Precio;;Dto%;;Importe
;;;;;;;;;;;
467;deo men;;10- ECOPLAZA;;3,00;6,36;;0;;
467;deo men;;10019- WELEDA;;1,00;5,76;;0;;
ARTICULOS - PROVEEDOR;;;;;Pagina 60 ;;;Fecha : 03/02/2026;;;
;;;;;;;;;;;
468;DEO SALVIA;;10- ECOPLAZA;;18,00;6,62;;0;;
;;;;;;;;;;;

TODAS;;
Codigo;Articulo;;Referencia;Proveedor;;Uds.;Precio;;Dto%;;Importe
;;;;;;;;;;;
2105;deo sensitive;;21-NATURAKOSMETIC;;7,00;5,80;;0;;
;;;;;;;;;;;
2742;deo spray citrus;;10019- WELEDA;;1,00;8,07;;0;;
;;;;;;;;;;;
2745;DEO SPRAY GRANADA;;10019- WELEDA;;1,00;8,07;;0;;
;;;;;;;;;;;
2744;deo spray salvia w;;10019- WELEDA;;1,00;8,07;;0;;
;;;;;;;;;;;
2104;DEO STONG;;21-NATURAKOSMETIC;;8,00;5,80;;0;;
;;;;;;;;;;;

HIGIENE PERSONAL;;
Codigo;Articulo;;Referencia;Proveedor;;Uds.;Precio;;Dto%;;Importe
;;;;;;;;;;;
469;deo tomillo;;10- ECOPLAZA;;12,00;6,62;;0;;
;;;;;;;;;;;

NUTRICION;;
Codigo;Articulo;;Referencia;Proveedor;;Uds.;Precio;;Dto%;;Importe
;;;;;;;;;;;
1602;DERMINTACT;;10012- APROLIS;;10,00;8,58;;0;;
;;;;;;;;;;;

TODAS;;
Codigo;Articulo;;Referencia;Proveedor;;Uds.;Precio;;Dto%;;Importe
;;;;;;;;;;;
2969;desegrasante amelie;;21-NATURAKOSMETIC;;1,00;1,79;;0;;
;;;;;;;;;;;

HIGIENE PERSONAL;;
Codigo;Articulo;;Referencia;Proveedor;;Uds.;Precio;;Dto%;;Importe
;;;;;;;;;;;
599;DESOD FRECH;;21-NATURAKOSMETIC;;2,00;5,36;;12;;
;;;;;;;;;;;
601;desod sens;;21-NATURAKOSMETIC;;9,00;3,30;;12;;
;;;;;;;;;;;
600;DESOD SENS 24H;;21-NATURAKOSMETIC;;2,00;5,36;;12;;
;;;;;;;;;;;
602;desod spray;;21-NATURAKOSMETIC;;9,00;3,85;;12;;
;;;;;;;;;;;

TODAS;;
Codigo;Articulo;;Referencia;Proveedor;;Uds.;Precio;;Dto%;;Importe
;;;;;;;;;;;
3428;desodorante;;21-NATURAKOSMETIC;;1,00;5,80;;0;;
;;;;;;;;;;;

HIGIENE PERSONAL;;
Codigo;Articulo;;Referencia;Proveedor;;Uds.;Precio;;Dto%;;Importe
;;;;;;;;;;;
347;DESODORANTE COCO;;7- BIOCOP;;6,00;5,32;;30;;
;;;;;;;;;;;

COSMETICA;;
Codigo;Articulo;;Referencia;Proveedor;;Uds.;Precio;;Dto%;;Importe
;;;;;;;;;;;
346;desodorante rosas;;7- BIOCOP;;6,00;5,32;;10;;
;;;;;;;;;;;

TODAS;;
Codigo;Articulo;;Referencia;Proveedor;;Uds.;Precio;;Dto%;;Importe
;;;;;;;;;;;
1680;despertar acai;;25- NUTRICIONSANTE;;3,00;6,31;;10;;
;;;;;;;;;;;
1681;DESPERTAR PLATANO;;25- NUTRICIONSANTE;;1,00;6,31;;10;;
;;;;;;;;;;;
1892;detergente;;7- BIOCOP;;6,00;5,80;;0;;
;;;;;;;;;;;

ARTICULOS - PROVEEDOR;;;;;Pagina 61 ;;;Fecha : 03/02/2026;;;
LIMPIEZA HOGAR;;
Codigo;Articulo;;Referencia;Proveedor;;Uds.;Precio;;Dto%;;Importe
;;;;;;;;;;;
1047;DETERGENTE ECO VERO 1,5L;;21-NATURAKOSMETIC;;1,00;8,97;;0;;
1047;DETERGENTE ECO VERO 1,5L;;7- BIOCOP;;6,00;9,97;;10;;
;;;;;;;;;;;

TODAS;;
Codigo;Articulo;;Referencia;Proveedor;;Uds.;Precio;;Dto%;;Importe
;;;;;;;;;;;
2164;DETOX;;10- ECOPLAZA;;6,00;16,35;;50;;
;;;;;;;;;;;

DEPORTE;;
Codigo;Articulo;;Referencia;Proveedor;;Uds.;Precio;;Dto%;;Importe
;;;;;;;;;;;
1620;DETOX SALT;;32- NORTEM BIO;;2,00;3,98;;0;;
;;;;;;;;;;;

NUTRICION;;
Codigo;Articulo;;Referencia;Proveedor;;Uds.;Precio;;Dto%;;Importe
;;;;;;;;;;;
1612;DETOXIN G1;;32- NORTEM BIO;;1,00;22,48;;0;;
;;;;;;;;;;;

TODAS;;
Codigo;Articulo;;Referencia;Proveedor;;Uds.;Precio;;Dto%;;Importe
;;;;;;;;;;;
3090;detoxintest;;10020- N-PRO;;1,00;12,00;;20;;
;;;;;;;;;;;
3091;DETOXINTEST;;10020- N-PRO;;1,00;13,50;;20;;
;;;;;;;;;;;
3153;DETRGENTE POLVO;;21-NATURAKOSMETIC;;4,00;16,80;;0;;
;;;;;;;;;;;
3169;DGL;;10013- POWERBODY;;3,00;9,94;;0;;
;;;;;;;;;;;
3389;diadema;;21-NATURAKOSMETIC;;1,00;3,25;;0;;
;;;;;;;;;;;
3408;DIENTE DE LEON;;3- FELIUBADALO;;1,00;1,14;;0;;
;;;;;;;;;;;
2201;DIET MEAL;;10016- VITOBEST;;1,00;25,71;;0;;
2201;DIET MEAL;;29- LIFE PRO;;1,00;25,71;;0;;
;;;;;;;;;;;
2202;DIET MEAL fresa;;10016- VITOBEST;;1,00;25,71;;0;;
;;;;;;;;;;;
2203;DIET MEALCHOCOLATE;;10016- VITOBEST;;1,00;25,71;;0;;
;;;;;;;;;;;
2529;DIET PROTEIN;;10013- POWERBODY;;2,00;18,68;;0;;
;;;;;;;;;;;
2219;DIET SHAke;;10017- BIOTECH;;2,00;15,95;;0;;
;;;;;;;;;;;
2231;DIET SHAKE banana;;10017- BIOTECH;;2,00;15,95;;0;;
;;;;;;;;;;;
2233;DIET SHAKE caramelo;;10017- BIOTECH;;5,00;15,95;;0;;
;;;;;;;;;;;
2343;DIET SHAKE COOKIES;;10017- BIOTECH;;4,00;0,00;;0;;
;;;;;;;;;;;
2731;diet shake choco;;10017- BIOTECH;;4,00;16,90;;0;;
;;;;;;;;;;;
2735;diet shake fresa;;10017- BIOTECH;;2,00;16,90;;0;;
;;;;;;;;;;;
2232;DIET SHAKE PISTACHO;;10017- BIOTECH;;5,00;15,95;;0;;
;;;;;;;;;;;
2230;DIET SHAKE VAINILLA;;10017- BIOTECH;;8,00;15,95;;0;;
;;;;;;;;;;;
3175;diges+prob;;10013- POWERBODY;;2,00;10,71;;0;;
;;;;;;;;;;;

ALIMENTACION-TES;;
Codigo;Articulo;;Referencia;Proveedor;;Uds.;Precio;;Dto%;;Importe
;;;;;;;;;;;
478;DIGES-T;;10- ECOPLAZA;;6,00;1,65;;5;;
;;;;;;;;;;;

NUTRICION;;
Codigo;Articulo;;Referencia;Proveedor;;Uds.;Precio;;Dto%;;Importe
;;;;;;;;;;;
1543;digest basic;;27- ACTIBIOS;;1,00;10,40;;0;;
;;;;;;;;;;;

ARTICULOS - PROVEEDOR;;;;;Pagina 62 ;;;Fecha : 03/02/2026;;;
TODAS;;
Codigo;Articulo;;Referencia;Proveedor;;Uds.;Precio;;Dto%;;Importe
;;;;;;;;;;;
3162;DIGEST BASIC;;10013- POWERBODY;;4,00;12,08;;0;;
;;;;;;;;;;;

NUTRICION;;
Codigo;Articulo;;Referencia;Proveedor;;Uds.;Precio;;Dto%;;Importe
;;;;;;;;;;;
1545;digest gold;;27- ACTIBIOS;;1,00;15,60;;0;;
;;;;;;;;;;;
1544;DIGEST SEPCTRUM;;27- ACTIBIOS;;1,00;15,60;;0;;
;;;;;;;;;;;

TODAS;;
Codigo;Articulo;;Referencia;Proveedor;;Uds.;Precio;;Dto%;;Importe
;;;;;;;;;;;
3106;DIGESTIVE NUTRALIE;;10- ECOPLAZA;;3,00;16,32;;25;;
;;;;;;;;;;;

COSMETICA;;
Codigo;Articulo;;Referencia;Proveedor;;Uds.;Precio;;Dto%;;Importe
;;;;;;;;;;;
679;disco alg;;21-NATURAKOSMETIC;;7,00;0,90;;0;;
;;;;;;;;;;;

TODAS;;
Codigo;Articulo;;Referencia;Proveedor;;Uds.;Precio;;Dto%;;Importe
;;;;;;;;;;;
1561;diure cut;;20- BIG UNIVERSAL;;2,00;8,24;;0;;
;;;;;;;;;;;

NUTRICION;;
Codigo;Articulo;;Referencia;Proveedor;;Uds.;Precio;;Dto%;;Importe
;;;;;;;;;;;
1202;DMAE;;10004- HSN;;1,00;5,01;;0;;
;;;;;;;;;;;

TODAS;;
Codigo;Articulo;;Referencia;Proveedor;;Uds.;Precio;;Dto%;;Importe
;;;;;;;;;;;
2980;DMAE 10cap now;;10013- POWERBODY;;1,00;8,57;;0;;
;;;;;;;;;;;
2533;dong quai cap;;10013- POWERBODY;;1,00;6,72;;0;;
;;;;;;;;;;;
2532;dong quai extract;;10013- POWERBODY;;2,00;9,94;;0;;
;;;;;;;;;;;
2981;double sttrength l-teanine;;10013- POWERBODY;;1,00;11,61;;0;;
;;;;;;;;;;;
2276;doypack conguito;;20- BIG UNIVERSAL;;4,00;10,99;;0;;
;;;;;;;;;;;
2278;DOYPACK CONGUITOS;;20- BIG UNIVERSAL;;4,00;10,99;;0;;
;;;;;;;;;;;
2277;DOYPACK LACASITOS;;20- BIG UNIVERSAL;;4,00;10,99;;0;;
;;;;;;;;;;;
2279;dpoypack cacaolat;;20- BIG UNIVERSAL;;4,00;10,99;;0;;
;;;;;;;;;;;
2154;DRAINAFLORE;;10- ECOPLAZA;;3,00;15,68;;50;;
;;;;;;;;;;;

NUTRICION;;
Codigo;Articulo;;Referencia;Proveedor;;Uds.;Precio;;Dto%;;Importe
;;;;;;;;;;;
1502;drena ren;;10012- APROLIS;;9,00;12,27;;0;;
;;;;;;;;;;;

TODAS;;
Codigo;Articulo;;Referencia;Proveedor;;Uds.;Precio;;Dto%;;Importe
;;;;;;;;;;;
2994;drenactif;;10012- APROLIS;;1,00;14,02;;0;;
;;;;;;;;;;;
2339;drop coco;;10017- BIOTECH;;1,00;3,25;;0;;
;;;;;;;;;;;
2350;DROP VAINILLA;;10017- BIOTECH;;2,00;3,25;;0;;
;;;;;;;;;;;

ARTICULOS - PROVEEDOR;;;;;Pagina 63 ;;;Fecha : 03/02/2026;;;
ALIMENTACION-TES;;
Codigo;Articulo;;Referencia;Proveedor;;Uds.;Precio;;Dto%;;Importe
;;;;;;;;;;;
480;duerme-t;;10- ECOPLAZA;;6,00;1,75;;5;;
;;;;;;;;;;;

TODAS;;
Codigo;Articulo;;Referencia;Proveedor;;Uds.;Precio;;Dto%;;Importe
;;;;;;;;;;;
2434;DUKKAH;;15- orgacicasuperfoods;;1,00;0,00;;0;;
;;;;;;;;;;;

DEPORTE;;
Codigo;Articulo;;Referencia;Proveedor;;Uds.;Precio;;Dto%;;Importe
;;;;;;;;;;;
1344;dulce de leche;;29- LIFE PRO;;6,00;1,90;;0;;
;;;;;;;;;;;

NUTRICION;;
Codigo;Articulo;;Referencia;Proveedor;;Uds.;Precio;;Dto%;;Importe
;;;;;;;;;;;
1205;E 400;;10004- HSN;;2,00;3,67;;0;;
;;;;;;;;;;;

TODAS;;
Codigo;Articulo;;Referencia;Proveedor;;Uds.;Precio;;Dto%;;Importe
;;;;;;;;;;;
2440;E400;;10013- POWERBODY;;5,00;6,12;;0;;
;;;;;;;;;;;
3300;EA SHOP;;3- FELIUBADALO;;6,00;8,45;;10;;
;;;;;;;;;;;
3244;eaa cap;;10017- BIOTECH;;2,00;12,49;;0;;
;;;;;;;;;;;
2736;EAA ZERO;;10017- BIOTECH;;4,00;14,50;;20;;
;;;;;;;;;;;
2710;EAAS FRUIT;;29- LIFE PRO;;1,00;15,50;;5;;
;;;;;;;;;;;
2711;EAAS TROPICAL;;29- LIFE PRO;;2,00;15,50;;5;;
;;;;;;;;;;;
3505;eau parfum;;21-NATURAKOSMETIC;;1,00;8,20;;0;;
;;;;;;;;;;;
3506;EAU PARFUM;;21-NATURAKOSMETIC;;1,00;8,20;;0;;
;;;;;;;;;;;
2241;ecobifidus;;31- EBRO Diet;;8,00;1,95;;0;;
;;;;;;;;;;;
1592;ECHINA PROPOL;;10012- APROLIS;;6,00;10,04;;0;;
;;;;;;;;;;;

ALIMENTACION-CONSERVAS;;
Codigo;Articulo;;Referencia;Proveedor;;Uds.;Precio;;Dto%;;Importe
;;;;;;;;;;;
370;edamame;;7- BIOCOP;;6,00;1,94;;10;;
;;;;;;;;;;;

NUTRICION;;
Codigo;Articulo;;Referencia;Proveedor;;Uds.;Precio;;Dto%;;Importe
;;;;;;;;;;;
1438;EDIBLE HEALTH;;10009- faire;;3,00;17,85;;0;;
;;;;;;;;;;;

TODAS;;
Codigo;Articulo;;Referencia;Proveedor;;Uds.;Precio;;Dto%;;Importe
;;;;;;;;;;;
2393;egg white protein;;10013- POWERBODY;;1,00;19,57;;0;;
;;;;;;;;;;;
3228;el remedio de la abuela;;31- EBRO Diet;;1,00;2,56;;0;;
;;;;;;;;;;;

NUTRICION;;
Codigo;Articulo;;Referencia;Proveedor;;Uds.;Precio;;Dto%;;Importe
;;;;;;;;;;;
1624;ELECTROLITOS;;32- NORTEM BIO;;3,00;4,63;;0;;
;;;;;;;;;;;

DEPORTE;;
Codigo;Articulo;;Referencia;Proveedor;;Uds.;Precio;;Dto%;;Importe
;;;;;;;;;;;

ARTICULOS - PROVEEDOR;;;;;Pagina 64 ;;;Fecha : 03/02/2026;;;
796;ELEKTRO ACID APPLE;;24- INDEX GROUP;;20,00;0,84;;5;;
;;;;;;;;;;;
1183;ELEKTRO bubble cola;;29- LIFE PRO;;2,00;15,90;;0;;
;;;;;;;;;;;
799;ELEKTRO CANDY;;24- INDEX GROUP;;20,00;0,84;;5;;
799;ELEKTRO CANDY;;29- LIFE PRO;;1,00;0,85;;0;;
;;;;;;;;;;;
1185;ELEKTRO FRUIT;;29- LIFE PRO;;2,00;15,90;;0;;
;;;;;;;;;;;
800;ELEKTRO SANDIA;;24- INDEX GROUP;;20,00;0,84;;5;;
;;;;;;;;;;;
1184;elektro ultra energy;;29- LIFE PRO;;2,00;15,90;;0;;
;;;;;;;;;;;

TODAS;;
Codigo;Articulo;;Referencia;Proveedor;;Uds.;Precio;;Dto%;;Importe
;;;;;;;;;;;
2594;ELEKTRO ultra energy;;29- LIFE PRO;;1,00;0,85;;0;;
;;;;;;;;;;;

DEPORTE;;
Codigo;Articulo;;Referencia;Proveedor;;Uds.;Precio;;Dto%;;Importe
;;;;;;;;;;;
798;ELEKTRO ultra energy;;24- INDEX GROUP;;20,00;0,84;;5;;
798;ELEKTRO ultra energy;;29- LIFE PRO;;1,00;0,85;;0;;
;;;;;;;;;;;
797;ELEKTRO ULTRA GREEN;;24- INDEX GROUP;;20,00;0,84;;5;;
;;;;;;;;;;;

GRANEL;;
Codigo;Articulo;;Referencia;Proveedor;;Uds.;Precio;;Dto%;;Importe
;;;;;;;;;;;
791;ELEVEN CEREZA;;24- INDEX GROUP;;24,00;0,21;;0;;
;;;;;;;;;;;

DEPORTE;;
Codigo;Articulo;;Referencia;Proveedor;;Uds.;Precio;;Dto%;;Importe
;;;;;;;;;;;
790;ELEVEN EXOTIC;;24- INDEX GROUP;;24,00;0,21;;0;;
;;;;;;;;;;;
1179;eleven fit papaya;;29- LIFE PRO;;24,00;0,21;;0;;
;;;;;;;;;;;

GRANEL;;
Codigo;Articulo;;Referencia;Proveedor;;Uds.;Precio;;Dto%;;Importe
;;;;;;;;;;;
793;ELEVEN ICE TE;;24- INDEX GROUP;;24,00;0,21;;0;;
;;;;;;;;;;;

DEPORTE;;
Codigo;Articulo;;Referencia;Proveedor;;Uds.;Precio;;Dto%;;Importe
;;;;;;;;;;;
788;ELEVEN KIT-MIX;;24- INDEX GROUP;;24,00;0,21;;0;;
;;;;;;;;;;;

GRANEL;;
Codigo;Articulo;;Referencia;Proveedor;;Uds.;Precio;;Dto%;;Importe
;;;;;;;;;;;
789;ELEVEN maracuya;;24- INDEX GROUP;;24,00;0,21;;0;;
789;ELEVEN maracuya;;29- LIFE PRO;;24,00;0,21;;0;;
;;;;;;;;;;;

DEPORTE;;
Codigo;Articulo;;Referencia;Proveedor;;Uds.;Precio;;Dto%;;Importe
;;;;;;;;;;;
792;ELEVEN PIÑA COLADA;;24- INDEX GROUP;;24,00;0,21;;0;;
;;;;;;;;;;;

NUTRICION;;
Codigo;Articulo;;Referencia;Proveedor;;Uds.;Precio;;Dto%;;Importe
;;;;;;;;;;;
1578;ELIXIR BUCAL;;10012- APROLIS;;6,00;8,79;;0;;
;;;;;;;;;;;

ARTICULOS - PROVEEDOR;;;;;Pagina 65 ;;;Fecha : 03/02/2026;;;
TODAS;;
Codigo;Articulo;;Referencia;Proveedor;;Uds.;Precio;;Dto%;;Importe
;;;;;;;;;;;
2374;elytes;;10004- HSN;;1,00;3,06;;0;;
;;;;;;;;;;;
1995;ENCIENSO;;21-NATURAKOSMETIC;;2,00;2,06;;0;;
;;;;;;;;;;;

ALIMENTACION-BARRITAS;;
Codigo;Articulo;;Referencia;Proveedor;;Uds.;Precio;;Dto%;;Importe
;;;;;;;;;;;
238;ENE BALL COCO;;2- LA FINESTRASUL CIELO;;18,00;0,00;;0;;
;;;;;;;;;;;
239;ENE BALL FRM;;2- LA FINESTRASUL CIELO;;17,00;0,00;;0;;
;;;;;;;;;;;

TODAS;;
Codigo;Articulo;;Referencia;Proveedor;;Uds.;Precio;;Dto%;;Importe
;;;;;;;;;;;
2520;eneldo;;10- ECOPLAZA;;6,00;1,90;;5;;
;;;;;;;;;;;
3469;ENERGY;;10012- APROLIS;;1,00;8,14;;0;;
;;;;;;;;;;;

ALIMENTACION-SNACK;;
Codigo;Articulo;;Referencia;Proveedor;;Uds.;Precio;;Dto%;;Importe
;;;;;;;;;;;
773;ENERGY BALL  BANANA;;3- FELIUBADALO;;20,00;0,81;;0;;
;;;;;;;;;;;
772;energy ball cacoa nr;;3- FELIUBADALO;;19,00;0,90;;0;;
;;;;;;;;;;;

ALIMENTACION-BARRITAS;;
Codigo;Articulo;;Referencia;Proveedor;;Uds.;Precio;;Dto%;;Importe
;;;;;;;;;;;
237;ENERGY BALL PIS;;2- LA FINESTRASUL CIELO;;19,00;0,00;;0;;
;;;;;;;;;;;

DEPORTE;;
Codigo;Articulo;;Referencia;Proveedor;;Uds.;Precio;;Dto%;;Importe
;;;;;;;;;;;
1001;energy gel limon c;;29- LIFE PRO;;12,00;0,90;;5;;
;;;;;;;;;;;
1000;ENERGY GEL tropical c;;29- LIFE PRO;;12,00;0,90;;5;;
;;;;;;;;;;;
1126;ENERGY MIX 1KG;;11- organicasuperfoods;;2,00;31,18;;0;;
;;;;;;;;;;;

NUTRICION;;
Codigo;Articulo;;Referencia;Proveedor;;Uds.;Precio;;Dto%;;Importe
;;;;;;;;;;;
984;ENERGY MIX PROTEIN;;11- organicasuperfoods;;6,00;10,30;;0;;
984;ENERGY MIX PROTEIN;;15- orgacicasuperfoods;;6,00;10,30;;0;;
984;ENERGY MIX PROTEIN;;7- BIOCOP;;1,00;10,30;;0;;
;;;;;;;;;;;

TODAS;;
Codigo;Articulo;;Referencia;Proveedor;;Uds.;Precio;;Dto%;;Importe
;;;;;;;;;;;
1882;ENERGY PLUS;;7- BIOCOP;;6,00;3,54;;0;;
;;;;;;;;;;;

NUTRICION;;
Codigo;Articulo;;Referencia;Proveedor;;Uds.;Precio;;Dto%;;Importe
;;;;;;;;;;;
1500;energy up;;10012- APROLIS;;14,00;21,21;;0;;
;;;;;;;;;;;

TODAS;;
Codigo;Articulo;;Referencia;Proveedor;;Uds.;Precio;;Dto%;;Importe
;;;;;;;;;;;
2596;enery gel pack;;29- LIFE PRO;;1,00;10,80;;0;;
;;;;;;;;;;;

ARTICULOS - PROVEEDOR;;;;;Pagina 66 ;;;Fecha : 03/02/2026;;;
HIGIENE PERSONAL;;
Codigo;Articulo;;Referencia;Proveedor;;Uds.;Precio;;Dto%;;Importe
;;;;;;;;;;;
337;enjuague bocal;;7- BIOCOP;;6,00;7,11;;10;;
;;;;;;;;;;;

TODAS;;
Codigo;Articulo;;Referencia;Proveedor;;Uds.;Precio;;Dto%;;Importe
;;;;;;;;;;;
3392;ENJUAGUE BUCAL;;21-NATURAKOSMETIC;;4,00;5,18;;0;;
;;;;;;;;;;;
2595;ENRGY GEL;;29- LIFE PRO;;1,00;0,90;;0;;
;;;;;;;;;;;
1676;ENS MEZCLUM;;1- CAL VALLS;;2,00;1,70;;0;;
;;;;;;;;;;;

ALIMENTACION-ALGAS;;
Codigo;Articulo;;Referencia;Proveedor;;Uds.;Precio;;Dto%;;Importe
;;;;;;;;;;;
91;ENSALADA DE ALGAS 25G;;3- FELIUBADALO;;10,00;1,75;;0;;
;;;;;;;;;;;

TODAS;;
Codigo;Articulo;;Referencia;Proveedor;;Uds.;Precio;;Dto%;;Importe
;;;;;;;;;;;
1843;ENSALADA DE WAKAME;;10001- ALGAMAR;;4,00;3,92;;0;;
;;;;;;;;;;;
2843;enzimdigest;;10020- N-PRO;;4,00;14,49;;20;;
;;;;;;;;;;;
2846;ENZIMTOLERANCE;;10020- N-PRO;;4,00;23,32;;20;;
;;;;;;;;;;;

NUTRICION;;
Codigo;Articulo;;Referencia;Proveedor;;Uds.;Precio;;Dto%;;Importe
;;;;;;;;;;;
1546;ENZYMAS;;10015-SURAVITASAN;;1,00;26,10;;0;;
1546;ENZYMAS;;27- ACTIBIOS;;1,00;26,10;;0;;
;;;;;;;;;;;
1501;EPA BIODETOX;;10012- APROLIS;;4,00;12,84;;0;;
;;;;;;;;;;;

TODAS;;
Codigo;Articulo;;Referencia;Proveedor;;Uds.;Precio;;Dto%;;Importe
;;;;;;;;;;;
1916;epilobe;;10009- faire;;6,00;7,75;;0;;
;;;;;;;;;;;
1757;EPILOBIUM;;35- BHEALTHY;;12,00;9,50;;0;;
;;;;;;;;;;;

ALIMENTACION;;
Codigo;Articulo;;Referencia;Proveedor;;Uds.;Precio;;Dto%;;Importe
;;;;;;;;;;;
1623;epsom;;32- NORTEM BIO;;4,00;3,98;;0;;
;;;;;;;;;;;

NUTRICION;;
Codigo;Articulo;;Referencia;Proveedor;;Uds.;Precio;;Dto%;;Importe
;;;;;;;;;;;
1239;EQUINACEA;;10008- BIODISPHARMA;;6,00;2,35;;0;;
;;;;;;;;;;;

TODAS;;
Codigo;Articulo;;Referencia;Proveedor;;Uds.;Precio;;Dto%;;Importe
;;;;;;;;;;;
1746;equinacia;;2- LA FINESTRASUL CIELO;;6,00;2,75;;0;;
;;;;;;;;;;;
3527;ERGYFOSFORYL;;3- FELIUBADALO;;1,00;24,01;;0;;
;;;;;;;;;;;
3093;eritritol;;10- ECOPLAZA;;2,00;6,12;;0;;
;;;;;;;;;;;

ALIMENTACION;;
Codigo;Articulo;;Referencia;Proveedor;;Uds.;Precio;;Dto%;;Importe
;;;;;;;;;;;
1391;eritritol 250g;;10011- bioprasad;;4,00;2,33;;0;;

ARTICULOS - PROVEEDOR;;;;;Pagina 67 ;;;Fecha : 03/02/2026;;;
;;;;;;;;;;;

TODAS;;
Codigo;Articulo;;Referencia;Proveedor;;Uds.;Precio;;Dto%;;Importe
;;;;;;;;;;;
3486;ERITRITOL 250g;;3- FELIUBADALO;;1,00;3,90;;0;;
;;;;;;;;;;;
3485;ERITRITOL 500G;;3- FELIUBADALO;;1,00;5,80;;0;;
;;;;;;;;;;;
1798;erysim;;10012- APROLIS;;19,00;8,28;;0;;
;;;;;;;;;;;

NUTRICION;;
Codigo;Articulo;;Referencia;Proveedor;;Uds.;Precio;;Dto%;;Importe
;;;;;;;;;;;
1595;ERYSIM;;10012- APROLIS;;6,00;8,30;;0;;
;;;;;;;;;;;

ALIMENTACION-ENDULZANTES;;
Codigo;Articulo;;Referencia;Proveedor;;Uds.;Precio;;Dto%;;Importe
;;;;;;;;;;;
499;erythritol 1kg;;19- ALDOUS;;5,00;4,70;;0;;
;;;;;;;;;;;

TODAS;;
Codigo;Articulo;;Referencia;Proveedor;;Uds.;Precio;;Dto%;;Importe
;;;;;;;;;;;
2427;ESENCIA ANIS ESTR;;10012- APROLIS;;1,00;3,36;;0;;
2427;ESENCIA ANIS ESTR;;3- FELIUBADALO;;1,00;3,36;;0;;
;;;;;;;;;;;
2642;ESENCIA CENTELLA MIXSOON;;10018- STORE.K;;5,00;13,22;;0;;
;;;;;;;;;;;
2897;esential pic;;10012- APROLIS;;1,00;10,11;;0;;
;;;;;;;;;;;

COSMETICA;;
Codigo;Articulo;;Referencia;Proveedor;;Uds.;Precio;;Dto%;;Importe
;;;;;;;;;;;
638;ESMALTE;;21-NATURAKOSMETIC;;2,00;3,37;;0;;
;;;;;;;;;;;

FRUTERIA;;
Codigo;Articulo;;Referencia;Proveedor;;Uds.;Precio;;Dto%;;Importe
;;;;;;;;;;;
1119;esp baby;;1- CAL VALLS;;3,00;1,70;;0;;
;;;;;;;;;;;

DEPORTE;;
Codigo;Articulo;;Referencia;Proveedor;;Uds.;Precio;;Dto%;;Importe
;;;;;;;;;;;
1319;ESPAGUETES DE TOMATE;;3- FELIUBADALO;;8,00;1,84;;0;;
;;;;;;;;;;;

ALIMENTACION;;
Codigo;Articulo;;Referencia;Proveedor;;Uds.;Precio;;Dto%;;Importe
;;;;;;;;;;;
1234;espaguetes napoletana;;10007- TEOREMA;;6,00;1,50;;0;;
;;;;;;;;;;;

TODAS;;
Codigo;Articulo;;Referencia;Proveedor;;Uds.;Precio;;Dto%;;Importe
;;;;;;;;;;;
3032;ESPAGUETI;;4- BIONSAN;;1,00;2,37;;0;;
;;;;;;;;;;;

ALIMENTACION;;
Codigo;Articulo;;Referencia;Proveedor;;Uds.;Precio;;Dto%;;Importe
;;;;;;;;;;;
1233;ESPAGUETIS A LA ITALINA;;10007- TEOREMA;;6,00;1,50;;0;;
;;;;;;;;;;;

TODAS;;
Codigo;Articulo;;Referencia;Proveedor;;Uds.;Precio;;Dto%;;Importe
;;;;;;;;;;;
1103;ESPAGUETIS ALBH;;1- CAL VALLS;;12,00;1,67;;0;;

ARTICULOS - PROVEEDOR;;;;;Pagina 68 ;;;Fecha : 03/02/2026;;;
;;;;;;;;;;;

ALIMENTACION-PASTA;;
Codigo;Articulo;;Referencia;Proveedor;;Uds.;Precio;;Dto%;;Importe
;;;;;;;;;;;
764;espaguetis konjac;;3- FELIUBADALO;;9,00;1,84;;5;;
;;;;;;;;;;;

TODAS;;
Codigo;Articulo;;Referencia;Proveedor;;Uds.;Precio;;Dto%;;Importe
;;;;;;;;;;;
1806;ESPAGUETIS SARRACENO;;10- ECOPLAZA;;13,00;2,08;;0;;
;;;;;;;;;;;
2858;ESPAGUITE DE MAR;;3- FELIUBADALO;;1,00;1,50;;0;;
;;;;;;;;;;;

ALIMENTACION;;
Codigo;Articulo;;Referencia;Proveedor;;Uds.;Precio;;Dto%;;Importe
;;;;;;;;;;;
1086;ESPARRAGO BLANCO EXTRA;;1- CAL VALLS;;6,00;5,98;;0;;
;;;;;;;;;;;
1085;esparrago verde;;1- CAL VALLS;;6,00;4,98;;0;;
;;;;;;;;;;;
1087;esparragos blancos;;1- CAL VALLS;;6,00;5,08;;0;;
;;;;;;;;;;;

TODAS;;
Codigo;Articulo;;Referencia;Proveedor;;Uds.;Precio;;Dto%;;Importe
;;;;;;;;;;;
3419;especias galletas;;10- ECOPLAZA;;1,00;1,71;;0;;
;;;;;;;;;;;
2664;espelta;;4- BIONSAN;;5,00;1,85;;0;;
;;;;;;;;;;;

ALIMENTACION-PANAES;;
Codigo;Articulo;;Referencia;Proveedor;;Uds.;Precio;;Dto%;;Importe
;;;;;;;;;;;
329;ESPELTA SEMILLAS;;7- BIOCOP;;12,00;2,99;;10;;
;;;;;;;;;;;

ALIMENTACION-PASTA;;
Codigo;Articulo;;Referencia;Proveedor;;Uds.;Precio;;Dto%;;Importe
;;;;;;;;;;;
48;espg espelta 500g;;10- ECOPLAZA;;1,00;1,76;;0;;
;;;;;;;;;;;
517;ESPG KONJAC;;2- LA FINESTRASUL CIELO;;18,00;2,57;;0;;
;;;;;;;;;;;

TODAS;;
Codigo;Articulo;;Referencia;Proveedor;;Uds.;Precio;;Dto%;;Importe
;;;;;;;;;;;
3278;ESPIRAL TRICOLOR;;10- ECOPLAZA;;1,00;2,34;;0;;
;;;;;;;;;;;

ALIMENTACION;;
Codigo;Articulo;;Referencia;Proveedor;;Uds.;Precio;;Dto%;;Importe
;;;;;;;;;;;
1108;ESPIRALES 3 LEG;;1- CAL VALLS;;13,00;1,90;;0;;
;;;;;;;;;;;

ALIMENTACION-PASTA;;
Codigo;Articulo;;Referencia;Proveedor;;Uds.;Precio;;Dto%;;Importe
;;;;;;;;;;;
52;espirales esperulina 500g;;1- CAL VALLS;;12,00;1,82;;0;;
;;;;;;;;;;;

ALIMENTACION;;
Codigo;Articulo;;Referencia;Proveedor;;Uds.;Precio;;Dto%;;Importe
;;;;;;;;;;;
1110;ESPIRALES GARBNZ;;1- CAL VALLS;;13,00;1,70;;0;;
;;;;;;;;;;;
1105;espirales guis albah;;1- CAL VALLS;;6,00;1,80;;0;;
;;;;;;;;;;;
1106;ESPIRALES LENTEJAS ROJASTOMT;;1- CAL VALLS;;6,00;2,10;;0;;
;;;;;;;;;;;
1109;espirales lentj rojas;;1- CAL VALLS;;12,00;1,98;;0;;

ARTICULOS - PROVEEDOR;;;;;Pagina 69 ;;;Fecha : 03/02/2026;;;
;;;;;;;;;;;

TODAS;;
Codigo;Articulo;;Referencia;Proveedor;;Uds.;Precio;;Dto%;;Importe
;;;;;;;;;;;
2835;espirulina fresca 7;;37- BLAUVER;;2,00;13,67;;0;;
;;;;;;;;;;;
3507;ESPONJA;;21-NATURAKOSMETIC;;1,00;2,79;;0;;
;;;;;;;;;;;

LIMPIEZA HOGAR;;
Codigo;Articulo;;Referencia;Proveedor;;Uds.;Precio;;Dto%;;Importe
;;;;;;;;;;;
1051;ESPONJA;;7- BIOCOP;;12,00;1,87;;10;;
;;;;;;;;;;;

COSMETICA;;
Codigo;Articulo;;Referencia;Proveedor;;Uds.;Precio;;Dto%;;Importe
;;;;;;;;;;;
682;ESPONJA KONJAK;;21-NATURAKOSMETIC;;2,00;3,41;;12;;
;;;;;;;;;;;

TODAS;;
Codigo;Articulo;;Referencia;Proveedor;;Uds.;Precio;;Dto%;;Importe
;;;;;;;;;;;
2556;espuma de afeitar;;21-NATURAKOSMETIC;;2,00;5,25;;0;;
;;;;;;;;;;;

HIGIENE PERSONAL;;
Codigo;Articulo;;Referencia;Proveedor;;Uds.;Precio;;Dto%;;Importe
;;;;;;;;;;;
675;espuma intima;;21-NATURAKOSMETIC;;2,00;6,70;;12;;
;;;;;;;;;;;

TODAS;;
Codigo;Articulo;;Referencia;Proveedor;;Uds.;Precio;;Dto%;;Importe
;;;;;;;;;;;
1830;estevia;;10011- bioprasad;;1,00;1,77;;0;;
;;;;;;;;;;;
3335;ESTEVIA;;36- paimes;;3,00;3,30;;0;;
;;;;;;;;;;;
3191;estevia estuche;;10- ECOPLAZA;;7,00;2,83;;0;;
;;;;;;;;;;;
3183;ESTEVIA PASTILLA;;10- ECOPLAZA;;1,00;4,20;;0;;
3183;ESTEVIA PASTILLA;;3- FELIUBADALO;;4,00;4,20;;0;;
;;;;;;;;;;;
2524;ESTEVIA POLVO;;10004- HSN;;1,00;9,62;;0;;
;;;;;;;;;;;

ALIMENTACION;;
Codigo;Articulo;;Referencia;Proveedor;;Uds.;Precio;;Dto%;;Importe
;;;;;;;;;;;
1423;ESTRELLAS;;10011- bioprasad;;10,00;1,84;;0;;
;;;;;;;;;;;

TODAS;;
Codigo;Articulo;;Referencia;Proveedor;;Uds.;Precio;;Dto%;;Importe
;;;;;;;;;;;
1948;estrellas de garbanzos;;1- CAL VALLS;;12,00;1,70;;0;;
;;;;;;;;;;;
3182;estropajo de cobre;;3- FELIUBADALO;;2,00;1,28;;0;;
;;;;;;;;;;;
2077;eucalipto;;10- ECOPLAZA;;6,00;1,60;;0;;
2077;eucalipto;;2- LA FINESTRASUL CIELO;;12,00;1,60;;0;;
;;;;;;;;;;;

NUTRICION;;
Codigo;Articulo;;Referencia;Proveedor;;Uds.;Precio;;Dto%;;Importe
;;;;;;;;;;;
1490;evacuaplus;;10008- BIODISPHARMA;;28,00;6,30;;0;;
;;;;;;;;;;;
1200;EVNING PRIMROSE OIL;;10004- HSN;;2,00;10,03;;0;;
;;;;;;;;;;;
1470;evoburn SIN ESTIMULANTE;;10004- HSN;;1,00;3,68;;0;;
;;;;;;;;;;;
1472;EVOBURN SIN ESTM;;10004- HSN;;4,00;3,68;;0;;
;;;;;;;;;;;

ARTICULOS - PROVEEDOR;;;;;Pagina 70 ;;;Fecha : 03/02/2026;;;
1471;EVODERN;;10004- HSN;;0,00;4,46;;0;;
;;;;;;;;;;;

DEPORTE;;
Codigo;Articulo;;Referencia;Proveedor;;Uds.;Precio;;Dto%;;Importe
;;;;;;;;;;;
1217;EVONATIVE CASEIN;;10004- HSN;;2,00;11,60;;0;;
;;;;;;;;;;;

NUTRICION;;
Codigo;Articulo;;Referencia;Proveedor;;Uds.;Precio;;Dto%;;Importe
;;;;;;;;;;;
1468;evozma;;10004- HSN;;2,00;2,80;;0;;
;;;;;;;;;;;

HIGIENE PERSONAL;;
Codigo;Articulo;;Referencia;Proveedor;;Uds.;Precio;;Dto%;;Importe
;;;;;;;;;;;
648;EXFOLIANTE;;21-NATURAKOSMETIC;;8,00;3,97;;0;;
;;;;;;;;;;;

TODAS;;
Codigo;Articulo;;Referencia;Proveedor;;Uds.;Precio;;Dto%;;Importe
;;;;;;;;;;;
2620;EXT HIPERICO;;10012- APROLIS;;3,00;8,85;;0;;
;;;;;;;;;;;

NUTRICION;;
Codigo;Articulo;;Referencia;Proveedor;;Uds.;Precio;;Dto%;;Importe
;;;;;;;;;;;
1356;EXTRACTO DE OLIVO;;10004- HSN;;1,00;4,69;;0;;
;;;;;;;;;;;

TODAS;;
Codigo;Articulo;;Referencia;Proveedor;;Uds.;Precio;;Dto%;;Importe
;;;;;;;;;;;
2313;EYELINER;;21-NATURAKOSMETIC;;3,00;4,93;;0;;
;;;;;;;;;;;

ALIMENTACION;;
Codigo;Articulo;;Referencia;Proveedor;;Uds.;Precio;;Dto%;;Importe
;;;;;;;;;;;
1426;FECULA DE PATATA;;10011- bioprasad;;3,00;2,02;;0;;
;;;;;;;;;;;

TODAS;;
Codigo;Articulo;;Referencia;Proveedor;;Uds.;Precio;;Dto%;;Importe
;;;;;;;;;;;
3079;fecula de tapioca;;3- FELIUBADALO;;1,00;4,00;;0;;
;;;;;;;;;;;

NUTRICION;;
Codigo;Articulo;;Referencia;Proveedor;;Uds.;Precio;;Dto%;;Importe
;;;;;;;;;;;
1447;fem optim;;10003- nutrinat;;4,00;15,60;;0;;
;;;;;;;;;;;
1302;FEMPROBIO;;10003- nutrinat;;5,00;27,60;;0;;
;;;;;;;;;;;

TODAS;;
Codigo;Articulo;;Referencia;Proveedor;;Uds.;Precio;;Dto%;;Importe
;;;;;;;;;;;
1964;FENUGREC;;10009- faire;;12,00;8,10;;0;;
;;;;;;;;;;;
1966;FENUGREC 50ML;;10- ECOPLAZA;;1,00;4,80;;0;;
1966;FENUGREC 50ML;;10009- faire;;12,00;4,80;;0;;
;;;;;;;;;;;

NUTRICION;;
Codigo;Articulo;;Referencia;Proveedor;;Uds.;Precio;;Dto%;;Importe
;;;;;;;;;;;
1354;fenugreek;;10004- HSN;;1,00;4,85;;0;;
;;;;;;;;;;;
1504;ferrocaps Q10;;10012- APROLIS;;5,00;9,80;;0;;
;;;;;;;;;;;

ARTICULOS - PROVEEDOR;;;;;Pagina 71 ;;;Fecha : 03/02/2026;;;
1503;FERRONEMIS Q10;;10012- APROLIS;;5,00;9,90;;0;;
;;;;;;;;;;;

TODAS;;
Codigo;Articulo;;Referencia;Proveedor;;Uds.;Precio;;Dto%;;Importe
;;;;;;;;;;;
1815;FERTI CARE;;10004- HSN;;2,00;5,29;;0;;
;;;;;;;;;;;

DEPORTE;;
Codigo;Articulo;;Referencia;Proveedor;;Uds.;Precio;;Dto%;;Importe
;;;;;;;;;;;
1335;fetucine;;29- LIFE PRO;;8,00;2,15;;0;;
;;;;;;;;;;;

TODAS;;
Codigo;Articulo;;Referencia;Proveedor;;Uds.;Precio;;Dto%;;Importe
;;;;;;;;;;;
3072;fiber mix;;10017- BIOTECH;;1,00;7,50;;0;;
;;;;;;;;;;;

ALIMENTACION-ORIENTAL;;
Codigo;Articulo;;Referencia;Proveedor;;Uds.;Precio;;Dto%;;Importe
;;;;;;;;;;;
716;FIDEOS ARROZ INTG;;10- ECOPLAZA;;3,00;2,80;;0;;
;;;;;;;;;;;
719;FIDEOS ARROZ INTGBONIATO;;10- ECOPLAZA;;4,00;2,82;;0;;
;;;;;;;;;;;
717;fideos arroz intg calabaza ging;;10- ECOPLAZA;;3,00;2,80;;0;;
;;;;;;;;;;;
718;fideos arroz intg wakame;;10- ECOPLAZA;;9,00;2,80;;3;;
;;;;;;;;;;;
720;FIDEOS ARROZ thai;;10- ECOPLAZA;;10,00;2,82;;0;;
;;;;;;;;;;;
714;fideos de arroz pad thai;;10- ECOPLAZA;;3,00;3,11;;10;;
;;;;;;;;;;;
715;FIDEOS DE ARROZVIETNAMESE;;10- ECOPLAZA;;9,00;3,11;;3;;
;;;;;;;;;;;

TODAS;;
Codigo;Articulo;;Referencia;Proveedor;;Uds.;Precio;;Dto%;;Importe
;;;;;;;;;;;
3482;fideos de quinoa;;2- LA FINESTRASUL CIELO;;1,00;2,30;;0;;
;;;;;;;;;;;

ALIMENTACION;;
Codigo;Articulo;;Referencia;Proveedor;;Uds.;Precio;;Dto%;;Importe
;;;;;;;;;;;
1107;fideos espelta;;1- CAL VALLS;;12,00;1,90;;0;;
;;;;;;;;;;;

ALIMENTACION-PASTA;;
Codigo;Articulo;;Referencia;Proveedor;;Uds.;Precio;;Dto%;;Importe
;;;;;;;;;;;
822;FIDEOS FINOS;;1- CAL VALLS;;12,00;1,05;;0;;
;;;;;;;;;;;
19;fideos finos castagno 500g;;10009- faire;;1,00;1,05;;0;;
19;fideos finos castagno 500g;;3- FELIUBADALO;;1,00;1,05;;0;;
;;;;;;;;;;;

TODAS;;
Codigo;Articulo;;Referencia;Proveedor;;Uds.;Precio;;Dto%;;Importe
;;;;;;;;;;;
2863;fideos ing;;1- CAL VALLS;;1,00;1,05;;0;;
2863;fideos ing;;10- ECOPLAZA;;3,00;1,08;;0;;
;;;;;;;;;;;
2265;fijador de maqillaje;;21-NATURAKOSMETIC;;2,00;8,40;;0;;
;;;;;;;;;;;

ALIMENTACION-CONSERVAS;;
Codigo;Articulo;;Referencia;Proveedor;;Uds.;Precio;;Dto%;;Importe
;;;;;;;;;;;
777;FILETES CABALLA;;3- FELIUBADALO;;6,00;1,93;;0;;
;;;;;;;;;;;

ARTICULOS - PROVEEDOR;;;;;Pagina 72 ;;;Fecha : 03/02/2026;;;
ALIMENTACION-SNACK;;
Codigo;Articulo;;Referencia;Proveedor;;Uds.;Precio;;Dto%;;Importe
;;;;;;;;;;;
455;fiorentini sesamo;;10- ECOPLAZA;;24,00;0,72;;0;;
;;;;;;;;;;;

ALIMENTACION-BARRITAS;;
Codigo;Articulo;;Referencia;Proveedor;;Uds.;Precio;;Dto%;;Importe
;;;;;;;;;;;
134;fiorentino ses choco;;10- ECOPLAZA;;24,00;0,80;;0;;
;;;;;;;;;;;

TODAS;;
Codigo;Articulo;;Referencia;Proveedor;;Uds.;Precio;;Dto%;;Importe
;;;;;;;;;;;
3255;fisionatur;;10- ECOPLAZA;;4,00;10,05;;0;;
;;;;;;;;;;;

DEPORTE;;
Codigo;Articulo;;Referencia;Proveedor;;Uds.;Precio;;Dto%;;Importe
;;;;;;;;;;;
804;fit food cookeis choco dips1,6KG;;24- INDEX GROUP;;4,00;4,30;;0;;
;;;;;;;;;;;
803;FIT FOOD CHOCO MONKEY1,6KG;;24- INDEX GROUP;;4,00;4,30;;0;;
803;FIT FOOD CHOCO MONKEY1,6KG;;29- LIFE PRO;;1,00;4,30;;0;;
;;;;;;;;;;;
808;FIT FOOD CHOCO nuetra1,6KG;;24- INDEX GROUP;;2,00;4,30;;0;;
;;;;;;;;;;;

TODAS;;
Codigo;Articulo;;Referencia;Proveedor;;Uds.;Precio;;Dto%;;Importe
;;;;;;;;;;;
2004;FITKING cookie choc;;10013- POWERBODY;;3,00;1,26;;0;;
;;;;;;;;;;;
2009;FITKING CHOCO BL;;10013- POWERBODY;;3,00;1,26;;0;;
;;;;;;;;;;;
2005;fitking peanut;;10013- POWERBODY;;0,00;1,26;;0;;
;;;;;;;;;;;
2007;FITKING PEANUT RSBERRY;;10013- POWERBODY;;3,00;1,26;;0;;
;;;;;;;;;;;
2003;FITPROTEIN;;10013- POWERBODY;;2,00;10,83;;0;;
;;;;;;;;;;;

DEPORTE;;
Codigo;Articulo;;Referencia;Proveedor;;Uds.;Precio;;Dto%;;Importe
;;;;;;;;;;;
582;FLAPMAX COOKIE;;20- BIG UNIVERSAL;;24,00;1,73;;0;;
;;;;;;;;;;;
581;FLAPMAX CHOCO;;20- BIG UNIVERSAL;;24,00;1,73;;0;;
;;;;;;;;;;;

TODAS;;
Codigo;Articulo;;Referencia;Proveedor;;Uds.;Precio;;Dto%;;Importe
;;;;;;;;;;;
1810;flor bach n4;;10- ECOPLAZA;;1,00;10,10;;0;;
;;;;;;;;;;;
2155;fluidilege;;10- ECOPLAZA;;4,00;16,59;;50;;
;;;;;;;;;;;

COSMETICA;;
Codigo;Articulo;;Referencia;Proveedor;;Uds.;Precio;;Dto%;;Importe
;;;;;;;;;;;
655;fluido;;21-NATURAKOSMETIC;;4,00;8,55;;25;;
;;;;;;;;;;;

TODAS;;
Codigo;Articulo;;Referencia;Proveedor;;Uds.;Precio;;Dto%;;Importe
;;;;;;;;;;;
2723;fluido 30;;21-NATURAKOSMETIC;;6,00;9,53;;0;;
;;;;;;;;;;;

COSMETICA;;
Codigo;Articulo;;Referencia;Proveedor;;Uds.;Precio;;Dto%;;Importe
;;;;;;;;;;;
595;fluido facial vit c;;21-NATURAKOSMETIC;;3,00;9,33;;0;;

ARTICULOS - PROVEEDOR;;;;;Pagina 73 ;;;Fecha : 03/02/2026;;;
;;;;;;;;;;;

TODAS;;
Codigo;Articulo;;Referencia;Proveedor;;Uds.;Precio;;Dto%;;Importe
;;;;;;;;;;;
2721;fluido solar;;21-NATURAKOSMETIC;;6,00;7,84;;0;;
;;;;;;;;;;;
2724;FLUIDO SOLAR 30;;21-NATURAKOSMETIC;;1,00;9,35;;0;;
;;;;;;;;;;;
2722;FLUIDO SOLAR NIÑO 50;;21-NATURAKOSMETIC;;6,00;11,21;;0;;
;;;;;;;;;;;

DEPORTE;;
Codigo;Articulo;;Referencia;Proveedor;;Uds.;Precio;;Dto%;;Importe
;;;;;;;;;;;
1133;FOCUS LOLLIPOP;;20- BIG UNIVERSAL;;2,00;21,00;;0;;
;;;;;;;;;;;
1134;FOCUS SANDIA;;20- BIG UNIVERSAL;;1,00;21,00;;0;;
;;;;;;;;;;;

TODAS;;
Codigo;Articulo;;Referencia;Proveedor;;Uds.;Precio;;Dto%;;Importe
;;;;;;;;;;;
3193;FRAMBUESA;;7- BIOCOP;;18,00;3,74;;0;;
;;;;;;;;;;;

CONGELADOS;;
Codigo;Articulo;;Referencia;Proveedor;;Uds.;Precio;;Dto%;;Importe
;;;;;;;;;;;
884;FRAMBUESAS;;2- LA FINESTRASUL CIELO;;10,00;4,14;;0;;
;;;;;;;;;;;

TODAS;;
Codigo;Articulo;;Referencia;Proveedor;;Uds.;Precio;;Dto%;;Importe
;;;;;;;;;;;
3420;FREGASUELOS;;10- ECOPLAZA;;1,00;2,25;;0;;
;;;;;;;;;;;

CONGELADOS;;
Codigo;Articulo;;Referencia;Proveedor;;Uds.;Precio;;Dto%;;Importe
;;;;;;;;;;;
885;FRESAS;;2- LA FINESTRASUL CIELO;;10,00;3,56;;0;;
;;;;;;;;;;;

TODAS;;
Codigo;Articulo;;Referencia;Proveedor;;Uds.;Precio;;Dto%;;Importe
;;;;;;;;;;;
1836;fructosa;;3- FELIUBADALO;;2,00;2,20;;0;;
;;;;;;;;;;;
2372;FRUCTOSA;;10004- HSN;;2,00;4,08;;0;;
;;;;;;;;;;;
2034;FRULOVE JELLY;;10013- POWERBODY;;2,00;3,40;;0;;
;;;;;;;;;;;

NUTRICION;;
Codigo;Articulo;;Referencia;Proveedor;;Uds.;Precio;;Dto%;;Importe
;;;;;;;;;;;
840;FRUTTI OSITOS;;25- NUTRICIONSANTE;;11,00;2,33;;20;;
;;;;;;;;;;;

TODAS;;
Codigo;Articulo;;Referencia;Proveedor;;Uds.;Precio;;Dto%;;Importe
;;;;;;;;;;;
1725;fullness;;29- LIFE PRO;;3,00;13,90;;0;;
;;;;;;;;;;;

ALIMENTACION-PASTA;;
Codigo;Articulo;;Referencia;Proveedor;;Uds.;Precio;;Dto%;;Importe
;;;;;;;;;;;
246;FUSILLI QUINOA;;2- LA FINESTRASUL CIELO;;24,00;1,63;;0;;
;;;;;;;;;;;

TODAS;;
Codigo;Articulo;;Referencia;Proveedor;;Uds.;Precio;;Dto%;;Importe
;;;;;;;;;;;
2775;fusilli s/g sol n;;10- ECOPLAZA;;2,00;2,08;;0;;
ARTICULOS - PROVEEDOR;;;;;Pagina 74 ;;;Fecha : 03/02/2026;;;
;;;;;;;;;;;
1743;FUSILLI SARRACENO;;10- ECOPLAZA;;1,00;2,34;;0;;
1743;FUSILLI SARRACENO;;2- LA FINESTRASUL CIELO;;12,00;2,34;;0;;
;;;;;;;;;;;
1635;g5 gel 150ml;;33- SILICIUM;;2,00;15,00;;0;;
;;;;;;;;;;;
2421;G7 LEGS;;33- SILICIUM;;2,00;14,40;;0;;
;;;;;;;;;;;
2420;g7 lipo;;33- SILICIUM;;3,00;11,06;;0;;
;;;;;;;;;;;
1633;G7 SPORT;;33- SILICIUM;;3,00;22,99;;0;;
;;;;;;;;;;;
3431;gaba;;36- paimes;;2,00;8,80;;0;;
;;;;;;;;;;;
1727;GABA;;29- LIFE PRO;;6,00;6,90;;0;;
;;;;;;;;;;;
2677;galactomyces essence;;10018- STORE.K;;4,00;13,22;;0;;
;;;;;;;;;;;

ALIMENTACION-GALLETAS;;
Codigo;Articulo;;Referencia;Proveedor;;Uds.;Precio;;Dto%;;Importe
;;;;;;;;;;;
201;GALLETA L/G;;7- BIOCOP;;49,00;2,34;;25;;
;;;;;;;;;;;

TODAS;;
Codigo;Articulo;;Referencia;Proveedor;;Uds.;Precio;;Dto%;;Importe
;;;;;;;;;;;
1887;GALLETA RELLENAS S/G;;7- BIOCOP;;9,00;2,12;;0;;
;;;;;;;;;;;
3230;galletas;;3- FELIUBADALO;;1,00;1,37;;0;;
;;;;;;;;;;;
3231;GALLETAS;;3- FELIUBADALO;;1,00;1,37;;0;;
;;;;;;;;;;;
1744;GALLETAS ALBARICOQUE;;2- LA FINESTRASUL CIELO;;20,00;2,25;;0;;
;;;;;;;;;;;

ALIMENTACION-GALLETAS;;
Codigo;Articulo;;Referencia;Proveedor;;Uds.;Precio;;Dto%;;Importe
;;;;;;;;;;;
202;GALLETAS AVENA INTGCHOCO;;7- BIOCOP;;42,00;2,26;;0;;
;;;;;;;;;;;

TODAS;;
Codigo;Articulo;;Referencia;Proveedor;;Uds.;Precio;;Dto%;;Importe
;;;;;;;;;;;
1667;galletas bio espelta;;31- EBRO Diet;;9,00;2,75;;0;;
;;;;;;;;;;;
938;galletas cacao sin g;;2- LA FINESTRASUL CIELO;;30,00;2,25;;0;;
;;;;;;;;;;;
1772;GALLETAS CHIPS CHOCO;;7- BIOCOP;;16,00;2,44;;0;;
;;;;;;;;;;;

ALIMENTACION-GALLETAS;;
Codigo;Articulo;;Referencia;Proveedor;;Uds.;Precio;;Dto%;;Importe
;;;;;;;;;;;
327;GALLETAS CHOCO;;7- BIOCOP;;10,00;1,82;;0;;
;;;;;;;;;;;

ALIMENTACION;;
Codigo;Articulo;;Referencia;Proveedor;;Uds.;Precio;;Dto%;;Importe
;;;;;;;;;;;
937;GALLETAS DE ARANDANOS SG;;2- LA FINESTRASUL CIELO;;21,00;2,14;;0;;
937;GALLETAS DE ARANDANOS SG;;3- FELIUBADALO;;6,00;2,33;;10;;
;;;;;;;;;;;

TODAS;;
Codigo;Articulo;;Referencia;Proveedor;;Uds.;Precio;;Dto%;;Importe
;;;;;;;;;;;
1760;galletas de avena con frutas;;7- BIOCOP;;32,00;2,15;;25;;
;;;;;;;;;;;

ALIMENTACION;;
Codigo;Articulo;;Referencia;Proveedor;;Uds.;Precio;;Dto%;;Importe
;;;;;;;;;;;
1040;galletas de avena y sarraceno;;7- BIOCOP;;17,00;2,44;;15;;
;;;;;;;;;;;

ARTICULOS - PROVEEDOR;;;;;Pagina 75 ;;;Fecha : 03/02/2026;;;
TODAS;;
Codigo;Articulo;;Referencia;Proveedor;;Uds.;Precio;;Dto%;;Importe
;;;;;;;;;;;
2044;galletas de canela;;7- BIOCOP;;16,00;2,52;;0;;
;;;;;;;;;;;
1705;galletas de espelta;;3- FELIUBADALO;;3,00;2,40;;0;;
;;;;;;;;;;;
1759;GALLETAS DE ESPELTA S/AZ;;7- BIOCOP;;32,00;2,29;;25;;
;;;;;;;;;;;

ALIMENTACION;;
Codigo;Articulo;;Referencia;Proveedor;;Uds.;Precio;;Dto%;;Importe
;;;;;;;;;;;
1312;galletas de maiz y limon;;7- BIOCOP;;16,00;2,42;;20;;
;;;;;;;;;;;

TODAS;;
Codigo;Articulo;;Referencia;Proveedor;;Uds.;Precio;;Dto%;;Importe
;;;;;;;;;;;
2488;GALLETAS DE QUINOACACAO;;2- LA FINESTRASUL CIELO;;10,00;2,51;;0;;
;;;;;;;;;;;
2577;GALLETAS ESP CHOCO;;7- BIOCOP;;8,00;1,82;;0;;
;;;;;;;;;;;
3036;GALLETAS F.R;;7- BIOCOP;;1,00;2,64;;8;;
;;;;;;;;;;;

ALIMENTACION;;
Codigo;Articulo;;Referencia;Proveedor;;Uds.;Precio;;Dto%;;Importe
;;;;;;;;;;;
953;galletas fresa SG;;10- ECOPLAZA;;6,00;1,68;;0;;
;;;;;;;;;;;

ALIMENTACION-GALLETAS;;
Codigo;Articulo;;Referencia;Proveedor;;Uds.;Precio;;Dto%;;Importe
;;;;;;;;;;;
353;GALLETAS INTG;;7- BIOCOP;;21,00;1,70;;0;;
;;;;;;;;;;;
352;galletas intg chips choco;;7- BIOCOP;;34,00;1,53;;0;;
;;;;;;;;;;;

TODAS;;
Codigo;Articulo;;Referencia;Proveedor;;Uds.;Precio;;Dto%;;Importe
;;;;;;;;;;;
1771;galletas jen/lim;;7- BIOCOP;;8,00;3,38;;20;;
;;;;;;;;;;;
1770;galletas mela e carota;;7- BIOCOP;;8,00;2,71;;20;;
;;;;;;;;;;;
2362;galletas rellenas;;7- BIOCOP;;12,00;2,18;;0;;
;;;;;;;;;;;

ALIMENTACION;;
Codigo;Articulo;;Referencia;Proveedor;;Uds.;Precio;;Dto%;;Importe
;;;;;;;;;;;
1314;galletas s/az coco;;7- BIOCOP;;8,00;2,71;;0;;
;;;;;;;;;;;
1018;GALLETAS SALADAS;;7- BIOCOP;;25,00;2,29;;0;;
;;;;;;;;;;;
1313;GALLETAS SIN AZUCARCANELLA;;7- BIOCOP;;8,00;2,93;;0;;
;;;;;;;;;;;

TODAS;;
Codigo;Articulo;;Referencia;Proveedor;;Uds.;Precio;;Dto%;;Importe
;;;;;;;;;;;
3426;galletas sin gluten;;10- ECOPLAZA;;1,00;2,86;;0;;
;;;;;;;;;;;

ALIMENTACION;;
Codigo;Articulo;;Referencia;Proveedor;;Uds.;Precio;;Dto%;;Importe
;;;;;;;;;;;
1034;GALLETAS T SARRACENOALMENDRA SG;;7- BIOCOP;;16,00;2,71;;15;;
;;;;;;;;;;;
1032;GALLETAS T SARRACENOCOCO SG;;7- BIOCOP;;24,00;2,42;;15;;
;;;;;;;;;;;
1033;GALLETAS T SARRACENO SG;;7- BIOCOP;;16,00;2,71;;15;;
;;;;;;;;;;;

ARTICULOS - PROVEEDOR;;;;;Pagina 76 ;;;Fecha : 03/02/2026;;;
ALIMENTACION-LEGUMBRES;;
Codigo;Articulo;;Referencia;Proveedor;;Uds.;Precio;;Dto%;;Importe
;;;;;;;;;;;
151;GARBANZOS  540G;;4- BIONSAN;;12,00;1,65;;0;;
;;;;;;;;;;;

TODAS;;
Codigo;Articulo;;Referencia;Proveedor;;Uds.;Precio;;Dto%;;Importe
;;;;;;;;;;;
2060;GARBANZOS 1KG;;31- EBRO Diet;;6,00;1,86;;0;;
;;;;;;;;;;;

ALIMENTACION-LEGUMBRES;;
Codigo;Articulo;;Referencia;Proveedor;;Uds.;Precio;;Dto%;;Importe
;;;;;;;;;;;
303;garbanzos 500g;;5- ECOBASICS;;10,00;1,58;;0;;
;;;;;;;;;;;

ALIMENTACION-CONSERVAS;;
Codigo;Articulo;;Referencia;Proveedor;;Uds.;Precio;;Dto%;;Importe
;;;;;;;;;;;
445;GARBANZOS C 350G;;1- CAL VALLS;;8,00;1,25;;0;;
;;;;;;;;;;;
434;GARBANZOS C 700G;;1- CAL VALLS;;7,00;2,15;;0;;
;;;;;;;;;;;
755;garbanzos con acelgas;;4- BIONSAN;;10,00;2,46;;0;;
;;;;;;;;;;;
760;garbanzos con seitan;;4- BIONSAN;;6,00;2,36;;0;;
;;;;;;;;;;;

TODAS;;
Codigo;Articulo;;Referencia;Proveedor;;Uds.;Precio;;Dto%;;Importe
;;;;;;;;;;;
3108;GARCINIA NUTRALIE;;10- ECOPLAZA;;3,00;12,22;;25;;
;;;;;;;;;;;

NUTRICION;;
Codigo;Articulo;;Referencia;Proveedor;;Uds.;Precio;;Dto%;;Importe
;;;;;;;;;;;
1477;GARLIC;;29- LIFE PRO;;1,00;10,90;;0;;
;;;;;;;;;;;

TODAS;;
Codigo;Articulo;;Referencia;Proveedor;;Uds.;Precio;;Dto%;;Importe
;;;;;;;;;;;
3136;gaslletas mulitc;;7- BIOCOP;;6,00;2,27;;0;;
;;;;;;;;;;;
3081;GASSERI;;41- supersmart;;1,00;11,94;;0;;
;;;;;;;;;;;
3087;gastribiota;;10- ECOPLAZA;;1,00;9,98;;0;;
3087;gastribiota;;10020- N-PRO;;1,00;12,48;;20;;
;;;;;;;;;;;

NUTRICION;;
Codigo;Articulo;;Referencia;Proveedor;;Uds.;Precio;;Dto%;;Importe
;;;;;;;;;;;
1444;gastric optim;;10003- nutrinat;;8,00;8,20;;0;;
;;;;;;;;;;;

TODAS;;
Codigo;Articulo;;Referencia;Proveedor;;Uds.;Precio;;Dto%;;Importe
;;;;;;;;;;;
2244;gayuba;;31- EBRO Diet;;25,00;1,50;;5;;
;;;;;;;;;;;
3004;GAZPACHO;;1- CAL VALLS;;1,00;2,35;;0;;
;;;;;;;;;;;
975;gazpacho bio 1l;;28- ARTEOLIVA;;10,00;2,90;;0;;
;;;;;;;;;;;

ALIMENTACION;;
Codigo;Articulo;;Referencia;Proveedor;;Uds.;Precio;;Dto%;;Importe
;;;;;;;;;;;
976;GAZPACHO SG;;28- ARTEOLIVA;;10,00;1,65;;0;;
;;;;;;;;;;;

ARTICULOS - PROVEEDOR;;;;;Pagina 77 ;;;Fecha : 03/02/2026;;;
GRANEL;;
Codigo;Articulo;;Referencia;Proveedor;;Uds.;Precio;;Dto%;;Importe
;;;;;;;;;;;
653;GEL 3 EN 1;;21-NATURAKOSMETIC;;6,00;5,25;;25;;
;;;;;;;;;;;

HIGIENE PERSONAL;;
Codigo;Articulo;;Referencia;Proveedor;;Uds.;Precio;;Dto%;;Importe
;;;;;;;;;;;
1160;gel aloe;;31- EBRO Diet;;8,00;7,98;;0;;
;;;;;;;;;;;
351;GEL BAÑO 500ML;;7- BIOCOP;;6,00;8,78;;30;;
;;;;;;;;;;;

TODAS;;
Codigo;Articulo;;Referencia;Proveedor;;Uds.;Precio;;Dto%;;Importe
;;;;;;;;;;;
1881;GEL DE BAÑO;;7- BIOCOP;;1,00;8,78;;0;;
;;;;;;;;;;;

HIGIENE PERSONAL;;
Codigo;Articulo;;Referencia;Proveedor;;Uds.;Precio;;Dto%;;Importe
;;;;;;;;;;;
694;gel de baño bebe;;21-NATURAKOSMETIC;;2,00;7,14;;12;;
;;;;;;;;;;;

TODAS;;
Codigo;Articulo;;Referencia;Proveedor;;Uds.;Precio;;Dto%;;Importe
;;;;;;;;;;;
2311;GEL DE CEJAS;;21-NATURAKOSMETIC;;3,00;4,93;;0;;
;;;;;;;;;;;
2312;gel de cejas 02;;21-NATURAKOSMETIC;;3,00;4,93;;0;;
;;;;;;;;;;;

NUTRICION;;
Codigo;Articulo;;Referencia;Proveedor;;Uds.;Precio;;Dto%;;Importe
;;;;;;;;;;;
1599;GEL DE DUCHA PROPOLEO;;10012- APROLIS;;8,00;9,85;;0;;
;;;;;;;;;;;

COSMETICA;;
Codigo;Articulo;;Referencia;Proveedor;;Uds.;Precio;;Dto%;;Importe
;;;;;;;;;;;
691;GEL DE NOCHE ANTI AGE;;21-NATURAKOSMETIC;;2,00;8,65;;12;;
;;;;;;;;;;;

HIGIENE PERSONAL;;
Codigo;Articulo;;Referencia;Proveedor;;Uds.;Precio;;Dto%;;Importe
;;;;;;;;;;;
627;GEL DEFINIDOR RIZOS;;21-NATURAKOSMETIC;;6,00;8,02;;0;;
;;;;;;;;;;;

TODAS;;
Codigo;Articulo;;Referencia;Proveedor;;Uds.;Precio;;Dto%;;Importe
;;;;;;;;;;;
2761;GEL DENT;;10019- WELEDA;;2,00;4,60;;0;;
;;;;;;;;;;;
3385;gel ducha;;21-NATURAKOSMETIC;;4,00;9,72;;0;;
;;;;;;;;;;;
3386;GEL DUCHA;;21-NATURAKOSMETIC;;4,00;9,72;;0;;
;;;;;;;;;;;
2043;GEL DUCHA ALOE;;7- BIOCOP;;6,00;8,78;;25;;
;;;;;;;;;;;
2938;gel ducha amelie;;21-NATURAKOSMETIC;;1,00;3,57;;0;;
;;;;;;;;;;;

HIGIENE PERSONAL;;
Codigo;Articulo;;Referencia;Proveedor;;Uds.;Precio;;Dto%;;Importe
;;;;;;;;;;;
1274;gel ducha bebe;;21-NATURAKOSMETIC;;1,00;4,68;;0;;
;;;;;;;;;;;
1271;gel ducha karite;;21-NATURAKOSMETIC;;2,00;5,83;;5;;
;;;;;;;;;;;

TODAS;;
Codigo;Articulo;;Referencia;Proveedor;;Uds.;Precio;;Dto%;;Importe
ARTICULOS - PROVEEDOR;;;;;Pagina 78 ;;;Fecha : 03/02/2026;;;
;;;;;;;;;;;
2936;GEL DUCHA LIMON;;21-NATURAKOSMETIC;;1,00;6,45;;0;;
;;;;;;;;;;;
2720;GEL DUCHA SANTE;;21-NATURAKOSMETIC;;4,00;5,50;;0;;
;;;;;;;;;;;

HIGIENE PERSONAL;;
Codigo;Articulo;;Referencia;Proveedor;;Uds.;Precio;;Dto%;;Importe
;;;;;;;;;;;
592;GEL DUCHA VAINILLA;;21-NATURAKOSMETIC;;4,00;6,45;;0;;
;;;;;;;;;;;

COSMETICA;;
Codigo;Articulo;;Referencia;Proveedor;;Uds.;Precio;;Dto%;;Importe
;;;;;;;;;;;
688;GEL EXFOLIANTE;;21-NATURAKOSMETIC;;2,00;4,46;;12;;
;;;;;;;;;;;

TODAS;;
Codigo;Articulo;;Referencia;Proveedor;;Uds.;Precio;;Dto%;;Importe
;;;;;;;;;;;
1634;GEL G5;;33- SILICIUM;;2,00;6,00;;0;;
;;;;;;;;;;;
2725;gel inspire;;10019- WELEDA;;3,00;5,76;;0;;
;;;;;;;;;;;

HIGIENE PERSONAL;;
Codigo;Articulo;;Referencia;Proveedor;;Uds.;Precio;;Dto%;;Importe
;;;;;;;;;;;
338;GEL INTIMO;;7- BIOCOP;;6,00;3,54;;10;;
;;;;;;;;;;;

NUTRICION;;
Codigo;Articulo;;Referencia;Proveedor;;Uds.;Precio;;Dto%;;Importe
;;;;;;;;;;;
1600;gel intimo propoleo;;10012- APROLIS;;3,00;9,73;;0;;
;;;;;;;;;;;

COSMETICA;;
Codigo;Articulo;;Referencia;Proveedor;;Uds.;Precio;;Dto%;;Importe
;;;;;;;;;;;
687;gel limpiador;;21-NATURAKOSMETIC;;2,00;4,46;;12;;
;;;;;;;;;;;

TODAS;;
Codigo;Articulo;;Referencia;Proveedor;;Uds.;Precio;;Dto%;;Importe
;;;;;;;;;;;
3027;gel purificante;;10019- WELEDA;;1,00;6,33;;0;;
;;;;;;;;;;;
2726;GEL RELAX;;10019- WELEDA;;3,00;5,76;;0;;
;;;;;;;;;;;

COSMETICA;;
Codigo;Articulo;;Referencia;Proveedor;;Uds.;Precio;;Dto%;;Importe
;;;;;;;;;;;
656;GEL SOS;;21-NATURAKOSMETIC;;4,00;5,30;;25;;
;;;;;;;;;;;

TODAS;;
Codigo;Articulo;;Referencia;Proveedor;;Uds.;Precio;;Dto%;;Importe
;;;;;;;;;;;
2782;gel vera;;21-NATURAKOSMETIC;;1,00;3,61;;0;;
;;;;;;;;;;;
3145;GENGIVITAFORM;;10012- APROLIS;;45,00;14,14;;0;;
;;;;;;;;;;;

NUTRICION;;
Codigo;Articulo;;Referencia;Proveedor;;Uds.;Precio;;Dto%;;Importe
;;;;;;;;;;;
1583;GENGIVITAFORM;;10012- APROLIS;;20,00;14,14;;0;;
;;;;;;;;;;;
135;GERMEN DE TRIGO 300G;;10- ECOPLAZA;;6,00;1,26;;0;;
;;;;;;;;;;;

ALIMENTACION;;
Codigo;Articulo;;Referencia;Proveedor;;Uds.;Precio;;Dto%;;Importe
ARTICULOS - PROVEEDOR;;;;;Pagina 79 ;;;Fecha : 03/02/2026;;;
;;;;;;;;;;;
1551;ghee;;16- ORGANIC INDIA;;6,00;10,81;;0;;
;;;;;;;;;;;

TODAS;;
Codigo;Articulo;;Referencia;Proveedor;;Uds.;Precio;;Dto%;;Importe
;;;;;;;;;;;
1856;ghee200g;;10004- HSN;;7,00;6,57;;0;;
;;;;;;;;;;;

NUTRICION;;
Codigo;Articulo;;Referencia;Proveedor;;Uds.;Precio;;Dto%;;Importe
;;;;;;;;;;;
396;GILOY;;16- ORGANIC INDIA;;3,00;13,99;;0;;
;;;;;;;;;;;

ALIMENTACION-BEBIDAS-REFRESCOS;;
Codigo;Articulo;;Referencia;Proveedor;;Uds.;Precio;;Dto%;;Importe
;;;;;;;;;;;
139;GIN WHOLE;;10- ECOPLAZA;;12,00;1,06;;10;;
;;;;;;;;;;;

TODAS;;
Codigo;Articulo;;Referencia;Proveedor;;Uds.;Precio;;Dto%;;Importe
;;;;;;;;;;;
2667;ginger;;10009- faire;;12,00;1,30;;0;;
;;;;;;;;;;;

FRUTERIA;;
Codigo;Articulo;;Referencia;Proveedor;;Uds.;Precio;;Dto%;;Importe
;;;;;;;;;;;
1115;ginger;;1- CAL VALLS;;14,00;2,08;;0;;
;;;;;;;;;;;

ALIMENTACION-CONDIMENTOS;;
Codigo;Articulo;;Referencia;Proveedor;;Uds.;Precio;;Dto%;;Importe
;;;;;;;;;;;
780;gingibre;;4- BIONSAN;;5,00;1,64;;0;;
780;gingibre;;7- BIOCOP;;1,00;1,64;;0;;
;;;;;;;;;;;

TODAS;;
Codigo;Articulo;;Referencia;Proveedor;;Uds.;Precio;;Dto%;;Importe
;;;;;;;;;;;
1740;ginkgo 6500mg;;3- FELIUBADALO;;2,00;10,75;;0;;
;;;;;;;;;;;
1951;GINKGO 80;;10023- TONGIL;;1,00;16,52;;0;;
;;;;;;;;;;;
2560;ginkgo biloba;;31- EBRO Diet;;6,00;1,59;;0;;
;;;;;;;;;;;
2156;GINKGO BILOBA;;10- ECOPLAZA;;1,00;9,99;;50;;
;;;;;;;;;;;

NUTRICION;;
Codigo;Articulo;;Referencia;Proveedor;;Uds.;Precio;;Dto%;;Importe
;;;;;;;;;;;
983;GINKGO BILOBA;;11- organicasuperfoods;;6,00;5,45;;0;;
983;GINKGO BILOBA;;15- orgacicasuperfoods;;8,00;5,45;;0;;
;;;;;;;;;;;

TODAS;;
Codigo;Articulo;;Referencia;Proveedor;;Uds.;Precio;;Dto%;;Importe
;;;;;;;;;;;
2377;GINKGO LEAF;;10013- POWERBODY;;1,00;9,28;;0;;
;;;;;;;;;;;
2157;ginkgofit;;10- ECOPLAZA;;1,00;13,49;;50;;
;;;;;;;;;;;

NUTRICION;;
Codigo;Articulo;;Referencia;Proveedor;;Uds.;Precio;;Dto%;;Importe
;;;;;;;;;;;
389;GINSENG SIBERIANO;;15- orgacicasuperfoods;;8,00;9,09;;0;;
;;;;;;;;;;;

ARTICULOS - PROVEEDOR;;;;;Pagina 80 ;;;Fecha : 03/02/2026;;;
TODAS;;
Codigo;Articulo;;Referencia;Proveedor;;Uds.;Precio;;Dto%;;Importe
;;;;;;;;;;;
3258;GIRASOL;;7- BIOCOP;;4,00;1,05;;0;;
;;;;;;;;;;;
3393;gloss;;21-NATURAKOSMETIC;;5,00;7,28;;0;;
;;;;;;;;;;;
3515;GLOSS;;21-NATURAKOSMETIC;;1,00;7,64;;0;;
;;;;;;;;;;;
2645;glow ginseng;;10018- STORE.K;;1,00;8,77;;0;;
;;;;;;;;;;;
2633;GLOW RICA+ALPHA;;10018- STORE.K;;2,00;8,28;;0;;
;;;;;;;;;;;
2161;glow skin;;10- ECOPLAZA;;2,00;21,78;;30;;
;;;;;;;;;;;
2644;GLOW TEA+PANTHENOL;;10018- STORE.K;;2,00;8,28;;0;;
;;;;;;;;;;;
3080;glp-1 boster;;41- supersmart;;1,00;39,14;;0;;
;;;;;;;;;;;
1814;gluco care;;10004- HSN;;13,00;15,84;;0;;
;;;;;;;;;;;
2703;gluco-ampk;;36- paimes;;6,00;12,40;;0;;
;;;;;;;;;;;
2205;GLUCOBEST;;10016- VITOBEST;;2,00;12,86;;0;;
;;;;;;;;;;;
2190;GLUCOFIT;;10013- POWERBODY;;4,00;8,07;;0;;
;;;;;;;;;;;
2048;GLUCOMANANA;;10008- BIODISPHARMA;;6,00;6,50;;0;;
;;;;;;;;;;;
2540;glucomannan+chromium;;10017- BIOTECH;;1,00;13,50;;0;;
;;;;;;;;;;;
1931;GLUCOSAMINA;;19- ALDOUS;;5,00;15,97;;0;;
;;;;;;;;;;;
2864;GLUCOSAMINA NUTRLEI;;10- ECOPLAZA;;3,00;13,98;;0;;
;;;;;;;;;;;
3055;GLUCOSE COMPLEX;;10- ECOPLAZA;;1,00;14,56;;0;;
;;;;;;;;;;;

DEPORTE;;
Codigo;Articulo;;Referencia;Proveedor;;Uds.;Precio;;Dto%;;Importe
;;;;;;;;;;;
1556;GLUTA BIG 500G;;20- BIG UNIVERSAL;;3,00;16,43;;0;;
;;;;;;;;;;;

TODAS;;
Codigo;Articulo;;Referencia;Proveedor;;Uds.;Precio;;Dto%;;Importe
;;;;;;;;;;;
2274;glutabig;;20- BIG UNIVERSAL;;2,00;19,00;;0;;
;;;;;;;;;;;
2273;GLUTABIG;;20- BIG UNIVERSAL;;2,00;19,00;;0;;
;;;;;;;;;;;
3458;glutamina;;10004- HSN;;1,00;6,33;;0;;
;;;;;;;;;;;
3171;glutathion 250mg;;10013- POWERBODY;;3,00;11,70;;0;;
;;;;;;;;;;;
2382;GLUTATHIONE;;10013- POWERBODY;;2,00;12,30;;0;;
;;;;;;;;;;;

NUTRICION;;
Codigo;Articulo;;Referencia;Proveedor;;Uds.;Precio;;Dto%;;Importe
;;;;;;;;;;;
1646;GLUTATHIONE;;10004- HSN;;1,00;24,73;;0;;
;;;;;;;;;;;

TODAS;;
Codigo;Articulo;;Referencia;Proveedor;;Uds.;Precio;;Dto%;;Importe
;;;;;;;;;;;
3170;glutathione 500mg;;10013- POWERBODY;;3,00;10,41;;0;;
;;;;;;;;;;;
1909;gluten;;4- BIONSAN;;2,00;3,81;;0;;
;;;;;;;;;;;
3173;glycerin vegetal;;10013- POWERBODY;;2,00;2,66;;0;;
;;;;;;;;;;;

NUTRICION;;
Codigo;Articulo;;Referencia;Proveedor;;Uds.;Precio;;Dto%;;Importe
;;;;;;;;;;;
1357;GLYCINE NOW;;10004- HSN;;3,00;10,57;;0;;
;;;;;;;;;;;

ARTICULOS - PROVEEDOR;;;;;Pagina 81 ;;;Fecha : 03/02/2026;;;
TODAS;;
Codigo;Articulo;;Referencia;Proveedor;;Uds.;Precio;;Dto%;;Importe
;;;;;;;;;;;
3014;GLYNAC+;;10022- webotanix;;1,00;16,33;;30;;
;;;;;;;;;;;

ALIMENTACION;;
Codigo;Articulo;;Referencia;Proveedor;;Uds.;Precio;;Dto%;;Importe
;;;;;;;;;;;
1431;goji;;10011- bioprasad;;17,00;2,13;;0;;
;;;;;;;;;;;

TODAS;;
Codigo;Articulo;;Referencia;Proveedor;;Uds.;Precio;;Dto%;;Importe
;;;;;;;;;;;
3211;GOJI;;5- ECOBASICS;;4,00;2,63;;0;;
;;;;;;;;;;;
3195;GOJI 200G;;15- orgacicasuperfoods;;6,00;6,23;;0;;
;;;;;;;;;;;

NUTRICION;;
Codigo;Articulo;;Referencia;Proveedor;;Uds.;Precio;;Dto%;;Importe
;;;;;;;;;;;
1539;GOLAGEN joint;;10004- HSN;;1,00;4,68;;0;;
;;;;;;;;;;;

TODAS;;
Codigo;Articulo;;Referencia;Proveedor;;Uds.;Precio;;Dto%;;Importe
;;;;;;;;;;;
3143;GOLD PROPOLIS;;10012- APROLIS;;18,00;10,17;;0;;
;;;;;;;;;;;
1709;gold protien 2kg;;34- LASTONRED;;1,00;56,86;;0;;
;;;;;;;;;;;
2246;golden milk;;16- ORGANIC INDIA;;4,00;9,54;;0;;
;;;;;;;;;;;
1418;goma arabiga;;10011- bioprasad;;5,00;1,66;;0;;
;;;;;;;;;;;

ALIMENTACION-CONDIMENTOS;;
Codigo;Articulo;;Referencia;Proveedor;;Uds.;Precio;;Dto%;;Importe
;;;;;;;;;;;
762;GOMASIO;;4- BIONSAN;;9,00;1,97;;0;;
762;GOMASIO;;7- BIOCOP;;1,00;1,97;;0;;
;;;;;;;;;;;

ALIMENTACION-ORIENTAL;;
Codigo;Articulo;;Referencia;Proveedor;;Uds.;Precio;;Dto%;;Importe
;;;;;;;;;;;
193;GOMASIO ALGAS;;4- BIONSAN;;7,00;2,13;;0;;
193;GOMASIO ALGAS;;7- BIOCOP;;1,00;2,13;;0;;
;;;;;;;;;;;

TODAS;;
Codigo;Articulo;;Referencia;Proveedor;;Uds.;Precio;;Dto%;;Importe
;;;;;;;;;;;
2665;gomasio curcuma;;4- BIONSAN;;4,00;2,13;;0;;
2665;gomasio curcuma;;7- BIOCOP;;1,00;2,13;;0;;
;;;;;;;;;;;
2349;good mael;;10017- BIOTECH;;4,00;13,45;;0;;
;;;;;;;;;;;

DEPORTE;;
Codigo;Articulo;;Referencia;Proveedor;;Uds.;Precio;;Dto%;;Importe
;;;;;;;;;;;
570;GOOD MONRNING CHOCOCREAM;;20- BIG UNIVERSAL;;2,00;5,90;;0;;
;;;;;;;;;;;

TODAS;;
Codigo;Articulo;;Referencia;Proveedor;;Uds.;Precio;;Dto%;;Importe
;;;;;;;;;;;
1570;GOOD MORNING;;20- BIG UNIVERSAL;;3,00;6,20;;0;;
;;;;;;;;;;;

ARTICULOS - PROVEEDOR;;;;;Pagina 82 ;;;Fecha : 03/02/2026;;;
DEPORTE;;
Codigo;Articulo;;Referencia;Proveedor;;Uds.;Precio;;Dto%;;Importe
;;;;;;;;;;;
567;GOOD MORNING BROWNIE;;20- BIG UNIVERSAL;;2,00;5,90;;0;;
;;;;;;;;;;;
568;GOOD MORNING DONUT;;20- BIG UNIVERSAL;;2,00;5,90;;0;;
;;;;;;;;;;;
569;GOOD MORNING DONUTS;;20- BIG UNIVERSAL;;2,00;5,90;;0;;
;;;;;;;;;;;
571;GOOD MORNING NUTCHOC;;20- BIG UNIVERSAL;;2,00;5,90;;0;;
;;;;;;;;;;;

ALIMENTACION;;
Codigo;Articulo;;Referencia;Proveedor;;Uds.;Precio;;Dto%;;Importe
;;;;;;;;;;;
1328;gordo lobo;;3- FELIUBADALO;;4,00;1,20;;0;;
;;;;;;;;;;;

TODAS;;
Codigo;Articulo;;Referencia;Proveedor;;Uds.;Precio;;Dto%;;Importe
;;;;;;;;;;;
2523;gotu kola;;10004- HSN;;2,00;6,57;;0;;
;;;;;;;;;;;
1835;GRAM MASALA;;10- ECOPLAZA;;1,00;1,85;;0;;
1835;GRAM MASALA;;3- FELIUBADALO;;3,00;1,85;;0;;
;;;;;;;;;;;
2185;GRANADA MASK;;10013- POWERBODY;;4,00;1,56;;0;;
;;;;;;;;;;;

ALIMENTACION-PASTELERIA;;
Codigo;Articulo;;Referencia;Proveedor;;Uds.;Precio;;Dto%;;Importe
;;;;;;;;;;;
614;granillo almendra;;23- BIOCOMERCIO;;11,00;2,38;;0;;
614;granillo almendra;;7- BIOCOP;;1,00;1,50;;0;;
;;;;;;;;;;;

NUTRICION;;
Codigo;Articulo;;Referencia;Proveedor;;Uds.;Precio;;Dto%;;Importe
;;;;;;;;;;;
390;GRANOLA;;15- orgacicasuperfoods;;6,00;5,68;;0;;
;;;;;;;;;;;

TODAS;;
Codigo;Articulo;;Referencia;Proveedor;;Uds.;Precio;;Dto%;;Importe
;;;;;;;;;;;
3438;grapseed oil;;10013- POWERBODY;;1,00;2,31;;0;;
;;;;;;;;;;;
2989;graviola;;36- paimes;;1,00;13,60;;0;;
;;;;;;;;;;;
2356;graviola max;;3- FELIUBADALO;;1,00;10,89;;0;;
;;;;;;;;;;;

NUTRICION;;
Codigo;Articulo;;Referencia;Proveedor;;Uds.;Precio;;Dto%;;Importe
;;;;;;;;;;;
1267;GREEN MIX;;15- orgacicasuperfoods;;2,00;9,55;;0;;
;;;;;;;;;;;

TODAS;;
Codigo;Articulo;;Referencia;Proveedor;;Uds.;Precio;;Dto%;;Importe
;;;;;;;;;;;
1569;greens;;20- BIG UNIVERSAL;;2,00;12,25;;0;;
;;;;;;;;;;;

ALIMENTACION-PANAES;;
Codigo;Articulo;;Referencia;Proveedor;;Uds.;Precio;;Dto%;;Importe
;;;;;;;;;;;
248;GRISSINES INTGR F;;2- LA FINESTRASUL CIELO;;6,00;1,82;;0;;
;;;;;;;;;;;
249;grissines sesamo f;;2- LA FINESTRASUL CIELO;;6,00;1,82;;0;;
;;;;;;;;;;;

TODAS;;
Codigo;Articulo;;Referencia;Proveedor;;Uds.;Precio;;Dto%;;Importe
;;;;;;;;;;;
3039;grissini sesamo biocop;;7- BIOCOP;;1,00;1,97;;8;;
ARTICULOS - PROVEEDOR;;;;;Pagina 83 ;;;Fecha : 03/02/2026;;;
;;;;;;;;;;;
1738;grow;;20- BIG UNIVERSAL;;3,00;15,50;;0;;
;;;;;;;;;;;
3445;GRYFFINDOR;;10013- POWERBODY;;2,00;8,54;;0;;
;;;;;;;;;;;
2355;GUANABANA;;3- FELIUBADALO;;2,00;5,99;;0;;
;;;;;;;;;;;
2797;guante;;16- ORGANIC INDIA;;1,00;12,72;;20;;
;;;;;;;;;;;

DEPORTE;;
Codigo;Articulo;;Referencia;Proveedor;;Uds.;Precio;;Dto%;;Importe
;;;;;;;;;;;
1374;guantes;;29- LIFE PRO;;1,00;4,57;;0;;
;;;;;;;;;;;

NUTRICION;;
Codigo;Articulo;;Referencia;Proveedor;;Uds.;Precio;;Dto%;;Importe
;;;;;;;;;;;
381;GUARANA;;11- organicasuperfoods;;12,00;5,45;;0;;
381;GUARANA;;15- orgacicasuperfoods;;23,00;5,45;;0;;
;;;;;;;;;;;

CONGELADOS;;
Codigo;Articulo;;Referencia;Proveedor;;Uds.;Precio;;Dto%;;Importe
;;;;;;;;;;;
888;GUISANTES;;2- LA FINESTRASUL CIELO;;8,00;2,06;;0;;
;;;;;;;;;;;

ALIMENTACION-LEGUMBRES;;
Codigo;Articulo;;Referencia;Proveedor;;Uds.;Precio;;Dto%;;Importe
;;;;;;;;;;;
158;GUISANTES GRANO;;4- BIONSAN;;12,00;1,59;;0;;
;;;;;;;;;;;

NUTRICION;;
Codigo;Articulo;;Referencia;Proveedor;;Uds.;Precio;;Dto%;;Importe
;;;;;;;;;;;
1214;GUM GUAR;;10004- HSN;;2,00;1,98;;0;;
;;;;;;;;;;;
1213;GUM XANTAN;;10004- HSN;;9,00;3,48;;0;;
;;;;;;;;;;;
1639;GYMNEMA;;10004- HSN;;2,00;3,23;;0;;
;;;;;;;;;;;

ALIMENTACION-PASTELERIA;;
Codigo;Articulo;;Referencia;Proveedor;;Uds.;Precio;;Dto%;;Importe
;;;;;;;;;;;
162;H CENTENO INTG 500G;;4- BIONSAN;;3,00;1,12;;0;;
;;;;;;;;;;;

TODAS;;
Codigo;Articulo;;Referencia;Proveedor;;Uds.;Precio;;Dto%;;Importe
;;;;;;;;;;;
2455;HAIR COMPLEX;;5- ECOBASICS;;12,00;14,56;;0;;
;;;;;;;;;;;
3435;hand cream;;10013- POWERBODY;;1,00;1,09;;0;;
;;;;;;;;;;;
2496;HAPPY NATURA;;31- EBRO Diet;;6,00;2,70;;0;;
;;;;;;;;;;;

ALIMENTACION-HARINAS;;
Codigo;Articulo;;Referencia;Proveedor;;Uds.;Precio;;Dto%;;Importe
;;;;;;;;;;;
286;HARINA ARROZ INTG SGLUTEN;;5- ECOBASICS;;24,00;1,75;;0;;
;;;;;;;;;;;

ALIMENTACION-PASTELERIA;;
Codigo;Articulo;;Referencia;Proveedor;;Uds.;Precio;;Dto%;;Importe
;;;;;;;;;;;
171;HARINA AVENA INTG 500G;;4- BIONSAN;;16,00;1,24;;0;;
;;;;;;;;;;;
164;HARINA BL ESPELTA 500G;;4- BIONSAN;;10,00;1,86;;0;;
;;;;;;;;;;;
161;HARINA COCO 500G;;4- BIONSAN;;9,00;2,35;;0;;
;;;;;;;;;;;

ARTICULOS - PROVEEDOR;;;;;Pagina 84 ;;;Fecha : 03/02/2026;;;
TODAS;;
Codigo;Articulo;;Referencia;Proveedor;;Uds.;Precio;;Dto%;;Importe
;;;;;;;;;;;
1845;harina de algarroba;;5- ECOBASICS;;6,00;0,88;;0;;
;;;;;;;;;;;
2882;HARINA DE ALGARROBA 250G;;10011- bioprasad;;1,00;1,29;;0;;
;;;;;;;;;;;
3354;harina de almendra;;23- BIOCOMERCIO;;1,00;4,93;;0;;
;;;;;;;;;;;

ALIMENTACION-PASTELERIA;;
Codigo;Articulo;;Referencia;Proveedor;;Uds.;Precio;;Dto%;;Importe
;;;;;;;;;;;
613;HARINA DE ALMENDRA;;23- BIOCOMERCIO;;10,00;1,67;;0;;
;;;;;;;;;;;

TODAS;;
Codigo;Articulo;;Referencia;Proveedor;;Uds.;Precio;;Dto%;;Importe
;;;;;;;;;;;
1961;HARINA DE ALMENDRA 100G;;23- BIOCOMERCIO;;21,00;1,69;;0;;
1961;HARINA DE ALMENDRA 100G;;7- BIOCOP;;1,00;1,69;;0;;
;;;;;;;;;;;
1962;harina de almendra 150g;;23- BIOCOMERCIO;;12,00;2,34;;0;;
;;;;;;;;;;;
1963;HARINA DE ALMENDRA 500G;;23- BIOCOMERCIO;;11,00;6,18;;0;;
1963;HARINA DE ALMENDRA 500G;;7- BIOCOP;;1,00;6,18;;0;;
;;;;;;;;;;;
2840;HARINA DE ALMENDRA 800G;;23- BIOCOMERCIO;;8,00;10,89;;0;;
;;;;;;;;;;;
2883;harina de arroz blanca 500g;;10011- bioprasad;;1,00;2,27;;0;;
;;;;;;;;;;;
3322;harina de avena;;10- ECOPLAZA;;1,00;1,69;;0;;
;;;;;;;;;;;

ALIMENTACION;;
Codigo;Articulo;;Referencia;Proveedor;;Uds.;Precio;;Dto%;;Importe
;;;;;;;;;;;
1372;harina de avena s g;;10011- bioprasad;;12,00;1,87;;0;;
;;;;;;;;;;;

TODAS;;
Codigo;Articulo;;Referencia;Proveedor;;Uds.;Precio;;Dto%;;Importe
;;;;;;;;;;;
2854;HARINA DE BANANA;;3- FELIUBADALO;;1,00;4,14;;0;;
;;;;;;;;;;;
1824;HARINA DE COCO;;10011- bioprasad;;3,00;1,71;;0;;
;;;;;;;;;;;

ALIMENTACION;;
Codigo;Articulo;;Referencia;Proveedor;;Uds.;Precio;;Dto%;;Importe
;;;;;;;;;;;
1414;HARINA DE GARBANZOS;;10011- bioprasad;;6,00;1,99;;0;;
;;;;;;;;;;;

TODAS;;
Codigo;Articulo;;Referencia;Proveedor;;Uds.;Precio;;Dto%;;Importe
;;;;;;;;;;;
3324;harina de maiz;;10- ECOPLAZA;;1,00;2,17;;0;;
;;;;;;;;;;;

ALIMENTACION;;
Codigo;Articulo;;Referencia;Proveedor;;Uds.;Precio;;Dto%;;Importe
;;;;;;;;;;;
1371;HARINA DE MAIZ;;10011- bioprasad;;6,00;1,77;;0;;
;;;;;;;;;;;

TODAS;;
Codigo;Articulo;;Referencia;Proveedor;;Uds.;Precio;;Dto%;;Importe
;;;;;;;;;;;
1831;HARINA DE MIJO;;10011- bioprasad;;3,00;2,21;;0;;
;;;;;;;;;;;
3121;HARINA DE PLATANO;;3- FELIUBADALO;;1,00;3,95;;0;;
;;;;;;;;;;;
2045;HARINA DE SOGRHO;;7- BIOCOP;;6,00;2,69;;5;;
;;;;;;;;;;;

ARTICULOS - PROVEEDOR;;;;;Pagina 85 ;;;Fecha : 03/02/2026;;;
ALIMENTACION;;
Codigo;Articulo;;Referencia;Proveedor;;Uds.;Precio;;Dto%;;Importe
;;;;;;;;;;;
1464;harina de tapioca;;2- LA FINESTRASUL CIELO;;8,00;2,86;;0;;
;;;;;;;;;;;

TODAS;;
Codigo;Articulo;;Referencia;Proveedor;;Uds.;Precio;;Dto%;;Importe
;;;;;;;;;;;
3355;HARINA desgrasada;;23- BIOCOMERCIO;;1,00;2,15;;0;;
;;;;;;;;;;;

ALIMENTACION-PASTELERIA;;
Codigo;Articulo;;Referencia;Proveedor;;Uds.;Precio;;Dto%;;Importe
;;;;;;;;;;;
166;HARINA ESPELTA INTG 500G;;4- BIONSAN;;10,00;1,75;;0;;
;;;;;;;;;;;

ALIMENTACION-HARINAS;;
Codigo;Articulo;;Referencia;Proveedor;;Uds.;Precio;;Dto%;;Importe
;;;;;;;;;;;
287;harina garbanzos 500g;;5- ECOBASICS;;12,00;1,87;;0;;
;;;;;;;;;;;

ALIMENTACION;;
Codigo;Articulo;;Referencia;Proveedor;;Uds.;Precio;;Dto%;;Importe
;;;;;;;;;;;
1417;HARINA GUAR;;10011- bioprasad;;3,00;1,27;;0;;
;;;;;;;;;;;

ALIMENTACION-PASTELERIA;;
Codigo;Articulo;;Referencia;Proveedor;;Uds.;Precio;;Dto%;;Importe
;;;;;;;;;;;
170;HARINA INTG 1KG;;4- BIONSAN;;10,00;2,03;;0;;
;;;;;;;;;;;
169;HARINA KAMUT 500G;;4- BIONSAN;;10,00;2,55;;0;;
;;;;;;;;;;;
168;HARINA MAIZ 500G;;4- BIONSAN;;10,00;1,68;;0;;
;;;;;;;;;;;

ALIMENTACION-HARINAS;;
Codigo;Articulo;;Referencia;Proveedor;;Uds.;Precio;;Dto%;;Importe
;;;;;;;;;;;
288;HARINA SARRACENO 500G;;5- ECOBASICS;;48,00;2,00;;0;;
;;;;;;;;;;;

TODAS;;
Codigo;Articulo;;Referencia;Proveedor;;Uds.;Precio;;Dto%;;Importe
;;;;;;;;;;;
2860;harina sarraceno s/g;;10- ECOPLAZA;;12,00;2,78;;0;;
;;;;;;;;;;;

ALIMENTACION-PASTELERIA;;
Codigo;Articulo;;Referencia;Proveedor;;Uds.;Precio;;Dto%;;Importe
;;;;;;;;;;;
167;HARINA TRIGO BL 1KG;;4- BIONSAN;;10,00;2,03;;0;;
;;;;;;;;;;;
165;HARINA TRIGO BL 500G;;4- BIONSAN;;10,00;1,14;;0;;
;;;;;;;;;;;

TODAS;;
Codigo;Articulo;;Referencia;Proveedor;;Uds.;Precio;;Dto%;;Importe
;;;;;;;;;;;
2621;harpagofito 50ml;;10012- APROLIS;;3,00;8,61;;0;;
;;;;;;;;;;;
1564;health complex;;10017- BIOTECH;;1,00;20,95;;0;;
1564;health complex;;20- BIG UNIVERSAL;;1,00;20,95;;0;;
;;;;;;;;;;;

CONGELADOS;;
Codigo;Articulo;;Referencia;Proveedor;;Uds.;Precio;;Dto%;;Importe
;;;;;;;;;;;
879;HELADO 6 MINISTECCHI;;2- LA FINESTRASUL CIELO;;6,00;5,58;;0;;
;;;;;;;;;;;
880;HELADO 8MINI SORBETE;;2- LA FINESTRASUL CIELO;;12,00;3,47;;0;;
;;;;;;;;;;;
ARTICULOS - PROVEEDOR;;;;;Pagina 86 ;;;Fecha : 03/02/2026;;;
875;HELADO ARANDANOS;;2- LA FINESTRASUL CIELO;;8,00;4,29;;0;;
;;;;;;;;;;;
874;HELADO CHOCO;;2- LA FINESTRASUL CIELO;;8,00;4,29;;0;;
;;;;;;;;;;;
881;HELADO DE FRAMBUESAS;;2- LA FINESTRASUL CIELO;;8,00;3,88;;0;;
;;;;;;;;;;;
873;HELADO DE KEFIR;;2- LA FINESTRASUL CIELO;;8,00;4,29;;0;;
;;;;;;;;;;;

GRANEL;;
Codigo;Articulo;;Referencia;Proveedor;;Uds.;Precio;;Dto%;;Importe
;;;;;;;;;;;
872;HELADO DE PISTACHO;;2- LA FINESTRASUL CIELO;;12,00;1,94;;0;;
;;;;;;;;;;;

CONGELADOS;;
Codigo;Articulo;;Referencia;Proveedor;;Uds.;Precio;;Dto%;;Importe
;;;;;;;;;;;
889;HELADO DE YOGUR PACK3;;2- LA FINESTRASUL CIELO;;1,00;3,96;;0;;
;;;;;;;;;;;
877;HELADO JUNIOR CHOCO;;2- LA FINESTRASUL CIELO;;8,00;3,64;;0;;
;;;;;;;;;;;
878;HELDO CHOCO PACK 3;;2- LA FINESTRASUL CIELO;;8,00;3,64;;0;;
;;;;;;;;;;;

TODAS;;
Codigo;Articulo;;Referencia;Proveedor;;Uds.;Precio;;Dto%;;Importe
;;;;;;;;;;;
2204;HELLCORE;;10016- VITOBEST;;4,00;15,40;;0;;
;;;;;;;;;;;
2772;hemamalis;;10- ECOPLAZA;;6,00;2,25;;0;;
;;;;;;;;;;;
2450;HEMATOCURE;;10012- APROLIS;;4,00;14,39;;0;;
;;;;;;;;;;;
3222;HEMO CARE;;10004- HSN;;3,00;9,47;;0;;
;;;;;;;;;;;
2353;hemosil;;33- SILICIUM;;2,00;12,23;;15;;
;;;;;;;;;;;
3198;herbal fermnt;;15- orgacicasuperfoods;;2,00;12,09;;0;;
;;;;;;;;;;;
1802;herbaprolis;;10012- APROLIS;;10,00;11,23;;0;;
;;;;;;;;;;;

NUTRICION;;
Codigo;Articulo;;Referencia;Proveedor;;Uds.;Precio;;Dto%;;Importe
;;;;;;;;;;;
1590;HERPROPOL;;10012- APROLIS;;10,00;7,52;;0;;
;;;;;;;;;;;
1581;HG EXTRACT;;10012- APROLIS;;9,00;11,71;;0;;
;;;;;;;;;;;

TODAS;;
Codigo;Articulo;;Referencia;Proveedor;;Uds.;Precio;;Dto%;;Importe
;;;;;;;;;;;
2451;HIALURONIC;;10012- APROLIS;;8,00;30,48;;0;;
;;;;;;;;;;;

ALIMENTACION-TES;;
Codigo;Articulo;;Referencia;Proveedor;;Uds.;Precio;;Dto%;;Importe
;;;;;;;;;;;
471;hibisco +;;10- ECOPLAZA;;6,00;2,05;;5;;
;;;;;;;;;;;

TODAS;;
Codigo;Articulo;;Referencia;Proveedor;;Uds.;Precio;;Dto%;;Importe
;;;;;;;;;;;
2962;HIDROLATO DE SALVIA;;10012- APROLIS;;1,00;8,43;;0;;
;;;;;;;;;;;
3051;hidrolato HELICRISO;;10012- APROLIS;;1,00;8,93;;0;;
;;;;;;;;;;;
3049;hidrolato HEMAMALIS;;10012- APROLIS;;1,00;9,48;;0;;
;;;;;;;;;;;
3050;hidrolato jara;;10012- APROLIS;;1,00;8,43;;0;;
;;;;;;;;;;;
2966;hidrolato lavanda;;10012- APROLIS;;2,00;9,15;;0;;
;;;;;;;;;;;
2963;hidrolato neroli;;10012- APROLIS;;1,00;9,90;;0;;
;;;;;;;;;;;
2967;hidrolato ROMERO;;10012- APROLIS;;2,00;9,48;;0;;
;;;;;;;;;;;

ARTICULOS - PROVEEDOR;;;;;Pagina 87 ;;;Fecha : 03/02/2026;;;
2964;hidrolato ROSA;;10012- APROLIS;;2,00;10,04;;0;;
;;;;;;;;;;;

NUTRICION;;
Codigo;Articulo;;Referencia;Proveedor;;Uds.;Precio;;Dto%;;Importe
;;;;;;;;;;;
834;HIERBA DE TRIGO;;25- NUTRICIONSANTE;;6,00;5,26;;20;;
;;;;;;;;;;;

TODAS;;
Codigo;Articulo;;Referencia;Proveedor;;Uds.;Precio;;Dto%;;Importe
;;;;;;;;;;;
2498;hierba luisa;;31- EBRO Diet;;3,00;1,60;;0;;
;;;;;;;;;;;
2657;hierba san juan;;10015-SURAVITASAN;;2,00;20,80;;50;;
;;;;;;;;;;;
3119;HIERRO;;10004- HSN;;2,00;7,69;;0;;
;;;;;;;;;;;
3202;hierro aldous;;19- ALDOUS;;2,00;14,70;;0;;
;;;;;;;;;;;
2818;higado de rape;;3- FELIUBADALO;;1,00;3,00;;0;;
;;;;;;;;;;;
1670;HIGH PROTEIN KEFIRPOWDER;;10009- faire;;7,00;14,00;;0;;
;;;;;;;;;;;

ALIMENTACION-FRUTOS SECOS;;
Codigo;Articulo;;Referencia;Proveedor;;Uds.;Precio;;Dto%;;Importe
;;;;;;;;;;;
183;HIGOS 200G;;4- BIONSAN;;4,00;2,41;;0;;
;;;;;;;;;;;

TODAS;;
Codigo;Articulo;;Referencia;Proveedor;;Uds.;Precio;;Dto%;;Importe
;;;;;;;;;;;
2505;higos secos;;7- BIOCOP;;10,00;2,50;;0;;
;;;;;;;;;;;

HIGIENE PERSONAL;;
Codigo;Articulo;;Referencia;Proveedor;;Uds.;Precio;;Dto%;;Importe
;;;;;;;;;;;
708;HILO D CARBON;;21-NATURAKOSMETIC;;1,00;2,31;;12;;
;;;;;;;;;;;
709;hilo d dolbe;;21-NATURAKOSMETIC;;2,00;2,31;;12;;
;;;;;;;;;;;
707;hilo d menta;;21-NATURAKOSMETIC;;2,00;2,31;;12;;
;;;;;;;;;;;

TODAS;;
Codigo;Articulo;;Referencia;Proveedor;;Uds.;Precio;;Dto%;;Importe
;;;;;;;;;;;
2942;hilo dental carbon;;21-NATURAKOSMETIC;;1,00;2,31;;0;;
;;;;;;;;;;;
2176;himalaya almond;;10013- POWERBODY;;2,00;1,04;;0;;
;;;;;;;;;;;
1974;hinojo;;10- ECOPLAZA;;12,00;1,65;;0;;
;;;;;;;;;;;

ALIMENTACION-CONSERVAS;;
Codigo;Articulo;;Referencia;Proveedor;;Uds.;Precio;;Dto%;;Importe
;;;;;;;;;;;
146;HINOJO FERM;;4- BIONSAN;;10,00;3,15;;3;;
;;;;;;;;;;;

TODAS;;
Codigo;Articulo;;Referencia;Proveedor;;Uds.;Precio;;Dto%;;Importe
;;;;;;;;;;;
2921;HIPERFITOTENS;;36- paimes;;3,00;10,40;;0;;
;;;;;;;;;;;
1745;HIPERICO;;2- LA FINESTRASUL CIELO;;6,00;1,35;;0;;
;;;;;;;;;;;
2707;hipervita;;36- paimes;;3,00;5,00;;0;;
;;;;;;;;;;;

ALIMENTACION-PASTELERIA;;
Codigo;Articulo;;Referencia;Proveedor;;Uds.;Precio;;Dto%;;Importe
;;;;;;;;;;;
163;HIRINA ALGARROBA 250G;;4- BIONSAN;;6,00;2,08;;0;;

ARTICULOS - PROVEEDOR;;;;;Pagina 88 ;;;Fecha : 03/02/2026;;;
;;;;;;;;;;;

TODAS;;
Codigo;Articulo;;Referencia;Proveedor;;Uds.;Precio;;Dto%;;Importe
;;;;;;;;;;;
3084;HISTABALANCE;;10020- N-PRO;;1,00;16,26;;20;;
;;;;;;;;;;;

NUTRICION;;
Codigo;Articulo;;Referencia;Proveedor;;Uds.;Precio;;Dto%;;Importe
;;;;;;;;;;;
1353;HOJA DE MORERA 500mgSWANSON;;10004- HSN;;1,00;7,58;;0;;
;;;;;;;;;;;

ALIMENTACION;;
Codigo;Articulo;;Referencia;Proveedor;;Uds.;Precio;;Dto%;;Importe
;;;;;;;;;;;
1330;hoja frambuesa;;3- FELIUBADALO;;2,00;1,45;;0;;
;;;;;;;;;;;

TODAS;;
Codigo;Articulo;;Referencia;Proveedor;;Uds.;Precio;;Dto%;;Importe
;;;;;;;;;;;
1915;HOJAS DE PAPAYA;;10009- faire;;8,00;5,75;;0;;
;;;;;;;;;;;

ALIMENTACION-BEBIDAS;;
Codigo;Articulo;;Referencia;Proveedor;;Uds.;Precio;;Dto%;;Importe
;;;;;;;;;;;
424;horchata 1l;;1- CAL VALLS;;12,00;2,40;;0;;
;;;;;;;;;;;

TODAS;;
Codigo;Articulo;;Referencia;Proveedor;;Uds.;Precio;;Dto%;;Importe
;;;;;;;;;;;
2830;HORNY GOAT;;10013- POWERBODY;;1,00;13,11;;0;;
;;;;;;;;;;;
1188;huevo;;1- CAL VALLS;;12,00;2,10;;0;;
;;;;;;;;;;;
3447;HUFFLEPUFF;;10013- POWERBODY;;2,00;8,54;;0;;
;;;;;;;;;;;
1932;HUMIFICADOR;;10012- APROLIS;;4,00;22,86;;0;;
;;;;;;;;;;;

ALIMENTACION;;
Codigo;Articulo;;Referencia;Proveedor;;Uds.;Precio;;Dto%;;Importe
;;;;;;;;;;;
1460;hummus;;2- LA FINESTRASUL CIELO;;12,00;2,20;;0;;
;;;;;;;;;;;

TODAS;;
Codigo;Articulo;;Referencia;Proveedor;;Uds.;Precio;;Dto%;;Importe
;;;;;;;;;;;
2629;HUMMUS;;10- ECOPLAZA;;2,00;2,75;;0;;
;;;;;;;;;;;

ALIMENTACION-ORIENTAL;;
Codigo;Articulo;;Referencia;Proveedor;;Uds.;Precio;;Dto%;;Importe
;;;;;;;;;;;
905;HUMMUS CON ALGAS;;10001- ALGAMAR;;8,00;2,79;;0;;
;;;;;;;;;;;

TODAS;;
Codigo;Articulo;;Referencia;Proveedor;;Uds.;Precio;;Dto%;;Importe
;;;;;;;;;;;
1863;HUMMUS CON BONIATO ENPOLVO;;10004- HSN;;3,00;3,90;;0;;
;;;;;;;;;;;
1862;hummus polvo;;10004- HSN;;3,00;1,93;;0;;
;;;;;;;;;;;

ALIMENTACION-CONSERVAS;;
Codigo;Articulo;;Referencia;Proveedor;;Uds.;Precio;;Dto%;;Importe
;;;;;;;;;;;
153;HUMMUS REM;;4- BIONSAN;;16,00;1,59;;0;;
;;;;;;;;;;;

ARTICULOS - PROVEEDOR;;;;;Pagina 89 ;;;Fecha : 03/02/2026;;;
NUTRICION;;
Codigo;Articulo;;Referencia;Proveedor;;Uds.;Precio;;Dto%;;Importe
;;;;;;;;;;;
388;HUNGUS 7 MIX;;15- orgacicasuperfoods;;6,00;10,18;;0;;
;;;;;;;;;;;

TODAS;;
Codigo;Articulo;;Referencia;Proveedor;;Uds.;Precio;;Dto%;;Importe
;;;;;;;;;;;
3058;HYDRO WHEY;;10017- BIOTECH;;1,00;55,50;;0;;
;;;;;;;;;;;

DEPORTE;;
Codigo;Articulo;;Referencia;Proveedor;;Uds.;Precio;;Dto%;;Importe
;;;;;;;;;;;
1211;HYDROLISADE CLEAR 1KG;;10004- HSN;;2,00;25,67;;0;;
;;;;;;;;;;;

TODAS;;
Codigo;Articulo;;Referencia;Proveedor;;Uds.;Precio;;Dto%;;Importe
;;;;;;;;;;;
2732;HYPER MASS;;10017- BIOTECH;;3,00;25,90;;0;;
;;;;;;;;;;;
3070;HYPERMASS;;10017- BIOTECH;;1,00;25,90;;0;;
;;;;;;;;;;;

DEPORTE;;
Codigo;Articulo;;Referencia;Proveedor;;Uds.;Precio;;Dto%;;Importe
;;;;;;;;;;;
1007;ICE DREAM COKIES;;29- LIFE PRO;;2,00;2,75;;0;;
;;;;;;;;;;;
1005;ICE DREAM PEANUT BUTTER;;29- LIFE PRO;;2,00;2,75;;0;;
;;;;;;;;;;;
1006;ICE DREAM VAINILLA;;29- LIFE PRO;;2,00;2,75;;0;;
;;;;;;;;;;;

TODAS;;
Codigo;Articulo;;Referencia;Proveedor;;Uds.;Precio;;Dto%;;Importe
;;;;;;;;;;;
1785;immunity;;16- ORGANIC INDIA;;5,00;13,99;;10;;
;;;;;;;;;;;
3126;IMMUNITY;;10022- webotanix;;6,00;12,24;;0;;
;;;;;;;;;;;
3185;IMMUNITY NUTRALIE;;10- ECOPLAZA;;8,00;11,46;;0;;
;;;;;;;;;;;

NUTRICION;;
Codigo;Articulo;;Referencia;Proveedor;;Uds.;Precio;;Dto%;;Importe
;;;;;;;;;;;
1638;IMMUPROBIO;;10003- nutrinat;;2,00;28,40;;0;;
;;;;;;;;;;;

ALIMENTACION;;
Codigo;Articulo;;Referencia;Proveedor;;Uds.;Precio;;Dto%;;Importe
;;;;;;;;;;;
1416;impulsador;;10011- bioprasad;;4,00;1,42;;0;;
;;;;;;;;;;;
1415;IMPULSADOR;;10011- bioprasad;;4,00;1,58;;0;;
;;;;;;;;;;;

TODAS;;
Codigo;Articulo;;Referencia;Proveedor;;Uds.;Precio;;Dto%;;Importe
;;;;;;;;;;;
2817;INCESE STICK;;10- ECOPLAZA;;10,00;2,90;;0;;
;;;;;;;;;;;
2791;incienso;;10- ECOPLAZA;;6,00;1,85;;5;;
;;;;;;;;;;;
3427;INCIENSO;;10- ECOPLAZA;;1,00;2,90;;0;;
;;;;;;;;;;;
2659;INFLA-HEAL;;10015-SURAVITASAN;;3,00;51,20;;50;;
;;;;;;;;;;;
3368;INFUSION;;10009- faire;;4,00;2,66;;0;;
;;;;;;;;;;;
3010;INHALADOR NARIZ;;10012- APROLIS;;1,00;3,97;;0;;
;;;;;;;;;;;

ARTICULOS - PROVEEDOR;;;;;Pagina 90 ;;;Fecha : 03/02/2026;;;
NUTRICION;;
Codigo;Articulo;;Referencia;Proveedor;;Uds.;Precio;;Dto%;;Importe
;;;;;;;;;;;
1584;inmsitake;;10012- APROLIS;;16,00;11,43;;0;;
;;;;;;;;;;;

TODAS;;
Codigo;Articulo;;Referencia;Proveedor;;Uds.;Precio;;Dto%;;Importe
;;;;;;;;;;;
2482;inmuvita;;36- paimes;;6,00;5,00;;0;;
;;;;;;;;;;;
3439;INOSITOL;;10013- POWERBODY;;1,00;11,31;;0;;
;;;;;;;;;;;
2821;inositol 500mg now;;10013- POWERBODY;;2,00;6,81;;0;;
;;;;;;;;;;;
2833;INOSITOL+CHOLIN;;10013- POWERBODY;;1,00;11,01;;0;;
;;;;;;;;;;;

DEPORTE;;
Codigo;Articulo;;Referencia;Proveedor;;Uds.;Precio;;Dto%;;Importe
;;;;;;;;;;;
1008;INSTANT OAT BROWNIE;;29- LIFE PRO;;1,00;5,30;;0;;
;;;;;;;;;;;
1009;INSTANT OAT COOKIES;;29- LIFE PRO;;1,00;5,30;;0;;
;;;;;;;;;;;

TODAS;;
Codigo;Articulo;;Referencia;Proveedor;;Uds.;Precio;;Dto%;;Importe
;;;;;;;;;;;
2371;INULINA;;10004- HSN;;2,00;2,99;;0;;
;;;;;;;;;;;
3410;islado pro 2kg;;10004- HSN;;1,00;31,11;;0;;
;;;;;;;;;;;
2910;ISO 1816G CATALANA;;10017- BIOTECH;;2,00;59,89;;0;;
;;;;;;;;;;;
3241;iso avellana;;10017- BIOTECH;;1,00;59,89;;0;;
;;;;;;;;;;;
3238;ISO BANAN;;10017- BIOTECH;;1,00;59,89;;0;;
;;;;;;;;;;;
3065;ISO BLACK;;10017- BIOTECH;;1,00;60,90;;0;;
;;;;;;;;;;;
2911;iso black choco;;10017- BIOTECH;;1,00;60,90;;0;;
;;;;;;;;;;;
2913;ISO BLACK FRESA;;10017- BIOTECH;;2,00;60,90;;0;;
;;;;;;;;;;;
2912;ISO BLACK VAINILLA;;10017- BIOTECH;;2,00;60,90;;0;;
;;;;;;;;;;;
2914;ISO CHOCO;;10017- BIOTECH;;2,00;59,89;;0;;
;;;;;;;;;;;
3240;ISO FRESA;;10017- BIOTECH;;1,00;59,89;;0;;
;;;;;;;;;;;
2915;iso lemon;;10017- BIOTECH;;1,00;59,90;;0;;
;;;;;;;;;;;
2916;ISO MANGO;;10017- BIOTECH;;1,00;59,90;;0;;
;;;;;;;;;;;
3239;iso pistacho;;10017- BIOTECH;;1,00;59,90;;0;;
;;;;;;;;;;;
2094;ISO TERAMISU;;29- LIFE PRO;;2,00;21,90;;0;;
;;;;;;;;;;;
2917;iso tiramisu;;10017- BIOTECH;;1,00;59,90;;0;;
;;;;;;;;;;;
2918;ISO VAINILLA;;10017- BIOTECH;;2,00;59,90;;0;;
;;;;;;;;;;;
2526;isotonic ice tea;;10013- POWERBODY;;1,00;4,70;;0;;
;;;;;;;;;;;
2395;ISOTONIC LIMON;;10013- POWERBODY;;4,00;5,54;;0;;
;;;;;;;;;;;

NUTRICION;;
Codigo;Articulo;;Referencia;Proveedor;;Uds.;Precio;;Dto%;;Importe
;;;;;;;;;;;
1589;J CLASSIC KIDS;;10012- APROLIS;;9,00;11,54;;0;;
;;;;;;;;;;;

TODAS;;
Codigo;Articulo;;Referencia;Proveedor;;Uds.;Precio;;Dto%;;Importe
;;;;;;;;;;;
2955;jabon arcilla roja;;21-NATURAKOSMETIC;;1,00;2,26;;0;;
;;;;;;;;;;;
2741;JABON CALENDULA;;10019- WELEDA;;2,00;3,44;;0;;
;;;;;;;;;;;
3078;JABON DE CURCUMA;;3- FELIUBADALO;;1,00;1,90;;0;;
;;;;;;;;;;;

ARTICULOS - PROVEEDOR;;;;;Pagina 91 ;;;Fecha : 03/02/2026;;;
3218;JABON DE NEEM;;16- ORGANIC INDIA;;6,00;3,47;;0;;
;;;;;;;;;;;
3219;jabon de rosas;;16- ORGANIC INDIA;;6,00;3,47;;0;;
;;;;;;;;;;;
2954;JABON DEPILAR;;21-NATURAKOSMETIC;;1,00;5,85;;0;;
;;;;;;;;;;;
2957;jabon higuera;;21-NATURAKOSMETIC;;1,00;2,33;;0;;
;;;;;;;;;;;
2956;JABON LECHE DE BURRA;;21-NATURAKOSMETIC;;1,00;2,94;;0;;
;;;;;;;;;;;
2284;JABON NEGRO;;21-NATURAKOSMETIC;;1,00;2,94;;0;;
;;;;;;;;;;;

HIGIENE PERSONAL;;
Codigo;Articulo;;Referencia;Proveedor;;Uds.;Precio;;Dto%;;Importe
;;;;;;;;;;;
683;jabon oliva 300g;;21-NATURAKOSMETIC;;2,00;2,92;;12;;
;;;;;;;;;;;
1601;JABON PROPOLEO;;10012- APROLIS;;7,00;6,81;;0;;
;;;;;;;;;;;

ALIMENTACION;;
Codigo;Articulo;;Referencia;Proveedor;;Uds.;Precio;;Dto%;;Importe
;;;;;;;;;;;
1148;JABON QUITAMANCHAS;;10- ECOPLAZA;;3,00;2,56;;0;;
;;;;;;;;;;;

NUTRICION;;
Codigo;Articulo;;Referencia;Proveedor;;Uds.;Precio;;Dto%;;Importe
;;;;;;;;;;;
1499;JALEA FORTE 2000MG;;10012- APROLIS;;6,00;17,81;;0;;
;;;;;;;;;;;

TODAS;;
Codigo;Articulo;;Referencia;Proveedor;;Uds.;Precio;;Dto%;;Importe
;;;;;;;;;;;
2160;JALEA REAL;;10- ECOPLAZA;;2,00;14,25;;50;;
;;;;;;;;;;;

NUTRICION;;
Codigo;Articulo;;Referencia;Proveedor;;Uds.;Precio;;Dto%;;Importe
;;;;;;;;;;;
1242;JALEA REAL;;10008- BIODISPHARMA;;6,00;4,90;;0;;
;;;;;;;;;;;
1497;JALEA REAL NIÑOS;;10012- APROLIS;;13,00;11,68;;0;;
;;;;;;;;;;;
1498;JALEA REAL PERLAS 1000MG;;10012- APROLIS;;6,00;11,93;;0;;
;;;;;;;;;;;
1596;jarabe classic;;10012- APROLIS;;27,00;11,03;;0;;
;;;;;;;;;;;

TODAS;;
Codigo;Articulo;;Referencia;Proveedor;;Uds.;Precio;;Dto%;;Importe
;;;;;;;;;;;
2517;JENGIBRE;;10- ECOPLAZA;;6,00;1,95;;5;;
;;;;;;;;;;;

ALIMENTACION-CONDIMENTOS;;
Codigo;Articulo;;Referencia;Proveedor;;Uds.;Precio;;Dto%;;Importe
;;;;;;;;;;;
313;jengibre 80g;;5- ECOBASICS;;18,00;1,58;;0;;
;;;;;;;;;;;

TODAS;;
Codigo;Articulo;;Referencia;Proveedor;;Uds.;Precio;;Dto%;;Importe
;;;;;;;;;;;
2319;jengibre candi;;7- BIOCOP;;9,00;1,86;;0;;
;;;;;;;;;;;
2242;jingibre deshidratado;;31- EBRO Diet;;6,00;3,20;;0;;
;;;;;;;;;;;
3006;JOJOBA;;10012- APROLIS;;1,00;11,15;;0;;
;;;;;;;;;;;

COSMETICA;;
Codigo;Articulo;;Referencia;Proveedor;;Uds.;Precio;;Dto%;;Importe
;;;;;;;;;;;
511;JOJOBA CBD;;19- ALDOUS;;2,00;7,90;;0;;

ARTICULOS - PROVEEDOR;;;;;Pagina 92 ;;;Fecha : 03/02/2026;;;
;;;;;;;;;;;

CONGELADOS;;
Codigo;Articulo;;Referencia;Proveedor;;Uds.;Precio;;Dto%;;Importe
;;;;;;;;;;;
887;JUDIAS;;2- LA FINESTRASUL CIELO;;6,00;1,83;;0;;
;;;;;;;;;;;

NUTRICION;;
Codigo;Articulo;;Referencia;Proveedor;;Uds.;Precio;;Dto%;;Importe
;;;;;;;;;;;
865;JUDIAS VERDES;;25- NUTRICIONSANTE;;6,00;1,70;;20;;
;;;;;;;;;;;

TODAS;;
Codigo;Articulo;;Referencia;Proveedor;;Uds.;Precio;;Dto%;;Importe
;;;;;;;;;;;
2053;JUGO ALOE VERA;;3- FELIUBADALO;;1,00;6,67;;0;;
;;;;;;;;;;;
3510;juliana;;7- BIOCOP;;1,00;2,44;;0;;
;;;;;;;;;;;

ALIMENTACION-PASTA;;
Codigo;Articulo;;Referencia;Proveedor;;Uds.;Precio;;Dto%;;Importe
;;;;;;;;;;;
30;JURASICO 500G CAS;;1- CAL VALLS;;1,00;1,05;;0;;
;;;;;;;;;;;

NUTRICION;;
Codigo;Articulo;;Referencia;Proveedor;;Uds.;Precio;;Dto%;;Importe
;;;;;;;;;;;
1443;K2 D3;;10003- nutrinat;;4,00;8,00;;0;;
;;;;;;;;;;;

TODAS;;
Codigo;Articulo;;Referencia;Proveedor;;Uds.;Precio;;Dto%;;Importe
;;;;;;;;;;;
3165;K2 MK7;;10013- POWERBODY;;2,00;8,77;;0;;
;;;;;;;;;;;
1907;KALE;;4- BIONSAN;;16,00;0,89;;0;;
;;;;;;;;;;;
1970;KARITE;;10009- faire;;6,00;3,70;;0;;
;;;;;;;;;;;

ALIMENTACION-SALSAS;;
Codigo;Articulo;;Referencia;Proveedor;;Uds.;Precio;;Dto%;;Importe
;;;;;;;;;;;
452;kechup;;1- CAL VALLS;;6,00;2,07;;0;;
;;;;;;;;;;;

ALIMENTACION-BEBIDAS-AGUA;;
Codigo;Articulo;;Referencia;Proveedor;;Uds.;Precio;;Dto%;;Importe
;;;;;;;;;;;
195;KEFIR AGUA;;4- BIONSAN;;4,00;2,12;;0;;
;;;;;;;;;;;

TODAS;;
Codigo;Articulo;;Referencia;Proveedor;;Uds.;Precio;;Dto%;;Importe
;;;;;;;;;;;
3362;kefir cabra;;31- EBRO Diet;;1,00;2,78;;0;;
;;;;;;;;;;;

ALIMENTACION;;
Codigo;Articulo;;Referencia;Proveedor;;Uds.;Precio;;Dto%;;Importe
;;;;;;;;;;;
1150;kefir cabra 1l;;31- EBRO Diet;;6,00;4,70;;0;;
;;;;;;;;;;;

REFRIGERADOS;;
Codigo;Articulo;;Referencia;Proveedor;;Uds.;Precio;;Dto%;;Importe
;;;;;;;;;;;
1152;kefir de oveja;;31- EBRO Diet;;9,00;2,68;;0;;
;;;;;;;;;;;

ARTICULOS - PROVEEDOR;;;;;Pagina 93 ;;;Fecha : 03/02/2026;;;
TODAS;;
Codigo;Articulo;;Referencia;Proveedor;;Uds.;Precio;;Dto%;;Importe
;;;;;;;;;;;
1841;kefir de vaca;;31- EBRO Diet;;18,00;1,99;;0;;
;;;;;;;;;;;

ALIMENTACION-BEBIDAS-KOMBUCHA;;
Codigo;Articulo;;Referencia;Proveedor;;Uds.;Precio;;Dto%;;Importe
;;;;;;;;;;;
196;KEFIR GING LIM;;4- BIONSAN;;2,00;2,65;;3;;
;;;;;;;;;;;

REFRIGERADOS;;
Codigo;Articulo;;Referencia;Proveedor;;Uds.;Precio;;Dto%;;Importe
;;;;;;;;;;;
1151;KEFIR GRIEGO CABRA;;31- EBRO Diet;;8,00;2,78;;0;;
;;;;;;;;;;;

TODAS;;
Codigo;Articulo;;Referencia;Proveedor;;Uds.;Precio;;Dto%;;Importe
;;;;;;;;;;;
1669;KEFIR SUAVE;;31- EBRO Diet;;9,00;2,78;;0;;
;;;;;;;;;;;

REFRIGERADOS;;
Codigo;Articulo;;Referencia;Proveedor;;Uds.;Precio;;Dto%;;Importe
;;;;;;;;;;;
1153;KEFIR UP FRESA;;31- EBRO Diet;;8,00;2,76;;0;;
;;;;;;;;;;;
1155;KEFIR UP LIMON;;31- EBRO Diet;;9,00;2,76;;0;;
;;;;;;;;;;;
1154;kefir up natural;;31- EBRO Diet;;9,00;2,66;;0;;
;;;;;;;;;;;

TODAS;;
Codigo;Articulo;;Referencia;Proveedor;;Uds.;Precio;;Dto%;;Importe
;;;;;;;;;;;
1692;ketchup;;3- FELIUBADALO;;2,00;2,82;;0;;
;;;;;;;;;;;

DEPORTE;;
Codigo;Articulo;;Referencia;Proveedor;;Uds.;Precio;;Dto%;;Importe
;;;;;;;;;;;
577;KETCHUP;;20- BIG UNIVERSAL;;8,00;2,90;;0;;
;;;;;;;;;;;

TODAS;;
Codigo;Articulo;;Referencia;Proveedor;;Uds.;Precio;;Dto%;;Importe
;;;;;;;;;;;
1864;keto cafe;;10004- HSN;;2,00;4,18;;0;;
1864;keto cafe;;10009- faire;;1,00;4,18;;0;;
;;;;;;;;;;;
1865;KETO CREAMER;;10004- HSN;;1,00;4,68;;0;;
;;;;;;;;;;;
1536;KETOGENIC GOLAGEN;;10004- HSN;;2,00;4,18;;0;;
;;;;;;;;;;;

NUTRICION;;
Codigo;Articulo;;Referencia;Proveedor;;Uds.;Precio;;Dto%;;Importe
;;;;;;;;;;;
1537;KETOGENIC GOLAGEN;;10004- HSN;;2,00;4,18;;0;;
;;;;;;;;;;;

TODAS;;
Codigo;Articulo;;Referencia;Proveedor;;Uds.;Precio;;Dto%;;Importe
;;;;;;;;;;;
3456;KETONE;;10004- HSN;;1,00;10,58;;0;;
;;;;;;;;;;;

ALIMENTACION-ORIENTAL;;
Codigo;Articulo;;Referencia;Proveedor;;Uds.;Precio;;Dto%;;Importe
;;;;;;;;;;;
188;KIMCHI;;4- BIONSAN;;24,00;3,18;;0;;
;;;;;;;;;;;

ARTICULOS - PROVEEDOR;;;;;Pagina 94 ;;;Fecha : 03/02/2026;;;
DEPORTE;;
Codigo;Articulo;;Referencia;Proveedor;;Uds.;Precio;;Dto%;;Importe
;;;;;;;;;;;
1291;KIT CRUNCHY;;29- LIFE PRO;;24,00;1,25;;0;;
;;;;;;;;;;;

TODAS;;
Codigo;Articulo;;Referencia;Proveedor;;Uds.;Precio;;Dto%;;Importe
;;;;;;;;;;;
2960;kit recarga anti mosqueto;;21-NATURAKOSMETIC;;1,00;3,85;;0;;
;;;;;;;;;;;

ALIMENTACION-ALGAS;;
Codigo;Articulo;;Referencia;Proveedor;;Uds.;Precio;;Dto%;;Importe
;;;;;;;;;;;
89;KOMBU 25g;;3- FELIUBADALO;;8,00;1,50;;0;;
;;;;;;;;;;;

ALIMENTACION-BEBIDAS-KOMBUCHA;;
Codigo;Articulo;;Referencia;Proveedor;;Uds.;Precio;;Dto%;;Importe
;;;;;;;;;;;
522;KOMBUCHA  MAN CAYEN;;10- ECOPLAZA;;1,00;1,77;;0;;
522;KOMBUCHA  MAN CAYEN;;2- LA FINESTRASUL CIELO;;6,00;1,77;;0;;
;;;;;;;;;;;
524;KOMBUCHA 750ML;;2- LA FINESTRASUL CIELO;;12,00;2,82;;10;;
;;;;;;;;;;;

TODAS;;
Codigo;Articulo;;Referencia;Proveedor;;Uds.;Precio;;Dto%;;Importe
;;;;;;;;;;;
2685;KOMBUCHA CEREZA;;2- LA FINESTRASUL CIELO;;6,00;1,77;;0;;
;;;;;;;;;;;

ALIMENTACION-BEBIDAS-KOMBUCHA;;
Codigo;Articulo;;Referencia;Proveedor;;Uds.;Precio;;Dto%;;Importe
;;;;;;;;;;;
523;KOMBUCHA FR ROJOS;;2- LA FINESTRASUL CIELO;;6,00;1,77;;0;;
;;;;;;;;;;;
82;KOMBUCHA FRM 1L;;10- ECOPLAZA;;1,00;2,17;;0;;
82;KOMBUCHA FRM 1L;;3- FELIUBADALO;;8,00;2,29;;5;;
;;;;;;;;;;;

TODAS;;
Codigo;Articulo;;Referencia;Proveedor;;Uds.;Precio;;Dto%;;Importe
;;;;;;;;;;;
1919;kombucha gin;;10- ECOPLAZA;;12,00;1,58;;10;;
;;;;;;;;;;;

ALIMENTACION-BEBIDAS-KOMBUCHA;;
Codigo;Articulo;;Referencia;Proveedor;;Uds.;Precio;;Dto%;;Importe
;;;;;;;;;;;
81;KOMBUCHA GIN/L 1L;;3- FELIUBADALO;;8,00;2,29;;0;;
;;;;;;;;;;;

ALIMENTACION;;
Codigo;Articulo;;Referencia;Proveedor;;Uds.;Precio;;Dto%;;Importe
;;;;;;;;;;;
1520;KOMBUCHA GREEN;;10- ECOPLAZA;;6,00;1,58;;0;;
;;;;;;;;;;;

ALIMENTACION-BEBIDAS-KOMBUCHA;;
Codigo;Articulo;;Referencia;Proveedor;;Uds.;Precio;;Dto%;;Importe
;;;;;;;;;;;
525;kombucha lata;;2- LA FINESTRASUL CIELO;;24,00;1,50;;0;;
;;;;;;;;;;;
255;kombucha marakuya 33cl;;2- LA FINESTRASUL CIELO;;12,00;1,77;;10;;
;;;;;;;;;;;

ALIMENTACION;;
Codigo;Articulo;;Referencia;Proveedor;;Uds.;Precio;;Dto%;;Importe
;;;;;;;;;;;
1521;kombucha te;;10- ECOPLAZA;;6,00;1,58;;0;;
;;;;;;;;;;;
946;KOMBUJITO;;10- ECOPLAZA;;0,00;1,58;;0;;

ARTICULOS - PROVEEDOR;;;;;Pagina 95 ;;;Fecha : 03/02/2026;;;
;;;;;;;;;;;

ALIMENTACION-BEBIDAS-KOMBUCHA;;
Codigo;Articulo;;Referencia;Proveedor;;Uds.;Precio;;Dto%;;Importe
;;;;;;;;;;;
744;KOMVIDA  F R;;10- ECOPLAZA;;25,00;1,58;;0;;
;;;;;;;;;;;
746;KOMVIDA  GR MANZANA;;10- ECOPLAZA;;7,00;4,30;;0;;
;;;;;;;;;;;
747;KOMVIDA  piña colada;;10- ECOPLAZA;;13,00;1,58;;0;;
;;;;;;;;;;;
748;KOMVIDA  SUPERGLOW;;10- ECOPLAZA;;25,00;1,58;;0;;
;;;;;;;;;;;
749;KOMVIDA  zanahoria curc;;10- ECOPLAZA;;13,00;1,58;;0;;
;;;;;;;;;;;
750;KOMVIDA komujito 750ml;;10- ECOPLAZA;;6,00;4,30;;0;;
;;;;;;;;;;;
745;KOMVIDA mango;;10- ECOPLAZA;;19,00;1,58;;0;;
;;;;;;;;;;;

TODAS;;
Codigo;Articulo;;Referencia;Proveedor;;Uds.;Precio;;Dto%;;Importe
;;;;;;;;;;;
1721;kong;;20- BIG UNIVERSAL;;5,00;25,75;;0;;
;;;;;;;;;;;
1722;KONG;;20- BIG UNIVERSAL;;6,00;25,75;;0;;
;;;;;;;;;;;

ALIMENTACION-ORIENTAL;;
Codigo;Articulo;;Referencia;Proveedor;;Uds.;Precio;;Dto%;;Importe
;;;;;;;;;;;
724;konjac arroz;;10- ECOPLAZA;;9,00;2,51;;3;;
;;;;;;;;;;;

ALIMENTACION-GALLETAS;;
Codigo;Articulo;;Referencia;Proveedor;;Uds.;Precio;;Dto%;;Importe
;;;;;;;;;;;
129;KOOKIE MONSTER;;10- ECOPLAZA;;14,00;1,08;;0;;
;;;;;;;;;;;
133;KOOKIE VANILLA;;10- ECOPLAZA;;14,00;1,13;;0;;
;;;;;;;;;;;
132;kookies berries;;10- ECOPLAZA;;14,00;1,08;;0;;
;;;;;;;;;;;
130;kookies choco;;10- ECOPLAZA;;14,00;1,08;;0;;
;;;;;;;;;;;
131;KOOKIES NUECES;;10- ECOPLAZA;;10,00;1,32;;0;;
;;;;;;;;;;;

TODAS;;
Codigo;Articulo;;Referencia;Proveedor;;Uds.;Precio;;Dto%;;Importe
;;;;;;;;;;;
1182;kre alkalyn;;29- LIFE PRO;;8,00;12,90;;0;;
;;;;;;;;;;;

ALIMENTACION;;
Codigo;Articulo;;Referencia;Proveedor;;Uds.;Precio;;Dto%;;Importe
;;;;;;;;;;;
1306;KRUNCHY AVENA;;7- BIOCOP;;18,00;2,99;;15;;
;;;;;;;;;;;

TODAS;;
Codigo;Articulo;;Referencia;Proveedor;;Uds.;Precio;;Dto%;;Importe
;;;;;;;;;;;
1777;KRUNCHY AVENA 750G;;7- BIOCOP;;12,00;3,88;;0;;
;;;;;;;;;;;

ALIMENTACION;;
Codigo;Articulo;;Referencia;Proveedor;;Uds.;Precio;;Dto%;;Importe
;;;;;;;;;;;
1043;krunchy bajo azucar f r;;7- BIOCOP;;30,00;3,74;;15;;
;;;;;;;;;;;
1044;krunchy bajo azucar F S;;7- BIOCOP;;18,00;3,58;;15;;
;;;;;;;;;;;

TODAS;;
Codigo;Articulo;;Referencia;Proveedor;;Uds.;Precio;;Dto%;;Importe
;;;;;;;;;;;
3037;KRUNCHY CHOCO;;7- BIOCOP;;1,00;3,00;;8;;

ARTICULOS - PROVEEDOR;;;;;Pagina 96 ;;;Fecha : 03/02/2026;;;
;;;;;;;;;;;

ALIMENTACION-CEREALES;;
Codigo;Articulo;;Referencia;Proveedor;;Uds.;Precio;;Dto%;;Importe
;;;;;;;;;;;
213;KRUNCHY CHOCO 500G;;7- BIOCOP;;7,00;3,38;;0;;
;;;;;;;;;;;

TODAS;;
Codigo;Articulo;;Referencia;Proveedor;;Uds.;Precio;;Dto%;;Importe
;;;;;;;;;;;
1778;krunchy choco 750g;;7- BIOCOP;;6,00;4,94;;15;;
;;;;;;;;;;;

ALIMENTACION-CEREALES;;
Codigo;Articulo;;Referencia;Proveedor;;Uds.;Precio;;Dto%;;Importe
;;;;;;;;;;;
215;KRUNCHY CHOCO AVELLANA;;7- BIOCOP;;8,00;3,34;;0;;
;;;;;;;;;;;
216;KRUNCHY F R 750G;;7- BIOCOP;;1,00;5,79;;0;;
;;;;;;;;;;;
211;KRUNCHY FRUTOS RJ;;7- BIOCOP;;1,00;3,40;;0;;
;;;;;;;;;;;

TODAS;;
Codigo;Articulo;;Referencia;Proveedor;;Uds.;Precio;;Dto%;;Importe
;;;;;;;;;;;
1774;krunchy immune;;7- BIOCOP;;6,00;3,13;;20;;
;;;;;;;;;;;

ALIMENTACION-CEREALES;;
Codigo;Articulo;;Referencia;Proveedor;;Uds.;Precio;;Dto%;;Importe
;;;;;;;;;;;
214;KRUNCHY JOY AVELLANA;;7- BIOCOP;;1,00;3,40;;0;;
;;;;;;;;;;;
212;krunchy joy choco;;7- BIOCOP;;1,00;3,06;;0;;
;;;;;;;;;;;
365;KRUNCHY MANZANA;;7- BIOCOP;;14,00;2,79;;0;;
;;;;;;;;;;;

ALIMENTACION-PANAES;;
Codigo;Articulo;;Referencia;Proveedor;;Uds.;Precio;;Dto%;;Importe
;;;;;;;;;;;
333;KRUNCHY PROTIEN;;7- BIOCOP;;6,00;4,29;;10;;
;;;;;;;;;;;

TODAS;;
Codigo;Articulo;;Referencia;Proveedor;;Uds.;Precio;;Dto%;;Importe
;;;;;;;;;;;
3042;KRUNCHY SEMILLAS;;7- BIOCOP;;1,00;3,33;;8;;
;;;;;;;;;;;

NUTRICION;;
Codigo;Articulo;;Referencia;Proveedor;;Uds.;Precio;;Dto%;;Importe
;;;;;;;;;;;
366;kuzu biocop;;7- BIOCOP;;6,00;6,40;;10;;
;;;;;;;;;;;
995;L CARNITINA;;29- LIFE PRO;;2,00;8,50;;0;;
;;;;;;;;;;;
501;L TRIPTO;;19- ALDOUS;;10,00;15,97;;0;;
;;;;;;;;;;;

TODAS;;
Codigo;Articulo;;Referencia;Proveedor;;Uds.;Precio;;Dto%;;Importe
;;;;;;;;;;;
3103;L-ARGININA 50CAP VITASAN;;10015-SURAVITASAN;;2,00;11,20;;0;;
;;;;;;;;;;;

NUTRICION;;
Codigo;Articulo;;Referencia;Proveedor;;Uds.;Precio;;Dto%;;Importe
;;;;;;;;;;;
1236;L-ARGININA ESSENTIAL;;10008- BIODISPHARMA;;6,00;3,34;;0;;
;;;;;;;;;;;

TODAS;;
Codigo;Articulo;;Referencia;Proveedor;;Uds.;Precio;;Dto%;;Importe
ARTICULOS - PROVEEDOR;;;;;Pagina 97 ;;;Fecha : 03/02/2026;;;
;;;;;;;;;;;
1795;L-ARGININA now;;10004- HSN;;1,00;6,52;;0;;
1795;L-ARGININA now;;10013- POWERBODY;;1,00;6,58;;0;;
;;;;;;;;;;;

NUTRICION;;
Codigo;Articulo;;Referencia;Proveedor;;Uds.;Precio;;Dto%;;Importe
;;;;;;;;;;;
1355;L-ARGININE swanson;;10004- HSN;;1,00;6,67;;0;;
;;;;;;;;;;;

TODAS;;
Codigo;Articulo;;Referencia;Proveedor;;Uds.;Precio;;Dto%;;Importe
;;;;;;;;;;;
2446;l-carnitine;;10013- POWERBODY;;2,00;11,39;;0;;
;;;;;;;;;;;
2653;l-carnosine;;10004- HSN;;3,00;18,94;;0;;
;;;;;;;;;;;
2851;l-glutamina;;10020- N-PRO;;4,00;17,52;;20;;
;;;;;;;;;;;

NUTRICION;;
Codigo;Articulo;;Referencia;Proveedor;;Uds.;Precio;;Dto%;;Importe
;;;;;;;;;;;
1641;l-glutamina 500mg;;10004- HSN;;2,00;4,44;;0;;
;;;;;;;;;;;

TODAS;;
Codigo;Articulo;;Referencia;Proveedor;;Uds.;Precio;;Dto%;;Importe
;;;;;;;;;;;
2652;L-GLUTAMINE;;10004- HSN;;5,00;6,68;;0;;
;;;;;;;;;;;
2032;L-GLYCIN zein;;10013- POWERBODY;;2,00;14,79;;0;;
;;;;;;;;;;;
3440;l-lysine;;10013- POWERBODY;;1,00;6,18;;0;;
;;;;;;;;;;;
3436;L-LYSINE;;10013- POWERBODY;;1,00;7,70;;0;;
;;;;;;;;;;;
2977;L-TAENINE+SUNTEANINE;;10013- POWERBODY;;1,00;20,48;;0;;
;;;;;;;;;;;
3225;l-triptofan;;10004- HSN;;1,00;9,91;;0;;
;;;;;;;;;;;
2982;l-tyrosine 750mg NOW;;10013- POWERBODY;;2,00;9,98;;0;;
;;;;;;;;;;;
2158;LA BOHEME;;10- ECOPLAZA;;1,00;9,12;;50;;
;;;;;;;;;;;

ALIMENTACION;;
Codigo;Articulo;;Referencia;Proveedor;;Uds.;Precio;;Dto%;;Importe
;;;;;;;;;;;
956;la tortilla de mais;;10- ECOPLAZA;;9,00;2,20;;0;;
;;;;;;;;;;;

TODAS;;
Codigo;Articulo;;Referencia;Proveedor;;Uds.;Precio;;Dto%;;Importe
;;;;;;;;;;;
3146;LA VERA CHAMPO VOLUMEN;;21-NATURAKOSMETIC;;1,00;4,83;;0;;
;;;;;;;;;;;
1986;la vera sensitiv;;21-NATURAKOSMETIC;;6,00;4,60;;0;;
;;;;;;;;;;;
2551;la vera spray;;21-NATURAKOSMETIC;;4,00;5,49;;0;;
;;;;;;;;;;;
2106;LA VERA WHIT LOVE;;21-NATURAKOSMETIC;;6,00;7,47;;0;;
;;;;;;;;;;;
2107;la vera winter;;21-NATURAKOSMETIC;;6,00;3,37;;0;;
;;;;;;;;;;;
3404;LA VIDA ALMENDRA;;7- BIOCOP;;6,00;4,47;;0;;
;;;;;;;;;;;

ALIMENTACION;;
Codigo;Articulo;;Referencia;Proveedor;;Uds.;Precio;;Dto%;;Importe
;;;;;;;;;;;
1308;la vida avellanas;;10- ECOPLAZA;;6,00;3,61;;50;;
1308;la vida avellanas;;7- BIOCOP;;12,00;3,61;;0;;
;;;;;;;;;;;

TODAS;;
Codigo;Articulo;;Referencia;Proveedor;;Uds.;Precio;;Dto%;;Importe
;;;;;;;;;;;

ARTICULOS - PROVEEDOR;;;;;Pagina 98 ;;;Fecha : 03/02/2026;;;
1885;la vida dark choco;;7- BIOCOP;;12,00;4,06;;0;;
;;;;;;;;;;;

ALIMENTACION;;
Codigo;Articulo;;Referencia;Proveedor;;Uds.;Precio;;Dto%;;Importe
;;;;;;;;;;;
1310;la vida nueces;;3- FELIUBADALO;;1,00;5,24;;0;;
1310;la vida nueces;;7- BIOCOP;;6,00;4,90;;0;;
;;;;;;;;;;;
1309;LA VIDA PISTACHO;;3- FELIUBADALO;;3,00;7,69;;0;;
1309;LA VIDA PISTACHO;;7- BIOCOP;;7,00;6,40;;0;;
;;;;;;;;;;;

TODAS;;
Codigo;Articulo;;Referencia;Proveedor;;Uds.;Precio;;Dto%;;Importe
;;;;;;;;;;;
3299;LA VIDA VEGAN;;7- BIOCOP;;7,00;4,47;;0;;
;;;;;;;;;;;
2946;LABIAL CALENDULA;;21-NATURAKOSMETIC;;1,00;2,70;;0;;
;;;;;;;;;;;
2947;labial solar;;21-NATURAKOSMETIC;;1,00;6,85;;0;;
;;;;;;;;;;;

NUTRICION;;
Codigo;Articulo;;Referencia;Proveedor;;Uds.;Precio;;Dto%;;Importe
;;;;;;;;;;;
1478;lactasa enzyme;;29- LIFE PRO;;2,00;8,90;;0;;
;;;;;;;;;;;

TODAS;;
Codigo;Articulo;;Referencia;Proveedor;;Uds.;Precio;;Dto%;;Importe
;;;;;;;;;;;
2285;LAPIZ DE OJO 01;;21-NATURAKOSMETIC;;4,00;2,25;;0;;
;;;;;;;;;;;
2286;LAPIZ DE OJO 02;;21-NATURAKOSMETIC;;4,00;2,25;;0;;
;;;;;;;;;;;
2287;LAPIZ DE OJO 03;;21-NATURAKOSMETIC;;4,00;2,25;;0;;
;;;;;;;;;;;
2289;LAPIZ DE OJO 04;;21-NATURAKOSMETIC;;4,00;2,25;;0;;
;;;;;;;;;;;
2288;LAPIZ DE OJO 05;;21-NATURAKOSMETIC;;4,00;2,25;;0;;
;;;;;;;;;;;
2291;lapiz iluminador 01;;21-NATURAKOSMETIC;;3,00;3,41;;0;;
;;;;;;;;;;;
2290;lapiz iluminador 02;;21-NATURAKOSMETIC;;3,00;3,41;;0;;
;;;;;;;;;;;
2472;LATA THERMO;;10009- faire;;6,00;6,51;;0;;
;;;;;;;;;;;
2558;laurel;;31- EBRO Diet;;6,00;1,46;;0;;
;;;;;;;;;;;
2866;laurel molido;;10- ECOPLAZA;;1,00;2,20;;0;;
;;;;;;;;;;;
3057;laurel molido 50g;;31- EBRO Diet;;1,00;3,10;;0;;
3057;laurel molido 50g;;7- BIOCOP;;1,00;3,10;;0;;
;;;;;;;;;;;
2213;LAVANDA;;3- FELIUBADALO;;6,00;1,65;;0;;
;;;;;;;;;;;

LIMPIEZA HOGAR;;
Codigo;Articulo;;Referencia;Proveedor;;Uds.;Precio;;Dto%;;Importe
;;;;;;;;;;;
224;lavavajilla ecovera camomile;;7- BIOCOP;;8,00;2,08;;0;;
;;;;;;;;;;;
222;lavavajillas ecover l aloe;;7- BIOCOP;;8,00;2,08;;25;;
;;;;;;;;;;;
223;lavavajillas ecover POMEL;;7- BIOCOP;;8,00;2,08;;25;;
;;;;;;;;;;;

TODAS;;
Codigo;Articulo;;Referencia;Proveedor;;Uds.;Precio;;Dto%;;Importe
;;;;;;;;;;;
3403;lavida 600g;;7- BIOCOP;;6,00;8,15;;0;;
;;;;;;;;;;;
2062;lawa jeng;;31- EBRO Diet;;10,00;2,63;;0;;
;;;;;;;;;;;

NUTRICION;;
Codigo;Articulo;;Referencia;Proveedor;;Uds.;Precio;;Dto%;;Importe
;;;;;;;;;;;

ARTICULOS - PROVEEDOR;;;;;Pagina 99 ;;;Fecha : 03/02/2026;;;
1368;lax anis hinojo;;3- FELIUBADALO;;2,00;4,33;;5;;
;;;;;;;;;;;

TODAS;;
Codigo;Articulo;;Referencia;Proveedor;;Uds.;Precio;;Dto%;;Importe
;;;;;;;;;;;
3295;le paine;;10012- APROLIS;;9,00;0,00;;0;;
;;;;;;;;;;;
3088;LEBOULARDI;;10020- N-PRO;;1,00;8,80;;20;;
;;;;;;;;;;;
3232;lecitina de soja;;3- FELIUBADALO;;1,00;7,90;;0;;
;;;;;;;;;;;

NUTRICION;;
Codigo;Articulo;;Referencia;Proveedor;;Uds.;Precio;;Dto%;;Importe
;;;;;;;;;;;
1506;lecitina de soja;;10012- APROLIS;;4,00;10,97;;0;;
;;;;;;;;;;;

ALIMENTACION;;
Codigo;Articulo;;Referencia;Proveedor;;Uds.;Precio;;Dto%;;Importe
;;;;;;;;;;;
1487;LECITINA DE SOJA;;10- ECOPLAZA;;1,00;6,67;;0;;
1487;LECITINA DE SOJA;;3- FELIUBADALO;;2,00;5,67;;0;;
;;;;;;;;;;;
1223;LECHA DE OVJA;;10005- VAL DECINCA;;5,00;4,30;;0;;
;;;;;;;;;;;

TODAS;;
Codigo;Articulo;;Referencia;Proveedor;;Uds.;Precio;;Dto%;;Importe
;;;;;;;;;;;
2892;LECHE COCO;;7- BIOCOP;;1,00;1,68;;0;;
;;;;;;;;;;;

ALIMENTACION;;
Codigo;Articulo;;Referencia;Proveedor;;Uds.;Precio;;Dto%;;Importe
;;;;;;;;;;;
1147;LECHE COCO;;10- ECOPLAZA;;9,00;1,93;;3;;
1147;LECHE COCO;;3- FELIUBADALO;;6,00;2,04;;0;;
;;;;;;;;;;;

ALIMENTACION-SALSAS;;
Codigo;Articulo;;Referencia;Proveedor;;Uds.;Precio;;Dto%;;Importe
;;;;;;;;;;;
323;leche coco 400ml;;5- ECOBASICS;;24,00;1,32;;0;;
;;;;;;;;;;;

TODAS;;
Codigo;Articulo;;Referencia;Proveedor;;Uds.;Precio;;Dto%;;Importe
;;;;;;;;;;;
2767;LECHE CORPORAL BEBE;;10019- WELEDA;;2,00;8,65;;0;;
;;;;;;;;;;;
2499;LECHE DE ARROZ;;7- BIOCOP;;20,00;1,22;;0;;
;;;;;;;;;;;
1878;LECHE DE AVELLANAS;;2- LA FINESTRASUL CIELO;;8,00;2,10;;0;;
;;;;;;;;;;;
3363;leche de cabra;;31- EBRO Diet;;1,00;3,12;;0;;
;;;;;;;;;;;

REFRIGERADOS;;
Codigo;Articulo;;Referencia;Proveedor;;Uds.;Precio;;Dto%;;Importe
;;;;;;;;;;;
1158;leche de cabra 1l;;31- EBRO Diet;;7,00;3,82;;0;;
;;;;;;;;;;;

TODAS;;
Codigo;Articulo;;Referencia;Proveedor;;Uds.;Precio;;Dto%;;Importe
;;;;;;;;;;;
2159;leche de coco;;10- ECOPLAZA;;6,00;2,40;;50;;
;;;;;;;;;;;

NUTRICION;;
Codigo;Articulo;;Referencia;Proveedor;;Uds.;Precio;;Dto%;;Importe
;;;;;;;;;;;
989;LECHE DE COCO;;11- organicasuperfoods;;4,00;6,66;;0;;

ARTICULOS - PROVEEDOR;;;;;Pagina 100 ;;;Fecha : 03/02/2026;;;
;;;;;;;;;;;

ALIMENTACION-BEBIDAS-LECHE;;
Codigo;Articulo;;Referencia;Proveedor;;Uds.;Precio;;Dto%;;Importe
;;;;;;;;;;;
771;LECHE DE COCO POLVO;;3- FELIUBADALO;;2,00;7,00;;0;;
;;;;;;;;;;;

TODAS;;
Codigo;Articulo;;Referencia;Proveedor;;Uds.;Precio;;Dto%;;Importe
;;;;;;;;;;;
1842;LECHE DE VACA;;31- EBRO Diet;;13,00;3,14;;0;;
;;;;;;;;;;;
1672;leche en polvo;;10009- faire;;4,00;9,90;;0;;
;;;;;;;;;;;
2080;LECHE ENTERA;;2- LA FINESTRASUL CIELO;;6,00;1,32;;0;;
;;;;;;;;;;;
2079;leche vaca ENTERA;;2- LA FINESTRASUL CIELO;;0,00;0,00;;0;;
;;;;;;;;;;;
2859;LECHUGA MAR;;3- FELIUBADALO;;1,00;1,50;;0;;
;;;;;;;;;;;
3216;LEGHEE;;16- ORGANIC INDIA;;6,00;7,63;;0;;
;;;;;;;;;;;

ALIMENTACION-CONSERVAS;;
Codigo;Articulo;;Referencia;Proveedor;;Uds.;Precio;;Dto%;;Importe
;;;;;;;;;;;
450;LENTEJAS 350G;;1- CAL VALLS;;8,00;1,37;;0;;
;;;;;;;;;;;

ALIMENTACION-LEGUMBRES;;
Codigo;Articulo;;Referencia;Proveedor;;Uds.;Precio;;Dto%;;Importe
;;;;;;;;;;;
149;LENTEJAS 540G;;4- BIONSAN;;12,00;1,73;;0;;
;;;;;;;;;;;

ALIMENTACION-CONSERVAS;;
Codigo;Articulo;;Referencia;Proveedor;;Uds.;Precio;;Dto%;;Importe
;;;;;;;;;;;
438;LENTEJAS C 700G;;1- CAL VALLS;;8,00;2,26;;0;;
;;;;;;;;;;;
759;LENTEJAS CON ARROZ;;4- BIONSAN;;6,00;2,36;;0;;
;;;;;;;;;;;

ALIMENTACION-LEGUMBRES;;
Codigo;Articulo;;Referencia;Proveedor;;Uds.;Precio;;Dto%;;Importe
;;;;;;;;;;;
304;lentejas marrones 500g;;5- ECOBASICS;;10,00;1,92;;0;;
;;;;;;;;;;;
305;LENTEJAS ROJAS 500G;;5- ECOBASICS;;30,00;1,40;;0;;
;;;;;;;;;;;
306;lentejas verdes 500g;;10- ECOPLAZA;;1,00;1,80;;0;;
306;lentejas verdes 500g;;5- ECOBASICS;;10,00;1,80;;0;;
;;;;;;;;;;;

TODAS;;
Codigo;Articulo;;Referencia;Proveedor;;Uds.;Precio;;Dto%;;Importe
;;;;;;;;;;;
2162;LENVOUTANTE;;10- ECOPLAZA;;1,00;30,45;;50;;
;;;;;;;;;;;
2544;LERIFORM;;10012- APROLIS;;4,00;10,68;;0;;
;;;;;;;;;;;
2545;LERIFORM NIÑOS;;10012- APROLIS;;4,00;10,16;;0;;
;;;;;;;;;;;

NUTRICION;;
Codigo;Articulo;;Referencia;Proveedor;;Uds.;Precio;;Dto%;;Importe
;;;;;;;;;;;
498;LEV ARROZ ROJO 400C;;19- ALDOUS;;4,00;14,50;;0;;
;;;;;;;;;;;

TODAS;;
Codigo;Articulo;;Referencia;Proveedor;;Uds.;Precio;;Dto%;;Importe
;;;;;;;;;;;
2425;LEVADURA CERV;;3- FELIUBADALO;;1,00;2,79;;0;;
;;;;;;;;;;;

ARTICULOS - PROVEEDOR;;;;;Pagina 101 ;;;Fecha : 03/02/2026;;;
NUTRICION;;
Codigo;Articulo;;Referencia;Proveedor;;Uds.;Precio;;Dto%;;Importe
;;;;;;;;;;;
3096;levadura de cerveza sotya;;31- EBRO Diet;;8,00;2,95;;0;;
;;;;;;;;;;;

TODAS;;
Codigo;Articulo;;Referencia;Proveedor;;Uds.;Precio;;Dto%;;Importe
;;;;;;;;;;;
2365;LEVADURA DESMAGRADA;;3- FELIUBADALO;;2,00;2,45;;0;;
;;;;;;;;;;;
2426;levadura desmg;;3- FELIUBADALO;;1,00;2,38;;0;;
;;;;;;;;;;;
2714;LEVADURA N BIO;;11- organicasuperfoods;;6,00;6,23;;0;;
;;;;;;;;;;;

NUTRICION;;
Codigo;Articulo;;Referencia;Proveedor;;Uds.;Precio;;Dto%;;Importe
;;;;;;;;;;;
1511;levadura nutricional;;11- organicasuperfoods;;4,00;6,30;;0;;
;;;;;;;;;;;
314;LEVADURA NUTRICIONAL150G;;5- ECOBASICS;;6,00;3,84;;0;;
;;;;;;;;;;;

ALIMENTACION-PASTELERIA;;
Codigo;Articulo;;Referencia;Proveedor;;Uds.;Precio;;Dto%;;Importe
;;;;;;;;;;;
371;LEVADURA SECA 9G;;7- BIOCOP;;40,00;0,68;;10;;
;;;;;;;;;;;

TODAS;;
Codigo;Articulo;;Referencia;Proveedor;;Uds.;Precio;;Dto%;;Importe
;;;;;;;;;;;
1813;LIBIDO HOMBRE;;10004- HSN;;2,00;11,03;;0;;
;;;;;;;;;;;
2378;licorice;;10013- POWERBODY;;1,00;8,39;;0;;
;;;;;;;;;;;
2586;lifepro whey CAPUCHINO;;29- LIFE PRO;;2,00;25,90;;5;;
;;;;;;;;;;;
2098;lifepro whey CHEESECAKE;;29- LIFE PRO;;1,00;25,90;;0;;
;;;;;;;;;;;
2100;lifepro whey CHOCO;;29- LIFE PRO;;1,00;25,90;;0;;
;;;;;;;;;;;
2099;lifepro whey fresa y banana;;29- LIFE PRO;;1,00;25,90;;0;;
;;;;;;;;;;;
2097;lifepro whey pistacho;;29- LIFE PRO;;3,00;25,90;;5;;
;;;;;;;;;;;
2588;lifepro whey SANDIA;;29- LIFE PRO;;2,00;25,90;;5;;
;;;;;;;;;;;
2587;lifepro whey stracciatela;;29- LIFE PRO;;2,00;25,90;;5;;
;;;;;;;;;;;

FRUTERIA;;
Codigo;Articulo;;Referencia;Proveedor;;Uds.;Precio;;Dto%;;Importe
;;;;;;;;;;;
1117;limon;;1- CAL VALLS;;7,00;2,41;;0;;
;;;;;;;;;;;

ALIMENTACION-BEBIDAS-ZUMOS;;
Codigo;Articulo;;Referencia;Proveedor;;Uds.;Precio;;Dto%;;Importe
;;;;;;;;;;;
77;LIMONADA 200ML;;1- CAL VALLS;;12,00;0,70;;0;;
;;;;;;;;;;;
65;LIMONADA MANZ 750ML;;1- CAL VALLS;;6,00;1,90;;0;;
;;;;;;;;;;;
66;LIMONADA MANZ GING 750ML;;1- CAL VALLS;;9,00;2,13;;0;;
;;;;;;;;;;;

TODAS;;
Codigo;Articulo;;Referencia;Proveedor;;Uds.;Precio;;Dto%;;Importe
;;;;;;;;;;;
2970;LIMPIA CRISTALES;;21-NATURAKOSMETIC;;1,00;1,79;;0;;
;;;;;;;;;;;

ALIMENTACION;;
Codigo;Articulo;;Referencia;Proveedor;;Uds.;Precio;;Dto%;;Importe
;;;;;;;;;;;
1050;limpia frutas;;7- BIOCOP;;6,00;4,70;;10;;

ARTICULOS - PROVEEDOR;;;;;Pagina 102 ;;;Fecha : 03/02/2026;;;
;;;;;;;;;;;

TODAS;;
Codigo;Articulo;;Referencia;Proveedor;;Uds.;Precio;;Dto%;;Importe
;;;;;;;;;;;
3384;LIMPIA LENGUA;;21-NATURAKOSMETIC;;6,00;2,50;;0;;
;;;;;;;;;;;

COSMETICA;;
Codigo;Articulo;;Referencia;Proveedor;;Uds.;Precio;;Dto%;;Importe
;;;;;;;;;;;
917;LIMPIADOR FACIAL;;2- LA FINESTRASUL CIELO;;2,00;8,30;;0;;
;;;;;;;;;;;

TODAS;;
Codigo;Articulo;;Referencia;Proveedor;;Uds.;Precio;;Dto%;;Importe
;;;;;;;;;;;
2447;LIMPIADOR MANZANILLA;;10012- APROLIS;;3,00;10,96;;0;;
;;;;;;;;;;;

ALIMENTACION-GRANOS;;
Codigo;Articulo;;Referencia;Proveedor;;Uds.;Precio;;Dto%;;Importe
;;;;;;;;;;;
275;LINAZA DORADA 250G;;5- ECOBASICS;;48,00;1,13;;0;;
275;LINAZA DORADA 250G;;7- BIOCOP;;1,00;1,13;;0;;
;;;;;;;;;;;

ALIMENTACION-SEMILLAS;;
Codigo;Articulo;;Referencia;Proveedor;;Uds.;Precio;;Dto%;;Importe
;;;;;;;;;;;
276;LINAZA MARRON 250G;;5- ECOBASICS;;60,00;0,92;;0;;
276;LINAZA MARRON 250G;;7- BIOCOP;;1,00;0,92;;0;;
;;;;;;;;;;;

TODAS;;
Codigo;Articulo;;Referencia;Proveedor;;Uds.;Precio;;Dto%;;Importe
;;;;;;;;;;;
2431;LINO GRANERO;;3- FELIUBADALO;;1,00;4,96;;0;;
;;;;;;;;;;;
2428;lino grano vita;;3- FELIUBADALO;;2,00;8,64;;0;;
;;;;;;;;;;;
2627;LINO MOLIDO;;10- ECOPLAZA;;3,00;2,70;;0;;
;;;;;;;;;;;
2430;lino, chia, cañamo;;3- FELIUBADALO;;1,00;2,27;;0;;
;;;;;;;;;;;
2030;LIONS MANE MUSHROOM;;10013- POWERBODY;;2,00;4,34;;0;;
;;;;;;;;;;;
2183;lip balm;;10013- POWERBODY;;4,00;1,85;;0;;
;;;;;;;;;;;
2753;LIP BALM W;;10019- WELEDA;;6,00;3,44;;0;;
;;;;;;;;;;;
3245;LIP SKIN FOOD;;10019- WELEDA;;6,00;3,44;;0;;
;;;;;;;;;;;
2812;lipbalm;;10013- POWERBODY;;1,00;1,98;;0;;
;;;;;;;;;;;
2811;LIPBALM COCOA;;10013- POWERBODY;;3,00;1,98;;0;;
;;;;;;;;;;;

DEPORTE;;
Codigo;Articulo;;Referencia;Proveedor;;Uds.;Precio;;Dto%;;Importe
;;;;;;;;;;;
1255;LIPO GUT;;20- BIG UNIVERSAL;;4,00;15,65;;0;;
;;;;;;;;;;;

TODAS;;
Codigo;Articulo;;Referencia;Proveedor;;Uds.;Precio;;Dto%;;Importe
;;;;;;;;;;;
2992;lipolit forte;;10012- APROLIS;;1,00;15,13;;0;;
;;;;;;;;;;;
2444;LIPOSOMAL C osavi;;10013- POWERBODY;;7,00;8,67;;0;;
;;;;;;;;;;;
2064;LIQUID CHLOROPHEAL;;3- FELIUBADALO;;3,00;12,24;;0;;
;;;;;;;;;;;

FRUTERIA;;
Codigo;Articulo;;Referencia;Proveedor;;Uds.;Precio;;Dto%;;Importe
;;;;;;;;;;;

ARTICULOS - PROVEEDOR;;;;;Pagina 103 ;;;Fecha : 03/02/2026;;;
399;LIVER KINDEY organic india;;16- ORGANIC INDIA;;3,00;13,99;;0;;
;;;;;;;;;;;

HIGIENE PERSONAL;;
Codigo;Articulo;;Referencia;Proveedor;;Uds.;Precio;;Dto%;;Importe
;;;;;;;;;;;
473;locion antipiojos;;10- ECOPLAZA;;2,00;11,75;;0;;
;;;;;;;;;;;

COSMETICA;;
Codigo;Articulo;;Referencia;Proveedor;;Uds.;Precio;;Dto%;;Importe
;;;;;;;;;;;
713;locion c revitalizante;;21-NATURAKOSMETIC;;1,00;7,20;;100;;
;;;;;;;;;;;

TODAS;;
Codigo;Articulo;;Referencia;Proveedor;;Uds.;Precio;;Dto%;;Importe
;;;;;;;;;;;
2757;LOCION CAPILAR;;10019- WELEDA;;2,00;8,65;;0;;
;;;;;;;;;;;
3248;locion citrus;;10019- WELEDA;;2,00;6,33;;0;;
;;;;;;;;;;;

COSMETICA;;
Codigo;Articulo;;Referencia;Proveedor;;Uds.;Precio;;Dto%;;Importe
;;;;;;;;;;;
348;locion coco;;7- BIOCOP;;6,00;7,11;;30;;
;;;;;;;;;;;

TODAS;;
Codigo;Articulo;;Referencia;Proveedor;;Uds.;Precio;;Dto%;;Importe
;;;;;;;;;;;
3250;locion granada;;10019- WELEDA;;2,00;8,65;;0;;
;;;;;;;;;;;
2740;locion granada w;;10019- WELEDA;;2,00;10,67;;0;;
;;;;;;;;;;;
3249;LOCION ROSA;;10019- WELEDA;;2,00;8,65;;0;;
;;;;;;;;;;;

COSMETICA;;
Codigo;Articulo;;Referencia;Proveedor;;Uds.;Precio;;Dto%;;Importe
;;;;;;;;;;;
1270;LOCION ROSA;;21-NATURAKOSMETIC;;2,00;2,87;;0;;
;;;;;;;;;;;

TODAS;;
Codigo;Articulo;;Referencia;Proveedor;;Uds.;Precio;;Dto%;;Importe
;;;;;;;;;;;
2719;locion sante citrico;;21-NATURAKOSMETIC;;8,00;6,58;;0;;
;;;;;;;;;;;
3247;LOCION SKIN F;;10019- WELEDA;;2,00;6,33;;0;;
;;;;;;;;;;;

HIGIENE PERSONAL;;
Codigo;Articulo;;Referencia;Proveedor;;Uds.;Precio;;Dto%;;Importe
;;;;;;;;;;;
1598;locion tonica;;10012- APROLIS;;9,00;7,97;;0;;
;;;;;;;;;;;
593;locion vainilla;;21-NATURAKOSMETIC;;5,00;7,40;;0;;
;;;;;;;;;;;

TODAS;;
Codigo;Articulo;;Referencia;Proveedor;;Uds.;Precio;;Dto%;;Importe
;;;;;;;;;;;
3018;LUBRICANTE;;10022- webotanix;;1,00;9,10;;30;;
;;;;;;;;;;;

ALIMENTACION;;
Codigo;Articulo;;Referencia;Proveedor;;Uds.;Precio;;Dto%;;Importe
;;;;;;;;;;;
1388;LUCUMA;;10011- bioprasad;;4,00;1,92;;0;;
;;;;;;;;;;;

TODAS;;
Codigo;Articulo;;Referencia;Proveedor;;Uds.;Precio;;Dto%;;Importe
;;;;;;;;;;;
ARTICULOS - PROVEEDOR;;;;;Pagina 104 ;;;Fecha : 03/02/2026;;;
3448;lumos;;10013- POWERBODY;;2,00;6,90;;0;;
;;;;;;;;;;;
2477;lunchbox;;10009- faire;;1,00;15,95;;0;;
;;;;;;;;;;;
2478;LUNCHBOX;;10009- faire;;1,00;15,95;;0;;
;;;;;;;;;;;

HIGIENE PERSONAL;;
Codigo;Articulo;;Referencia;Proveedor;;Uds.;Precio;;Dto%;;Importe
;;;;;;;;;;;
463;lupulo champo;;10- ECOPLAZA;;4,00;6,69;;0;;
;;;;;;;;;;;

TODAS;;
Codigo;Articulo;;Referencia;Proveedor;;Uds.;Precio;;Dto%;;Importe
;;;;;;;;;;;
2066;LYCOROSE;;10012- APROLIS;;4,00;17,99;;0;;
;;;;;;;;;;;

ALIMENTACION-PASTA;;
Codigo;Articulo;;Referencia;Proveedor;;Uds.;Precio;;Dto%;;Importe
;;;;;;;;;;;
518;mac konjac;;2- LA FINESTRASUL CIELO;;6,00;2,57;;0;;
;;;;;;;;;;;

TODAS;;
Codigo;Articulo;;Referencia;Proveedor;;Uds.;Precio;;Dto%;;Importe
;;;;;;;;;;;
1930;maca;;19- ALDOUS;;9,00;15,97;;0;;
;;;;;;;;;;;

NUTRICION;;
Codigo;Articulo;;Referencia;Proveedor;;Uds.;Precio;;Dto%;;Importe
;;;;;;;;;;;
315;maca 200g ecob;;5- ECOBASICS;;6,00;2,68;;0;;
;;;;;;;;;;;

TODAS;;
Codigo;Articulo;;Referencia;Proveedor;;Uds.;Precio;;Dto%;;Importe
;;;;;;;;;;;
2126;maca andina;;15- orgacicasuperfoods;;6,00;4,23;;0;;
;;;;;;;;;;;

NUTRICION;;
Codigo;Articulo;;Referencia;Proveedor;;Uds.;Precio;;Dto%;;Importe
;;;;;;;;;;;
392;MACA NEGRA;;11- organicasuperfoods;;1,00;4,45;;0;;
392;MACA NEGRA;;15- orgacicasuperfoods;;10,00;4,54;;0;;
;;;;;;;;;;;

TODAS;;
Codigo;Articulo;;Referencia;Proveedor;;Uds.;Precio;;Dto%;;Importe
;;;;;;;;;;;
2585;MACA ROJA;;15- orgacicasuperfoods;;7,00;4,54;;0;;
;;;;;;;;;;;

GRANEL;;
Codigo;Articulo;;Referencia;Proveedor;;Uds.;Precio;;Dto%;;Importe
;;;;;;;;;;;
609;MACADAMIA;;23- BIOCOMERCIO;;5,00;13,76;;0;;
;;;;;;;;;;;

TODAS;;
Codigo;Articulo;;Referencia;Proveedor;;Uds.;Precio;;Dto%;;Importe
;;;;;;;;;;;
1336;MACARRONES;;29- LIFE PRO;;8,00;2,15;;0;;
;;;;;;;;;;;

ALIMENTACION-PASTA;;
Codigo;Articulo;;Referencia;Proveedor;;Uds.;Precio;;Dto%;;Importe
;;;;;;;;;;;
765;MACARRONES KONJAC;;3- FELIUBADALO;;18,00;1,84;;0;;
;;;;;;;;;;;

ARTICULOS - PROVEEDOR;;;;;Pagina 105 ;;;Fecha : 03/02/2026;;;
TODAS;;
Codigo;Articulo;;Referencia;Proveedor;;Uds.;Precio;;Dto%;;Importe
;;;;;;;;;;;
1950;macarrones sarraceno;;10- ECOPLAZA;;1,00;2,08;;0;;
1950;macarrones sarraceno;;3- FELIUBADALO;;3,00;2,18;;0;;
;;;;;;;;;;;

ALIMENTACION;;
Codigo;Articulo;;Referencia;Proveedor;;Uds.;Precio;;Dto%;;Importe
;;;;;;;;;;;
1113;macarrones tricolor;;1- CAL VALLS;;12,00;1,72;;0;;
;;;;;;;;;;;

NUTRICION;;
Codigo;Articulo;;Referencia;Proveedor;;Uds.;Precio;;Dto%;;Importe
;;;;;;;;;;;
987;MACHA 100G;;11- organicasuperfoods;;18,00;7,87;;0;;
;;;;;;;;;;;
988;MACHA CEREMONIAL;;11- organicasuperfoods;;6,00;7,87;;0;;
988;MACHA CEREMONIAL;;15- orgacicasuperfoods;;5,00;0,00;;0;;
;;;;;;;;;;;

TODAS;;
Codigo;Articulo;;Referencia;Proveedor;;Uds.;Precio;;Dto%;;Importe
;;;;;;;;;;;
3461;mag;;10004- HSN;;1,00;7,69;;0;;
;;;;;;;;;;;

NUTRICION;;
Codigo;Articulo;;Referencia;Proveedor;;Uds.;Precio;;Dto%;;Importe
;;;;;;;;;;;
504;MAG;;19- ALDOUS;;23,00;16,81;;0;;
504;MAG;;29- LIFE PRO;;1,00;15,87;;0;;
;;;;;;;;;;;

TODAS;;
Codigo;Articulo;;Referencia;Proveedor;;Uds.;Precio;;Dto%;;Importe
;;;;;;;;;;;
3047;MAG BISG;;10004- HSN;;3,00;5,82;;0;;
;;;;;;;;;;;

NUTRICION;;
Codigo;Articulo;;Referencia;Proveedor;;Uds.;Precio;;Dto%;;Importe
;;;;;;;;;;;
991;MAG BISGLY;;29- LIFE PRO;;15,00;7,90;;5;;
;;;;;;;;;;;

TODAS;;
Codigo;Articulo;;Referencia;Proveedor;;Uds.;Precio;;Dto%;;Importe
;;;;;;;;;;;
3201;MAG GUM;;19- ALDOUS;;7,00;12,78;;0;;
;;;;;;;;;;;
2484;mag pamies;;36- paimes;;4,00;6,91;;0;;
;;;;;;;;;;;

GRANEL;;
Codigo;Articulo;;Referencia;Proveedor;;Uds.;Precio;;Dto%;;Importe
;;;;;;;;;;;
920;magdalenas;;10002- la granja;;30,00;0,37;;0;;
;;;;;;;;;;;

ALIMENTACION;;
Codigo;Articulo;;Referencia;Proveedor;;Uds.;Precio;;Dto%;;Importe
;;;;;;;;;;;
1059;MAGDALENAS;;7- BIOCOP;;10,00;2,71;;100;;
;;;;;;;;;;;
921;magdalenas bolsa;;10002- la granja;;3,00;2,24;;0;;
;;;;;;;;;;;

TODAS;;
Codigo;Articulo;;Referencia;Proveedor;;Uds.;Precio;;Dto%;;Importe
;;;;;;;;;;;
2457;MAGNESIO;;10- ECOPLAZA;;3,00;11,64;;25;;

ARTICULOS - PROVEEDOR;;;;;Pagina 106 ;;;Fecha : 03/02/2026;;;
2457;MAGNESIO;;5- ECOBASICS;;1,00;11,64;;0;;
;;;;;;;;;;;
2848;magnesio sucrotac;;10020- N-PRO;;2,00;20,13;;0;;
2848;magnesio sucrotac;;36- paimes;;1,00;20,13;;0;;
;;;;;;;;;;;
2028;MAGNESIUM;;10013- POWERBODY;;2,00;5,90;;0;;
;;;;;;;;;;;
3321;MAHARISHI;;10- ECOPLAZA;;1,00;5,79;;0;;
;;;;;;;;;;;
3360;mahon;;31- EBRO Diet;;1,00;3,36;;0;;
;;;;;;;;;;;

ALIMENTACION;;
Codigo;Articulo;;Referencia;Proveedor;;Uds.;Precio;;Dto%;;Importe
;;;;;;;;;;;
1425;MAICENA;;10011- bioprasad;;5,00;1,59;;0;;
;;;;;;;;;;;

ALIMENTACION-CONSERVAS;;
Codigo;Articulo;;Referencia;Proveedor;;Uds.;Precio;;Dto%;;Importe
;;;;;;;;;;;
779;MAIZ 200G;;3- FELIUBADALO;;6,00;1,31;;0;;
;;;;;;;;;;;

ALIMENTACION-GRANOS;;
Codigo;Articulo;;Referencia;Proveedor;;Uds.;Precio;;Dto%;;Importe
;;;;;;;;;;;
265;MAIZ GRANO 500G;;5- ECOBASICS;;19,00;1,45;;0;;
;;;;;;;;;;;

TODAS;;
Codigo;Articulo;;Referencia;Proveedor;;Uds.;Precio;;Dto%;;Importe
;;;;;;;;;;;
2269;majonesa;;20- BIG UNIVERSAL;;8,00;2,90;;0;;
;;;;;;;;;;;
3236;MAKE UP;;10019- WELEDA;;3,00;9,11;;0;;
;;;;;;;;;;;
3120;MALATO MAGNESIUM;;10004- HSN;;2,00;5,01;;0;;
;;;;;;;;;;;
2996;MALGACHE;;10012- APROLIS;;1,00;16,39;;0;;
;;;;;;;;;;;
1857;MALTODEXTRINA 1KG;;10004- HSN;;5,00;3,55;;0;;
;;;;;;;;;;;
3409;malva;;3- FELIUBADALO;;1,00;1,55;;0;;
;;;;;;;;;;;
2771;malva blanca;;10019- WELEDA;;2,00;6,33;;0;;
;;;;;;;;;;;
1955;MAMBO;;20- BIG UNIVERSAL;;3,00;23,63;;0;;
;;;;;;;;;;;
2506;MANGO;;7- BIOCOP;;10,00;2,30;;0;;
;;;;;;;;;;;

CONGELADOS;;
Codigo;Articulo;;Referencia;Proveedor;;Uds.;Precio;;Dto%;;Importe
;;;;;;;;;;;
883;MANGO;;2- LA FINESTRASUL CIELO;;10,00;3,74;;0;;
;;;;;;;;;;;

NUTRICION;;
Codigo;Articulo;;Referencia;Proveedor;;Uds.;Precio;;Dto%;;Importe
;;;;;;;;;;;
1493;MANGO AFRICANO;;10008- BIODISPHARMA;;6,00;5,20;;0;;
;;;;;;;;;;;

ALIMENTACION;;
Codigo;Articulo;;Referencia;Proveedor;;Uds.;Precio;;Dto%;;Importe
;;;;;;;;;;;
1436;MANGO DES;;10011- bioprasad;;13,00;2,63;;0;;
;;;;;;;;;;;

HIGIENE PERSONAL;;
Codigo;Articulo;;Referencia;Proveedor;;Uds.;Precio;;Dto%;;Importe
;;;;;;;;;;;
649;manopla ovalada;;21-NATURAKOSMETIC;;4,00;2,03;;0;;
;;;;;;;;;;;

ARTICULOS - PROVEEDOR;;;;;Pagina 107 ;;;Fecha : 03/02/2026;;;
NUTRICION;;
Codigo;Articulo;;Referencia;Proveedor;;Uds.;Precio;;Dto%;;Importe
;;;;;;;;;;;
386;MANTECA CACAO;;15- orgacicasuperfoods;;3,00;5,73;;0;;
;;;;;;;;;;;

COSMETICA;;
Codigo;Articulo;;Referencia;Proveedor;;Uds.;Precio;;Dto%;;Importe
;;;;;;;;;;;
685;manteca corporal;;21-NATURAKOSMETIC;;2,00;5,40;;12;;
;;;;;;;;;;;
684;MANTECA CORPORAL;;10009- faire;;1,00;3,24;;0;;
684;MANTECA CORPORAL;;21-NATURAKOSMETIC;;5,00;3,24;;0;;
;;;;;;;;;;;

TODAS;;
Codigo;Articulo;;Referencia;Proveedor;;Uds.;Precio;;Dto%;;Importe
;;;;;;;;;;;
1649;manteca de cacahuete COCO;;10009- faire;;6,00;3,45;;0;;
;;;;;;;;;;;
1650;manteca de cacahueteCREMOSO;;10- ECOPLAZA;;1,00;3,30;;0;;
1650;manteca de cacahueteCREMOSO;;10009- faire;;6,00;3,30;;0;;
;;;;;;;;;;;
1651;MANTECA DE CACAHUETECRUNCHY;;10009- faire;;6,00;3,30;;0;;
;;;;;;;;;;;

ALIMENTACION;;
Codigo;Articulo;;Referencia;Proveedor;;Uds.;Precio;;Dto%;;Importe
;;;;;;;;;;;
1462;mantiquilla;;2- LA FINESTRASUL CIELO;;1,00;2,92;;0;;
;;;;;;;;;;;

NUTRICION;;
Codigo;Articulo;;Referencia;Proveedor;;Uds.;Precio;;Dto%;;Importe
;;;;;;;;;;;
1463;MANUKA MGO 100;;2- LA FINESTRASUL CIELO;;3,00;18,58;;0;;
;;;;;;;;;;;

ALIMENTACION;;
Codigo;Articulo;;Referencia;Proveedor;;Uds.;Precio;;Dto%;;Importe
;;;;;;;;;;;
1430;MANZANA DES;;10011- bioprasad;;4,00;2,33;;0;;
;;;;;;;;;;;

TODAS;;
Codigo;Articulo;;Referencia;Proveedor;;Uds.;Precio;;Dto%;;Importe
;;;;;;;;;;;
2322;manzanilla;;7- BIOCOP;;12,00;2,01;;0;;
;;;;;;;;;;;
2773;MANZANILLA DULCE;;10- ECOPLAZA;;7,00;1,65;;0;;
2773;MANZANILLA DULCE;;31- EBRO Diet;;1,00;1,65;;0;;
;;;;;;;;;;;
1673;manzanilla mahon;;3- FELIUBADALO;;6,00;1,70;;0;;
;;;;;;;;;;;
2302;maqquillaje fluido 04;;21-NATURAKOSMETIC;;2,00;6,13;;0;;
;;;;;;;;;;;
2297;MAQUILLAJE COMPACTO;;21-NATURAKOSMETIC;;3,00;5,28;;0;;
;;;;;;;;;;;
2298;MAQUILLAJE COMPACTO 02;;21-NATURAKOSMETIC;;3,00;5,28;;0;;
;;;;;;;;;;;
2299;MAQUILLAJE COMPACTO 03;;21-NATURAKOSMETIC;;3,00;5,28;;0;;
;;;;;;;;;;;
2304;MAQUILLAJE FLUIDO 01;;21-NATURAKOSMETIC;;2,00;6,13;;0;;
;;;;;;;;;;;
2303;MAQUILLAJE FLUIDO 03;;21-NATURAKOSMETIC;;2,00;6,13;;0;;
;;;;;;;;;;;

ALIMENTACION-GALLETAS;;
Codigo;Articulo;;Referencia;Proveedor;;Uds.;Precio;;Dto%;;Importe
;;;;;;;;;;;
330;maria esp choco;;7- BIOCOP;;8,00;1,96;;10;;
;;;;;;;;;;;

TODAS;;
Codigo;Articulo;;Referencia;Proveedor;;Uds.;Precio;;Dto%;;Importe
;;;;;;;;;;;

ARTICULOS - PROVEEDOR;;;;;Pagina 108 ;;;Fecha : 03/02/2026;;;
3336;marrubio;;36- paimes;;1,00;4,00;;0;;
;;;;;;;;;;;
3320;MARRUBIO;;10- ECOPLAZA;;1,00;1,30;;0;;
;;;;;;;;;;;
2796;MASAJEADOR COBRE;;16- ORGANIC INDIA;;1,00;20,82;;20;;
;;;;;;;;;;;
2250;masala chai;;16- ORGANIC INDIA;;10,00;3,81;;0;;
;;;;;;;;;;;
2316;MASCAR DE PESTAÑAS 00;;21-NATURAKOSMETIC;;1,00;6,13;;0;;
;;;;;;;;;;;
2314;MASCAR DE PESTAÑAS 01;;21-NATURAKOSMETIC;;4,00;6,13;;0;;
;;;;;;;;;;;
2315;MASCAR DE PESTAÑAS 02;;21-NATURAKOSMETIC;;6,00;6,13;;0;;
;;;;;;;;;;;

COSMETICA;;
Codigo;Articulo;;Referencia;Proveedor;;Uds.;Precio;;Dto%;;Importe
;;;;;;;;;;;
1278;mascar vegan;;21-NATURAKOSMETIC;;2,00;10,40;;0;;
;;;;;;;;;;;
1277;MASCARA EXTENSION;;21-NATURAKOSMETIC;;2,00;8,66;;0;;
;;;;;;;;;;;

TODAS;;
Codigo;Articulo;;Referencia;Proveedor;;Uds.;Precio;;Dto%;;Importe
;;;;;;;;;;;
1996;mascara facial;;21-NATURAKOSMETIC;;10,00;4,52;;0;;
;;;;;;;;;;;

COSMETICA;;
Codigo;Articulo;;Referencia;Proveedor;;Uds.;Precio;;Dto%;;Importe
;;;;;;;;;;;
1276;mascara sensitive;;21-NATURAKOSMETIC;;2,00;6,93;;0;;
;;;;;;;;;;;
1275;MASCARA VOLUME FRESH;;21-NATURAKOSMETIC;;2,00;8,66;;0;;
;;;;;;;;;;;

ALIMENTACION-ALGAS;;
Codigo;Articulo;;Referencia;Proveedor;;Uds.;Precio;;Dto%;;Importe
;;;;;;;;;;;
1525;mascarilla;;10- ECOPLAZA;;7,00;8,70;;0;;
;;;;;;;;;;;

TODAS;;
Codigo;Articulo;;Referencia;Proveedor;;Uds.;Precio;;Dto%;;Importe
;;;;;;;;;;;
2266;MASCARILLA CAPILAR;;21-NATURAKOSMETIC;;2,00;7,30;;0;;
;;;;;;;;;;;

COSMETICA;;
Codigo;Articulo;;Referencia;Proveedor;;Uds.;Precio;;Dto%;;Importe
;;;;;;;;;;;
1272;MASCARILLA CARBON;;21-NATURAKOSMETIC;;1,00;5,03;;0;;
;;;;;;;;;;;

TODAS;;
Codigo;Articulo;;Referencia;Proveedor;;Uds.;Precio;;Dto%;;Importe
;;;;;;;;;;;
2776;mascarilla recino;;10- ECOPLAZA;;2,00;9,28;;0;;
;;;;;;;;;;;
2179;mask carbon;;10013- POWERBODY;;6,00;1,56;;0;;
;;;;;;;;;;;
2650;MASK CENTELLA;;10018- STORE.K;;2,00;5,45;;0;;
;;;;;;;;;;;
3307;MASS;;29- LIFE PRO;;1,00;19,50;;0;;
;;;;;;;;;;;

NUTRICION;;
Codigo;Articulo;;Referencia;Proveedor;;Uds.;Precio;;Dto%;;Importe
;;;;;;;;;;;
1369;MAST LAX;;10- ECOPLAZA;;6,00;4,17;;0;;
1369;MAST LAX;;3- FELIUBADALO;;2,00;4,24;;5;;
;;;;;;;;;;;

TODAS;;
Codigo;Articulo;;Referencia;Proveedor;;Uds.;Precio;;Dto%;;Importe
;;;;;;;;;;;

ARTICULOS - PROVEEDOR;;;;;Pagina 109 ;;;Fecha : 03/02/2026;;;
2638;MATCHA BIOME;;10018- STORE.K;;2,00;9,15;;0;;
;;;;;;;;;;;
3370;MATE GING;;10009- faire;;4,00;2,50;;0;;
;;;;;;;;;;;
2209;MATRIX 50/50;;10016- VITOBEST;;1,00;37,29;;0;;
;;;;;;;;;;;
2787;max cok lacasitos;;20- BIG UNIVERSAL;;12,00;1,77;;0;;
;;;;;;;;;;;

DEPORTE;;
Codigo;Articulo;;Referencia;Proveedor;;Uds.;Precio;;Dto%;;Importe
;;;;;;;;;;;
579;MAX COOKIES D CH;;20- BIG UNIVERSAL;;12,00;1,70;;0;;
;;;;;;;;;;;
580;MAX COOLEIS W CH;;20- BIG UNIVERSAL;;12,00;1,70;;0;;
;;;;;;;;;;;

ALIMENTACION-BARRITAS;;
Codigo;Articulo;;Referencia;Proveedor;;Uds.;Precio;;Dto%;;Importe
;;;;;;;;;;;
126;MAXI N CARAMELO;;10- ECOPLAZA;;12,00;1,41;;0;;
;;;;;;;;;;;
128;maxi n ch/k;;10- ECOPLAZA;;24,00;1,41;;0;;
;;;;;;;;;;;
127;MAXI N CHOCO;;10- ECOPLAZA;;12,00;1,41;;0;;
;;;;;;;;;;;

TODAS;;
Codigo;Articulo;;Referencia;Proveedor;;Uds.;Precio;;Dto%;;Importe
;;;;;;;;;;;
2461;MAXSHAKER;;5- ECOBASICS;;8,00;1,99;;0;;
;;;;;;;;;;;

ALIMENTACION;;
Codigo;Articulo;;Referencia;Proveedor;;Uds.;Precio;;Dto%;;Importe
;;;;;;;;;;;
1092;mayonesa;;1- CAL VALLS;;7,00;2,66;;0;;
;;;;;;;;;;;
970;MAYONESA;;28- ARTEOLIVA;;18,00;3,00;;0;;
;;;;;;;;;;;

TODAS;;
Codigo;Articulo;;Referencia;Proveedor;;Uds.;Precio;;Dto%;;Importe
;;;;;;;;;;;
971;MAYONESA UN;;28- ARTEOLIVA;;6,00;1,00;;0;;
;;;;;;;;;;;

ALIMENTACION;;
Codigo;Articulo;;Referencia;Proveedor;;Uds.;Precio;;Dto%;;Importe
;;;;;;;;;;;
1091;MAYONESA VEGANA;;1- CAL VALLS;;6,00;2,45;;0;;
;;;;;;;;;;;

TODAS;;
Codigo;Articulo;;Referencia;Proveedor;;Uds.;Precio;;Dto%;;Importe
;;;;;;;;;;;
2239;MCT;;10- ECOPLAZA;;1,00;13,52;;0;;
2239;MCT;;3- FELIUBADALO;;3,00;13,52;;0;;
;;;;;;;;;;;
3123;MCT OIL C8;;3- FELIUBADALO;;2,00;15,05;;0;;
;;;;;;;;;;;
2542;mega creatina;;10017- BIOTECH;;8,00;14,95;;0;;
;;;;;;;;;;;
3526;mega jalea;;3- FELIUBADALO;;1,00;22,49;;10;;
;;;;;;;;;;;

NUTRICION;;
Codigo;Articulo;;Referencia;Proveedor;;Uds.;Precio;;Dto%;;Importe
;;;;;;;;;;;
1469;MEGA TRIBULUS SWANSON;;10004- HSN;;6,00;3,62;;0;;
;;;;;;;;;;;

ALIMENTACION;;
Codigo;Articulo;;Referencia;Proveedor;;Uds.;Precio;;Dto%;;Importe
;;;;;;;;;;;
1552;MEGHEE;;16- ORGANIC INDIA;;14,00;13,36;;15;;

ARTICULOS - PROVEEDOR;;;;;Pagina 110 ;;;Fecha : 03/02/2026;;;
;;;;;;;;;;;

TODAS;;
Codigo;Articulo;;Referencia;Proveedor;;Uds.;Precio;;Dto%;;Importe
;;;;;;;;;;;
3125;MEJILLON CON ALGA;;3- FELIUBADALO;;2,00;3,50;;0;;
;;;;;;;;;;;
3124;mejillones escb;;3- FELIUBADALO;;2,00;3,81;;0;;
;;;;;;;;;;;
2819;MEJILLONES/WAKAME;;3- FELIUBADALO;;1,00;3,00;;0;;
;;;;;;;;;;;

ALIMENTACION;;
Codigo;Articulo;;Referencia;Proveedor;;Uds.;Precio;;Dto%;;Importe
;;;;;;;;;;;
1610;mejorana;;32- NORTEM BIO;;3,00;2,48;;0;;
;;;;;;;;;;;

TODAS;;
Codigo;Articulo;;Referencia;Proveedor;;Uds.;Precio;;Dto%;;Importe
;;;;;;;;;;;
2519;MEJORANA;;10- ECOPLAZA;;6,00;1,75;;5;;
;;;;;;;;;;;
2414;MELATONIN;;10004- HSN;;1,00;1,96;;0;;
;;;;;;;;;;;

NUTRICION;;
Codigo;Articulo;;Referencia;Proveedor;;Uds.;Precio;;Dto%;;Importe
;;;;;;;;;;;
500;MELATONINA 250C;;19- ALDOUS;;10,00;15,97;;0;;
;;;;;;;;;;;

TODAS;;
Codigo;Articulo;;Referencia;Proveedor;;Uds.;Precio;;Dto%;;Importe
;;;;;;;;;;;
2073;melatonina gummies;;19- ALDOUS;;3,00;13,50;;0;;
;;;;;;;;;;;
3105;melatonina lifepro;;29- LIFE PRO;;6,00;9,50;;0;;
;;;;;;;;;;;

NUTRICION;;
Codigo;Articulo;;Referencia;Proveedor;;Uds.;Precio;;Dto%;;Importe
;;;;;;;;;;;
1222;MELATONINA PURA;;19- ALDOUS;;6,00;12,90;;0;;
;;;;;;;;;;;

ALIMENTACION;;
Codigo;Articulo;;Referencia;Proveedor;;Uds.;Precio;;Dto%;;Importe
;;;;;;;;;;;
1082;melaza de arroz;;1- CAL VALLS;;6,00;2,95;;0;;
;;;;;;;;;;;

NUTRICION;;
Codigo;Articulo;;Referencia;Proveedor;;Uds.;Precio;;Dto%;;Importe
;;;;;;;;;;;
1534;melena de leon;;10004- HSN;;4,00;2,90;;0;;
1534;melena de leon;;29- LIFE PRO;;1,00;2,90;;0;;
;;;;;;;;;;;

TODAS;;
Codigo;Articulo;;Referencia;Proveedor;;Uds.;Precio;;Dto%;;Importe
;;;;;;;;;;;
3035;melisa biocop;;7- BIOCOP;;1,00;2,01;;8;;
;;;;;;;;;;;
2895;MELVA;;7- BIOCOP;;1,00;5,47;;0;;
;;;;;;;;;;;

NUTRICION;;
Codigo;Articulo;;Referencia;Proveedor;;Uds.;Precio;;Dto%;;Importe
;;;;;;;;;;;
1622;MEN G5;;32- NORTEM BIO;;2,00;28,93;;0;;
;;;;;;;;;;;
1338;menopause;;29- LIFE PRO;;2,00;17,50;;0;;
;;;;;;;;;;;

ARTICULOS - PROVEEDOR;;;;;Pagina 111 ;;;Fecha : 03/02/2026;;;
ALIMENTACION-DESAYUNO;;
Codigo;Articulo;;Referencia;Proveedor;;Uds.;Precio;;Dto%;;Importe
;;;;;;;;;;;
413;mer albar 375g;;1- CAL VALLS;;7,00;2,65;;0;;
;;;;;;;;;;;
415;mer albar 400g;;1- CAL VALLS;;6,00;2,30;;0;;
;;;;;;;;;;;
418;mer cereza;;1- CAL VALLS;;7,00;1,93;;0;;
;;;;;;;;;;;
417;mer ciruela 400g;;1- CAL VALLS;;6,00;2,50;;0;;
;;;;;;;;;;;
410;MER FRESA;;1- CAL VALLS;;6,00;2,72;;0;;
;;;;;;;;;;;
416;MER FRESA 400G;;1- CAL VALLS;;6,00;2,26;;0;;
;;;;;;;;;;;
419;MER HIGO;;1- CAL VALLS;;6,00;1,93;;0;;
;;;;;;;;;;;
411;mer melc 375g;;1- CAL VALLS;;6,00;2,65;;0;;
;;;;;;;;;;;
414;MER MELOCOTON 400G;;1- CAL VALLS;;6,00;2,26;;0;;
;;;;;;;;;;;
491;MERM ESCARAMOJO;;17- PROBIOS;;6,00;3,12;;0;;
;;;;;;;;;;;

TODAS;;
Codigo;Articulo;;Referencia;Proveedor;;Uds.;Precio;;Dto%;;Importe
;;;;;;;;;;;
3041;merm pera-limon;;7- BIOCOP;;7,00;3,28;;0;;
;;;;;;;;;;;
2363;mermelada ciruela;;7- BIOCOP;;6,00;2,82;;0;;
;;;;;;;;;;;

ALIMENTACION-ENDULZANTES;;
Codigo;Articulo;;Referencia;Proveedor;;Uds.;Precio;;Dto%;;Importe
;;;;;;;;;;;
206;MERMELADA DE CEREZAS;;7- BIOCOP;;1,00;2,36;;0;;
;;;;;;;;;;;

TODAS;;
Codigo;Articulo;;Referencia;Proveedor;;Uds.;Precio;;Dto%;;Importe
;;;;;;;;;;;
2500;mermelada de naranja;;7- BIOCOP;;6,00;2,07;;0;;
;;;;;;;;;;;
1695;MERMELADA DE PAPAYA;;3- FELIUBADALO;;2,00;3,45;;0;;
;;;;;;;;;;;
3040;MERMELADA DE PIÑONES;;7- BIOCOP;;7,00;3,20;;0;;
;;;;;;;;;;;
1694;mermelada frambuesa;;3- FELIUBADALO;;2,00;3,45;;0;;
;;;;;;;;;;;
1702;MERMELADA FRESA;;3- FELIUBADALO;;1,00;3,17;;0;;
;;;;;;;;;;;
2358;MERMELADA FRUTOS ROJOS;;7- BIOCOP;;7,00;3,29;;0;;
;;;;;;;;;;;
1693;MERMELADA TAYBERRY;;3- FELIUBADALO;;2,00;3,45;;0;;
;;;;;;;;;;;
2795;MERMELDA DE ARANDANOS;;1- CAL VALLS;;6,00;2,72;;0;;
;;;;;;;;;;;
3369;merry spices;;10009- faire;;4,00;2,95;;0;;
;;;;;;;;;;;
2709;mestvita;;36- paimes;;1,00;5,00;;0;;
;;;;;;;;;;;
2925;METABOLIK;;10021- djd;;1,00;24,75;;0;;
;;;;;;;;;;;
1871;metal depur;;10003- nutrinat;;4,00;15,90;;0;;
;;;;;;;;;;;
2658;METAL DETOX;;10015-SURAVITASAN;;2,00;22,15;;33;;
;;;;;;;;;;;

GRANEL;;
Codigo;Articulo;;Referencia;Proveedor;;Uds.;Precio;;Dto%;;Importe
;;;;;;;;;;;
612;mezcla  tostada;;23- BIOCOMERCIO;;5,00;10,38;;0;;
;;;;;;;;;;;
611;mezcla c pasas;;23- BIOCOMERCIO;;1,00;10,38;;0;;
;;;;;;;;;;;

ALIMENTACION;;
Codigo;Articulo;;Referencia;Proveedor;;Uds.;Precio;;Dto%;;Importe
;;;;;;;;;;;
1420;mezcla de arroz exotico;;10- ECOPLAZA;;1,00;2,90;;0;;
1420;mezcla de arroz exotico;;10011- bioprasad;;5,00;2,90;;0;;
;;;;;;;;;;;

ARTICULOS - PROVEEDOR;;;;;Pagina 112 ;;;Fecha : 03/02/2026;;;
1428;MEZCLA DE FRUTAS DES;;10011- bioprasad;;2,00;3,38;;0;;
;;;;;;;;;;;
1429;mezcla f s;;10011- bioprasad;;4,00;3,69;;0;;
;;;;;;;;;;;

ALIMENTACION-SEMILLAS;;
Codigo;Articulo;;Referencia;Proveedor;;Uds.;Precio;;Dto%;;Importe
;;;;;;;;;;;
277;mezcla semillas pan 250g;;5- ECOBASICS;;12,00;1,05;;0;;
;;;;;;;;;;;

DEPORTE;;
Codigo;Articulo;;Referencia;Proveedor;;Uds.;Precio;;Dto%;;Importe
;;;;;;;;;;;
545;MICELL AR CASEIN CACAOLAT1KG;;20- BIG UNIVERSAL;;2,00;27,90;;0;;
;;;;;;;;;;;
544;MICELL AR CASEIN CONGUITOS W1KG;;20- BIG UNIVERSAL;;2,00;27,90;;0;;
;;;;;;;;;;;

GRANEL;;
Codigo;Articulo;;Referencia;Proveedor;;Uds.;Precio;;Dto%;;Importe
;;;;;;;;;;;
546;MICELL AR CASEIN LACASITOS 1KG;;20- BIG UNIVERSAL;;2,00;27,90;;0;;
;;;;;;;;;;;

DEPORTE;;
Codigo;Articulo;;Referencia;Proveedor;;Uds.;Precio;;Dto%;;Importe
;;;;;;;;;;;
543;MICELL AR CASEINCONGUITOS D 1KG;;20- BIG UNIVERSAL;;4,00;27,90;;0;;
;;;;;;;;;;;
541;MICELL AR CASEIN MOWGLYCHOCO d 1KG;;20- BIG UNIVERSAL;;4,00;26,90;;0;;
;;;;;;;;;;;
542;MICELL AR CASEIN MOWGLYCHOCO w 1KG;;20- BIG UNIVERSAL;;2,00;26,90;;0;;
;;;;;;;;;;;
587;MICELLAR C monodosis;;20- BIG UNIVERSAL;;2,00;1,25;;0;;
;;;;;;;;;;;

TODAS;;
Codigo;Articulo;;Referencia;Proveedor;;Uds.;Precio;;Dto%;;Importe
;;;;;;;;;;;
1212;micellar casein hsn 2K;;10004- HSN;;1,00;36,88;;0;;
;;;;;;;;;;;

DEPORTE;;
Codigo;Articulo;;Referencia;Proveedor;;Uds.;Precio;;Dto%;;Importe
;;;;;;;;;;;
1351;micellar conguitos bl;;20- BIG UNIVERSAL;;2,00;27,90;;0;;
;;;;;;;;;;;
1350;MICELLAR STRACCIATELLA;;20- BIG UNIVERSAL;;4,00;26,90;;0;;
;;;;;;;;;;;

TODAS;;
Codigo;Articulo;;Referencia;Proveedor;;Uds.;Precio;;Dto%;;Importe
;;;;;;;;;;;
1870;MICRO BALANCE;;10003- nutrinat;;4,00;15,30;;0;;
;;;;;;;;;;;

ALIMENTACION-DESAYUNO;;
Codigo;Articulo;;Referencia;Proveedor;;Uds.;Precio;;Dto%;;Importe
;;;;;;;;;;;
433;MIEL 1KG EUC;;1- CAL VALLS;;6,00;8,65;;0;;
;;;;;;;;;;;
432;MIEL 1KG TOM;;1- CAL VALLS;;6,00;9,50;;0;;
;;;;;;;;;;;
421;MIEL BERZO 500G;;1- CAL VALLS;;7,00;4,65;;0;;
;;;;;;;;;;;

TODAS;;
Codigo;Articulo;;Referencia;Proveedor;;Uds.;Precio;;Dto%;;Importe
;;;;;;;;;;;
2793;miel de eucalipto 500g;;1- CAL VALLS;;6,00;4,80;;0;;
;;;;;;;;;;;
1083;miel espliego;;1- CAL VALLS;;7,00;4,65;;0;;
;;;;;;;;;;;

ARTICULOS - PROVEEDOR;;;;;Pagina 113 ;;;Fecha : 03/02/2026;;;
ALIMENTACION-TES;;
Codigo;Articulo;;Referencia;Proveedor;;Uds.;Precio;;Dto%;;Importe
;;;;;;;;;;;
481;migra sos;;10- ECOPLAZA;;8,00;1,95;;5;;
;;;;;;;;;;;

TODAS;;
Codigo;Articulo;;Referencia;Proveedor;;Uds.;Precio;;Dto%;;Importe
;;;;;;;;;;;
2479;MIGVITA;;36- paimes;;3,00;5,00;;0;;
;;;;;;;;;;;

ALIMENTACION-GRANOS;;
Codigo;Articulo;;Referencia;Proveedor;;Uds.;Precio;;Dto%;;Importe
;;;;;;;;;;;
266;mijo grano 500g;;5- ECOBASICS;;10,00;1,32;;0;;
;;;;;;;;;;;

TODAS;;
Codigo;Articulo;;Referencia;Proveedor;;Uds.;Precio;;Dto%;;Importe
;;;;;;;;;;;
3192;mini ckr esp;;7- BIOCOP;;8,00;2,04;;0;;
;;;;;;;;;;;

ALIMENTACION-PANAES;;
Codigo;Articulo;;Referencia;Proveedor;;Uds.;Precio;;Dto%;;Importe
;;;;;;;;;;;
355;MINI CRACKER ESP;;36- paimes;;1,00;1,94;;0;;
355;MINI CRACKER ESP;;7- BIOCOP;;43,00;2,11;;8;;
;;;;;;;;;;;

TODAS;;
Codigo;Articulo;;Referencia;Proveedor;;Uds.;Precio;;Dto%;;Importe
;;;;;;;;;;;
1750;mini crackers;;2- LA FINESTRASUL CIELO;;12,00;1,75;;0;;
;;;;;;;;;;;

ALIMENTACION-PANAES;;
Codigo;Articulo;;Referencia;Proveedor;;Uds.;Precio;;Dto%;;Importe
;;;;;;;;;;;
252;MINI CRACKERS PIZZA;;2- LA FINESTRASUL CIELO;;6,00;1,92;;0;;
;;;;;;;;;;;
204;mini crackers romero;;7- BIOCOP;;16,00;1,29;;0;;
;;;;;;;;;;;
253;mini crackers sesamo;;2- LA FINESTRASUL CIELO;;6,00;1,92;;0;;
;;;;;;;;;;;
203;MINI CRACKERS T/S;;7- BIOCOP;;16,00;1,67;;35;;
;;;;;;;;;;;

TODAS;;
Codigo;Articulo;;Referencia;Proveedor;;Uds.;Precio;;Dto%;;Importe
;;;;;;;;;;;
1895;mini crakers espelta;;2- LA FINESTRASUL CIELO;;6,00;1,92;;0;;
;;;;;;;;;;;
1894;MINI CRAKERS ESPELTAquinoa;;2- LA FINESTRASUL CIELO;;6,00;1,92;;0;;
;;;;;;;;;;;
1883;mini macarrones s/g;;10- ECOPLAZA;;1,00;3,85;;0;;
1883;mini macarrones s/g;;7- BIOCOP;;22,00;3,85;;0;;
;;;;;;;;;;;

ALIMENTACION;;
Codigo;Articulo;;Referencia;Proveedor;;Uds.;Precio;;Dto%;;Importe
;;;;;;;;;;;
1304;mini piadina;;7- BIOCOP;;16,00;1,36;;25;;
;;;;;;;;;;;

TODAS;;
Codigo;Articulo;;Referencia;Proveedor;;Uds.;Precio;;Dto%;;Importe
;;;;;;;;;;;
2335;MISO;;5- ECOBASICS;;2,45;2,45;;0;;
;;;;;;;;;;;
2075;miso de garbanzos;;2- LA FINESTRASUL CIELO;;4,00;6,58;;0;;
;;;;;;;;;;;

ARTICULOS - PROVEEDOR;;;;;Pagina 114 ;;;Fecha : 03/02/2026;;;
ALIMENTACION-ORIENTAL;;
Codigo;Articulo;;Referencia;Proveedor;;Uds.;Precio;;Dto%;;Importe
;;;;;;;;;;;
259;miso garbanzos 150g;;2- LA FINESTRASUL CIELO;;6,00;3,94;;0;;
;;;;;;;;;;;
373;MISO HATCHO;;10- ECOPLAZA;;1,00;6,44;;0;;
373;MISO HATCHO;;7- BIOCOP;;8,00;5,26;;0;;
;;;;;;;;;;;

ALIMENTACION-CONSERVAS;;
Codigo;Articulo;;Referencia;Proveedor;;Uds.;Precio;;Dto%;;Importe
;;;;;;;;;;;
372;miso sopa;;7- BIOCOP;;25,00;3,75;;0;;
;;;;;;;;;;;

TODAS;;
Codigo;Articulo;;Referencia;Proveedor;;Uds.;Precio;;Dto%;;Importe
;;;;;;;;;;;
1675;MIX CALDO;;1- CAL VALLS;;4,00;1,90;;0;;
;;;;;;;;;;;

ALIMENTACION;;
Codigo;Articulo;;Referencia;Proveedor;;Uds.;Precio;;Dto%;;Importe
;;;;;;;;;;;
1403;MIX CAN Y GIN;;10011- bioprasad;;6,00;0,92;;0;;
;;;;;;;;;;;

TODAS;;
Codigo;Articulo;;Referencia;Proveedor;;Uds.;Precio;;Dto%;;Importe
;;;;;;;;;;;
2626;MIX CIR;;10012- APROLIS;;3,00;0,00;;0;;
;;;;;;;;;;;
2618;MIX COL;;10012- APROLIS;;3,00;10,26;;0;;
;;;;;;;;;;;

ALIMENTACION;;
Codigo;Articulo;;Referencia;Proveedor;;Uds.;Precio;;Dto%;;Importe
;;;;;;;;;;;
1529;mix con frutos secos;;5- ECOBASICS;;12,00;0,90;;0;;
;;;;;;;;;;;
1530;MIX CON POÑONES;;5- ECOBASICS;;12,00;1,21;;0;;
;;;;;;;;;;;

TODAS;;
Codigo;Articulo;;Referencia;Proveedor;;Uds.;Precio;;Dto%;;Importe
;;;;;;;;;;;
2617;mix cycle;;10012- APROLIS;;3,00;10,10;;0;;
;;;;;;;;;;;

NUTRICION;;
Codigo;Articulo;;Referencia;Proveedor;;Uds.;Precio;;Dto%;;Importe
;;;;;;;;;;;
496;MIX CHL/ESP 600C;;19- ALDOUS;;7,00;20,97;;5;;
;;;;;;;;;;;

FRUTERIA;;
Codigo;Articulo;;Referencia;Proveedor;;Uds.;Precio;;Dto%;;Importe
;;;;;;;;;;;
1120;MIX ENSALADA;;1- CAL VALLS;;4,00;1,70;;0;;
;;;;;;;;;;;
1118;MIX FRUTA;;1- CAL VALLS;;7,00;5,20;;0;;
;;;;;;;;;;;

TODAS;;
Codigo;Articulo;;Referencia;Proveedor;;Uds.;Precio;;Dto%;;Importe
;;;;;;;;;;;
2622;MIX GASES;;10012- APROLIS;;3,00;10,26;;0;;
;;;;;;;;;;;
2623;mix gastro;;10012- APROLIS;;3,00;10,26;;0;;
;;;;;;;;;;;

NUTRICION;;
Codigo;Articulo;;Referencia;Proveedor;;Uds.;Precio;;Dto%;;Importe
;;;;;;;;;;;
1269;MIX HIERBA;;15- orgacicasuperfoods;;3,00;9,55;;0;;

ARTICULOS - PROVEEDOR;;;;;Pagina 115 ;;;Fecha : 03/02/2026;;;
;;;;;;;;;;;

TODAS;;
Codigo;Articulo;;Referencia;Proveedor;;Uds.;Precio;;Dto%;;Importe
;;;;;;;;;;;
2210;mix pan;;3- FELIUBADALO;;6,00;3,74;;0;;
;;;;;;;;;;;
2275;MIX POPS;;20- BIG UNIVERSAL;;6,00;6,00;;0;;
;;;;;;;;;;;
2624;MIX RELAX;;10012- APROLIS;;3,00;10,10;;0;;
;;;;;;;;;;;
2212;mix reposteria;;3- FELIUBADALO;;2,00;3,53;;0;;
;;;;;;;;;;;
2508;MIX TROPICAL;;7- BIOCOP;;10,00;2,24;;0;;
;;;;;;;;;;;
2625;mix urin;;10012- APROLIS;;3,00;9,91;;0;;
;;;;;;;;;;;
2634;MIXSOON ACEITE LIMPIADOR;;10018- STORE.K;;4,00;10,33;;0;;
;;;;;;;;;;;
2641;mixsoon hyaluronic acid serumwater;;10018- STORE.K;;4,00;11,98;;0;;
;;;;;;;;;;;
2643;mixsoon hydrogel eye patch;;10018- STORE.K;;1,00;11,57;;0;;
;;;;;;;;;;;
2648;MIXSOON PADS;;10018- STORE.K;;1,00;10,74;;0;;
;;;;;;;;;;;
2635;mixsoon stick balm;;10018- STORE.K;;1,00;14,46;;0;;
;;;;;;;;;;;
2639;mixsoon toner;;10018- STORE.K;;1,00;4,96;;0;;
;;;;;;;;;;;
2640;MIXSOON WATER CLEAN;;10018- STORE.K;;1,00;6,20;;0;;
;;;;;;;;;;;
2822;MK7;;10013- POWERBODY;;1,00;10,45;;0;;
;;;;;;;;;;;

ALIMENTACION-PANAES;;
Codigo;Articulo;;Referencia;Proveedor;;Uds.;Precio;;Dto%;;Importe
;;;;;;;;;;;
205;MOLDE KAMUT;;7- BIOCOP;;24,00;3,38;;0;;
;;;;;;;;;;;

ALIMENTACION;;
Codigo;Articulo;;Referencia;Proveedor;;Uds.;Precio;;Dto%;;Importe
;;;;;;;;;;;
1026;MOLDE RUSTICO;;7- BIOCOP;;12,00;3,81;;15;;
;;;;;;;;;;;

TODAS;;
Codigo;Articulo;;Referencia;Proveedor;;Uds.;Precio;;Dto%;;Importe
;;;;;;;;;;;
2777;MOLINILLO PIMIENTA;;10- ECOPLAZA;;2,00;5,35;;0;;
2777;MOLINILLO PIMIENTA;;7- BIOCOP;;1,00;5,35;;0;;
;;;;;;;;;;;

DEPORTE;;
Codigo;Articulo;;Referencia;Proveedor;;Uds.;Precio;;Dto%;;Importe
;;;;;;;;;;;
770;moon citrus;;3- FELIUBADALO;;11,00;1,12;;0;;
;;;;;;;;;;;
769;MOON TROPICAL;;3- FELIUBADALO;;20,00;1,12;;0;;
;;;;;;;;;;;

TODAS;;
Codigo;Articulo;;Referencia;Proveedor;;Uds.;Precio;;Dto%;;Importe
;;;;;;;;;;;
1433;moras blancas;;10011- bioprasad;;12,00;1,29;;0;;
;;;;;;;;;;;
2252;moringa;;10- ECOPLAZA;;12,00;4,83;;0;;
;;;;;;;;;;;

NUTRICION;;
Codigo;Articulo;;Referencia;Proveedor;;Uds.;Precio;;Dto%;;Importe
;;;;;;;;;;;
1204;MORINGA CAP;;10004- HSN;;2,00;2,90;;0;;
;;;;;;;;;;;

TODAS;;
Codigo;Articulo;;Referencia;Proveedor;;Uds.;Precio;;Dto%;;Importe
;;;;;;;;;;;
1829;MORINGA EN POLVO;;10011- bioprasad;;6,00;1,46;;0;;
;;;;;;;;;;;
ARTICULOS - PROVEEDOR;;;;;Pagina 116 ;;;Fecha : 03/02/2026;;;
2247;MORINGA ORGANIC INDIA;;11- organicasuperfoods;;1,00;13,99;;0;;
2247;MORINGA ORGANIC INDIA;;16- ORGANIC INDIA;;5,00;13,99;;0;;
;;;;;;;;;;;

NUTRICION;;
Codigo;Articulo;;Referencia;Proveedor;;Uds.;Precio;;Dto%;;Importe
;;;;;;;;;;;
316;MORINGA POLVO 200G;;5- ECOBASICS;;6,00;4,06;;0;;
;;;;;;;;;;;

TODAS;;
Codigo;Articulo;;Referencia;Proveedor;;Uds.;Precio;;Dto%;;Importe
;;;;;;;;;;;
1689;mostaza;;3- FELIUBADALO;;2,00;2,82;;0;;
;;;;;;;;;;;
2715;MOSTAZA;;31- EBRO Diet;;6,00;1,47;;0;;
;;;;;;;;;;;

ALIMENTACION-SALSAS;;
Codigo;Articulo;;Referencia;Proveedor;;Uds.;Precio;;Dto%;;Importe
;;;;;;;;;;;
426;MOSTAZA;;1- CAL VALLS;;6,00;2,15;;0;;
;;;;;;;;;;;

TODAS;;
Codigo;Articulo;;Referencia;Proveedor;;Uds.;Precio;;Dto%;;Importe
;;;;;;;;;;;
2257;MOZZARELLA VEGANA;;10- ECOPLAZA;;1,00;3,01;;0;;
;;;;;;;;;;;

NUTRICION;;
Codigo;Articulo;;Referencia;Proveedor;;Uds.;Precio;;Dto%;;Importe
;;;;;;;;;;;
380;MSM;;15- orgacicasuperfoods;;9,00;7,87;;0;;
;;;;;;;;;;;

TODAS;;
Codigo;Articulo;;Referencia;Proveedor;;Uds.;Precio;;Dto%;;Importe
;;;;;;;;;;;
2849;MUCOGAST;;10020- N-PRO;;3,00;20,01;;0;;
;;;;;;;;;;;

NUTRICION;;
Codigo;Articulo;;Referencia;Proveedor;;Uds.;Precio;;Dto%;;Importe
;;;;;;;;;;;
1575;MUCPROPOL;;10012- APROLIS;;12,00;12,55;;0;;
;;;;;;;;;;;

TODAS;;
Codigo;Articulo;;Referencia;Proveedor;;Uds.;Precio;;Dto%;;Importe
;;;;;;;;;;;
3140;mucpropol kids;;10012- APROLIS;;15,00;10,81;;0;;
;;;;;;;;;;;

ALIMENTACION;;
Codigo;Articulo;;Referencia;Proveedor;;Uds.;Precio;;Dto%;;Importe
;;;;;;;;;;;
1020;muesle crujiente 1kg;;7- BIOCOP;;6,00;5,44;;25;;
;;;;;;;;;;;
1021;muesle original 1kg;;7- BIOCOP;;6,00;5,44;;25;;
;;;;;;;;;;;

DEPORTE;;
Codigo;Articulo;;Referencia;Proveedor;;Uds.;Precio;;Dto%;;Importe
;;;;;;;;;;;
1013;muesli;;29- LIFE PRO;;1,00;2,20;;0;;
;;;;;;;;;;;

TODAS;;
Codigo;Articulo;;Referencia;Proveedor;;Uds.;Precio;;Dto%;;Importe
;;;;;;;;;;;
2888;muesli andino;;10011- bioprasad;;1,00;2,28;;0;;
;;;;;;;;;;;
2802;muesli canela;;7- BIOCOP;;12,00;4,69;;0;;

ARTICULOS - PROVEEDOR;;;;;Pagina 117 ;;;Fecha : 03/02/2026;;;
;;;;;;;;;;;

ALIMENTACION-CEREALES;;
Codigo;Articulo;;Referencia;Proveedor;;Uds.;Precio;;Dto%;;Importe
;;;;;;;;;;;
298;MUESLI CHOCO;;5- ECOBASICS;;12,00;1,31;;0;;
;;;;;;;;;;;

TODAS;;
Codigo;Articulo;;Referencia;Proveedor;;Uds.;Precio;;Dto%;;Importe
;;;;;;;;;;;
2889;muesli f secos;;10011- bioprasad;;1,00;2,97;;0;;
;;;;;;;;;;;
2929;MUESLI PROETEICO;;7- BIOCOP;;1,00;4,76;;8;;
;;;;;;;;;;;
2127;muesli s/g frutas;;10011- bioprasad;;1,00;2,97;;0;;
;;;;;;;;;;;
2803;MUFFIN S/G;;7- BIOCOP;;6,00;2,49;;15;;
;;;;;;;;;;;
3444;mug 350ml;;10013- POWERBODY;;2,00;7,18;;0;;
;;;;;;;;;;;
2713;MUG L PRO;;29- LIFE PRO;;3,00;10,00;;0;;
;;;;;;;;;;;
3213;mug travel;;29- LIFE PRO;;2,00;10,00;;0;;
;;;;;;;;;;;
2572;mug xxl;;10009- faire;;1,00;15,80;;0;;
;;;;;;;;;;;
2827;MULTI OSAVI;;10013- POWERBODY;;1,00;9,52;;0;;
;;;;;;;;;;;
2341;MULTI V MUJER;;10017- BIOTECH;;1,00;5,59;;0;;
;;;;;;;;;;;
2790;MULTI VIT NUTRALIE;;10- ECOPLAZA;;3,00;13,98;;25;;
;;;;;;;;;;;

NUTRICION;;
Codigo;Articulo;;Referencia;Proveedor;;Uds.;Precio;;Dto%;;Importe
;;;;;;;;;;;
1547;multimax;;27- ACTIBIOS;;1,00;13,85;;0;;
;;;;;;;;;;;

TODAS;;
Codigo;Articulo;;Referencia;Proveedor;;Uds.;Precio;;Dto%;;Importe
;;;;;;;;;;;
2847;MULTIPROBIOTA;;10020- N-PRO;;4,00;12,17;;20;;
;;;;;;;;;;;

ALIMENTACION;;
Codigo;Articulo;;Referencia;Proveedor;;Uds.;Precio;;Dto%;;Importe
;;;;;;;;;;;
943;MULTIUSOS;;2- LA FINESTRASUL CIELO;;6,00;3,97;;0;;
;;;;;;;;;;;

TODAS;;
Codigo;Articulo;;Referencia;Proveedor;;Uds.;Precio;;Dto%;;Importe
;;;;;;;;;;;
2828;MULTIV MUJER OSAVI;;10013- POWERBODY;;4,00;11,81;;0;;
;;;;;;;;;;;
2783;multivit forte;;36- paimes;;2,00;10,30;;0;;
;;;;;;;;;;;
1928;MULTIVITAMINAS;;19- ALDOUS;;7,00;16,90;;0;;
;;;;;;;;;;;

NUTRICION;;
Codigo;Articulo;;Referencia;Proveedor;;Uds.;Precio;;Dto%;;Importe
;;;;;;;;;;;
1164;MULTIVITAMINICO;;19- ALDOUS;;2,00;13,50;;0;;
;;;;;;;;;;;
1165;MULTIVITAMINICO KIDS;;19- ALDOUS;;3,00;12,78;;0;;
;;;;;;;;;;;
1192;multivitaminico niño;;10003- nutrinat;;3,00;23,50;;0;;
;;;;;;;;;;;

TODAS;;
Codigo;Articulo;;Referencia;Proveedor;;Uds.;Precio;;Dto%;;Importe
;;;;;;;;;;;
3099;multivitaminico w biotech;;10017- BIOTECH;;1,00;14,95;;0;;
;;;;;;;;;;;
2733;muscle mass;;10017- BIOTECH;;2,00;35,50;;0;;
;;;;;;;;;;;

ARTICULOS - PROVEEDOR;;;;;Pagina 118 ;;;Fecha : 03/02/2026;;;
ALIMENTACION;;
Codigo;Articulo;;Referencia;Proveedor;;Uds.;Precio;;Dto%;;Importe
;;;;;;;;;;;
90;musgo de mar 25g;;3- FELIUBADALO;;8,00;1,50;;0;;
;;;;;;;;;;;
1512;MUSLI;;7- BIOCOP;;6,00;4,75;;15;;
;;;;;;;;;;;

TODAS;;
Codigo;Articulo;;Referencia;Proveedor;;Uds.;Precio;;Dto%;;Importe
;;;;;;;;;;;
3415;MYO INOSITOL;;10004- HSN;;1,00;7,24;;0;;
;;;;;;;;;;;
2263;n;;10009- faire;;8,00;2,38;;0;;
;;;;;;;;;;;
2920;nac;;36- paimes;;1,00;9,05;;0;;
;;;;;;;;;;;
2823;NAC;;10013- POWERBODY;;1,00;11,49;;0;;
;;;;;;;;;;;

NUTRICION;;
Codigo;Articulo;;Referencia;Proveedor;;Uds.;Precio;;Dto%;;Importe
;;;;;;;;;;;
1199;NAC;;10004- HSN;;2,00;4,46;;0;;
;;;;;;;;;;;

DEPORTE;;
Codigo;Articulo;;Referencia;Proveedor;;Uds.;Precio;;Dto%;;Importe
;;;;;;;;;;;
1288;NAC LIFEPRO;;29- LIFE PRO;;4,00;5,90;;0;;
;;;;;;;;;;;

TODAS;;
Codigo;Articulo;;Referencia;Proveedor;;Uds.;Precio;;Dto%;;Importe
;;;;;;;;;;;
2905;NACHOS;;10- ECOPLAZA;;1,00;1,74;;0;;
;;;;;;;;;;;
2906;NACHOS ROLL;;10- ECOPLAZA;;1,00;1,84;;0;;
;;;;;;;;;;;
3433;nad+;;36- paimes;;1,00;9,10;;0;;
;;;;;;;;;;;
3056;nad+ nutralie;;10- ECOPLAZA;;1,00;20,41;;0;;
;;;;;;;;;;;
2018;nadh;;10013- POWERBODY;;5,00;27,08;;0;;
;;;;;;;;;;;
2774;natessance karite chmp;;10- ECOPLAZA;;2,00;4,97;;0;;
;;;;;;;;;;;
3412;NATIVE PRO;;10004- HSN;;1,00;12,11;;0;;
;;;;;;;;;;;
1370;natulim;;3- FELIUBADALO;;3,00;6,90;;0;;
;;;;;;;;;;;

ALIMENTACION-BEBIDAS-REFRESCOS;;
Codigo;Articulo;;Referencia;Proveedor;;Uds.;Precio;;Dto%;;Importe
;;;;;;;;;;;
120;NATURFRISK COLA;;3- FELIUBADALO;;12,00;1,30;;10;;
;;;;;;;;;;;

ALIMENTACION-BEBIDAS-ISOTONICOS;;
Codigo;Articulo;;Referencia;Proveedor;;Uds.;Precio;;Dto%;;Importe
;;;;;;;;;;;
119;naturfrisk limon;;3- FELIUBADALO;;12,00;1,30;;10;;
;;;;;;;;;;;

NUTRICION;;
Codigo;Articulo;;Referencia;Proveedor;;Uds.;Precio;;Dto%;;Importe
;;;;;;;;;;;
1479;NAUSTOP;;29- LIFE PRO;;2,00;12,90;;0;;
;;;;;;;;;;;

TODAS;;
Codigo;Articulo;;Referencia;Proveedor;;Uds.;Precio;;Dto%;;Importe
;;;;;;;;;;;
2937;NECESER DE VIAJE;;21-NATURAKOSMETIC;;1,00;7,80;;0;;
;;;;;;;;;;;
2110;NECESER H LA VERA;;21-NATURAKOSMETIC;;3,00;15,85;;0;;
;;;;;;;;;;;
2177;NEEM JABON;;10013- POWERBODY;;6,00;1,04;;0;;
;;;;;;;;;;;

ARTICULOS - PROVEEDOR;;;;;Pagina 119 ;;;Fecha : 03/02/2026;;;
2184;neem mask;;10013- POWERBODY;;4,00;1,56;;0;;
;;;;;;;;;;;
2441;NIACIN 250MG 90CAP NOW;;10013- POWERBODY;;3,00;7,33;;0;;
;;;;;;;;;;;
1817;NIACIN 90cap now;;10004- HSN;;4,00;13,93;;0;;
;;;;;;;;;;;
1644;NIACINAMIDA;;10004- HSN;;1,00;5,68;;0;;
1644;NIACINAMIDA;;10013- POWERBODY;;2,00;5,87;;0;;
;;;;;;;;;;;
2435;NIGELLA;;15- orgacicasuperfoods;;13,00;3,63;;0;;
;;;;;;;;;;;
1965;nigelle;;10009- faire;;6,00;7,40;;0;;
;;;;;;;;;;;

DEPORTE;;
Codigo;Articulo;;Referencia;Proveedor;;Uds.;Precio;;Dto%;;Importe
;;;;;;;;;;;
562;NITROSPEED LOLLIPOP;;20- BIG UNIVERSAL;;3,00;18,90;;0;;
;;;;;;;;;;;

TODAS;;
Codigo;Articulo;;Referencia;Proveedor;;Uds.;Precio;;Dto%;;Importe
;;;;;;;;;;;
2855;no-dol;;3- FELIUBADALO;;1,00;12,41;;0;;
;;;;;;;;;;;

ALIMENTACION;;
Codigo;Articulo;;Referencia;Proveedor;;Uds.;Precio;;Dto%;;Importe
;;;;;;;;;;;
1193;NOCCO;;10006- FRIT RAVICH;;24,00;1,49;;0;;
1193;NOCCO;;29- LIFE PRO;;24,00;1,50;;0;;
;;;;;;;;;;;

DEPORTE;;
Codigo;Articulo;;Referencia;Proveedor;;Uds.;Precio;;Dto%;;Importe
;;;;;;;;;;;
1342;NOCCO FRESA;;29- LIFE PRO;;24,00;1,50;;0;;
;;;;;;;;;;;
1343;nocco limon;;29- LIFE PRO;;24,00;1,50;;0;;
;;;;;;;;;;;

ALIMENTACION;;
Codigo;Articulo;;Referencia;Proveedor;;Uds.;Precio;;Dto%;;Importe
;;;;;;;;;;;
1226;nocco mango;;10006- FRIT RAVICH;;24,00;0,00;;0;;
1226;nocco mango;;29- LIFE PRO;;24,00;1,50;;0;;
;;;;;;;;;;;

TODAS;;
Codigo;Articulo;;Referencia;Proveedor;;Uds.;Precio;;Dto%;;Importe
;;;;;;;;;;;
2564;nogal;;31- EBRO Diet;;6,00;1,16;;0;;
;;;;;;;;;;;
2123;noni;;3- FELIUBADALO;;1,00;17,17;;0;;
;;;;;;;;;;;

ALIMENTACION-PASTA;;
Codigo;Articulo;;Referencia;Proveedor;;Uds.;Precio;;Dto%;;Importe
;;;;;;;;;;;
519;NOODLE KONJAC;;2- LA FINESTRASUL CIELO;;6,00;2,57;;0;;
;;;;;;;;;;;

DEPORTE;;
Codigo;Articulo;;Referencia;Proveedor;;Uds.;Precio;;Dto%;;Importe
;;;;;;;;;;;
1334;NOODLES;;29- LIFE PRO;;8,00;2,15;;0;;
;;;;;;;;;;;

NUTRICION;;
Codigo;Articulo;;Referencia;Proveedor;;Uds.;Precio;;Dto%;;Importe
;;;;;;;;;;;
506;NOOTROPIC;;19- ALDOUS;;8,00;19,90;;5;;
;;;;;;;;;;;

ARTICULOS - PROVEEDOR;;;;;Pagina 120 ;;;Fecha : 03/02/2026;;;
TODAS;;
Codigo;Articulo;;Referencia;Proveedor;;Uds.;Precio;;Dto%;;Importe
;;;;;;;;;;;
3496;NORI EN COPOS;;3- FELIUBADALO;;1,00;1,75;;0;;
;;;;;;;;;;;

ALIMENTACION-BEBIDAS-REFRESCOS;;
Codigo;Articulo;;Referencia;Proveedor;;Uds.;Precio;;Dto%;;Importe
;;;;;;;;;;;
142;nrj/gin whole;;10- ECOPLAZA;;12,00;1,06;;10;;
;;;;;;;;;;;

TODAS;;
Codigo;Articulo;;Referencia;Proveedor;;Uds.;Precio;;Dto%;;Importe
;;;;;;;;;;;
3033;nueces;;4- BIONSAN;;1,00;2,94;;0;;
;;;;;;;;;;;

GRANEL;;
Codigo;Articulo;;Referencia;Proveedor;;Uds.;Precio;;Dto%;;Importe
;;;;;;;;;;;
606;nuez;;23- BIOCOMERCIO;;5,00;8,14;;0;;
;;;;;;;;;;;
607;nuez bracil;;23- BIOCOMERCIO;;5,00;11,51;;0;;
;;;;;;;;;;;

ALIMENTACION;;
Codigo;Articulo;;Referencia;Proveedor;;Uds.;Precio;;Dto%;;Importe
;;;;;;;;;;;
1405;NUEZ MOSCADA;;10011- bioprasad;;5,00;1,60;;0;;
;;;;;;;;;;;

TODAS;;
Codigo;Articulo;;Referencia;Proveedor;;Uds.;Precio;;Dto%;;Importe
;;;;;;;;;;;
2011;NUTLOVE;;10013- POWERBODY;;3,00;1,55;;0;;
;;;;;;;;;;;
2408;nutlove bar;;10013- POWERBODY;;15,00;0,86;;0;;
;;;;;;;;;;;
3156;nutlove protein;;10013- POWERBODY;;2,00;13,33;;0;;
;;;;;;;;;;;
2012;nutlove sauce;;10013- POWERBODY;;3,00;3,73;;0;;
;;;;;;;;;;;
2398;NUTLOVE SAUCE BLANCA;;10013- POWERBODY;;3,00;3,80;;0;;
;;;;;;;;;;;
2409;NUTLOVEBAR;;10013- POWERBODY;;15,00;0,86;;0;;
;;;;;;;;;;;
2401;NUTREND;;10013- POWERBODY;;2,00;8,69;;0;;
;;;;;;;;;;;
2022;NUTREND PROTEIN;;10013- POWERBODY;;5,00;8,69;;0;;
;;;;;;;;;;;

ALIMENTACION-BEBIDAS-LECHE;;
Codigo;Articulo;;Referencia;Proveedor;;Uds.;Precio;;Dto%;;Importe
;;;;;;;;;;;
87;oat cocoa isola 1l;;3- FELIUBADALO;;6,00;1,72;;10;;
;;;;;;;;;;;

GRANEL;;
Codigo;Articulo;;Referencia;Proveedor;;Uds.;Precio;;Dto%;;Importe
;;;;;;;;;;;
84;OATLY 200ML;;3- FELIUBADALO;;8,00;0,98;;0;;
;;;;;;;;;;;
566;OATMEAL 1,5K WHITABIGCHOC;;20- BIG UNIVERSAL;;2,00;6,10;;0;;
;;;;;;;;;;;

TODAS;;
Codigo;Articulo;;Referencia;Proveedor;;Uds.;Precio;;Dto%;;Importe
;;;;;;;;;;;
2988;obe-control;;36- paimes;;1,00;12,95;;0;;
;;;;;;;;;;;
2708;OBVITA;;36- paimes;;1,00;5,00;;0;;
;;;;;;;;;;;
3142;oligopropol;;10012- APROLIS;;14,00;15,90;;0;;
;;;;;;;;;;;

ARTICULOS - PROVEEDOR;;;;;Pagina 121 ;;;Fecha : 03/02/2026;;;
ALIMENTACION-SALSAS;;
Codigo;Articulo;;Referencia;Proveedor;;Uds.;Precio;;Dto%;;Importe
;;;;;;;;;;;
181;OLIVADA SETAS TRUFA;;4- BIONSAN;;7,00;2,29;;0;;
;;;;;;;;;;;

ALIMENTACION-CONSERVAS;;
Codigo;Articulo;;Referencia;Proveedor;;Uds.;Precio;;Dto%;;Importe
;;;;;;;;;;;
423;OLIVAS 50G;;1- CAL VALLS;;6,00;1,45;;0;;
;;;;;;;;;;;
228;olivas desh;;7- BIOCOP;;5,00;2,51;;0;;
;;;;;;;;;;;
157;OLIVAS GAZPACHO;;4- BIONSAN;;12,00;1,65;;0;;
;;;;;;;;;;;
152;OLIVAS MANZ 350G;;4- BIONSAN;;12,00;1,63;;0;;
;;;;;;;;;;;

TODAS;;
Codigo;Articulo;;Referencia;Proveedor;;Uds.;Precio;;Dto%;;Importe
;;;;;;;;;;;
3524;OLIVAS MEDITERRANEAS;;7- BIOCOP;;1,00;1,70;;0;;
;;;;;;;;;;;
1747;OLIVO;;2- LA FINESTRASUL CIELO;;6,00;1,10;;0;;
;;;;;;;;;;;
3498;olivo polvo;;15- orgacicasuperfoods;;1,00;4,45;;0;;
;;;;;;;;;;;
3442;omega 3;;10013- POWERBODY;;1,00;3,72;;0;;
;;;;;;;;;;;

NUTRICION;;
Codigo;Articulo;;Referencia;Proveedor;;Uds.;Precio;;Dto%;;Importe
;;;;;;;;;;;
1535;omega 3;;10004- HSN;;2,00;3,23;;0;;
;;;;;;;;;;;

TODAS;;
Codigo;Articulo;;Referencia;Proveedor;;Uds.;Precio;;Dto%;;Importe
;;;;;;;;;;;
3459;OMEGA 3 ALGEA;;10004- HSN;;1,00;14,53;;0;;
;;;;;;;;;;;
2175;OMEGA 3 ARTIC BLUE;;10013- POWERBODY;;2,00;6,55;;0;;
;;;;;;;;;;;
2412;OMEGA 3 IFOS HSN;;10004- HSN;;11,00;11,03;;0;;
;;;;;;;;;;;
3157;omega 3+d3+k2;;10013- POWERBODY;;8,00;3,49;;0;;
;;;;;;;;;;;
2014;omega 3-6-9;;10013- POWERBODY;;2,00;4,90;;0;;
;;;;;;;;;;;

NUTRICION;;
Codigo;Articulo;;Referencia;Proveedor;;Uds.;Precio;;Dto%;;Importe
;;;;;;;;;;;
1446;omega 3679;;10003- nutrinat;;4,00;15,90;;0;;
;;;;;;;;;;;
990;OMEGA 369;;29- LIFE PRO;;7,00;6,90;;5;;
;;;;;;;;;;;

TODAS;;
Codigo;Articulo;;Referencia;Proveedor;;Uds.;Precio;;Dto%;;Importe
;;;;;;;;;;;
3223;omega 7;;10004- HSN;;1,00;21,72;;0;;
;;;;;;;;;;;
3380;omega3;;19- ALDOUS;;6,00;17,95;;0;;
;;;;;;;;;;;
1728;OMEGA3;;10004- HSN;;1,00;8,50;;0;;
1728;OMEGA3;;29- LIFE PRO;;12,00;8,50;;0;;
;;;;;;;;;;;
2924;OMEGA3 PREMIUM hsn;;10004- HSN;;7,00;19,94;;0;;
;;;;;;;;;;;
2095;OMEGA3 PRO;;29- LIFE PRO;;12,00;13,50;;0;;
;;;;;;;;;;;
2013;OMEGA3+K2+D3;;10013- POWERBODY;;9,00;3,39;;0;;
;;;;;;;;;;;

NUTRICION;;
Codigo;Articulo;;Referencia;Proveedor;;Uds.;Precio;;Dto%;;Importe
;;;;;;;;;;;
1533;OMEGA3-6-9 HSN;;10004- HSN;;4,00;2,45;;0;;

ARTICULOS - PROVEEDOR;;;;;Pagina 122 ;;;Fecha : 03/02/2026;;;
;;;;;;;;;;;

TODAS;;
Codigo;Articulo;;Referencia;Proveedor;;Uds.;Precio;;Dto%;;Importe
;;;;;;;;;;;
1957;OMEGA7;;20- BIG UNIVERSAL;;17,00;11,50;;0;;
;;;;;;;;;;;
3454;ONAGRA;;19- ALDOUS;;1,00;16,81;;0;;
;;;;;;;;;;;

DEPORTE;;
Codigo;Articulo;;Referencia;Proveedor;;Uds.;Precio;;Dto%;;Importe
;;;;;;;;;;;
591;only w monodosis;;20- BIG UNIVERSAL;;1,00;1,30;;0;;
;;;;;;;;;;;
590;ONLY W monodosis;;20- BIG UNIVERSAL;;2,00;1,30;;0;;
;;;;;;;;;;;

GRANEL;;
Codigo;Articulo;;Referencia;Proveedor;;Uds.;Precio;;Dto%;;Importe
;;;;;;;;;;;
551;ONLY WHEY cacaolat 1KG;;20- BIG UNIVERSAL;;8,00;25,90;;0;;
;;;;;;;;;;;
555;ONLY WHEY capuchino 1KG;;20- BIG UNIVERSAL;;14,00;24,90;;0;;
;;;;;;;;;;;
553;ONLY WHEY conguitos D 1KG;;20- BIG UNIVERSAL;;6,00;25,90;;0;;
;;;;;;;;;;;
554;ONLY WHEY CONGUITOS D1KG;;20- BIG UNIVERSAL;;4,00;25,90;;0;;
;;;;;;;;;;;
549;ONLY WHEY choco avellana1KG;;20- BIG UNIVERSAL;;11,00;24,90;;0;;
;;;;;;;;;;;

DEPORTE;;
Codigo;Articulo;;Referencia;Proveedor;;Uds.;Precio;;Dto%;;Importe
;;;;;;;;;;;
550;ONLY WHEY CHOCO BELG1KG;;20- BIG UNIVERSAL;;10,00;24,90;;0;;
;;;;;;;;;;;

GRANEL;;
Codigo;Articulo;;Referencia;Proveedor;;Uds.;Precio;;Dto%;;Importe
;;;;;;;;;;;
552;ONLY WHEY LACASITOS 1KG;;20- BIG UNIVERSAL;;10,00;25,90;;0;;
;;;;;;;;;;;

DEPORTE;;
Codigo;Articulo;;Referencia;Proveedor;;Uds.;Precio;;Dto%;;Importe
;;;;;;;;;;;
547;ONLY WHEY MOWGLY D 1KG;;20- BIG UNIVERSAL;;6,00;24,90;;0;;
;;;;;;;;;;;
548;ONLY WHEY MOWGLY W 1KG;;20- BIG UNIVERSAL;;4,00;24,90;;0;;
;;;;;;;;;;;

TODAS;;
Codigo;Articulo;;Referencia;Proveedor;;Uds.;Precio;;Dto%;;Importe
;;;;;;;;;;;
2136;ORBALLO NAVIDAD;;31- EBRO Diet;;9,00;2,35;;0;;
;;;;;;;;;;;
2985;oregano 120c osavi;;10013- POWERBODY;;4,00;13,59;;0;;
;;;;;;;;;;;
2674;oregano leaf swanson;;10013- POWERBODY;;3,00;4,80;;0;;
;;;;;;;;;;;
2672;OREGANO NOW 100C;;10013- POWERBODY;;1,00;6,88;;0;;
;;;;;;;;;;;
2671;oregano now 90c;;10013- POWERBODY;;1,00;10,43;;0;;
;;;;;;;;;;;

NUTRICION;;
Codigo;Articulo;;Referencia;Proveedor;;Uds.;Precio;;Dto%;;Importe
;;;;;;;;;;;
1198;oregano oil 120softgel swanson;;10004- HSN;;5,00;4,96;;0;;
1198;oregano oil 120softgel swanson;;10011- bioprasad;;1,00;4,96;;0;;
1198;oregano oil 120softgel swanson;;10013- POWERBODY;;1,00;4,69;;0;;
;;;;;;;;;;;

TODAS;;
Codigo;Articulo;;Referencia;Proveedor;;Uds.;Precio;;Dto%;;Importe
;;;;;;;;;;;

ARTICULOS - PROVEEDOR;;;;;Pagina 123 ;;;Fecha : 03/02/2026;;;
2326;organyc;;7- BIOCOP;;13,00;3,70;;8;;
;;;;;;;;;;;
2325;ORGANYC MODERADO;;7- BIOCOP;;12,00;3,43;;5;;
;;;;;;;;;;;
2422;orgono;;33- SILICIUM;;2,00;20,41;;0;;
;;;;;;;;;;;

NUTRICION;;
Codigo;Articulo;;Referencia;Proveedor;;Uds.;Precio;;Dto%;;Importe
;;;;;;;;;;;
1630;original silicium 1l;;33- SILICIUM;;22,00;22,16;;0;;
;;;;;;;;;;;

TODAS;;
Codigo;Articulo;;Referencia;Proveedor;;Uds.;Precio;;Dto%;;Importe
;;;;;;;;;;;
2171;ortiga 20mg 90cap all nutricion;;10013- POWERBODY;;1,00;5,96;;0;;
;;;;;;;;;;;

HIGIENE PERSONAL;;
Codigo;Articulo;;Referencia;Proveedor;;Uds.;Precio;;Dto%;;Importe
;;;;;;;;;;;
464;ORTIGA CHAMPO;;10- ECOPLAZA;;4,00;6,69;;0;;
;;;;;;;;;;;

TODAS;;
Codigo;Articulo;;Referencia;Proveedor;;Uds.;Precio;;Dto%;;Importe
;;;;;;;;;;;
2026;OSAVI COLAGENO;;10013- POWERBODY;;1,00;9,60;;0;;
;;;;;;;;;;;
2029;osavi oregano oil;;10013- POWERBODY;;15,00;6,93;;0;;
;;;;;;;;;;;
1691;OSITOS;;3- FELIUBADALO;;2,00;1,24;;0;;
;;;;;;;;;;;

NUTRICION;;
Codigo;Articulo;;Referencia;Proveedor;;Uds.;Precio;;Dto%;;Importe
;;;;;;;;;;;
1594;OTIPROPOL;;10012- APROLIS;;4,00;7,11;;0;;
;;;;;;;;;;;

TODAS;;
Codigo;Articulo;;Referencia;Proveedor;;Uds.;Precio;;Dto%;;Importe
;;;;;;;;;;;
2881;ovapro;;29- LIFE PRO;;1,00;14,90;;0;;
;;;;;;;;;;;
2880;OVAPRO;;29- LIFE PRO;;1,00;16,90;;0;;
;;;;;;;;;;;

NUTRICION;;
Codigo;Articulo;;Referencia;Proveedor;;Uds.;Precio;;Dto%;;Importe
;;;;;;;;;;;
1481;OVAPRO;;29- LIFE PRO;;2,00;16,90;;0;;
;;;;;;;;;;;

DEPORTE;;
Codigo;Articulo;;Referencia;Proveedor;;Uds.;Precio;;Dto%;;Importe
;;;;;;;;;;;
1289;P-SYNEPHRINE;;29- LIFE PRO;;2,00;9,50;;5;;
;;;;;;;;;;;

TODAS;;
Codigo;Articulo;;Referencia;Proveedor;;Uds.;Precio;;Dto%;;Importe
;;;;;;;;;;;
2367;pack 3 atun;;3- FELIUBADALO;;6,00;3,48;;0;;
;;;;;;;;;;;
2728;PACK ANTICELULITICO;;10019- WELEDA;;4,00;23,09;;0;;
;;;;;;;;;;;
2729;PACK BEBE;;10019- WELEDA;;1,00;10,99;;0;;
;;;;;;;;;;;
2109;pack corporal nbio;;21-NATURAKOSMETIC;;4,00;13,50;;0;;
;;;;;;;;;;;

COSMETICA;;
Codigo;Articulo;;Referencia;Proveedor;;Uds.;Precio;;Dto%;;Importe
;;;;;;;;;;;

ARTICULOS - PROVEEDOR;;;;;Pagina 124 ;;;Fecha : 03/02/2026;;;
375;PACK LAVANDA;;7- BIOCOP;;2,00;11,98;;10;;
;;;;;;;;;;;
377;PACK LEMONGRASS;;7- BIOCOP;;3,00;11,98;;10;;
;;;;;;;;;;;

TODAS;;
Codigo;Articulo;;Referencia;Proveedor;;Uds.;Precio;;Dto%;;Importe
;;;;;;;;;;;
2103;pack manos;;21-NATURAKOSMETIC;;6,00;9,41;;0;;
;;;;;;;;;;;
2898;pack moskit;;10012- APROLIS;;1,00;8,67;;0;;
;;;;;;;;;;;

HIGIENE PERSONAL;;
Codigo;Articulo;;Referencia;Proveedor;;Uds.;Precio;;Dto%;;Importe
;;;;;;;;;;;
667;pack pelo;;21-NATURAKOSMETIC;;2,00;7,36;;12;;
;;;;;;;;;;;

TODAS;;
Codigo;Articulo;;Referencia;Proveedor;;Uds.;Precio;;Dto%;;Importe
;;;;;;;;;;;
3280;pack pro-collagen;;10012- APROLIS;;9,00;19,76;;0;;
;;;;;;;;;;;

COSMETICA;;
Codigo;Articulo;;Referencia;Proveedor;;Uds.;Precio;;Dto%;;Importe
;;;;;;;;;;;
376;pack rosa;;7- BIOCOP;;1,00;11,98;;10;;
;;;;;;;;;;;

TODAS;;
Codigo;Articulo;;Referencia;Proveedor;;Uds.;Precio;;Dto%;;Importe
;;;;;;;;;;;
3284;pack synergy;;10012- APROLIS;;15,00;14,33;;0;;
;;;;;;;;;;;

DEPORTE;;
Codigo;Articulo;;Referencia;Proveedor;;Uds.;Precio;;Dto%;;Importe
;;;;;;;;;;;
1254;paek big;;20- BIG UNIVERSAL;;3,00;12,50;;0;;
;;;;;;;;;;;

TODAS;;
Codigo;Articulo;;Referencia;Proveedor;;Uds.;Precio;;Dto%;;Importe
;;;;;;;;;;;
2360;palitos;;7- BIOCOP;;8,00;1,10;;0;;
;;;;;;;;;;;
2359;PALITOS;;7- BIOCOP;;12,00;1,97;;0;;
;;;;;;;;;;;

ALIMENTACION;;
Codigo;Articulo;;Referencia;Proveedor;;Uds.;Precio;;Dto%;;Importe
;;;;;;;;;;;
1054;palitos queso;;7- BIOCOP;;8,00;2,39;;15;;
;;;;;;;;;;;
1053;PALITOS SESAMO;;7- BIOCOP;;8,00;2,39;;15;;
;;;;;;;;;;;
1052;palitos tomate;;7- BIOCOP;;8,00;2,39;;15;;
;;;;;;;;;;;

TODAS;;
Codigo;Articulo;;Referencia;Proveedor;;Uds.;Precio;;Dto%;;Importe
;;;;;;;;;;;
3327;palo;;10- ECOPLAZA;;1,00;2,58;;0;;
;;;;;;;;;;;
3326;palo santo;;10- ECOPLAZA;;1,00;2,58;;0;;
;;;;;;;;;;;
3465;PALO SANTO;;10- ECOPLAZA;;1,00;2,58;;0;;
;;;;;;;;;;;

ALIMENTACION-SNACK;;
Codigo;Articulo;;Referencia;Proveedor;;Uds.;Precio;;Dto%;;Importe
;;;;;;;;;;;
871;palomitas;;1- CAL VALLS;;12,00;0,60;;100;;

ARTICULOS - PROVEEDOR;;;;;Pagina 125 ;;;Fecha : 03/02/2026;;;
;;;;;;;;;;;

TODAS;;
Codigo;Articulo;;Referencia;Proveedor;;Uds.;Precio;;Dto%;;Importe
;;;;;;;;;;;
3188;PALOSANTO JASMINE;;10- ECOPLAZA;;7,00;2,58;;0;;
;;;;;;;;;;;

ALIMENTACION-PANAES;;
Codigo;Articulo;;Referencia;Proveedor;;Uds.;Precio;;Dto%;;Importe
;;;;;;;;;;;
250;PAN ACIMO ESPELTA;;2- LA FINESTRASUL CIELO;;6,00;3,03;;10;;
;;;;;;;;;;;

TODAS;;
Codigo;Articulo;;Referencia;Proveedor;;Uds.;Precio;;Dto%;;Importe
;;;;;;;;;;;
2261;PAN ALEMAN;;10- ECOPLAZA;;3,00;2,13;;0;;
;;;;;;;;;;;
2805;pan azimo espelta;;7- BIOCOP;;1,00;2,58;;8;;
;;;;;;;;;;;
3338;pan bimbo;;7- BIOCOP;;1,00;2,58;;0;;
;;;;;;;;;;;

ALIMENTACION-PANAES;;
Codigo;Articulo;;Referencia;Proveedor;;Uds.;Precio;;Dto%;;Importe
;;;;;;;;;;;
332;pan cen pema;;7- BIOCOP;;8,00;1,74;;10;;
;;;;;;;;;;;

ALIMENTACION;;
Codigo;Articulo;;Referencia;Proveedor;;Uds.;Precio;;Dto%;;Importe
;;;;;;;;;;;
1311;pan de espelta y avena;;7- BIOCOP;;18,00;2,99;;25;;
;;;;;;;;;;;

TODAS;;
Codigo;Articulo;;Referencia;Proveedor;;Uds.;Precio;;Dto%;;Importe
;;;;;;;;;;;
2581;PAN DE MOLDE ESP;;7- BIOCOP;;13,00;4,08;;8;;
;;;;;;;;;;;
2253;PAN DE SEMILLAS;;10- ECOPLAZA;;4,00;3,69;;0;;
;;;;;;;;;;;

ALIMENTACION-PANAES;;
Codigo;Articulo;;Referencia;Proveedor;;Uds.;Precio;;Dto%;;Importe
;;;;;;;;;;;
374;pan molde esp;;7- BIOCOP;;24,00;2,99;;35;;
;;;;;;;;;;;
331;PAN MOLDE ESP CEN;;7- BIOCOP;;18,00;2,98;;0;;
;;;;;;;;;;;
349;PAN MOLDE S CORTEZA;;7- BIOCOP;;6,00;2,92;;10;;
;;;;;;;;;;;
350;pan molde sarraceno;;7- BIOCOP;;13,00;3,10;;8;;
;;;;;;;;;;;

TODAS;;
Codigo;Articulo;;Referencia;Proveedor;;Uds.;Precio;;Dto%;;Importe
;;;;;;;;;;;
2035;pan multicereale;;7- BIOCOP;;6,00;2,99;;30;;
;;;;;;;;;;;

ALIMENTACION-PANAES;;
Codigo;Articulo;;Referencia;Proveedor;;Uds.;Precio;;Dto%;;Importe
;;;;;;;;;;;
137;pan pita;;10- ECOPLAZA;;6,00;1,54;;3;;
;;;;;;;;;;;

DEPORTE;;
Codigo;Articulo;;Referencia;Proveedor;;Uds.;Precio;;Dto%;;Importe
;;;;;;;;;;;
820;pan proteico;;24- INDEX GROUP;;8,00;1,75;;0;;
;;;;;;;;;;;

ALIMENTACION-PANAES;;
Codigo;Articulo;;Referencia;Proveedor;;Uds.;Precio;;Dto%;;Importe
ARTICULOS - PROVEEDOR;;;;;Pagina 126 ;;;Fecha : 03/02/2026;;;
;;;;;;;;;;;
210;PAN PROTEICO;;3- FELIUBADALO;;1,00;2,60;;0;;
210;PAN PROTEICO;;7- BIOCOP;;2,00;2,83;;8;;
;;;;;;;;;;;

TODAS;;
Codigo;Articulo;;Referencia;Proveedor;;Uds.;Precio;;Dto%;;Importe
;;;;;;;;;;;
2837;PAN RALLADO;;4- BIONSAN;;1,00;1,77;;0;;
;;;;;;;;;;;
2281;PAN RALLADO SIN GLUTEN;;3- FELIUBADALO;;2,00;1,29;;0;;
;;;;;;;;;;;

ALIMENTACION;;
Codigo;Articulo;;Referencia;Proveedor;;Uds.;Precio;;Dto%;;Importe
;;;;;;;;;;;
1516;PAN TOST INTG LINO;;10- ECOPLAZA;;6,00;2,14;;0;;
;;;;;;;;;;;
1513;pan tostado de espelta;;10- ECOPLAZA;;4,00;3,01;;0;;
;;;;;;;;;;;
1514;PAN TOSTADO INTG;;10- ECOPLAZA;;4,00;1,93;;0;;
;;;;;;;;;;;
1515;PAN TOSTADO KAMUT;;10- ECOPLAZA;;4,00;3,62;;0;;
;;;;;;;;;;;

DEPORTE;;
Codigo;Articulo;;Referencia;Proveedor;;Uds.;Precio;;Dto%;;Importe
;;;;;;;;;;;
809;PANCAKE;;24- INDEX GROUP;;8,00;2,60;;0;;
809;PANCAKE;;29- LIFE PRO;;13,00;2,60;;0;;
;;;;;;;;;;;

TODAS;;
Codigo;Articulo;;Referencia;Proveedor;;Uds.;Precio;;Dto%;;Importe
;;;;;;;;;;;
1767;PANECILLO DEHAMBURGUESA;;7- BIOCOP;;6,00;3,39;;8;;
;;;;;;;;;;;
1768;panecillos con semillas;;7- BIOCOP;;18,00;2,38;;15;;
;;;;;;;;;;;
3525;panecillos s/g;;7- BIOCOP;;1,00;2,37;;0;;
;;;;;;;;;;;

ALIMENTACION;;
Codigo;Articulo;;Referencia;Proveedor;;Uds.;Precio;;Dto%;;Importe
;;;;;;;;;;;
1393;PANELA;;10011- bioprasad;;10,00;1,67;;0;;
;;;;;;;;;;;

TODAS;;
Codigo;Articulo;;Referencia;Proveedor;;Uds.;Precio;;Dto%;;Importe
;;;;;;;;;;;
2238;panetone s/g;;3- FELIUBADALO;;2,00;8,25;;0;;
;;;;;;;;;;;

ALIMENTACION;;
Codigo;Articulo;;Referencia;Proveedor;;Uds.;Precio;;Dto%;;Importe
;;;;;;;;;;;
1055;PANICELLOS AVENA SG;;7- BIOCOP;;6,00;2,38;;0;;
;;;;;;;;;;;

ALIMENTACION-SALSAS;;
Codigo;Articulo;;Referencia;Proveedor;;Uds.;Precio;;Dto%;;Importe
;;;;;;;;;;;
367;PANNA;;7- BIOCOP;;24,00;1,35;;10;;
;;;;;;;;;;;

COSMETICA;;
Codigo;Articulo;;Referencia;Proveedor;;Uds.;Precio;;Dto%;;Importe
;;;;;;;;;;;
752;pañuelos faciales;;10- ECOPLAZA;;12,00;1,11;;0;;
;;;;;;;;;;;

TODAS;;
Codigo;Articulo;;Referencia;Proveedor;;Uds.;Precio;;Dto%;;Importe
;;;;;;;;;;;
2908;PAPEL DE ARROZ intg;;10- ECOPLAZA;;1,00;2,43;;0;;
ARTICULOS - PROVEEDOR;;;;;Pagina 127 ;;;Fecha : 03/02/2026;;;
;;;;;;;;;;;

GRANEL;;
Codigo;Articulo;;Referencia;Proveedor;;Uds.;Precio;;Dto%;;Importe
;;;;;;;;;;;
138;PAPEL DE ARROZ T S;;10- ECOPLAZA;;16,00;2,24;;0;;
;;;;;;;;;;;

HIGIENE PERSONAL;;
Codigo;Articulo;;Referencia;Proveedor;;Uds.;Precio;;Dto%;;Importe
;;;;;;;;;;;
1061;PAPEL DE COCINA;;7- BIOCOP;;20,00;2,49;;10;;
;;;;;;;;;;;
1060;papel higienico;;7- BIOCOP;;7,00;3,74;;10;;
;;;;;;;;;;;

TODAS;;
Codigo;Articulo;;Referencia;Proveedor;;Uds.;Precio;;Dto%;;Importe
;;;;;;;;;;;
2055;PARA-SIT;;3- FELIUBADALO;;1,00;27,00;;0;;
;;;;;;;;;;;
2069;para-st;;10012- APROLIS;;4,00;10,41;;0;;
;;;;;;;;;;;
3463;PARASIB;;36- paimes;;1,00;12,60;;0;;
;;;;;;;;;;;
2841;pasas;;23- BIOCOMERCIO;;2,00;1,30;;0;;
;;;;;;;;;;;

GRANEL;;
Codigo;Articulo;;Referencia;Proveedor;;Uds.;Precio;;Dto%;;Importe
;;;;;;;;;;;
610;pasas;;23- BIOCOMERCIO;;5,00;4,21;;0;;
;;;;;;;;;;;

TODAS;;
Codigo;Articulo;;Referencia;Proveedor;;Uds.;Precio;;Dto%;;Importe
;;;;;;;;;;;
3443;PASIFLORA;;10013- POWERBODY;;1,00;3,74;;0;;
;;;;;;;;;;;

ALIMENTACION;;
Codigo;Articulo;;Referencia;Proveedor;;Uds.;Precio;;Dto%;;Importe
;;;;;;;;;;;
1112;PASTA CON PUERROS;;1- CAL VALLS;;12,00;1,62;;0;;
;;;;;;;;;;;

TODAS;;
Codigo;Articulo;;Referencia;Proveedor;;Uds.;Precio;;Dto%;;Importe
;;;;;;;;;;;
1807;pasta de avena;;10- ECOPLAZA;;6,00;2,78;;0;;
;;;;;;;;;;;
2759;PASTA DEN RATANIA;;10019- WELEDA;;2,00;4,60;;0;;
;;;;;;;;;;;
2758;pasta den salina;;10019- WELEDA;;2,00;4,60;;0;;
;;;;;;;;;;;

ALIMENTACION-PASTA;;
Codigo;Articulo;;Referencia;Proveedor;;Uds.;Precio;;Dto%;;Importe
;;;;;;;;;;;
520;pasta edamame;;2- LA FINESTRASUL CIELO;;6,00;3,86;;0;;
;;;;;;;;;;;

TODAS;;
Codigo;Articulo;;Referencia;Proveedor;;Uds.;Precio;;Dto%;;Importe
;;;;;;;;;;;
1952;pasta maiz;;3- FELIUBADALO;;2,00;1,98;;0;;
;;;;;;;;;;;
3481;PASTA PROTEICA;;2- LA FINESTRASUL CIELO;;1,00;2,63;;0;;
;;;;;;;;;;;

ALIMENTACION;;
Codigo;Articulo;;Referencia;Proveedor;;Uds.;Precio;;Dto%;;Importe
;;;;;;;;;;;
939;PASTA QUINOA SG;;2- LA FINESTRASUL CIELO;;13,00;2,30;;0;;
;;;;;;;;;;;

ARTICULOS - PROVEEDOR;;;;;Pagina 128 ;;;Fecha : 03/02/2026;;;
TODAS;;
Codigo;Articulo;;Referencia;Proveedor;;Uds.;Precio;;Dto%;;Importe
;;;;;;;;;;;
2568;PASTA S/G;;10- ECOPLAZA;;1,00;1,62;;0;;
2568;PASTA S/G;;10009- faire;;12,00;1,62;;0;;
;;;;;;;;;;;
1884;PASTA SARRACENO 500G;;10- ECOPLAZA;;1,00;4,28;;0;;
1884;PASTA SARRACENO 500G;;7- BIOCOP;;10,00;4,28;;0;;
;;;;;;;;;;;
1111;pasta tomt bernj;;1- CAL VALLS;;12,00;1,62;;0;;
;;;;;;;;;;;

HIGIENE PERSONAL;;
Codigo;Articulo;;Referencia;Proveedor;;Uds.;Precio;;Dto%;;Importe
;;;;;;;;;;;
711;pastilla leche burra;;21-NATURAKOSMETIC;;2,00;2,21;;100;;
;;;;;;;;;;;

NUTRICION;;
Codigo;Articulo;;Referencia;Proveedor;;Uds.;Precio;;Dto%;;Importe
;;;;;;;;;;;
855;PATATAS FRITAS CON PIEL;;25- NUTRICIONSANTE;;23,00;2,39;;20;;
;;;;;;;;;;;

ALIMENTACION-CONSERVAS;;
Codigo;Articulo;;Referencia;Proveedor;;Uds.;Precio;;Dto%;;Importe
;;;;;;;;;;;
754;PATE 5 SETAS;;4- BIONSAN;;15,00;2,29;;0;;
;;;;;;;;;;;

TODAS;;
Codigo;Articulo;;Referencia;Proveedor;;Uds.;Precio;;Dto%;;Importe
;;;;;;;;;;;
2582;pate de alcachofa;;7- BIOCOP;;6,00;1,58;;0;;
;;;;;;;;;;;

ALIMENTACION-ORIENTAL;;
Codigo;Articulo;;Referencia;Proveedor;;Uds.;Precio;;Dto%;;Importe
;;;;;;;;;;;
903;PATE DE ALGAS CONSHITAKE;;10001- ALGAMAR;;8,00;3,05;;0;;
;;;;;;;;;;;
902;PATE DE ALGAS CON TOFU;;10001- ALGAMAR;;8,00;3,52;;0;;
;;;;;;;;;;;

TODAS;;
Codigo;Articulo;;Referencia;Proveedor;;Uds.;Precio;;Dto%;;Importe
;;;;;;;;;;;
3235;PATE DE ATUN;;3- FELIUBADALO;;1,00;2,52;;0;;
;;;;;;;;;;;
2583;PATE DE TOMATE;;7- BIOCOP;;6,00;1,47;;0;;
;;;;;;;;;;;

ALIMENTACION-SALSAS;;
Codigo;Articulo;;Referencia;Proveedor;;Uds.;Precio;;Dto%;;Importe
;;;;;;;;;;;
182;PATE GUIS F SECOS;;4- BIONSAN;;7,00;2,16;;0;;
;;;;;;;;;;;

ALIMENTACION-CONSERVAS;;
Codigo;Articulo;;Referencia;Proveedor;;Uds.;Precio;;Dto%;;Importe
;;;;;;;;;;;
177;PATE OLIV VERDES;;4- BIONSAN;;4,00;1,85;;0;;
;;;;;;;;;;;

ALIMENTACION-SALSAS;;
Codigo;Articulo;;Referencia;Proveedor;;Uds.;Precio;;Dto%;;Importe
;;;;;;;;;;;
176;PATE OLIVAS NG;;4- BIONSAN;;4,00;1,85;;0;;
;;;;;;;;;;;

ALIMENTACION-ORIENTAL;;
Codigo;Articulo;;Referencia;Proveedor;;Uds.;Precio;;Dto%;;Importe
;;;;;;;;;;;
904;PATE ROJO CON NORI;;10001- ALGAMAR;;6,00;2,62;;0;;

ARTICULOS - PROVEEDOR;;;;;Pagina 129 ;;;Fecha : 03/02/2026;;;
;;;;;;;;;;;

TODAS;;
Codigo;Articulo;;Referencia;Proveedor;;Uds.;Precio;;Dto%;;Importe
;;;;;;;;;;;
2718;pau darco;;31- EBRO Diet;;6,00;1,80;;0;;
;;;;;;;;;;;
2458;pavo lonchas;;5- ECOBASICS;;2,00;2,13;;0;;
;;;;;;;;;;;
3416;pea mag;;10004- HSN;;1,00;6,57;;0;;
;;;;;;;;;;;
3176;PEANUT BUTTER;;10013- POWERBODY;;4,00;2,86;;0;;
;;;;;;;;;;;
3116;peanut butter creamy;;10004- HSN;;1,00;3,45;;0;;
;;;;;;;;;;;

NUTRICION;;
Codigo;Articulo;;Referencia;Proveedor;;Uds.;Precio;;Dto%;;Importe
;;;;;;;;;;;
1574;PEC;;10012- APROLIS;;21,00;11,15;;0;;
;;;;;;;;;;;
1605;PEC ADULTO;;10012- APROLIS;;2,00;9,18;;0;;
;;;;;;;;;;;
1606;PECPROPOLIS KIDS;;10012- APROLIS;;2,00;7,83;;0;;
;;;;;;;;;;;

ALIMENTACION;;
Codigo;Articulo;;Referencia;Proveedor;;Uds.;Precio;;Dto%;;Importe
;;;;;;;;;;;
1523;pechuga de pavo;;10- ECOPLAZA;;8,00;2,21;;0;;
;;;;;;;;;;;
1524;PECHUGA DE POLLO;;10- ECOPLAZA;;8,00;1,74;;0;;
;;;;;;;;;;;

TODAS;;
Codigo;Articulo;;Referencia;Proveedor;;Uds.;Precio;;Dto%;;Importe
;;;;;;;;;;;
2778;pementon dulce;;10- ECOPLAZA;;6,00;1,80;;0;;
2778;pementon dulce;;7- BIOCOP;;1,00;1,80;;0;;
;;;;;;;;;;;
1906;pepinillos;;4- BIONSAN;;4,00;1,96;;0;;
;;;;;;;;;;;

ALIMENTACION;;
Codigo;Articulo;;Referencia;Proveedor;;Uds.;Precio;;Dto%;;Importe
;;;;;;;;;;;
941;pepinillos;;2- LA FINESTRASUL CIELO;;12,00;3,79;;0;;
;;;;;;;;;;;

TODAS;;
Codigo;Articulo;;Referencia;Proveedor;;Uds.;Precio;;Dto%;;Importe
;;;;;;;;;;;
2262;PEPINILLOS;;4- BIONSAN;;6,00;1,88;;0;;
;;;;;;;;;;;
1718;PEPINILLOS PQ;;10- ECOPLAZA;;4,00;3,48;;0;;
;;;;;;;;;;;

ALIMENTACION;;
Codigo;Articulo;;Referencia;Proveedor;;Uds.;Precio;;Dto%;;Importe
;;;;;;;;;;;
935;perejil;;2- LA FINESTRASUL CIELO;;6,00;1,95;;0;;
;;;;;;;;;;;

TODAS;;
Codigo;Articulo;;Referencia;Proveedor;;Uds.;Precio;;Dto%;;Importe
;;;;;;;;;;;
3382;PERFILADOR DE LABIOS;;21-NATURAKOSMETIC;;4,00;3,75;;0;;
;;;;;;;;;;;

COSMETICA;;
Codigo;Articulo;;Referencia;Proveedor;;Uds.;Precio;;Dto%;;Importe
;;;;;;;;;;;
665;perfilador labial;;21-NATURAKOSMETIC;;3,00;3,48;;0;;
;;;;;;;;;;;
666;PERFILADOR LABIAL;;21-NATURAKOSMETIC;;3,00;3,48;;0;;
;;;;;;;;;;;

ARTICULOS - PROVEEDOR;;;;;Pagina 130 ;;;Fecha : 03/02/2026;;;
TODAS;;
Codigo;Articulo;;Referencia;Proveedor;;Uds.;Precio;;Dto%;;Importe
;;;;;;;;;;;
2543;perilla;;10012- APROLIS;;4,00;16,76;;0;;
;;;;;;;;;;;
1707;perlas de oregano;;3- FELIUBADALO;;3,00;8,35;;0;;
;;;;;;;;;;;
3523;pesto basilico;;7- BIOCOP;;1,00;1,91;;0;;
;;;;;;;;;;;
3133;PESTO DE BERENJENA;;7- BIOCOP;;6,00;1,90;;0;;
;;;;;;;;;;;
3134;pesto de pimiento;;7- BIOCOP;;6,00;1,90;;0;;
;;;;;;;;;;;

ALIMENTACION-SALSAS;;
Codigo;Articulo;;Referencia;Proveedor;;Uds.;Precio;;Dto%;;Importe
;;;;;;;;;;;
175;PESTO ROSSO;;4- BIONSAN;;9,00;2,69;;3;;
;;;;;;;;;;;
174;PESTO TRADICIONAL;;4- BIONSAN;;21,00;2,93;;3;;
;;;;;;;;;;;
173;PESTO VEGANO;;4- BIONSAN;;9,00;2,81;;3;;
;;;;;;;;;;;

TODAS;;
Codigo;Articulo;;Referencia;Proveedor;;Uds.;Precio;;Dto%;;Importe
;;;;;;;;;;;
2563;PETALOS DE ROSA;;31- EBRO Diet;;7,00;1,55;;0;;
;;;;;;;;;;;
2418;PHENYLCAPSAIN;;29- LIFE PRO;;1,00;12,50;;0;;
;;;;;;;;;;;
3285;PHYTORESPIR;;10012- APROLIS;;4,00;10,61;;0;;
;;;;;;;;;;;
1762;piadina de espelta;;7- BIOCOP;;24,00;2,37;;25;;
;;;;;;;;;;;

ALIMENTACION-PANAES;;
Codigo;Articulo;;Referencia;Proveedor;;Uds.;Precio;;Dto%;;Importe
;;;;;;;;;;;
254;PIADINA ESPELTA;;2- LA FINESTRASUL CIELO;;14,00;1,95;;0;;
;;;;;;;;;;;

TODAS;;
Codigo;Articulo;;Referencia;Proveedor;;Uds.;Precio;;Dto%;;Importe
;;;;;;;;;;;
1763;PIADINA SIMILLAS;;7- BIOCOP;;17,00;1,83;;0;;
;;;;;;;;;;;
1227;pici al ajo;;10007- TEOREMA;;6,00;1,50;;0;;
;;;;;;;;;;;

HIGIENE PERSONAL;;
Codigo;Articulo;;Referencia;Proveedor;;Uds.;Precio;;Dto%;;Importe
;;;;;;;;;;;
651;PIEDRA POMEZ;;21-NATURAKOSMETIC;;3,00;1,40;;12;;
;;;;;;;;;;;

TODAS;;
Codigo;Articulo;;Referencia;Proveedor;;Uds.;Precio;;Dto%;;Importe
;;;;;;;;;;;
3147;piene con mango;;21-NATURAKOSMETIC;;1,00;3,41;;0;;
;;;;;;;;;;;
3148;PIENE DE BAMBU;;21-NATURAKOSMETIC;;1,00;3,41;;0;;
;;;;;;;;;;;
2163;piernas ligeras;;10- ECOPLAZA;;6,00;14,70;;50;;
;;;;;;;;;;;

ALIMENTACION;;
Codigo;Articulo;;Referencia;Proveedor;;Uds.;Precio;;Dto%;;Importe
;;;;;;;;;;;
1093;PIMEINTO DEL PEQUILLO;;1- CAL VALLS;;6,00;3,98;;0;;
;;;;;;;;;;;
932;PIMENTON;;10- ECOPLAZA;;1,00;2,50;;0;;
932;PIMENTON;;2- LA FINESTRASUL CIELO;;6,00;2,50;;0;;
;;;;;;;;;;;
1406;pimenton dulce;;10011- bioprasad;;4,00;1,28;;0;;
;;;;;;;;;;;

ARTICULOS - PROVEEDOR;;;;;Pagina 131 ;;;Fecha : 03/02/2026;;;
TODAS;;
Codigo;Articulo;;Referencia;Proveedor;;Uds.;Precio;;Dto%;;Importe
;;;;;;;;;;;
3334;PIMIENTA DE JAMAICA;;10- ECOPLAZA;;1,00;2,20;;0;;
;;;;;;;;;;;
2689;PIMIENTA MOLIDA;;10- ECOPLAZA;;6,00;1,90;;0;;
2689;PIMIENTA MOLIDA;;7- BIOCOP;;1,00;1,90;;0;;
;;;;;;;;;;;

ALIMENTACION;;
Codigo;Articulo;;Referencia;Proveedor;;Uds.;Precio;;Dto%;;Importe
;;;;;;;;;;;
1407;PIMIENTA NEGRA;;10011- bioprasad;;4,00;1,75;;0;;
;;;;;;;;;;;
1094;PIMIENTO DEL PIQUILLO;;1- CAL VALLS;;6,00;3,65;;0;;
;;;;;;;;;;;

TODAS;;
Codigo;Articulo;;Referencia;Proveedor;;Uds.;Precio;;Dto%;;Importe
;;;;;;;;;;;
2112;PINK LOTUS;;16- ORGANIC INDIA;;3,00;9,83;;0;;
;;;;;;;;;;;
2305;PINTA LABIOS 01;;21-NATURAKOSMETIC;;3,00;6,13;;0;;
;;;;;;;;;;;
2306;PINTA LABIOS 02;;21-NATURAKOSMETIC;;3,00;6,13;;0;;
;;;;;;;;;;;
2307;PINTA LABIOS 03;;21-NATURAKOSMETIC;;3,00;6,13;;0;;
;;;;;;;;;;;
2308;PINTA LABIOS 04;;21-NATURAKOSMETIC;;3,00;6,13;;0;;
;;;;;;;;;;;
2309;PINTA LABIOS 05;;21-NATURAKOSMETIC;;3,00;6,13;;0;;
;;;;;;;;;;;
2310;PINTA LABIOS 06;;21-NATURAKOSMETIC;;3,00;6,13;;0;;
;;;;;;;;;;;

COSMETICA;;
Codigo;Articulo;;Referencia;Proveedor;;Uds.;Precio;;Dto%;;Importe
;;;;;;;;;;;
662;PINTA LABIOS 1;;21-NATURAKOSMETIC;;3,00;5,76;;0;;
;;;;;;;;;;;
661;pinta labios 2;;21-NATURAKOSMETIC;;3,00;5,76;;0;;
;;;;;;;;;;;

TODAS;;
Codigo;Articulo;;Referencia;Proveedor;;Uds.;Precio;;Dto%;;Importe
;;;;;;;;;;;
3328;PIPAS DE CALABAZA;;10- ECOPLAZA;;1,00;2,91;;0;;
;;;;;;;;;;;
3518;PIPAS DE GIRASOL 500G;;7- BIOCOP;;1,00;1,83;;0;;
;;;;;;;;;;;

ALIMENTACION-SEMILLAS;;
Codigo;Articulo;;Referencia;Proveedor;;Uds.;Precio;;Dto%;;Importe
;;;;;;;;;;;
278;PIPAS GIRASOL 250G;;5- ECOBASICS;;24,00;1,00;;0;;
;;;;;;;;;;;

GRANEL;;
Codigo;Articulo;;Referencia;Proveedor;;Uds.;Precio;;Dto%;;Importe
;;;;;;;;;;;
605;pistacho;;23- BIOCOMERCIO;;5,00;19,60;;0;;
;;;;;;;;;;;

TODAS;;
Codigo;Articulo;;Referencia;Proveedor;;Uds.;Precio;;Dto%;;Importe
;;;;;;;;;;;
2330;pizza mix;;10- ECOPLAZA;;7,00;2,83;;0;;
;;;;;;;;;;;
1819;PLATINUM CREATIN PLUS;;34- LASTONRED;;4,00;19,05;;0;;
;;;;;;;;;;;
1820;PLATINUM PUMP;;34- LASTONRED;;5,00;16,12;;0;;
;;;;;;;;;;;
2240;polen;;3- FELIUBADALO;;4,00;6,55;;0;;
;;;;;;;;;;;
2890;polenta;;10011- bioprasad;;1,00;1,94;;0;;
;;;;;;;;;;;
2705;potasio;;36- paimes;;3,00;7,75;;0;;
;;;;;;;;;;;

ARTICULOS - PROVEEDOR;;;;;Pagina 132 ;;;Fecha : 03/02/2026;;;
NUTRICION;;
Codigo;Articulo;;Referencia;Proveedor;;Uds.;Precio;;Dto%;;Importe
;;;;;;;;;;;
981;POWER MIX;;11- organicasuperfoods;;6,00;9,09;;0;;
981;POWER MIX;;15- orgacicasuperfoods;;6,00;9,09;;0;;
;;;;;;;;;;;

TODAS;;
Codigo;Articulo;;Referencia;Proveedor;;Uds.;Precio;;Dto%;;Importe
;;;;;;;;;;;
2338;PR BAR;;10017- BIOTECH;;48,00;1,19;;0;;
;;;;;;;;;;;
3293;PRANDHARA;;10012- APROLIS;;1,00;0,00;;0;;
;;;;;;;;;;;

DEPORTE;;
Codigo;Articulo;;Referencia;Proveedor;;Uds.;Precio;;Dto%;;Importe
;;;;;;;;;;;
1251;PRE CADIO;;20- BIG UNIVERSAL;;2,00;16,50;;0;;
;;;;;;;;;;;

TODAS;;
Codigo;Articulo;;Referencia;Proveedor;;Uds.;Precio;;Dto%;;Importe
;;;;;;;;;;;
3208;PRE ENTRENO DRAGON;;29- LIFE PRO;;1,00;16,90;;0;;
;;;;;;;;;;;
1711;PRE-WORKOUT;;34- LASTONRED;;1,00;16,36;;0;;
;;;;;;;;;;;
1872;PREMEABILITY CARE;;10003- nutrinat;;4,00;17,30;;0;;
;;;;;;;;;;;

NUTRICION;;
Codigo;Articulo;;Referencia;Proveedor;;Uds.;Precio;;Dto%;;Importe
;;;;;;;;;;;
1441;prenatal optim;;10003- nutrinat;;4,00;14,90;;0;;
;;;;;;;;;;;

ALIMENTACION;;
Codigo;Articulo;;Referencia;Proveedor;;Uds.;Precio;;Dto%;;Importe
;;;;;;;;;;;
1057;PREPARADO DE POSTRE SG;;7- BIOCOP;;6,00;2,42;;0;;
;;;;;;;;;;;

TODAS;;
Codigo;Articulo;;Referencia;Proveedor;;Uds.;Precio;;Dto%;;Importe
;;;;;;;;;;;
1713;PREWORKOUT;;34- LASTONRED;;1,00;20,14;;0;;
;;;;;;;;;;;
3478;pri-collagen labial;;10012- APROLIS;;1,00;5,43;;0;;
;;;;;;;;;;;
2825;PRO BROWNIES NUTREND;;10013- POWERBODY;;1,00;8,47;;0;;
;;;;;;;;;;;
2826;pro cookeis;;10013- POWERBODY;;1,00;8,47;;0;;
;;;;;;;;;;;
3118;PRO GUISANTE TEXTURED;;10004- HSN;;2,00;2,70;;0;;
;;;;;;;;;;;

DEPORTE;;
Codigo;Articulo;;Referencia;Proveedor;;Uds.;Precio;;Dto%;;Importe
;;;;;;;;;;;
1218;pro leche sin sabor;;10004- HSN;;5,00;9,79;;0;;
;;;;;;;;;;;

TODAS;;
Codigo;Articulo;;Referencia;Proveedor;;Uds.;Precio;;Dto%;;Importe
;;;;;;;;;;;
3475;PRO-COLLAEN CLEAN;;10012- APROLIS;;1,00;9,15;;0;;
;;;;;;;;;;;
3477;PRO-COLLAGEN OJO;;10012- APROLIS;;1,00;13,92;;0;;
;;;;;;;;;;;
3476;PRO-COLLAGEN SCRUB;;10012- APROLIS;;1,00;10,72;;0;;
;;;;;;;;;;;
2661;PRO-INTENSITY;;10015-SURAVITASAN;;3,00;30,55;;17;;
;;;;;;;;;;;
2660;pro-urgency;;10015-SURAVITASAN;;3,00;20,90;;17;;
;;;;;;;;;;;
3020;probiotax;;10022- webotanix;;1,00;20,92;;30;;
;;;;;;;;;;;

ARTICULOS - PROVEEDOR;;;;;Pagina 133 ;;;Fecha : 03/02/2026;;;
3021;PROBIOTAX;;10022- webotanix;;1,00;20,92;;30;;
;;;;;;;;;;;
3023;PROBIOTAX CAP;;10022- webotanix;;1,00;20,42;;30;;
;;;;;;;;;;;
2071;probiotic;;19- ALDOUS;;2,00;13,50;;0;;
;;;;;;;;;;;

NUTRICION;;
Codigo;Articulo;;Referencia;Proveedor;;Uds.;Precio;;Dto%;;Importe
;;;;;;;;;;;
1467;PROBIOTICOS;;10004- HSN;;2,00;8,08;;0;;
;;;;;;;;;;;
1166;probioticos kids;;19- ALDOUS;;3,00;12,78;;0;;
;;;;;;;;;;;

TODAS;;
Codigo;Articulo;;Referencia;Proveedor;;Uds.;Precio;;Dto%;;Importe
;;;;;;;;;;;
2816;probioticos now;;10013- POWERBODY;;4,00;9,03;;0;;
;;;;;;;;;;;
3107;probiotocs nutralie;;10- ECOPLAZA;;3,00;17,49;;25;;
;;;;;;;;;;;

DEPORTE;;
Codigo;Articulo;;Referencia;Proveedor;;Uds.;Precio;;Dto%;;Importe
;;;;;;;;;;;
1341;procao protein 1kg;;29- LIFE PRO;;2,00;21,95;;5;;
;;;;;;;;;;;

NUTRICION;;
Codigo;Articulo;;Referencia;Proveedor;;Uds.;Precio;;Dto%;;Importe
;;;;;;;;;;;
1625;profit;;32- NORTEM BIO;;2,00;7,73;;0;;
;;;;;;;;;;;
1626;PROFLORA;;32- NORTEM BIO;;2,00;7,73;;0;;
;;;;;;;;;;;

ALIMENTACION;;
Codigo;Articulo;;Referencia;Proveedor;;Uds.;Precio;;Dto%;;Importe
;;;;;;;;;;;
1228;PROFUMO DI COSTIERA;;10007- TEOREMA;;6,00;1,50;;0;;
1228;PROFUMO DI COSTIERA;;7- BIOCOP;;1,00;1,50;;0;;
;;;;;;;;;;;

NUTRICION;;
Codigo;Articulo;;Referencia;Proveedor;;Uds.;Precio;;Dto%;;Importe
;;;;;;;;;;;
1580;PROPOBIOTIC;;10012- APROLIS;;15,00;11,43;;0;;
;;;;;;;;;;;

TODAS;;
Codigo;Articulo;;Referencia;Proveedor;;Uds.;Precio;;Dto%;;Importe
;;;;;;;;;;;
2245;PROPOLAID;;31- EBRO Diet;;7,00;9,30;;0;;
;;;;;;;;;;;

NUTRICION;;
Codigo;Articulo;;Referencia;Proveedor;;Uds.;Precio;;Dto%;;Importe
;;;;;;;;;;;
1586;PROPONORM 120 c;;10012- APROLIS;;15,00;15,93;;0;;
;;;;;;;;;;;
1585;PROPONORM 60C;;10012- APROLIS;;15,00;11,63;;0;;
;;;;;;;;;;;

TODAS;;
Codigo;Articulo;;Referencia;Proveedor;;Uds.;Precio;;Dto%;;Importe
;;;;;;;;;;;
3377;protein bar;;10017- BIOTECH;;1,00;1,25;;0;;
;;;;;;;;;;;

DEPORTE;;
Codigo;Articulo;;Referencia;Proveedor;;Uds.;Precio;;Dto%;;Importe
;;;;;;;;;;;
564;PROTEIN BAR CONGUITOS;;20- BIG UNIVERSAL;;30,00;1,98;;0;;
;;;;;;;;;;;

ARTICULOS - PROVEEDOR;;;;;Pagina 134 ;;;Fecha : 03/02/2026;;;
TODAS;;
Codigo;Articulo;;Referencia;Proveedor;;Uds.;Precio;;Dto%;;Importe
;;;;;;;;;;;
3062;protein beef;;10017- BIOTECH;;1,00;37,90;;0;;
;;;;;;;;;;;
2396;protein coco crunchy;;10013- POWERBODY;;3,00;13,34;;0;;
;;;;;;;;;;;
2534;PROTEIN CHOCO;;10013- POWERBODY;;2,00;8,47;;0;;
;;;;;;;;;;;

DEPORTE;;
Codigo;Articulo;;Referencia;Proveedor;;Uds.;Precio;;Dto%;;Importe
;;;;;;;;;;;
1074;protein keto;;20- BIG UNIVERSAL;;1,00;0,00;;0;;
;;;;;;;;;;;

TODAS;;
Codigo;Articulo;;Referencia;Proveedor;;Uds.;Precio;;Dto%;;Importe
;;;;;;;;;;;
2023;protein nutrend;;10013- POWERBODY;;4,00;8,69;;0;;
;;;;;;;;;;;
2220;PROTEIN PANCAKE;;10017- BIOTECH;;1,00;13,95;;0;;
;;;;;;;;;;;
2221;PROTEIN PANCAKE BIOTECK;;10017- BIOTECH;;1,00;13,95;;0;;
;;;;;;;;;;;
1735;protein pops;;20- BIG UNIVERSAL;;2,00;10,97;;0;;
;;;;;;;;;;;
3127;protein webotanic;;10022- webotanix;;8,00;18,37;;0;;
;;;;;;;;;;;

NUTRICION;;
Codigo;Articulo;;Referencia;Proveedor;;Uds.;Precio;;Dto%;;Importe
;;;;;;;;;;;
317;proteina cañamo 200g;;5- ECOBASICS;;6,00;2,66;;0;;
;;;;;;;;;;;

TODAS;;
Codigo;Articulo;;Referencia;Proveedor;;Uds.;Precio;;Dto%;;Importe
;;;;;;;;;;;
3197;PROTEINA DE ALMENDRA;;15- orgacicasuperfoods;;2,00;8,27;;0;;
;;;;;;;;;;;

DEPORTE;;
Codigo;Articulo;;Referencia;Proveedor;;Uds.;Precio;;Dto%;;Importe
;;;;;;;;;;;
1364;PROTEINA DE ARROZ;;10004- HSN;;3,00;5,68;;0;;
;;;;;;;;;;;

TODAS;;
Codigo;Articulo;;Referencia;Proveedor;;Uds.;Precio;;Dto%;;Importe
;;;;;;;;;;;
3196;proteina de calabaza;;15- orgacicasuperfoods;;2,00;5,09;;0;;
;;;;;;;;;;;
3076;PROTEINA DE GUISANTE;;3- FELIUBADALO;;1,00;6,30;;0;;
;;;;;;;;;;;
2337;proteina de guisantes;;5- ECOBASICS;;6,00;2,26;;0;;
;;;;;;;;;;;
3077;proteina de guisate;;3- FELIUBADALO;;1,00;5,93;;0;;
;;;;;;;;;;;
1975;PROTOCOLO ADELGAZANTE;;10- ECOPLAZA;;10,00;15,00;;0;;
;;;;;;;;;;;
2717;PROVENZALES;;31- EBRO Diet;;6,00;1,30;;0;;
;;;;;;;;;;;
2218;prtein bar;;10017- BIOTECH;;20,00;0,75;;0;;
;;;;;;;;;;;

ALIMENTACION-CONSERVAS;;
Codigo;Articulo;;Referencia;Proveedor;;Uds.;Precio;;Dto%;;Importe
;;;;;;;;;;;
257;pssata de tomate 680g f;;2- LA FINESTRASUL CIELO;;10,00;1,88;;0;;
;;;;;;;;;;;

TODAS;;
Codigo;Articulo;;Referencia;Proveedor;;Uds.;Precio;;Dto%;;Importe
;;;;;;;;;;;
2972;psylium;;3- FELIUBADALO;;1,00;4,15;;0;;
;;;;;;;;;;;
2630;PSYLLIUM;;10- ECOPLAZA;;5,00;4,44;;0;;
;;;;;;;;;;;

ARTICULOS - PROVEEDOR;;;;;Pagina 135 ;;;Fecha : 03/02/2026;;;
1833;PSYLLIUM EL GRANERO;;10- ECOPLAZA;;1,00;4,08;;0;;
1833;PSYLLIUM EL GRANERO;;3- FELIUBADALO;;14,00;4,08;;0;;
;;;;;;;;;;;
1834;psyllium natura grre;;3- FELIUBADALO;;3,00;3,92;;0;;
;;;;;;;;;;;
2215;PUMP;;10017- BIOTECH;;10,00;1,00;;0;;
;;;;;;;;;;;
2235;pump tropical;;10017- BIOTECH;;10,00;12,95;;0;;
;;;;;;;;;;;
1998;pumpkin chai;;3- FELIUBADALO;;6,00;2,70;;10;;
1998;pumpkin chai;;31- EBRO Diet;;1,00;2,70;;0;;
;;;;;;;;;;;
1949;PUMPKIN PIE;;3- FELIUBADALO;;4,00;3,36;;0;;
1949;PUMPKIN PIE;;7- BIOCOP;;1,00;3,36;;0;;
;;;;;;;;;;;
2999;pure tomate;;1- CAL VALLS;;1,00;1,75;;0;;
;;;;;;;;;;;

ALIMENTACION;;
Codigo;Articulo;;Referencia;Proveedor;;Uds.;Precio;;Dto%;;Importe
;;;;;;;;;;;
1450;pure tomate;;3- FELIUBADALO;;6,00;1,38;;0;;
;;;;;;;;;;;

DEPORTE;;
Codigo;Articulo;;Referencia;Proveedor;;Uds.;Precio;;Dto%;;Importe
;;;;;;;;;;;
1187;PURE WAXY;;29- LIFE PRO;;2,00;14,80;;0;;
;;;;;;;;;;;

TODAS;;
Codigo;Articulo;;Referencia;Proveedor;;Uds.;Precio;;Dto%;;Importe
;;;;;;;;;;;
3471;PURITY;;10012- APROLIS;;1,00;8,14;;0;;
;;;;;;;;;;;

ALIMENTACION;;
Codigo;Articulo;;Referencia;Proveedor;;Uds.;Precio;;Dto%;;Importe
;;;;;;;;;;;
1229;puttanesca;;10007- TEOREMA;;6,00;1,50;;0;;
;;;;;;;;;;;

TODAS;;
Codigo;Articulo;;Referencia;Proveedor;;Uds.;Precio;;Dto%;;Importe
;;;;;;;;;;;
2321;PUTTANESCA;;7- BIOCOP;;5,00;2,51;;20;;
;;;;;;;;;;;
1918;Q10;;10009- faire;;2,00;10,77;;0;;
;;;;;;;;;;;

DEPORTE;;
Codigo;Articulo;;Referencia;Proveedor;;Uds.;Precio;;Dto%;;Importe
;;;;;;;;;;;
563;QUEMADOR DE GRASA;;20- BIG UNIVERSAL;;2,00;17,96;;0;;
;;;;;;;;;;;

TODAS;;
Codigo;Articulo;;Referencia;Proveedor;;Uds.;Precio;;Dto%;;Importe
;;;;;;;;;;;
2383;quercetin + bromelain;;10013- POWERBODY;;1,00;6,97;;0;;
;;;;;;;;;;;

NUTRICION;;
Codigo;Articulo;;Referencia;Proveedor;;Uds.;Precio;;Dto%;;Importe
;;;;;;;;;;;
1191;QUERCETINA;;10003- nutrinat;;2,00;20,30;;0;;
;;;;;;;;;;;

TODAS;;
Codigo;Articulo;;Referencia;Proveedor;;Uds.;Precio;;Dto%;;Importe
;;;;;;;;;;;
1816;quercitina HSN;;10004- HSN;;2,00;3,90;;0;;
;;;;;;;;;;;

ARTICULOS - PROVEEDOR;;;;;Pagina 136 ;;;Fecha : 03/02/2026;;;
REFRIGERADOS;;
Codigo;Articulo;;Referencia;Proveedor;;Uds.;Precio;;Dto%;;Importe
;;;;;;;;;;;
532;queso 600g;;2- LA FINESTRASUL CIELO;;4,00;8,12;;0;;
;;;;;;;;;;;

TODAS;;
Codigo;Articulo;;Referencia;Proveedor;;Uds.;Precio;;Dto%;;Importe
;;;;;;;;;;;
1225;QUESO CURADO;;10005- VAL DECINCA;;3,00;6,26;;0;;
;;;;;;;;;;;

REFRIGERADOS;;
Codigo;Articulo;;Referencia;Proveedor;;Uds.;Precio;;Dto%;;Importe
;;;;;;;;;;;
1159;QUESO DE BURGOS;;31- EBRO Diet;;12,00;2,82;;0;;
;;;;;;;;;;;

TODAS;;
Codigo;Articulo;;Referencia;Proveedor;;Uds.;Precio;;Dto%;;Importe
;;;;;;;;;;;
1653;queso de oveja;;10005- VAL DECINCA;;1,00;13,73;;0;;
;;;;;;;;;;;
2135;queso de oveja curado;;31- EBRO Diet;;6,00;5,79;;0;;
;;;;;;;;;;;

REFRIGERADOS;;
Codigo;Articulo;;Referencia;Proveedor;;Uds.;Precio;;Dto%;;Importe
;;;;;;;;;;;
1224;queso de oveja nube;;10005- VAL DECINCA;;8,00;6,59;;0;;
;;;;;;;;;;;

ALIMENTACION;;
Codigo;Articulo;;Referencia;Proveedor;;Uds.;Precio;;Dto%;;Importe
;;;;;;;;;;;
1461;queso de untar;;2- LA FINESTRASUL CIELO;;7,00;2,09;;0;;
;;;;;;;;;;;

TODAS;;
Codigo;Articulo;;Referencia;Proveedor;;Uds.;Precio;;Dto%;;Importe
;;;;;;;;;;;
2258;quevana;;10- ECOPLAZA;;5,00;3,43;;0;;
;;;;;;;;;;;
3256;QUINOA;;10- ECOPLAZA;;1,00;5,20;;0;;
3256;QUINOA;;2- LA FINESTRASUL CIELO;;1,00;5,30;;0;;
;;;;;;;;;;;

ALIMENTACION-CONSERVAS;;
Codigo;Articulo;;Referencia;Proveedor;;Uds.;Precio;;Dto%;;Importe
;;;;;;;;;;;
761;quinoa con v;;4- BIONSAN;;6,00;2,23;;0;;
;;;;;;;;;;;

TODAS;;
Codigo;Articulo;;Referencia;Proveedor;;Uds.;Precio;;Dto%;;Importe
;;;;;;;;;;;
3513;quinoa real;;7- BIOCOP;;1,00;2,96;;0;;
;;;;;;;;;;;

ALIMENTACION-GRANOS;;
Codigo;Articulo;;Referencia;Proveedor;;Uds.;Precio;;Dto%;;Importe
;;;;;;;;;;;
319;quinoa tricolor;;3- FELIUBADALO;;1,00;2,89;;0;;
319;quinoa tricolor;;5- ECOBASICS;;20,00;2,89;;0;;
;;;;;;;;;;;

COSMETICA;;
Codigo;Articulo;;Referencia;Proveedor;;Uds.;Precio;;Dto%;;Importe
;;;;;;;;;;;
668;QUITAESMALTE;;21-NATURAKOSMETIC;;3,00;5,75;;12;;
;;;;;;;;;;;

ARTICULOS - PROVEEDOR;;;;;Pagina 137 ;;;Fecha : 03/02/2026;;;
TODAS;;
Codigo;Articulo;;Referencia;Proveedor;;Uds.;Precio;;Dto%;;Importe
;;;;;;;;;;;
3275;ramen;;10- ECOPLAZA;;1,00;4,28;;0;;
;;;;;;;;;;;
2331;RAMEN DE ARROZ;;10- ECOPLAZA;;6,00;2,00;;0;;
;;;;;;;;;;;

ALIMENTACION-ORIENTAL;;
Codigo;Articulo;;Referencia;Proveedor;;Uds.;Precio;;Dto%;;Importe
;;;;;;;;;;;
727;RAMEN SHITAKE;;10- ECOPLAZA;;15,00;2,08;;3;;
;;;;;;;;;;;
751;RAMEN WAKAME;;10- ECOPLAZA;;10,00;2,08;;0;;
;;;;;;;;;;;

TODAS;;
Codigo;Articulo;;Referencia;Proveedor;;Uds.;Precio;;Dto%;;Importe
;;;;;;;;;;;
3189;RAS EL HANOUT;;10- ECOPLAZA;;6,00;1,85;;0;;
3189;RAS EL HANOUT;;7- BIOCOP;;1,00;1,85;;0;;
;;;;;;;;;;;
2248;raspador de lengua;;16- ORGANIC INDIA;;5,00;4,04;;0;;
;;;;;;;;;;;
3449;RAVENCLAW;;10013- POWERBODY;;2,00;8,54;;0;;
;;;;;;;;;;;
1938;RAVINTSARA;;10012- APROLIS;;5,00;4,94;;0;;
;;;;;;;;;;;

ALIMENTACION-BEBIDAS-ISOTONICOS;;
Codigo;Articulo;;Referencia;Proveedor;;Uds.;Precio;;Dto%;;Importe
;;;;;;;;;;;
117;raw bio limon;;3- FELIUBADALO;;12,00;0,88;;0;;
;;;;;;;;;;;

TODAS;;
Codigo;Articulo;;Referencia;Proveedor;;Uds.;Precio;;Dto%;;Importe
;;;;;;;;;;;
2416;REA;;29- LIFE PRO;;1,00;10,90;;0;;
;;;;;;;;;;;
1933;realgin-c;;10012- APROLIS;;4,00;15,74;;0;;
;;;;;;;;;;;
2941;RECAMBIO SONIC;;21-NATURAKOSMETIC;;1,00;7,25;;0;;
;;;;;;;;;;;
3011;recino 100ml;;10012- APROLIS;;1,00;8,92;;0;;
;;;;;;;;;;;

DEPORTE;;
Codigo;Articulo;;Referencia;Proveedor;;Uds.;Precio;;Dto%;;Importe
;;;;;;;;;;;
1286;RECOVERY PRO CHOCO;;29- LIFE PRO;;1,00;13,90;;0;;
;;;;;;;;;;;
1287;RECOVERY PRO chocomonkey;;29- LIFE PRO;;2,00;13,90;;0;;
;;;;;;;;;;;

TODAS;;
Codigo;Articulo;;Referencia;Proveedor;;Uds.;Precio;;Dto%;;Importe
;;;;;;;;;;;
1284;RECOVERY PRO PL/FR;;29- LIFE PRO;;2,00;13,90;;0;;
;;;;;;;;;;;

DEPORTE;;
Codigo;Articulo;;Referencia;Proveedor;;Uds.;Precio;;Dto%;;Importe
;;;;;;;;;;;
1285;RECOVERY PRO vainilla;;29- LIFE PRO;;1,00;13,90;;0;;
;;;;;;;;;;;

TODAS;;
Codigo;Articulo;;Referencia;Proveedor;;Uds.;Precio;;Dto%;;Importe
;;;;;;;;;;;
2902;RED CURRY;;10- ECOPLAZA;;1,00;1,75;;0;;
2902;RED CURRY;;7- BIOCOP;;1,00;1,75;;0;;
;;;;;;;;;;;
2459;RED YEAST NUTRALEI;;5- ECOBASICS;;3,00;14,56;;0;;
;;;;;;;;;;;
1997;RED YEAST+Q10;;29- LIFE PRO;;2,00;10,90;;0;;

ARTICULOS - PROVEEDOR;;;;;Pagina 138 ;;;Fecha : 03/02/2026;;;
;;;;;;;;;;;

ALIMENTACION-SNACK;;
Codigo;Articulo;;Referencia;Proveedor;;Uds.;Precio;;Dto%;;Importe
;;;;;;;;;;;
728;REGALIZ;;10- ECOPLAZA;;24,00;0,58;;3;;
;;;;;;;;;;;

TODAS;;
Codigo;Articulo;;Referencia;Proveedor;;Uds.;Precio;;Dto%;;Importe
;;;;;;;;;;;
3089;REGENHEPAT;;10020- N-PRO;;1,00;27,51;;20;;
;;;;;;;;;;;
2845;regenintest;;10020- N-PRO;;3,00;18,95;;0;;
;;;;;;;;;;;
3086;REGENINTEST;;10020- N-PRO;;1,00;31,73;;20;;
;;;;;;;;;;;
3373;relax;;10009- faire;;4,00;11,50;;0;;
;;;;;;;;;;;
3467;RELAX;;10012- APROLIS;;1,00;8,14;;0;;
;;;;;;;;;;;

ALIMENTACION;;
Codigo;Articulo;;Referencia;Proveedor;;Uds.;Precio;;Dto%;;Importe
;;;;;;;;;;;
1627;remolacha;;1- CAL VALLS;;7,00;1,35;;0;;
;;;;;;;;;;;

ALIMENTACION-CONSERVAS;;
Codigo;Articulo;;Referencia;Proveedor;;Uds.;Precio;;Dto%;;Importe
;;;;;;;;;;;
186;REMOLACHA;;4- BIONSAN;;10,00;1,85;;0;;
;;;;;;;;;;;
145;REMOLACHA FERMENTADA;;4- BIONSAN;;10,00;3,08;;3;;
;;;;;;;;;;;

ALIMENTACION;;
Codigo;Articulo;;Referencia;Proveedor;;Uds.;Precio;;Dto%;;Importe
;;;;;;;;;;;
1084;REMOLACHA RODAJAS;;1- CAL VALLS;;6,00;1,65;;0;;
;;;;;;;;;;;

TODAS;;
Codigo;Articulo;;Referencia;Proveedor;;Uds.;Precio;;Dto%;;Importe
;;;;;;;;;;;
3139;RESFRYHELP;;10012- APROLIS;;15,00;11,80;;0;;
;;;;;;;;;;;
3468;respir;;10012- APROLIS;;1,00;8,14;;0;;
;;;;;;;;;;;
2124;respiro;;3- FELIUBADALO;;6,00;2,70;;0;;
;;;;;;;;;;;
2808;resveratrol 125mg aaln;;10013- POWERBODY;;1,00;8,61;;0;;
;;;;;;;;;;;

NUTRICION;;
Codigo;Articulo;;Referencia;Proveedor;;Uds.;Precio;;Dto%;;Importe
;;;;;;;;;;;
1352;RESVERATROL 500MG;;10004- HSN;;3,00;15,04;;0;;
;;;;;;;;;;;

TODAS;;
Codigo;Articulo;;Referencia;Proveedor;;Uds.;Precio;;Dto%;;Importe
;;;;;;;;;;;
2922;REUVITA;;36- paimes;;1,00;5,00;;0;;
;;;;;;;;;;;
2197;RHODIOLA;;10013- POWERBODY;;2,00;3,83;;0;;
;;;;;;;;;;;

DEPORTE;;
Codigo;Articulo;;Referencia;Proveedor;;Uds.;Precio;;Dto%;;Importe
;;;;;;;;;;;
802;rice chips;;24- INDEX GROUP;;12,00;1,25;;0;;
;;;;;;;;;;;

ALIMENTACION;;
Codigo;Articulo;;Referencia;Proveedor;;Uds.;Precio;;Dto%;;Importe
;;;;;;;;;;;

ARTICULOS - PROVEEDOR;;;;;Pagina 139 ;;;Fecha : 03/02/2026;;;
1235;RISOTTO CON ESPARRAGOS;;10007- TEOREMA;;6,00;2,40;;0;;
;;;;;;;;;;;

TODAS;;
Codigo;Articulo;;Referencia;Proveedor;;Uds.;Precio;;Dto%;;Importe
;;;;;;;;;;;
3395;ritual tiare;;21-NATURAKOSMETIC;;3,00;10,55;;0;;
;;;;;;;;;;;
3383;ritualpurificante;;21-NATURAKOSMETIC;;1,00;16,45;;0;;
;;;;;;;;;;;

COSMETICA;;
Codigo;Articulo;;Referencia;Proveedor;;Uds.;Precio;;Dto%;;Importe
;;;;;;;;;;;
652;rodillo;;21-NATURAKOSMETIC;;2,00;3,41;;12;;
;;;;;;;;;;;

ALIMENTACION;;
Codigo;Articulo;;Referencia;Proveedor;;Uds.;Precio;;Dto%;;Importe
;;;;;;;;;;;
1140;roll fresa;;30- AYIURE;;24,00;0,81;;0;;
;;;;;;;;;;;
1139;ROLL FRESA;;30- AYIURE;;24,00;0,81;;0;;
;;;;;;;;;;;
1137;roll mango;;30- AYIURE;;24,00;0,81;;0;;
;;;;;;;;;;;
1138;ROLL MANZ;;30- AYIURE;;24,00;0,81;;0;;
;;;;;;;;;;;

TODAS;;
Codigo;Articulo;;Referencia;Proveedor;;Uds.;Precio;;Dto%;;Importe
;;;;;;;;;;;
1941;roll on rosa mosq;;10012- APROLIS;;3,00;10,32;;0;;
;;;;;;;;;;;
3479;roll-on acn;;10012- APROLIS;;1,00;7,89;;0;;
;;;;;;;;;;;
2552;ROLLON LA VERA;;21-NATURAKOSMETIC;;2,00;5,36;;0;;
;;;;;;;;;;;

ALIMENTACION;;
Codigo;Articulo;;Referencia;Proveedor;;Uds.;Precio;;Dto%;;Importe
;;;;;;;;;;;
1329;romero;;3- FELIUBADALO;;4,00;1,35;;0;;
1329;romero;;4- BIONSAN;;1,00;1,35;;0;;
;;;;;;;;;;;
1409;ROMERO;;10011- bioprasad;;4,00;1,22;;0;;
;;;;;;;;;;;
1410;romero molido;;10011- bioprasad;;4,00;1,16;;0;;
;;;;;;;;;;;

TODAS;;
Codigo;Articulo;;Referencia;Proveedor;;Uds.;Precio;;Dto%;;Importe
;;;;;;;;;;;
3401;rooibos;;7- BIOCOP;;6,00;1,94;;0;;
;;;;;;;;;;;
2255;ROOIBOS;;10- ECOPLAZA;;4,00;1,50;;0;;
;;;;;;;;;;;
2654;ROOT VALERIANA;;10004- HSN;;1,00;7,41;;0;;
;;;;;;;;;;;

COSMETICA;;
Codigo;Articulo;;Referencia;Proveedor;;Uds.;Precio;;Dto%;;Importe
;;;;;;;;;;;
513;ROSA MOS;;19- ALDOUS;;4,00;9,90;;0;;
;;;;;;;;;;;

TODAS;;
Codigo;Articulo;;Referencia;Proveedor;;Uds.;Precio;;Dto%;;Importe
;;;;;;;;;;;
2113;rose body+facial;;16- ORGANIC INDIA;;3,00;9,83;;0;;
;;;;;;;;;;;
2061;ROSQUILLAS DE AVENA;;31- EBRO Diet;;6,00;2,60;;0;;
;;;;;;;;;;;
2280;royal provite 5000;;3- FELIUBADALO;;1,00;24,96;;0;;
;;;;;;;;;;;
1684;royal vit 2000mg;;25- NUTRICIONSANTE;;2,00;31,38;;50;;
;;;;;;;;;;;
1677;rucula;;1- CAL VALLS;;3,00;1,60;;0;;
;;;;;;;;;;;

ARTICULOS - PROVEEDOR;;;;;Pagina 140 ;;;Fecha : 03/02/2026;;;
2562;ruda;;31- EBRO Diet;;7,00;1,46;;0;;
;;;;;;;;;;;
3337;RUEMIHELP;;36- paimes;;2,00;13,40;;0;;
;;;;;;;;;;;
3074;S CALABAZA S/G;;3- FELIUBADALO;;1,00;3,16;;0;;
;;;;;;;;;;;
2324;sal biocop;;7- BIOCOP;;24,00;0,87;;15;;
;;;;;;;;;;;
2323;SAL BIOCOP;;7- BIOCOP;;12,00;0,87;;15;;
;;;;;;;;;;;
2884;SAL DE NIGARI;;10011- bioprasad;;1,00;1,62;;0;;
;;;;;;;;;;;

ALIMENTACION-CONDIMENTOS;;
Codigo;Articulo;;Referencia;Proveedor;;Uds.;Precio;;Dto%;;Importe
;;;;;;;;;;;
485;sal fina;;10- ECOPLAZA;;24,00;0,78;;0;;
;;;;;;;;;;;
125;sal fina gr;;3- FELIUBADALO;;12,00;0,68;;0;;
;;;;;;;;;;;
93;SAL FINA GRANERO 1KG;;3- FELIUBADALO;;8,00;1,10;;5;;
;;;;;;;;;;;
124;SAL FINA SORIA;;3- FELIUBADALO;;12,00;0,68;;0;;
;;;;;;;;;;;
484;SAL GREUSA;;10- ECOPLAZA;;12,00;0,78;;0;;
;;;;;;;;;;;

TODAS;;
Codigo;Articulo;;Referencia;Proveedor;;Uds.;Precio;;Dto%;;Importe
;;;;;;;;;;;
1719;sal himalaya;;10- ECOPLAZA;;6,00;1,76;;5;;
;;;;;;;;;;;

ALIMENTACION;;
Codigo;Articulo;;Referencia;Proveedor;;Uds.;Precio;;Dto%;;Importe
;;;;;;;;;;;
966;SAL HIMALAYA;;18- PROBIOS;;6,00;1,97;;0;;
;;;;;;;;;;;
1419;SAL HIMALAYA CON HIERBAS;;10011- bioprasad;;2,00;2,21;;0;;
;;;;;;;;;;;
968;SAL HIMALAYA FIAN;;18- PROBIOS;;6,00;1,92;;0;;
;;;;;;;;;;;

LIMPIEZA HOGAR;;
Codigo;Articulo;;Referencia;Proveedor;;Uds.;Precio;;Dto%;;Importe
;;;;;;;;;;;
957;SAL LAVAVAJILLA;;10- ECOPLAZA;;2,00;3,27;;0;;
;;;;;;;;;;;

TODAS;;
Codigo;Articulo;;Referencia;Proveedor;;Uds.;Precio;;Dto%;;Importe
;;;;;;;;;;;
2779;SAL NEGRA;;10- ECOPLAZA;;6,00;2,35;;0;;
;;;;;;;;;;;
2886;sal negra 500g;;10011- bioprasad;;1,00;0,98;;0;;
;;;;;;;;;;;
3425;SAL ROSA;;10- ECOPLAZA;;1,00;1,54;;0;;
;;;;;;;;;;;
2885;SAL ROSA 500G;;10011- bioprasad;;1,00;0,76;;0;;
;;;;;;;;;;;

ALIMENTACION-CONSERVAS;;
Codigo;Articulo;;Referencia;Proveedor;;Uds.;Precio;;Dto%;;Importe
;;;;;;;;;;;
369;SALMON BIOCOP;;7- BIOCOP;;6,00;7,34;;10;;
;;;;;;;;;;;

TODAS;;
Codigo;Articulo;;Referencia;Proveedor;;Uds.;Precio;;Dto%;;Importe
;;;;;;;;;;;
3008;salsa african;;1- CAL VALLS;;1,00;2,65;;0;;
;;;;;;;;;;;

ALIMENTACION-CONSERVAS;;
Codigo;Articulo;;Referencia;Proveedor;;Uds.;Precio;;Dto%;;Importe
;;;;;;;;;;;
444;salsa albahaca;;1- CAL VALLS;;6,00;1,66;;0;;
;;;;;;;;;;;
154;SALSA BRAVA;;4- BIONSAN;;10,00;2,34;;3;;

ARTICULOS - PROVEEDOR;;;;;Pagina 141 ;;;Fecha : 03/02/2026;;;
;;;;;;;;;;;

TODAS;;
Codigo;Articulo;;Referencia;Proveedor;;Uds.;Precio;;Dto%;;Importe
;;;;;;;;;;;
3009;SALSA BURGER;;1- CAL VALLS;;1,00;2,75;;0;;
;;;;;;;;;;;

ALIMENTACION-CONSERVAS;;
Codigo;Articulo;;Referencia;Proveedor;;Uds.;Precio;;Dto%;;Importe
;;;;;;;;;;;
442;SALSA CHAMPI;;1- CAL VALLS;;6,00;1,82;;0;;
;;;;;;;;;;;

DEPORTE;;
Codigo;Articulo;;Referencia;Proveedor;;Uds.;Precio;;Dto%;;Importe
;;;;;;;;;;;
1347;salsa choco monky bl;;29- LIFE PRO;;18,00;1,90;;0;;
;;;;;;;;;;;

TODAS;;
Codigo;Articulo;;Referencia;Proveedor;;Uds.;Precio;;Dto%;;Importe
;;;;;;;;;;;
2693;SALSA DE COCO AMINOS;;3- FELIUBADALO;;4,00;5,93;;0;;
;;;;;;;;;;;
1851;salsa de fresa;;20- BIG UNIVERSAL;;8,00;2,90;;0;;
;;;;;;;;;;;
1903;salsa de soja;;4- BIONSAN;;9,00;2,53;;0;;
;;;;;;;;;;;

DEPORTE;;
Codigo;Articulo;;Referencia;Proveedor;;Uds.;Precio;;Dto%;;Importe
;;;;;;;;;;;
573;SALSA KENTUCKY;;20- BIG UNIVERSAL;;8,00;2,90;;0;;
;;;;;;;;;;;

ALIMENTACION-CONSERVAS;;
Codigo;Articulo;;Referencia;Proveedor;;Uds.;Precio;;Dto%;;Importe
;;;;;;;;;;;
443;SALSA OLIVAS;;1- CAL VALLS;;6,00;1,75;;0;;
;;;;;;;;;;;

DEPORTE;;
Codigo;Articulo;;Referencia;Proveedor;;Uds.;Precio;;Dto%;;Importe
;;;;;;;;;;;
1345;SALSA PANCAKE;;29- LIFE PRO;;6,00;1,90;;0;;
;;;;;;;;;;;

ALIMENTACION-CONSERVAS;;
Codigo;Articulo;;Referencia;Proveedor;;Uds.;Precio;;Dto%;;Importe
;;;;;;;;;;;
155;SALSA PIZZA;;4- BIONSAN;;10,00;1,82;;3;;
;;;;;;;;;;;
156;SALSA ROMESCO;;4- BIONSAN;;10,00;2,01;;3;;
;;;;;;;;;;;

ALIMENTACION-SALSAS;;
Codigo;Articulo;;Referencia;Proveedor;;Uds.;Precio;;Dto%;;Importe
;;;;;;;;;;;
324;SALSA TAMARI ECOB;;5- ECOBASICS;;12,00;1,96;;0;;
;;;;;;;;;;;

DEPORTE;;
Codigo;Articulo;;Referencia;Proveedor;;Uds.;Precio;;Dto%;;Importe
;;;;;;;;;;;
576;SALSA TIJUANA;;20- BIG UNIVERSAL;;16,00;2,90;;0;;
;;;;;;;;;;;

TODAS;;
Codigo;Articulo;;Referencia;Proveedor;;Uds.;Precio;;Dto%;;Importe
;;;;;;;;;;;
3519;salsa tom  clasica;;7- BIOCOP;;1,00;1,81;;0;;
;;;;;;;;;;;

ARTICULOS - PROVEEDOR;;;;;Pagina 142 ;;;Fecha : 03/02/2026;;;
ALIMENTACION;;
Codigo;Articulo;;Referencia;Proveedor;;Uds.;Precio;;Dto%;;Importe
;;;;;;;;;;;
1452;salsa tomate;;3- FELIUBADALO;;3,00;1,57;;0;;
;;;;;;;;;;;

ALIMENTACION-SALSAS;;
Codigo;Articulo;;Referencia;Proveedor;;Uds.;Precio;;Dto%;;Importe
;;;;;;;;;;;
428;SALSA TOMATE;;1- CAL VALLS;;6,00;1,49;;0;;
;;;;;;;;;;;

TODAS;;
Codigo;Articulo;;Referencia;Proveedor;;Uds.;Precio;;Dto%;;Importe
;;;;;;;;;;;
2794;SALSA TOMATE ALB;;1- CAL VALLS;;6,00;1,75;;0;;
;;;;;;;;;;;

ALIMENTACION-CONSERVAS;;
Codigo;Articulo;;Referencia;Proveedor;;Uds.;Precio;;Dto%;;Importe
;;;;;;;;;;;
441;salsa tomate picante;;1- CAL VALLS;;6,00;1,72;;0;;
;;;;;;;;;;;

TODAS;;
Codigo;Articulo;;Referencia;Proveedor;;Uds.;Precio;;Dto%;;Importe
;;;;;;;;;;;
2332;SALSA UMAMI;;10- ECOPLAZA;;2,00;3,66;;0;;
;;;;;;;;;;;

DEPORTE;;
Codigo;Articulo;;Referencia;Proveedor;;Uds.;Precio;;Dto%;;Importe
;;;;;;;;;;;
1346;salsas chocomonky n;;29- LIFE PRO;;6,00;1,90;;0;;
;;;;;;;;;;;

TODAS;;
Codigo;Articulo;;Referencia;Proveedor;;Uds.;Precio;;Dto%;;Importe
;;;;;;;;;;;
2417;salts;;29- LIFE PRO;;7,00;8,90;;0;;
;;;;;;;;;;;

HIGIENE PERSONAL;;
Codigo;Articulo;;Referencia;Proveedor;;Uds.;Precio;;Dto%;;Importe
;;;;;;;;;;;
1064;salva slips bolsillo 24;;7- BIOCOP;;12,00;3,43;;15;;
;;;;;;;;;;;
1063;SALVA SLIPS MAXI 20;;7- BIOCOP;;12,00;3,24;;15;;
;;;;;;;;;;;

ALIMENTACION-CEREALES;;
Codigo;Articulo;;Referencia;Proveedor;;Uds.;Precio;;Dto%;;Importe
;;;;;;;;;;;
299;salvado avena 500g;;5- ECOBASICS;;12,00;1,32;;0;;
;;;;;;;;;;;

TODAS;;
Codigo;Articulo;;Referencia;Proveedor;;Uds.;Precio;;Dto%;;Importe
;;;;;;;;;;;
3130;salvado de avena;;7- BIOCOP;;6,00;1,11;;0;;
;;;;;;;;;;;
1908;salvado de trigo;;4- BIONSAN;;2,00;0,69;;0;;
;;;;;;;;;;;

HIGIENE PERSONAL;;
Codigo;Articulo;;Referencia;Proveedor;;Uds.;Precio;;Dto%;;Importe
;;;;;;;;;;;
1062;salvaslipsultrafino 24;;7- BIOCOP;;12,00;3,22;;15;;
;;;;;;;;;;;

ALIMENTACION;;
Codigo;Articulo;;Referencia;Proveedor;;Uds.;Precio;;Dto%;;Importe
;;;;;;;;;;;
1149;salvia;;10- ECOPLAZA;;4,00;1,45;;0;;

ARTICULOS - PROVEEDOR;;;;;Pagina 143 ;;;Fecha : 03/02/2026;;;
;;;;;;;;;;;

TODAS;;
Codigo;Articulo;;Referencia;Proveedor;;Uds.;Precio;;Dto%;;Importe
;;;;;;;;;;;
3423;SALVIA;;10- ECOPLAZA;;1,00;1,80;;0;;
;;;;;;;;;;;

ALIMENTACION;;
Codigo;Articulo;;Referencia;Proveedor;;Uds.;Precio;;Dto%;;Importe
;;;;;;;;;;;
1411;SALVIA;;10011- bioprasad;;4,00;1,34;;0;;
;;;;;;;;;;;

TODAS;;
Codigo;Articulo;;Referencia;Proveedor;;Uds.;Precio;;Dto%;;Importe
;;;;;;;;;;;
3452;sanavi;;31- EBRO Diet;;1,00;2,97;;0;;
;;;;;;;;;;;
2058;sanavi canela;;31- EBRO Diet;;6,00;2,11;;0;;
;;;;;;;;;;;
2057;SANAVI SALVADO;;31- EBRO Diet;;6,00;2,11;;0;;
;;;;;;;;;;;
2114;SANDAL WOOD;;16- ORGANIC INDIA;;3,00;9,83;;0;;
;;;;;;;;;;;

ALIMENTACION-CONSERVAS;;
Codigo;Articulo;;Referencia;Proveedor;;Uds.;Precio;;Dto%;;Importe
;;;;;;;;;;;
775;SARDINILLAS;;3- FELIUBADALO;;6,00;1,63;;0;;
;;;;;;;;;;;

TODAS;;
Codigo;Articulo;;Referencia;Proveedor;;Uds.;Precio;;Dto%;;Importe
;;;;;;;;;;;
1805;SARRACENO;;10- ECOPLAZA;;26,00;2,49;;5;;
;;;;;;;;;;;
2600;saw palmetto;;29- LIFE PRO;;1,00;5,90;;0;;
;;;;;;;;;;;

ALIMENTACION;;
Codigo;Articulo;;Referencia;Proveedor;;Uds.;Precio;;Dto%;;Importe
;;;;;;;;;;;
955;SAZONADOR BARBACOA;;10- ECOPLAZA;;3,00;2,00;;0;;
955;SAZONADOR BARBACOA;;7- BIOCOP;;1,00;2,00;;0;;
;;;;;;;;;;;

DEPORTE;;
Codigo;Articulo;;Referencia;Proveedor;;Uds.;Precio;;Dto%;;Importe
;;;;;;;;;;;
1079;SAZONADOR CHEDARJALAPEÑOS;;20- BIG UNIVERSAL;;1,00;0,00;;0;;
;;;;;;;;;;;
1078;sazonador cheder PEPPERONI;;20- BIG UNIVERSAL;;1,00;0,00;;0;;
;;;;;;;;;;;

TODAS;;
Codigo;Articulo;;Referencia;Proveedor;;Uds.;Precio;;Dto%;;Importe
;;;;;;;;;;;
1978;sazonador de paella;;10- ECOPLAZA;;3,00;1,60;;0;;
1978;sazonador de paella;;7- BIOCOP;;1,00;1,60;;0;;
;;;;;;;;;;;
2180;SCRAB CARBON;;10013- POWERBODY;;4,00;2,20;;0;;
;;;;;;;;;;;
2181;scrab carbon tea;;10013- POWERBODY;;1,00;2,27;;0;;
;;;;;;;;;;;

ALIMENTACION;;
Codigo;Articulo;;Referencia;Proveedor;;Uds.;Precio;;Dto%;;Importe
;;;;;;;;;;;
1104;SEDANI DE AZUKIS;;1- CAL VALLS;;12,00;2,15;;0;;
;;;;;;;;;;;

TODAS;;
Codigo;Articulo;;Referencia;Proveedor;;Uds.;Precio;;Dto%;;Importe
;;;;;;;;;;;
3217;seghee;;16- ORGANIC INDIA;;6,00;7,63;;0;;
ARTICULOS - PROVEEDOR;;;;;Pagina 144 ;;;Fecha : 03/02/2026;;;
;;;;;;;;;;;

REFRIGERADOS;;
Codigo;Articulo;;Referencia;Proveedor;;Uds.;Precio;;Dto%;;Importe
;;;;;;;;;;;
979;SEITAN;;2- LA FINESTRASUL CIELO;;15,00;3,63;;10;;
;;;;;;;;;;;

NUTRICION;;
Codigo;Articulo;;Referencia;Proveedor;;Uds.;Precio;;Dto%;;Importe
;;;;;;;;;;;
1645;selenium;;10004- HSN;;1,00;5,35;;0;;
1645;selenium;;10013- POWERBODY;;4,00;4,80;;0;;
;;;;;;;;;;;

TODAS;;
Codigo;Articulo;;Referencia;Proveedor;;Uds.;Precio;;Dto%;;Importe
;;;;;;;;;;;
2987;selenium swanson;;10013- POWERBODY;;1,00;3,35;;0;;
2987;selenium swanson;;29- LIFE PRO;;1,00;3,35;;0;;
;;;;;;;;;;;

ALIMENTACION-SEMILLAS;;
Codigo;Articulo;;Referencia;Proveedor;;Uds.;Precio;;Dto%;;Importe
;;;;;;;;;;;
280;semillas calabaza 250g;;5- ECOBASICS;;84,00;1,95;;0;;
280;semillas calabaza 250g;;7- BIOCOP;;1,00;1,95;;0;;
;;;;;;;;;;;

TODAS;;
Codigo;Articulo;;Referencia;Proveedor;;Uds.;Precio;;Dto%;;Importe
;;;;;;;;;;;
2695;semillas de calabaza 500g;;5- ECOBASICS;;24,00;3,37;;0;;
2695;semillas de calabaza 500g;;7- BIOCOP;;1,00;3,61;;0;;
;;;;;;;;;;;
2433;semillas de cañamo;;15- orgacicasuperfoods;;6,00;0,00;;0;;
;;;;;;;;;;;
1844;SEMILLAS DE CAÑAMO;;5- ECOBASICS;;6,00;1,76;;0;;
;;;;;;;;;;;
3329;semillas de lino;;10- ECOPLAZA;;1,00;1,54;;0;;
;;;;;;;;;;;

ALIMENTACION;;
Codigo;Articulo;;Referencia;Proveedor;;Uds.;Precio;;Dto%;;Importe
;;;;;;;;;;;
1190;semola de arroz;;4- BIONSAN;;3,00;2,59;;0;;
;;;;;;;;;;;

TODAS;;
Codigo;Articulo;;Referencia;Proveedor;;Uds.;Precio;;Dto%;;Importe
;;;;;;;;;;;
3135;SEMOLA DE ARROZ;;7- BIOCOP;;6,00;1,90;;0;;
;;;;;;;;;;;
3132;semola de maiz;;7- BIOCOP;;6,00;1,41;;0;;
;;;;;;;;;;;

ALIMENTACION-PANAES;;
Codigo;Articulo;;Referencia;Proveedor;;Uds.;Precio;;Dto%;;Importe
;;;;;;;;;;;
422;semola maiz 500g;;1- CAL VALLS;;12,00;1,20;;0;;
;;;;;;;;;;;

TODAS;;
Codigo;Articulo;;Referencia;Proveedor;;Uds.;Precio;;Dto%;;Importe
;;;;;;;;;;;
1748;sen;;2- LA FINESTRASUL CIELO;;6,00;1,60;;0;;
;;;;;;;;;;;

NUTRICION;;
Codigo;Articulo;;Referencia;Proveedor;;Uds.;Precio;;Dto%;;Importe
;;;;;;;;;;;
1588;SENIPROPOL;;10012- APROLIS;;5,00;9,79;;0;;
;;;;;;;;;;;

ARTICULOS - PROVEEDOR;;;;;Pagina 145 ;;;Fecha : 03/02/2026;;;
TODAS;;
Codigo;Articulo;;Referencia;Proveedor;;Uds.;Precio;;Dto%;;Importe
;;;;;;;;;;;
3474;serum;;10012- APROLIS;;1,00;15,85;;0;;
;;;;;;;;;;;
3473;SERUM;;10012- APROLIS;;1,00;15,85;;0;;
;;;;;;;;;;;
1994;SERUM FACIAL;;21-NATURAKOSMETIC;;3,00;13,50;;0;;
;;;;;;;;;;;

COSMETICA;;
Codigo;Articulo;;Referencia;Proveedor;;Uds.;Precio;;Dto%;;Importe
;;;;;;;;;;;
596;SERUM FACIAL VIT C;;21-NATURAKOSMETIC;;3,00;9,33;;0;;
;;;;;;;;;;;

TODAS;;
Codigo;Articulo;;Referencia;Proveedor;;Uds.;Precio;;Dto%;;Importe
;;;;;;;;;;;
2770;SERUM MEN;;10019- WELEDA;;3,00;10,70;;0;;
;;;;;;;;;;;

COSMETICA;;
Codigo;Articulo;;Referencia;Proveedor;;Uds.;Precio;;Dto%;;Importe
;;;;;;;;;;;
1279;SERUM PESTAÑAS;;21-NATURAKOSMETIC;;2,00;14,95;;0;;
;;;;;;;;;;;

HIGIENE PERSONAL;;
Codigo;Articulo;;Referencia;Proveedor;;Uds.;Precio;;Dto%;;Importe
;;;;;;;;;;;
721;servilletas;;10- ECOPLAZA;;12,00;0,81;;0;;
;;;;;;;;;;;

TODAS;;
Codigo;Articulo;;Referencia;Proveedor;;Uds.;Precio;;Dto%;;Importe
;;;;;;;;;;;
3331;sesamo;;10- ECOPLAZA;;1,00;1,97;;0;;
;;;;;;;;;;;

ALIMENTACION-SEMILLAS;;
Codigo;Articulo;;Referencia;Proveedor;;Uds.;Precio;;Dto%;;Importe
;;;;;;;;;;;
282;sesamo natural 250g;;5- ECOBASICS;;24,00;1,43;;0;;
282;sesamo natural 250g;;7- BIOCOP;;1,00;1,43;;0;;
;;;;;;;;;;;

TODAS;;
Codigo;Articulo;;Referencia;Proveedor;;Uds.;Precio;;Dto%;;Importe
;;;;;;;;;;;
3332;SESAMO NEGRO;;10- ECOPLAZA;;1,00;2,30;;0;;
;;;;;;;;;;;

ALIMENTACION-SEMILLAS;;
Codigo;Articulo;;Referencia;Proveedor;;Uds.;Precio;;Dto%;;Importe
;;;;;;;;;;;
284;sesamo negro 250g;;5- ECOBASICS;;12,00;1,53;;0;;
;;;;;;;;;;;

TODAS;;
Codigo;Articulo;;Referencia;Proveedor;;Uds.;Precio;;Dto%;;Importe
;;;;;;;;;;;
2927;sesamo negro biocop;;7- BIOCOP;;2,00;2,23;;8;;
;;;;;;;;;;;
3073;sesamo s/g;;3- FELIUBADALO;;1,00;2,24;;0;;
;;;;;;;;;;;

ALIMENTACION-SEMILLAS;;
Codigo;Articulo;;Referencia;Proveedor;;Uds.;Precio;;Dto%;;Importe
;;;;;;;;;;;
283;SESAMO TOSTADO 250G;;5- ECOBASICS;;12,00;1,69;;0;;
283;SESAMO TOSTADO 250G;;7- BIOCOP;;1,00;1,69;;0;;
;;;;;;;;;;;

ARTICULOS - PROVEEDOR;;;;;Pagina 146 ;;;Fecha : 03/02/2026;;;
TODAS;;
Codigo;Articulo;;Referencia;Proveedor;;Uds.;Precio;;Dto%;;Importe
;;;;;;;;;;;
2928;SESAMO TOSTADO BIOCOP;;3- FELIUBADALO;;1,00;2,37;;0;;
2928;SESAMO TOSTADO BIOCOP;;7- BIOCOP;;1,00;2,64;;0;;
;;;;;;;;;;;

HIGIENE PERSONAL;;
Codigo;Articulo;;Referencia;Proveedor;;Uds.;Precio;;Dto%;;Importe
;;;;;;;;;;;
598;SET VIAJE;;21-NATURAKOSMETIC;;3,00;7,19;;12;;
;;;;;;;;;;;

NUTRICION;;
Codigo;Articulo;;Referencia;Proveedor;;Uds.;Precio;;Dto%;;Importe
;;;;;;;;;;;
839;SETAS REISHI;;25- NUTRICIONSANTE;;6,00;8,16;;20;;
;;;;;;;;;;;

TODAS;;
Codigo;Articulo;;Referencia;Proveedor;;Uds.;Precio;;Dto%;;Importe
;;;;;;;;;;;
1873;sexovit;;10003- nutrinat;;2,00;24,70;;0;;
;;;;;;;;;;;
3203;shaker;;20- BIG UNIVERSAL;;1,00;6,00;;0;;
;;;;;;;;;;;
1483;SHAKER;;29- LIFE PRO;;4,00;2,38;;0;;
;;;;;;;;;;;
3212;SHAKER THERMO;;29- LIFE PRO;;2,00;7,90;;0;;
;;;;;;;;;;;
2950;SHAMPOO SOLIDO;;21-NATURAKOSMETIC;;1,00;4,36;;0;;
;;;;;;;;;;;
2932;shampu/gel douce nature;;7- BIOCOP;;1,00;9,49;;8;;
;;;;;;;;;;;
3043;SHARK CARTILAGE NOW;;10004- HSN;;1,00;11,13;;0;;
;;;;;;;;;;;

NUTRICION;;
Codigo;Articulo;;Referencia;Proveedor;;Uds.;Precio;;Dto%;;Importe
;;;;;;;;;;;
383;SHATAVARI;;11- organicasuperfoods;;1,00;5,73;;0;;
383;SHATAVARI;;15- orgacicasuperfoods;;12,00;5,45;;0;;
;;;;;;;;;;;
395;SHATAVARI CAP;;16- ORGANIC INDIA;;7,00;13,99;;0;;
;;;;;;;;;;;

TODAS;;
Codigo;Articulo;;Referencia;Proveedor;;Uds.;Precio;;Dto%;;Importe
;;;;;;;;;;;
3441;SHEA OIL;;10013- POWERBODY;;1,00;9,34;;0;;
;;;;;;;;;;;
2443;shilajit;;10013- POWERBODY;;4,00;25,43;;0;;
;;;;;;;;;;;

NUTRICION;;
Codigo;Articulo;;Referencia;Proveedor;;Uds.;Precio;;Dto%;;Importe
;;;;;;;;;;;
391;SHILAJIT;;15- orgacicasuperfoods;;9,00;13,36;;0;;
;;;;;;;;;;;

TODAS;;
Codigo;Articulo;;Referencia;Proveedor;;Uds.;Precio;;Dto%;;Importe
;;;;;;;;;;;
1678;shitake;;1- CAL VALLS;;4,00;1,75;;0;;
;;;;;;;;;;;
3102;SHLAJIT MAHARISHI;;16- ORGANIC INDIA;;2,00;15,27;;0;;
;;;;;;;;;;;

ALIMENTACION-BEBIDAS-KOMBUCHA;;
Codigo;Articulo;;Referencia;Proveedor;;Uds.;Precio;;Dto%;;Importe
;;;;;;;;;;;
521;SHOT GIN CUR;;2- LA FINESTRASUL CIELO;;12,00;3,20;;0;;
;;;;;;;;;;;

TODAS;;
Codigo;Articulo;;Referencia;Proveedor;;Uds.;Precio;;Dto%;;Importe
ARTICULOS - PROVEEDOR;;;;;Pagina 147 ;;;Fecha : 03/02/2026;;;
;;;;;;;;;;;
3246;shower crem skin f;;10019- WELEDA;;2,00;4,60;;0;;
;;;;;;;;;;;

ALIMENTACION;;
Codigo;Articulo;;Referencia;Proveedor;;Uds.;Precio;;Dto%;;Importe
;;;;;;;;;;;
1231;SICILIANA;;10007- TEOREMA;;6,00;1,50;;0;;
;;;;;;;;;;;

NUTRICION;;
Codigo;Articulo;;Referencia;Proveedor;;Uds.;Precio;;Dto%;;Importe
;;;;;;;;;;;
1611;silicio;;32- NORTEM BIO;;3,00;4,48;;0;;
;;;;;;;;;;;
1631;SILIPLANT G7 1L;;33- SILICIUM;;2,00;23,13;;0;;
;;;;;;;;;;;
1632;siliplant silicium g7 500g;;33- SILICIUM;;3,00;12,44;;0;;
;;;;;;;;;;;

ALIMENTACION-TES;;
Codigo;Articulo;;Referencia;Proveedor;;Uds.;Precio;;Dto%;;Importe
;;;;;;;;;;;
483;siluet-t;;10- ECOPLAZA;;6,00;1,95;;5;;
;;;;;;;;;;;

TODAS;;
Codigo;Articulo;;Referencia;Proveedor;;Uds.;Precio;;Dto%;;Importe
;;;;;;;;;;;
2663;SIROPE DATILES;;10009- faire;;7,00;2,85;;0;;
;;;;;;;;;;;
2236;sirope de algarroba;;3- FELIUBADALO;;2,00;5,29;;0;;
;;;;;;;;;;;
2836;SIROPE DE MAIZ;;4- BIONSAN;;1,00;4,51;;0;;
;;;;;;;;;;;
2751;SK F BALSAMO LIMPIADOR;;10019- WELEDA;;2,00;7,49;;0;;
;;;;;;;;;;;
2747;SK F BUTTER BODY;;10019- WELEDA;;3,00;11,54;;0;;
;;;;;;;;;;;
2749;SK F CREMA DIA;;10019- WELEDA;;2,00;10,38;;0;;
;;;;;;;;;;;
2750;SK F CREMA NOCHE;;10019- WELEDA;;2,00;10,96;;0;;
;;;;;;;;;;;
2748;sk f dry oil;;10019- WELEDA;;2,00;8,65;;0;;
;;;;;;;;;;;
2746;sk f intensivo;;10019- WELEDA;;2,00;6,22;;0;;
;;;;;;;;;;;
2752;sk f lip balm;;10019- WELEDA;;6,00;3,44;;0;;
;;;;;;;;;;;
2406;skill;;10013- POWERBODY;;1,00;15,83;;0;;
;;;;;;;;;;;
2407;SKILL;;10013- POWERBODY;;1,00;15,83;;0;;
;;;;;;;;;;;
1849;sleep;;20- BIG UNIVERSAL;;3,00;7,50;;0;;
1849;sleep;;29- LIFE PRO;;2,00;7,50;;0;;
;;;;;;;;;;;
3430;SLEEP KEY;;10012- APROLIS;;1,00;10,81;;0;;
;;;;;;;;;;;
3446;slytherin;;10013- POWERBODY;;2,00;8,54;;0;;
;;;;;;;;;;;
2117;smooth+ glossy;;16- ORGANIC INDIA;;2,00;9,83;;0;;
;;;;;;;;;;;
1652;SMOOTHIE FRESA PLATANO;;10009- faire;;10,00;0,81;;0;;
;;;;;;;;;;;

ALIMENTACION-SNACK;;
Codigo;Articulo;;Referencia;Proveedor;;Uds.;Precio;;Dto%;;Importe
;;;;;;;;;;;
243;SNACK ARROZ F;;2- LA FINESTRASUL CIELO;;12,00;0,65;;0;;
;;;;;;;;;;;

ALIMENTACION;;
Codigo;Articulo;;Referencia;Proveedor;;Uds.;Precio;;Dto%;;Importe
;;;;;;;;;;;
1029;snack crunchy brocheta;;7- BIOCOP;;14,00;1,94;;15;;
;;;;;;;;;;;
1028;SNACK CRUNCHY ORIENTAL;;7- BIOCOP;;14,00;1,94;;15;;
;;;;;;;;;;;
958;SNACK CHEESE;;10- ECOPLAZA;;10,00;1,28;;0;;
;;;;;;;;;;;

ARTICULOS - PROVEEDOR;;;;;Pagina 148 ;;;Fecha : 03/02/2026;;;
NUTRICION;;
Codigo;Articulo;;Referencia;Proveedor;;Uds.;Precio;;Dto%;;Importe
;;;;;;;;;;;
867;SNACK DE MAIZ Y ESPELTA;;1- CAL VALLS;;13,00;0,60;;0;;
;;;;;;;;;;;
857;snack de maiz y trigo;;1- CAL VALLS;;12,00;0,60;;0;;
;;;;;;;;;;;

ALIMENTACION-SNACK;;
Codigo;Articulo;;Referencia;Proveedor;;Uds.;Precio;;Dto%;;Importe
;;;;;;;;;;;
870;SNACK GUISANTES VERDES;;1- CAL VALLS;;2,00;0,60;;100;;
;;;;;;;;;;;

ALIMENTACION;;
Codigo;Articulo;;Referencia;Proveedor;;Uds.;Precio;;Dto%;;Importe
;;;;;;;;;;;
1030;SNACK KRUNCHY ONION;;7- BIOCOP;;14,00;1,94;;15;;
;;;;;;;;;;;

ALIMENTACION-SNACK;;
Codigo;Articulo;;Referencia;Proveedor;;Uds.;Precio;;Dto%;;Importe
;;;;;;;;;;;
869;snack lentejas rojas;;1- CAL VALLS;;2,00;0,60;;100;;
;;;;;;;;;;;
244;snack maiz;;2- LA FINESTRASUL CIELO;;12,00;0,65;;0;;
;;;;;;;;;;;

NUTRICION;;
Codigo;Articulo;;Referencia;Proveedor;;Uds.;Precio;;Dto%;;Importe
;;;;;;;;;;;
861;SNACK NORI;;25- NUTRICIONSANTE;;6,00;5,59;;20;;
;;;;;;;;;;;
843;SNACK NORI CURCUMA;;25- NUTRICIONSANTE;;5,00;6,09;;20;;
;;;;;;;;;;;
864;SNACK NORI CURCUMAUNIDAD;;25- NUTRICIONSANTE;;5,00;1,20;;0;;
;;;;;;;;;;;
860;SNACK NORI CHILI;;25- NUTRICIONSANTE;;6,00;5,62;;20;;
;;;;;;;;;;;
863;SNACK NORI CHILI UNIDAD;;25- NUTRICIONSANTE;;30,00;1,12;;20;;
;;;;;;;;;;;
862;SNACK NORI UNIDAD;;25- NUTRICIONSANTE;;30,00;1,12;;20;;
;;;;;;;;;;;

ALIMENTACION;;
Codigo;Articulo;;Referencia;Proveedor;;Uds.;Precio;;Dto%;;Importe
;;;;;;;;;;;
967;snack quinoa;;18- PROBIOS;;12,00;1,25;;0;;
;;;;;;;;;;;
959;snack sal;;10- ECOPLAZA;;12,00;1,28;;0;;
;;;;;;;;;;;

ALIMENTACION-SNACK;;
Codigo;Articulo;;Referencia;Proveedor;;Uds.;Precio;;Dto%;;Importe
;;;;;;;;;;;
729;snak arro romero;;10- ECOPLAZA;;14,00;0,77;;100;;
;;;;;;;;;;;
730;SNAK KECHUP;;10- ECOPLAZA;;12,00;1,28;;0;;
;;;;;;;;;;;
732;snak mais tomate;;10- ECOPLAZA;;14,00;0,75;;100;;
;;;;;;;;;;;
731;snak maiz picante;;10- ECOPLAZA;;28,00;0,75;;0;;
;;;;;;;;;;;

TODAS;;
Codigo;Articulo;;Referencia;Proveedor;;Uds.;Precio;;Dto%;;Importe
;;;;;;;;;;;
2410;snakbar;;10013- POWERBODY;;48,00;0,54;;0;;
2410;snakbar;;10017- BIOTECH;;1,00;0,54;;0;;
;;;;;;;;;;;
2267;sns;;20- BIG UNIVERSAL;;3,00;6,50;;0;;
;;;;;;;;;;;
2108;SO BIO PACK;;21-NATURAKOSMETIC;;7,00;17,87;;0;;
;;;;;;;;;;;

ALIMENTACION;;
Codigo;Articulo;;Referencia;Proveedor;;Uds.;Precio;;Dto%;;Importe
;;;;;;;;;;;

ARTICULOS - PROVEEDOR;;;;;Pagina 149 ;;;Fecha : 03/02/2026;;;
1451;SOFRITO TOMATE;;3- FELIUBADALO;;3,00;1,51;;0;;
;;;;;;;;;;;

TODAS;;
Codigo;Articulo;;Referencia;Proveedor;;Uds.;Precio;;Dto%;;Importe
;;;;;;;;;;;
3092;softbiota;;10020- N-PRO;;1,00;14,73;;20;;
;;;;;;;;;;;

ALIMENTACION;;
Codigo;Articulo;;Referencia;Proveedor;;Uds.;Precio;;Dto%;;Importe
;;;;;;;;;;;
1038;SOJA AMARILLA;;7- BIOCOP;;12,00;1,91;;15;;
;;;;;;;;;;;

TODAS;;
Codigo;Articulo;;Referencia;Proveedor;;Uds.;Precio;;Dto%;;Importe
;;;;;;;;;;;
1900;soja de cereza;;10- ECOPLAZA;;6,00;2,52;;0;;
;;;;;;;;;;;

ALIMENTACION;;
Codigo;Articulo;;Referencia;Proveedor;;Uds.;Precio;;Dto%;;Importe
;;;;;;;;;;;
1527;soja de r;;10- ECOPLAZA;;1,00;1,70;;0;;
;;;;;;;;;;;

ALIMENTACION-LEGUMBRES;;
Codigo;Articulo;;Referencia;Proveedor;;Uds.;Precio;;Dto%;;Importe
;;;;;;;;;;;
307;soja texturizada m 200g;;5- ECOBASICS;;10,00;1,56;;0;;
;;;;;;;;;;;
308;SOJA VERDE;;5- ECOBASICS;;10,00;1,84;;0;;
;;;;;;;;;;;

ALIMENTACION-CONSERVAS;;
Codigo;Articulo;;Referencia;Proveedor;;Uds.;Precio;;Dto%;;Importe
;;;;;;;;;;;
451;SOJA VERDE;;1- CAL VALLS;;7,00;1,50;;0;;
;;;;;;;;;;;

ALIMENTACION-BEBIDAS-LECHE;;
Codigo;Articulo;;Referencia;Proveedor;;Uds.;Precio;;Dto%;;Importe
;;;;;;;;;;;
95;SOJA1L NTG;;3- FELIUBADALO;;6,00;1,46;;10;;
;;;;;;;;;;;

TODAS;;
Codigo;Articulo;;Referencia;Proveedor;;Uds.;Precio;;Dto%;;Importe
;;;;;;;;;;;
2688;solar complex;;10- ECOPLAZA;;12,00;11,64;;0;;
;;;;;;;;;;;
2292;sombra de ojos 01;;21-NATURAKOSMETIC;;3,00;6,13;;0;;
;;;;;;;;;;;
2293;sombra de ojos 02;;21-NATURAKOSMETIC;;3,00;6,13;;0;;
;;;;;;;;;;;
2294;sombra de ojos 03;;21-NATURAKOSMETIC;;3,00;6,13;;0;;
;;;;;;;;;;;

ALIMENTACION-ALGAS;;
Codigo;Articulo;;Referencia;Proveedor;;Uds.;Precio;;Dto%;;Importe
;;;;;;;;;;;
908;SOPA DXE ARROZ, VERDURAY ALGAS;;10001- ALGAMAR;;6,00;2,56;;0;;
;;;;;;;;;;;

ALIMENTACION;;
Codigo;Articulo;;Referencia;Proveedor;;Uds.;Precio;;Dto%;;Importe
;;;;;;;;;;;
1189;SOPA JULIANA;;4- BIONSAN;;12,00;2,39;;0;;
;;;;;;;;;;;

TODAS;;
Codigo;Articulo;;Referencia;Proveedor;;Uds.;Precio;;Dto%;;Importe
;;;;;;;;;;;
2352;SORIASKIN;;33- SILICIUM;;2,00;13,30;;15;;
;;;;;;;;;;;
ARTICULOS - PROVEEDOR;;;;;Pagina 150 ;;;Fecha : 03/02/2026;;;
1940;SOUPLE´S;;10012- APROLIS;;5,00;18,04;;0;;
;;;;;;;;;;;
3413;soy pro;;10004- HSN;;1,00;5,90;;0;;
;;;;;;;;;;;
2145;soya;;10- ECOPLAZA;;8,00;1,23;;0;;
2145;soya;;3- FELIUBADALO;;1,00;1,42;;10;;
;;;;;;;;;;;
2678;SOYBEAN SERUM;;10018- STORE.K;;4,00;15,70;;0;;
;;;;;;;;;;;
3483;SPAGHETTI;;2- LA FINESTRASUL CIELO;;1,00;2,38;;0;;
;;;;;;;;;;;

DEPORTE;;
Codigo;Articulo;;Referencia;Proveedor;;Uds.;Precio;;Dto%;;Importe
;;;;;;;;;;;
1017;spicy bbq;;29- LIFE PRO;;6,00;1,90;;0;;
;;;;;;;;;;;

NUTRICION;;
Codigo;Articulo;;Referencia;Proveedor;;Uds.;Precio;;Dto%;;Importe
;;;;;;;;;;;
318;SPIRULINA 200G;;5- ECOBASICS;;6,00;3,06;;0;;
;;;;;;;;;;;

HIGIENE PERSONAL;;
Codigo;Articulo;;Referencia;Proveedor;;Uds.;Precio;;Dto%;;Importe
;;;;;;;;;;;
343;spray coco;;7- BIOCOP;;6,00;5,33;;30;;
;;;;;;;;;;;
626;SPRAY DESNREDANTE;;21-NATURAKOSMETIC;;3,00;5,25;;0;;
;;;;;;;;;;;

TODAS;;
Codigo;Articulo;;Referencia;Proveedor;;Uds.;Precio;;Dto%;;Importe
;;;;;;;;;;;
2968;SPRAY JABON NEGRO;;21-NATURAKOSMETIC;;1,00;2,39;;0;;
;;;;;;;;;;;

NUTRICION;;
Codigo;Articulo;;Referencia;Proveedor;;Uds.;Precio;;Dto%;;Importe
;;;;;;;;;;;
1579;SPRAY NASAL;;10012- APROLIS;;6,00;9,22;;0;;
;;;;;;;;;;;

HIGIENE PERSONAL;;
Codigo;Articulo;;Referencia;Proveedor;;Uds.;Precio;;Dto%;;Importe
;;;;;;;;;;;
344;spray romero;;7- BIOCOP;;6,00;5,33;;10;;
;;;;;;;;;;;

TODAS;;
Codigo;Articulo;;Referencia;Proveedor;;Uds.;Precio;;Dto%;;Importe
;;;;;;;;;;;
2961;SPRAY SOLAR;;21-NATURAKOSMETIC;;1,00;16,10;;0;;
;;;;;;;;;;;

HIGIENE PERSONAL;;
Codigo;Articulo;;Referencia;Proveedor;;Uds.;Precio;;Dto%;;Importe
;;;;;;;;;;;
476;SPRAY SOLAR;;10- ECOPLAZA;;3,00;16,03;;10;;
;;;;;;;;;;;
475;spray solar niño;;10- ECOPLAZA;;3,00;16,03;;10;;
;;;;;;;;;;;
474;SPRAY TE TREE;;10- ECOPLAZA;;4,00;4,91;;0;;
;;;;;;;;;;;

TODAS;;
Codigo;Articulo;;Referencia;Proveedor;;Uds.;Precio;;Dto%;;Importe
;;;;;;;;;;;
2387;st,jhons wort;;10013- POWERBODY;;2,00;4,24;;0;;
;;;;;;;;;;;
2495;STAR SALUTATION;;31- EBRO Diet;;6,00;2,70;;0;;
;;;;;;;;;;;
1811;STEVIA;;10- ECOPLAZA;;13,00;3,54;;0;;
;;;;;;;;;;;

ARTICULOS - PROVEEDOR;;;;;Pagina 151 ;;;Fecha : 03/02/2026;;;
ALIMENTACION-ENDULZANTES;;
Codigo;Articulo;;Referencia;Proveedor;;Uds.;Precio;;Dto%;;Importe
;;;;;;;;;;;
470;STEVIA POLVO;;10- ECOPLAZA;;5,00;3,04;;0;;
;;;;;;;;;;;

TODAS;;
Codigo;Articulo;;Referencia;Proveedor;;Uds.;Precio;;Dto%;;Importe
;;;;;;;;;;;
2944;stick solar;;21-NATURAKOSMETIC;;2,00;8,96;;0;;
;;;;;;;;;;;
2945;STICK SOLAR COLOR;;21-NATURAKOSMETIC;;1,00;9,50;;0;;
;;;;;;;;;;;

LIMPIEZA HOGAR;;
Codigo;Articulo;;Referencia;Proveedor;;Uds.;Precio;;Dto%;;Importe
;;;;;;;;;;;
1048;suavisante eco vero 33;;7- BIOCOP;;6,00;3,15;;10;;
;;;;;;;;;;;

TODAS;;
Codigo;Articulo;;Referencia;Proveedor;;Uds.;Precio;;Dto%;;Importe
;;;;;;;;;;;
1891;suavizante;;7- BIOCOP;;12,00;2,04;;0;;
;;;;;;;;;;;
3339;suc mag;;36- paimes;;1,00;15,00;;0;;
;;;;;;;;;;;

DEPORTE;;
Codigo;Articulo;;Referencia;Proveedor;;Uds.;Precio;;Dto%;;Importe
;;;;;;;;;;;
1363;sucralosa;;10004- HSN;;1,00;16,60;;0;;
;;;;;;;;;;;

TODAS;;
Codigo;Articulo;;Referencia;Proveedor;;Uds.;Precio;;Dto%;;Importe
;;;;;;;;;;;
2120;sueño;;3- FELIUBADALO;;0,00;8,15;;0;;
;;;;;;;;;;;

NUTRICION;;
Codigo;Articulo;;Referencia;Proveedor;;Uds.;Precio;;Dto%;;Importe
;;;;;;;;;;;
1642;SULFORAPHANE;;10004- HSN;;1,00;2,56;;0;;
;;;;;;;;;;;

TODAS;;
Codigo;Articulo;;Referencia;Proveedor;;Uds.;Precio;;Dto%;;Importe
;;;;;;;;;;;
2436;summac;;10- ECOPLAZA;;1,00;0,00;;0;;
2436;summac;;15- orgacicasuperfoods;;1,00;0,00;;0;;
;;;;;;;;;;;
2682;SUN CREAM MIXS;;10018- STORE.K;;6,00;10,33;;0;;
2682;SUN CREAM MIXS;;7- BIOCOP;;1,00;10,33;;0;;
;;;;;;;;;;;
2683;SUN CREAM SHIELD FIT;;10018- STORE.K;;3,00;11,57;;0;;
;;;;;;;;;;;
3234;super desayuno;;3- FELIUBADALO;;1,00;5,67;;0;;
;;;;;;;;;;;

DEPORTE;;
Codigo;Articulo;;Referencia;Proveedor;;Uds.;Precio;;Dto%;;Importe
;;;;;;;;;;;
1332;SUPER DESYUNO CACAO;;3- FELIUBADALO;;3,00;4,75;;0;;
;;;;;;;;;;;

TODAS;;
Codigo;Articulo;;Referencia;Proveedor;;Uds.;Precio;;Dto%;;Importe
;;;;;;;;;;;
2673;super enzymes;;10013- POWERBODY;;1,00;11,80;;0;;
;;;;;;;;;;;
2198;SUPER KRILL OIL;;10013- POWERBODY;;1,00;12,32;;0;;
;;;;;;;;;;;

ARTICULOS - PROVEEDOR;;;;;Pagina 152 ;;;Fecha : 03/02/2026;;;
DEPORTE;;
Codigo;Articulo;;Referencia;Proveedor;;Uds.;Precio;;Dto%;;Importe
;;;;;;;;;;;
1331;super vegan protein red b;;3- FELIUBADALO;;7,00;14,75;;20;;
;;;;;;;;;;;

ALIMENTACION-DESAYUNO;;
Codigo;Articulo;;Referencia;Proveedor;;Uds.;Precio;;Dto%;;Importe
;;;;;;;;;;;
823;SUPERDESAYUNO DEPLATANO;;25- NUTRICIONSANTE;;6,00;4,75;;20;;
823;SUPERDESAYUNO DEPLATANO;;3- FELIUBADALO;;1,00;4,99;;0;;
;;;;;;;;;;;
824;SUPERDESAYUNO MACA;;25- NUTRICIONSANTE;;6,00;4,75;;20;;
824;SUPERDESAYUNO MACA;;3- FELIUBADALO;;1,00;4,99;;0;;
;;;;;;;;;;;

TODAS;;
Codigo;Articulo;;Referencia;Proveedor;;Uds.;Precio;;Dto%;;Importe
;;;;;;;;;;;
3450;supergirl;;10013- POWERBODY;;2,00;6,95;;0;;
;;;;;;;;;;;
3242;supernova;;10017- BIOTECH;;7,00;13,50;;0;;
;;;;;;;;;;;
3243;SUPERNOVA;;10017- BIOTECH;;7,00;13,50;;0;;
;;;;;;;;;;;

ALIMENTACION-DESAYUNO;;
Codigo;Articulo;;Referencia;Proveedor;;Uds.;Precio;;Dto%;;Importe
;;;;;;;;;;;
827;SUPERVEGAN BANANA;;25- NUTRICIONSANTE;;6,00;14,05;;20;;
827;SUPERVEGAN BANANA;;3- FELIUBADALO;;3,00;14,75;;0;;
;;;;;;;;;;;
825;SUPERVEGAN CHOCO;;25- NUTRICIONSANTE;;6,00;14,05;;20;;
825;SUPERVEGAN CHOCO;;31- EBRO Diet;;1,00;14,75;;0;;
;;;;;;;;;;;

TODAS;;
Codigo;Articulo;;Referencia;Proveedor;;Uds.;Precio;;Dto%;;Importe
;;;;;;;;;;;
3095;sushi;;10- ECOPLAZA;;1,00;4,56;;0;;
;;;;;;;;;;;
1558;SWEET DREAM;;20- BIG UNIVERSAL;;2,00;27,90;;0;;
;;;;;;;;;;;
1587;SYNER POLLEN;;10012- APROLIS;;9,00;11,10;;0;;
;;;;;;;;;;;
3005;synergy;;10012- APROLIS;;1,00;14,33;;0;;
;;;;;;;;;;;
1859;SYRUP ARANDANOS;;10004- HSN;;2,00;2,62;;0;;
;;;;;;;;;;;
2211;SYRUP ARCE;;3- FELIUBADALO;;4,00;7,06;;0;;
;;;;;;;;;;;
1858;syrup avellana;;10004- HSN;;3,00;2,62;;0;;
;;;;;;;;;;;
1855;SYRUP CARAMEL;;10004- HSN;;2,00;2,62;;0;;
;;;;;;;;;;;
1854;syrup choco;;10004- HSN;;3,00;2,62;;0;;
;;;;;;;;;;;

DEPORTE;;
Codigo;Articulo;;Referencia;Proveedor;;Uds.;Precio;;Dto%;;Importe
;;;;;;;;;;;
578;SYRUP CHOCOLATE;;20- BIG UNIVERSAL;;8,00;2,90;;0;;
;;;;;;;;;;;

ALIMENTACION-PANAES;;
Codigo;Articulo;;Referencia;Proveedor;;Uds.;Precio;;Dto%;;Importe
;;;;;;;;;;;
234;T ARR C SAL 130G;;2- LA FINESTRASUL CIELO;;12,00;0,00;;0;;
;;;;;;;;;;;
236;T ARR QUINOA 130G;;2- LA FINESTRASUL CIELO;;14,00;0,00;;0;;
;;;;;;;;;;;
233;T ARR SESAMO F 130G;;2- LA FINESTRASUL CIELO;;12,00;0,00;;0;;
;;;;;;;;;;;
232;T ARROZ S SAL F 130G;;2- LA FINESTRASUL CIELO;;12,00;0,00;;0;;
;;;;;;;;;;;
235;T MAIZ 130G;;2- LA FINESTRASUL CIELO;;12,00;0,00;;0;;
;;;;;;;;;;;

ARTICULOS - PROVEEDOR;;;;;Pagina 153 ;;;Fecha : 03/02/2026;;;
NUTRICION;;
Codigo;Articulo;;Referencia;Proveedor;;Uds.;Precio;;Dto%;;Importe
;;;;;;;;;;;
1573;T-JARABE;;10012- APROLIS;;9,00;11,44;;0;;
;;;;;;;;;;;

TODAS;;
Codigo;Articulo;;Referencia;Proveedor;;Uds.;Precio;;Dto%;;Importe
;;;;;;;;;;;
3279;tagliatelle;;10- ECOPLAZA;;1,00;2,08;;0;;
;;;;;;;;;;;
2086;tahini 250g;;23- BIOCOMERCIO;;13,00;2,89;;0;;
;;;;;;;;;;;

ALIMENTACION-SALSAS;;
Codigo;Articulo;;Referencia;Proveedor;;Uds.;Precio;;Dto%;;Importe
;;;;;;;;;;;
325;tahini 250g ecob;;5- ECOBASICS;;48,00;2,36;;0;;
;;;;;;;;;;;

ALIMENTACION;;
Codigo;Articulo;;Referencia;Proveedor;;Uds.;Precio;;Dto%;;Importe
;;;;;;;;;;;
1035;tahini 500g;;7- BIOCOP;;37,00;4,50;;0;;
;;;;;;;;;;;

DEPORTE;;
Codigo;Articulo;;Referencia;Proveedor;;Uds.;Precio;;Dto%;;Importe
;;;;;;;;;;;
1326;tallarines espinacas;;3- FELIUBADALO;;9,00;1,84;;5;;
;;;;;;;;;;;

ALIMENTACION-PASTA;;
Codigo;Articulo;;Referencia;Proveedor;;Uds.;Precio;;Dto%;;Importe
;;;;;;;;;;;
245;TALLARINES F;;2- LA FINESTRASUL CIELO;;12,00;1,11;;0;;
;;;;;;;;;;;
197;TALLARINES MORINGA;;4- BIONSAN;;2,00;1,27;;0;;
;;;;;;;;;;;
92;tallarines/ esp kojac;;3- FELIUBADALO;;9,00;1,84;;5;;
;;;;;;;;;;;

TODAS;;
Codigo;Articulo;;Referencia;Proveedor;;Uds.;Precio;;Dto%;;Importe
;;;;;;;;;;;
3421;tamari;;10- ECOPLAZA;;1,00;2,63;;0;;
;;;;;;;;;;;
2666;TAMARI;;4- BIONSAN;;4,00;3,09;;0;;
;;;;;;;;;;;
2868;TANDORI;;10- ECOPLAZA;;1,00;1,75;;0;;
;;;;;;;;;;;

ALIMENTACION;;
Codigo;Articulo;;Referencia;Proveedor;;Uds.;Precio;;Dto%;;Importe
;;;;;;;;;;;
1412;tapioca 500g;;10011- bioprasad;;4,00;2,68;;0;;
;;;;;;;;;;;

TODAS;;
Codigo;Articulo;;Referencia;Proveedor;;Uds.;Precio;;Dto%;;Importe
;;;;;;;;;;;
2487;TARTALETA F R;;2- LA FINESTRASUL CIELO;;8,00;2,99;;0;;
;;;;;;;;;;;
2491;tartaletya cacao;;2- LA FINESTRASUL CIELO;;8,00;2,91;;0;;
;;;;;;;;;;;

DEPORTE;;
Codigo;Articulo;;Referencia;Proveedor;;Uds.;Precio;;Dto%;;Importe
;;;;;;;;;;;
818;tasty rice;;24- INDEX GROUP;;2,00;4,90;;0;;
;;;;;;;;;;;
819;TASTY RICE;;24- INDEX GROUP;;2,00;4,90;;0;;
;;;;;;;;;;;

TODAS;;
Codigo;Articulo;;Referencia;Proveedor;;Uds.;Precio;;Dto%;;Importe
ARTICULOS - PROVEEDOR;;;;;Pagina 154 ;;;Fecha : 03/02/2026;;;
;;;;;;;;;;;
3172;TAURINA;;10013- POWERBODY;;1,00;7,25;;0;;
;;;;;;;;;;;
2474;taza thermo xxl;;10009- faire;;1,00;15,80;;0;;
;;;;;;;;;;;
1656;te;;16- ORGANIC INDIA;;15,00;3,81;;10;;
;;;;;;;;;;;
3457;TE;;10004- HSN;;1,00;7,12;;0;;
;;;;;;;;;;;
2900;TE BLANCO;;10- ECOPLAZA;;1,00;2,05;;0;;
;;;;;;;;;;;

ALIMENTACION-TES;;
Codigo;Articulo;;Referencia;Proveedor;;Uds.;Precio;;Dto%;;Importe
;;;;;;;;;;;
477;te detox;;10- ECOPLAZA;;10,00;1,85;;5;;
;;;;;;;;;;;

TODAS;;
Codigo;Articulo;;Referencia;Proveedor;;Uds.;Precio;;Dto%;;Importe
;;;;;;;;;;;
1953;TE EARL;;3- FELIUBADALO;;18,00;3,53;;0;;
;;;;;;;;;;;

ALIMENTACION-BEBIDAS;;
Codigo;Articulo;;Referencia;Proveedor;;Uds.;Precio;;Dto%;;Importe
;;;;;;;;;;;
256;TE KUKICHA 0,5CL;;2- LA FINESTRASUL CIELO;;8,00;1,80;;10;;
;;;;;;;;;;;

GRANEL;;
Codigo;Articulo;;Referencia;Proveedor;;Uds.;Precio;;Dto%;;Importe
;;;;;;;;;;;
241;te kukicha bio;;2- LA FINESTRASUL CIELO;;1,00;0,00;;0;;
;;;;;;;;;;;

ALIMENTACION-TES;;
Codigo;Articulo;;Referencia;Proveedor;;Uds.;Precio;;Dto%;;Importe
;;;;;;;;;;;
482;TE MENSTR;;10- ECOPLAZA;;8,00;1,95;;5;;
;;;;;;;;;;;

TODAS;;
Codigo;Articulo;;Referencia;Proveedor;;Uds.;Precio;;Dto%;;Importe
;;;;;;;;;;;
2424;te negro;;3- FELIUBADALO;;2,00;3,25;;0;;
;;;;;;;;;;;
2336;te sencha;;5- ECOBASICS;;10,00;2,36;;0;;
;;;;;;;;;;;
1888;TE SENCHA;;7- BIOCOP;;6,00;4,25;;0;;
;;;;;;;;;;;
3407;TE SURTIDO;;3- FELIUBADALO;;2,00;8,45;;0;;
;;;;;;;;;;;
3402;TE VERDE;;7- BIOCOP;;6,00;1,96;;0;;
;;;;;;;;;;;

ALIMENTACION-TES;;
Codigo;Articulo;;Referencia;Proveedor;;Uds.;Precio;;Dto%;;Importe
;;;;;;;;;;;
472;TE VERDE F SILVESTRE;;10- ECOPLAZA;;6,00;1,75;;5;;
;;;;;;;;;;;

NUTRICION;;
Codigo;Articulo;;Referencia;Proveedor;;Uds.;Precio;;Dto%;;Importe
;;;;;;;;;;;
1674;TEMOR FLOWERS OF LIFE;;3- FELIUBADALO;;6,00;11,47;;0;;
;;;;;;;;;;;

REFRIGERADOS;;
Codigo;Articulo;;Referencia;Proveedor;;Uds.;Precio;;Dto%;;Importe
;;;;;;;;;;;
978;TEMPEH;;2- LA FINESTRASUL CIELO;;10,00;3,63;;10;;
;;;;;;;;;;;

ALIMENTACION-CONSERVAS;;
Codigo;Articulo;;Referencia;Proveedor;;Uds.;Precio;;Dto%;;Importe
;;;;;;;;;;;

ARTICULOS - PROVEEDOR;;;;;Pagina 155 ;;;Fecha : 03/02/2026;;;
778;tentaculos;;3- FELIUBADALO;;6,00;2,48;;0;;
;;;;;;;;;;;

TODAS;;
Codigo;Articulo;;Referencia;Proveedor;;Uds.;Precio;;Dto%;;Importe
;;;;;;;;;;;
1848;TESTO XXL;;20- BIG UNIVERSAL;;2,00;16,70;;0;;
;;;;;;;;;;;
2464;TETERA JAPAN;;10009- faire;;1,00;13,90;;0;;
;;;;;;;;;;;
2463;tetera milan;;10009- faire;;1,00;13,95;;0;;
;;;;;;;;;;;
2466;TETERA PONDICHERY;;10009- faire;;1,00;13,95;;0;;
;;;;;;;;;;;
2462;TETERA ROJA;;10009- faire;;1,00;11,10;;0;;
;;;;;;;;;;;
2465;tetera vintage;;10009- faire;;1,00;13,90;;0;;
;;;;;;;;;;;
3372;THE BLANC;;10009- faire;;4,00;6,70;;0;;
;;;;;;;;;;;
3371;the noel;;10009- faire;;4,00;11,50;;0;;
;;;;;;;;;;;
2573;THERMO;;10009- faire;;2,00;13,90;;0;;
;;;;;;;;;;;
2467;thermo 260ml;;10009- faire;;3,00;6,93;;0;;
;;;;;;;;;;;
2469;THERMO CASHM N 500ml;;10009- faire;;2,00;9,73;;0;;
;;;;;;;;;;;
2476;THERMO LILA;;10009- faire;;1,00;13,90;;0;;
;;;;;;;;;;;
2473;THERMO LOVE;;10009- faire;;3,00;9,73;;0;;
;;;;;;;;;;;
2470;THERMO PRIM PINK 500ML;;10009- faire;;6,00;7,00;;0;;
;;;;;;;;;;;
2475;THERMO ROJO;;10009- faire;;1,00;13,90;;0;;
;;;;;;;;;;;
2575;THERMO TE;;10009- faire;;2,00;12,45;;0;;
;;;;;;;;;;;
1560;THYRO BOOSTER;;20- BIG UNIVERSAL;;2,00;21,40;;0;;
;;;;;;;;;;;
3261;tinte;;3- FELIUBADALO;;2,00;6,43;;0;;
;;;;;;;;;;;
3264;TINTE;;3- FELIUBADALO;;2,00;6,43;;0;;
;;;;;;;;;;;
3504;TIRAS DE DIENTES;;21-NATURAKOSMETIC;;1,00;12,42;;0;;
;;;;;;;;;;;
3367;tisana;;10009- faire;;4,00;3,90;;0;;
;;;;;;;;;;;

DEPORTE;;
Codigo;Articulo;;Referencia;Proveedor;;Uds.;Precio;;Dto%;;Importe
;;;;;;;;;;;
1386;TITAN FRESA;;29- LIFE PRO;;5,00;17,90;;0;;
;;;;;;;;;;;
1014;TITAN VAINILLA;;29- LIFE PRO;;4,00;17,90;;0;;
;;;;;;;;;;;

TODAS;;
Codigo;Articulo;;Referencia;Proveedor;;Uds.;Precio;;Dto%;;Importe
;;;;;;;;;;;
2893;TOALLITAS INTIMAS;;7- BIOCOP;;1,00;2,18;;0;;
;;;;;;;;;;;
2637;tocobo crema spf50+;;10018- STORE.K;;1,00;7,85;;0;;
;;;;;;;;;;;
2636;TOCOBO STICK SPF50+;;10018- STORE.K;;1,00;8,39;;0;;
;;;;;;;;;;;

REFRIGERADOS;;
Codigo;Articulo;;Referencia;Proveedor;;Uds.;Precio;;Dto%;;Importe
;;;;;;;;;;;
527;TOFU;;2- LA FINESTRASUL CIELO;;74,00;1,75;;0;;
;;;;;;;;;;;

TODAS;;
Codigo;Articulo;;Referencia;Proveedor;;Uds.;Precio;;Dto%;;Importe
;;;;;;;;;;;
2628;tofu ahimsa;;10- ECOPLAZA;;2,00;3,09;;0;;
;;;;;;;;;;;

ALIMENTACION;;
Codigo;Articulo;;Referencia;Proveedor;;Uds.;Precio;;Dto%;;Importe
;;;;;;;;;;;

ARTICULOS - PROVEEDOR;;;;;Pagina 156 ;;;Fecha : 03/02/2026;;;
1096;tomate concetrado 125g;;1- CAL VALLS;;7,00;1,27;;0;;
;;;;;;;;;;;

ALIMENTACION-CONSERVAS;;
Codigo;Articulo;;Referencia;Proveedor;;Uds.;Precio;;Dto%;;Importe
;;;;;;;;;;;
440;TOMATE F S/AZ;;1- CAL VALLS;;6,00;1,49;;0;;
;;;;;;;;;;;
439;tomate frito;;1- CAL VALLS;;12,00;1,49;;0;;
;;;;;;;;;;;

ALIMENTACION;;
Codigo;Articulo;;Referencia;Proveedor;;Uds.;Precio;;Dto%;;Importe
;;;;;;;;;;;
1022;TOMATE FRITO;;7- BIOCOP;;12,00;1,69;;25;;
;;;;;;;;;;;

TODAS;;
Codigo;Articulo;;Referencia;Proveedor;;Uds.;Precio;;Dto%;;Importe
;;;;;;;;;;;
3002;tomate frito s/az;;1- CAL VALLS;;1,00;1,59;;0;;
;;;;;;;;;;;

ALIMENTACION;;
Codigo;Articulo;;Referencia;Proveedor;;Uds.;Precio;;Dto%;;Importe
;;;;;;;;;;;
1453;TOMATE PELADO;;3- FELIUBADALO;;3,00;1,74;;0;;
;;;;;;;;;;;
1315;TOMATE SECO;;7- BIOCOP;;15,00;2,49;;0;;
;;;;;;;;;;;

ALIMENTACION-SALSAS;;
Codigo;Articulo;;Referencia;Proveedor;;Uds.;Precio;;Dto%;;Importe
;;;;;;;;;;;
431;TOMATE TR 670;;1- CAL VALLS;;12,00;1,90;;0;;
;;;;;;;;;;;

ALIMENTACION-CONSERVAS;;
Codigo;Articulo;;Referencia;Proveedor;;Uds.;Precio;;Dto%;;Importe
;;;;;;;;;;;
106;TOMATE TRITUDO 350G;;3- FELIUBADALO;;12,00;1,24;;0;;
;;;;;;;;;;;

ALIMENTACION;;
Codigo;Articulo;;Referencia;Proveedor;;Uds.;Precio;;Dto%;;Importe
;;;;;;;;;;;
1454;tomate triturado;;3- FELIUBADALO;;3,00;1,85;;0;;
;;;;;;;;;;;

TODAS;;
Codigo;Articulo;;Referencia;Proveedor;;Uds.;Precio;;Dto%;;Importe
;;;;;;;;;;;
3511;TOMILLO INF;;7- BIOCOP;;1,00;1,51;;0;;
;;;;;;;;;;;

COSMETICA;;
Codigo;Articulo;;Referencia;Proveedor;;Uds.;Precio;;Dto%;;Importe
;;;;;;;;;;;
654;tonico  facil;;21-NATURAKOSMETIC;;2,00;6,30;;25;;
;;;;;;;;;;;

TODAS;;
Codigo;Articulo;;Referencia;Proveedor;;Uds.;Precio;;Dto%;;Importe
;;;;;;;;;;;
1983;TONICO FACIAL;;21-NATURAKOSMETIC;;1,00;7,10;;10;;
;;;;;;;;;;;

ALIMENTACION-PANAES;;
Codigo;Articulo;;Referencia;Proveedor;;Uds.;Precio;;Dto%;;Importe
;;;;;;;;;;;
112;TORT ARROZ ALGAROBA;;3- FELIUBADALO;;12,00;1,78;;10;;
;;;;;;;;;;;
113;TORT ARROZ MAIS LINO;;3- FELIUBADALO;;12,00;2,03;;15;;
113;TORT ARROZ MAIS LINO;;7- BIOCOP;;12,00;1,43;;0;;
;;;;;;;;;;;

ARTICULOS - PROVEEDOR;;;;;Pagina 157 ;;;Fecha : 03/02/2026;;;
110;TORT ARROZ MULTIC 200G;;3- FELIUBADALO;;12,00;2,03;;15;;
110;TORT ARROZ MULTIC 200G;;7- BIOCOP;;12,00;1,90;;25;;
;;;;;;;;;;;
109;TORT ARROZ SES 200G;;3- FELIUBADALO;;12,00;2,03;;15;;
109;TORT ARROZ SES 200G;;7- BIOCOP;;12,00;1,43;;0;;
;;;;;;;;;;;
105;TORT ARROZ YOGUR;;3- FELIUBADALO;;12,00;1,29;;0;;
;;;;;;;;;;;

TODAS;;
Codigo;Articulo;;Referencia;Proveedor;;Uds.;Precio;;Dto%;;Importe
;;;;;;;;;;;
3190;TORT CHOC;;10- ECOPLAZA;;3,00;1,93;;0;;
;;;;;;;;;;;

ALIMENTACION-PANAES;;
Codigo;Articulo;;Referencia;Proveedor;;Uds.;Precio;;Dto%;;Importe
;;;;;;;;;;;
104;TORT CHOC COCO;;10- ECOPLAZA;;3,00;1,93;;0;;
104;TORT CHOC COCO;;10013- POWERBODY;;1,00;1,27;;0;;
104;TORT CHOC COCO;;3- FELIUBADALO;;12,00;1,41;;10;;
;;;;;;;;;;;
102;TORT CHOCO DARK COCO;;3- FELIUBADALO;;12,00;1,41;;10;;
;;;;;;;;;;;
101;TORT CHOCO FONDANT;;3- FELIUBADALO;;12,00;1,41;;10;;
;;;;;;;;;;;
100;TORT YG ARND;;10- ECOPLAZA;;4,00;1,93;;0;;
100;TORT YG ARND;;3- FELIUBADALO;;13,00;2,03;;10;;
100;TORT YG ARND;;31- EBRO Diet;;6,00;2,03;;0;;
;;;;;;;;;;;
103;TORT YG FRESA;;10- ECOPLAZA;;3,00;1,93;;0;;
103;TORT YG FRESA;;3- FELIUBADALO;;13,00;2,03;;10;;
;;;;;;;;;;;

DEPORTE;;
Codigo;Articulo;;Referencia;Proveedor;;Uds.;Precio;;Dto%;;Importe
;;;;;;;;;;;
1337;TORTILLAS PROTEIN;;29- LIFE PRO;;6,00;3,75;;0;;
;;;;;;;;;;;

ALIMENTACION;;
Codigo;Articulo;;Referencia;Proveedor;;Uds.;Precio;;Dto%;;Importe
;;;;;;;;;;;
960;tortita de yogur y naranja;;10- ECOPLAZA;;15,00;1,49;;0;;
;;;;;;;;;;;

TODAS;;
Codigo;Articulo;;Referencia;Proveedor;;Uds.;Precio;;Dto%;;Importe
;;;;;;;;;;;
2320;TORTITAS CLASICAS;;7- BIOCOP;;12,00;1,90;;30;;
;;;;;;;;;;;

ALIMENTACION-PANAES;;
Codigo;Articulo;;Referencia;Proveedor;;Uds.;Precio;;Dto%;;Importe
;;;;;;;;;;;
900;TORTITAS DE ARROZ CONALGAS;;10001- ALGAMAR;;12,00;1,82;;0;;
;;;;;;;;;;;

TODAS;;
Codigo;Articulo;;Referencia;Proveedor;;Uds.;Precio;;Dto%;;Importe
;;;;;;;;;;;
1761;TORTITAS DE ARROZ SIN SAL;;7- BIOCOP;;24,00;1,90;;25;;
;;;;;;;;;;;

ALIMENTACION-PANAES;;
Codigo;Articulo;;Referencia;Proveedor;;Uds.;Precio;;Dto%;;Importe
;;;;;;;;;;;
906;TORTITAS DE ESPELTA CONALGAS;;10001- ALGAMAR;;12,00;1,82;;0;;
;;;;;;;;;;;

TODAS;;
Codigo;Articulo;;Referencia;Proveedor;;Uds.;Precio;;Dto%;;Importe
;;;;;;;;;;;

ARTICULOS - PROVEEDOR;;;;;Pagina 158 ;;;Fecha : 03/02/2026;;;
2333;TORTITAS DE MAIZ;;10- ECOPLAZA;;16,00;0,99;;0;;
;;;;;;;;;;;

ALIMENTACION;;
Codigo;Articulo;;Referencia;Proveedor;;Uds.;Precio;;Dto%;;Importe
;;;;;;;;;;;
1019;TORTITAS DE MAIZ;;7- BIOCOP;;24,00;1,01;;0;;
;;;;;;;;;;;

TODAS;;
Codigo;Articulo;;Referencia;Proveedor;;Uds.;Precio;;Dto%;;Importe
;;;;;;;;;;;
2260;TORTITAS DE SARRACENO;;10- ECOPLAZA;;16,00;1,81;;0;;
;;;;;;;;;;;

ALIMENTACION-PANAES;;
Codigo;Articulo;;Referencia;Proveedor;;Uds.;Precio;;Dto%;;Importe
;;;;;;;;;;;
111;tortitas mais algarroba;;3- FELIUBADALO;;12,00;1,78;;10;;
;;;;;;;;;;;
231;TORTITAS MAIZ 120g F;;2- LA FINESTRASUL CIELO;;11,00;0,00;;0;;
;;;;;;;;;;;

TODAS;;
Codigo;Articulo;;Referencia;Proveedor;;Uds.;Precio;;Dto%;;Importe
;;;;;;;;;;;
2804;tortitas sarraceno biocop;;7- BIOCOP;;25,00;1,31;;0;;
;;;;;;;;;;;

ALIMENTACION;;
Codigo;Articulo;;Referencia;Proveedor;;Uds.;Precio;;Dto%;;Importe
;;;;;;;;;;;
1517;TOSTADA MULTICEREALES;;10- ECOPLAZA;;4,00;2,08;;0;;
;;;;;;;;;;;

TODAS;;
Codigo;Articulo;;Referencia;Proveedor;;Uds.;Precio;;Dto%;;Importe
;;;;;;;;;;;
1766;tostadas castaña;;7- BIOCOP;;8,00;4,08;;10;;
;;;;;;;;;;;
1889;tostadas s/g castañas;;7- BIOCOP;;27,00;3,40;;0;;
;;;;;;;;;;;
2206;total blocker;;10016- VITOBEST;;4,00;14,13;;0;;
;;;;;;;;;;;
1567;total clean;;20- BIG UNIVERSAL;;3,00;15,50;;0;;
;;;;;;;;;;;

NUTRICION;;
Codigo;Articulo;;Referencia;Proveedor;;Uds.;Precio;;Dto%;;Importe
;;;;;;;;;;;
997;TRIBULUS LIFEPRO;;29- LIFE PRO;;7,00;9,60;;5;;
;;;;;;;;;;;

ALIMENTACION-GRANOS;;
Codigo;Articulo;;Referencia;Proveedor;;Uds.;Precio;;Dto%;;Importe
;;;;;;;;;;;
267;TRIGO SARRACENO 500G;;5- ECOBASICS;;30,00;1,62;;0;;
;;;;;;;;;;;

NUTRICION;;
Codigo;Articulo;;Referencia;Proveedor;;Uds.;Precio;;Dto%;;Importe
;;;;;;;;;;;
384;TRIPHALA;;11- organicasuperfoods;;1,00;5,73;;0;;
384;TRIPHALA;;15- orgacicasuperfoods;;10,00;5,45;;0;;
;;;;;;;;;;;
1507;TRIPLE ALGA;;10012- APROLIS;;4,00;13,28;;0;;
;;;;;;;;;;;

TODAS;;
Codigo;Articulo;;Referencia;Proveedor;;Uds.;Precio;;Dto%;;Importe
;;;;;;;;;;;
3012;TRIPLE MAGNESIO;;10022- webotanix;;19,00;9,58;;0;;
;;;;;;;;;;;

ARTICULOS - PROVEEDOR;;;;;Pagina 159 ;;;Fecha : 03/02/2026;;;
NUTRICION;;
Codigo;Articulo;;Referencia;Proveedor;;Uds.;Precio;;Dto%;;Importe
;;;;;;;;;;;
1221;TRIPTOFANO PURO;;19- ALDOUS;;3,00;16,70;;5;;
;;;;;;;;;;;

TODAS;;
Codigo;Articulo;;Referencia;Proveedor;;Uds.;Precio;;Dto%;;Importe
;;;;;;;;;;;
2016;tudca+nac;;10013- POWERBODY;;1,00;26,44;;0;;
;;;;;;;;;;;

NUTRICION;;
Codigo;Articulo;;Referencia;Proveedor;;Uds.;Precio;;Dto%;;Importe
;;;;;;;;;;;
1510;TULSI;;11- organicasuperfoods;;3,00;3,82;;0;;
1510;TULSI;;15- orgacicasuperfoods;;1,00;3,63;;0;;
;;;;;;;;;;;

ALIMENTACION-TES;;
Codigo;Articulo;;Referencia;Proveedor;;Uds.;Precio;;Dto%;;Importe
;;;;;;;;;;;
407;TULSI CALM;;16- ORGANIC INDIA;;5,00;3,81;;0;;
;;;;;;;;;;;

GRANEL;;
Codigo;Articulo;;Referencia;Proveedor;;Uds.;Precio;;Dto%;;Importe
;;;;;;;;;;;
401;TULSI CLEANSE;;16- ORGANIC INDIA;;5,00;3,81;;0;;
;;;;;;;;;;;

ALIMENTACION-TES;;
Codigo;Articulo;;Referencia;Proveedor;;Uds.;Precio;;Dto%;;Importe
;;;;;;;;;;;
404;TULSI ENERGY;;16- ORGANIC INDIA;;5,00;3,81;;0;;
;;;;;;;;;;;
402;TULSI FOCUS;;16- ORGANIC INDIA;;5,00;3,81;;0;;
;;;;;;;;;;;

ALIMENTACION;;
Codigo;Articulo;;Referencia;Proveedor;;Uds.;Precio;;Dto%;;Importe
;;;;;;;;;;;
1554;tulsi frb melc;;16- ORGANIC INDIA;;10,00;3,81;;0;;
;;;;;;;;;;;
1553;TULSI JASMIN;;16- ORGANIC INDIA;;10,00;3,81;;0;;
;;;;;;;;;;;

ALIMENTACION-TES;;
Codigo;Articulo;;Referencia;Proveedor;;Uds.;Precio;;Dto%;;Importe
;;;;;;;;;;;
406;TULSI LAX;;16- ORGANIC INDIA;;5,00;3,81;;0;;
;;;;;;;;;;;
403;TULSI LEMON GINGER;;16- ORGANIC INDIA;;5,00;3,81;;0;;
;;;;;;;;;;;

ALIMENTACION;;
Codigo;Articulo;;Referencia;Proveedor;;Uds.;Precio;;Dto%;;Importe
;;;;;;;;;;;
1555;TULSI ROSE;;16- ORGANIC INDIA;;10,00;3,81;;0;;
;;;;;;;;;;;

ALIMENTACION-TES;;
Codigo;Articulo;;Referencia;Proveedor;;Uds.;Precio;;Dto%;;Importe
;;;;;;;;;;;
408;TULSI SLEEP;;16- ORGANIC INDIA;;5,00;3,81;;0;;
;;;;;;;;;;;

TODAS;;
Codigo;Articulo;;Referencia;Proveedor;;Uds.;Precio;;Dto%;;Importe
;;;;;;;;;;;
1784;TULSI TUMMY;;16- ORGANIC INDIA;;5,00;3,81;;10;;
;;;;;;;;;;;

ARTICULOS - PROVEEDOR;;;;;Pagina 160 ;;;Fecha : 03/02/2026;;;
ALIMENTACION-TES;;
Codigo;Articulo;;Referencia;Proveedor;;Uds.;Precio;;Dto%;;Importe
;;;;;;;;;;;
405;TULSI WELNESS;;16- ORGANIC INDIA;;5,00;3,81;;0;;
;;;;;;;;;;;

DEPORTE;;
Codigo;Articulo;;Referencia;Proveedor;;Uds.;Precio;;Dto%;;Importe
;;;;;;;;;;;
1252;TURBO;;20- BIG UNIVERSAL;;4,00;14,20;;0;;
;;;;;;;;;;;

TODAS;;
Codigo;Articulo;;Referencia;Proveedor;;Uds.;Precio;;Dto%;;Importe
;;;;;;;;;;;
2576;turmeric organic india;;16- ORGANIC INDIA;;4,00;15,90;;0;;
;;;;;;;;;;;
2084;TURON DE ALICANTE;;23- BIOCOMERCIO;;12,00;3,35;;0;;
;;;;;;;;;;;
3303;turron;;3- FELIUBADALO;;1,00;4,33;;0;;
;;;;;;;;;;;
3302;TURRON;;3- FELIUBADALO;;1,00;5,99;;0;;
;;;;;;;;;;;
2085;TURRON JIJONA;;23- BIOCOMERCIO;;12,00;3,35;;0;;
;;;;;;;;;;;

NUTRICION;;
Codigo;Articulo;;Referencia;Proveedor;;Uds.;Precio;;Dto%;;Importe
;;;;;;;;;;;
1591;TUSI-PROPOL;;10012- APROLIS;;6,00;9,31;;0;;
;;;;;;;;;;;

TODAS;;
Codigo;Articulo;;Referencia;Proveedor;;Uds.;Precio;;Dto%;;Importe
;;;;;;;;;;;
2824;ubiquinol 100mg NOW;;10013- POWERBODY;;1,00;25,55;;0;;
;;;;;;;;;;;
2784;UC-II;;36- paimes;;1,00;10,30;;0;;
;;;;;;;;;;;

DEPORTE;;
Codigo;Articulo;;Referencia;Proveedor;;Uds.;Precio;;Dto%;;Importe
;;;;;;;;;;;
1339;ULTIMATE GREEN;;29- LIFE PRO;;3,00;15,90;;0;;
;;;;;;;;;;;

TODAS;;
Codigo;Articulo;;Referencia;Proveedor;;Uds.;Precio;;Dto%;;Importe
;;;;;;;;;;;
1194;ultra-b complex;;10004- HSN;;2,00;2,79;;0;;
;;;;;;;;;;;

ALIMENTACION-ORIENTAL;;
Codigo;Articulo;;Referencia;Proveedor;;Uds.;Precio;;Dto%;;Importe
;;;;;;;;;;;
726;ume;;10- ECOPLAZA;;2,00;6,57;;0;;
;;;;;;;;;;;
725;UME BIO;;10- ECOPLAZA;;2,00;8,74;;0;;
;;;;;;;;;;;

TODAS;;
Codigo;Articulo;;Referencia;Proveedor;;Uds.;Precio;;Dto%;;Importe
;;;;;;;;;;;
2842;UMIBOSHI;;2- LA FINESTRASUL CIELO;;1,00;9,16;;0;;
;;;;;;;;;;;
1874;URIPRINOL;;10003- nutrinat;;3,00;24,20;;0;;
;;;;;;;;;;;
3098;UVA URSI SWANSON;;10013- POWERBODY;;1,00;8,95;;0;;
;;;;;;;;;;;

ALIMENTACION-SALSAS;;
Codigo;Articulo;;Referencia;Proveedor;;Uds.;Precio;;Dto%;;Importe
;;;;;;;;;;;
427;V BALSAMICO MANZ;;1- CAL VALLS;;6,00;2,29;;0;;
;;;;;;;;;;;

ARTICULOS - PROVEEDOR;;;;;Pagina 161 ;;;Fecha : 03/02/2026;;;
TODAS;;
Codigo;Articulo;;Referencia;Proveedor;;Uds.;Precio;;Dto%;;Importe
;;;;;;;;;;;
2390;V PROTEINA vainilla;;10013- POWERBODY;;1,00;7,32;;0;;
;;;;;;;;;;;
2397;v protien pistacho;;10013- POWERBODY;;1,00;7,32;;0;;
;;;;;;;;;;;

DEPORTE;;
Codigo;Articulo;;Referencia;Proveedor;;Uds.;Precio;;Dto%;;Importe
;;;;;;;;;;;
805;VAENA CHOKO MONKEY;;24- INDEX GROUP;;4,00;2,75;;0;;
;;;;;;;;;;;

TODAS;;
Codigo;Articulo;;Referencia;Proveedor;;Uds.;Precio;;Dto%;;Importe
;;;;;;;;;;;
2492;vainilla;;2- LA FINESTRASUL CIELO;;2,00;7,22;;0;;
;;;;;;;;;;;
3270;valeriana;;10023- TONGIL;;3,00;10,24;;0;;
;;;;;;;;;;;

NUTRICION;;
Codigo;Articulo;;Referencia;Proveedor;;Uds.;Precio;;Dto%;;Importe
;;;;;;;;;;;
1491;VARILESS;;10008- BIODISPHARMA;;1,00;9,95;;0;;
;;;;;;;;;;;

TODAS;;
Codigo;Articulo;;Referencia;Proveedor;;Uds.;Precio;;Dto%;;Importe
;;;;;;;;;;;
2923;VARIVITA;;36- paimes;;1,00;5,00;;0;;
;;;;;;;;;;;

DEPORTE;;
Codigo;Articulo;;Referencia;Proveedor;;Uds.;Precio;;Dto%;;Importe
;;;;;;;;;;;
1246;vegan amino +;;20- BIG UNIVERSAL;;0,00;18,02;;0;;
;;;;;;;;;;;

TODAS;;
Codigo;Articulo;;Referencia;Proveedor;;Uds.;Precio;;Dto%;;Importe
;;;;;;;;;;;
2669;vegan pr alln;;10013- POWERBODY;;1,00;7,70;;0;;
;;;;;;;;;;;

DEPORTE;;
Codigo;Articulo;;Referencia;Proveedor;;Uds.;Precio;;Dto%;;Importe
;;;;;;;;;;;
1072;VEGAN+AMINO banana cramel;;20- BIG UNIVERSAL;;0,00;18,02;;0;;
;;;;;;;;;;;

ALIMENTACION;;
Codigo;Articulo;;Referencia;Proveedor;;Uds.;Precio;;Dto%;;Importe
;;;;;;;;;;;
1163;VEGGIE;;18- PROBIOS;;12,00;1,35;;0;;
;;;;;;;;;;;

REFRIGERADOS;;
Codigo;Articulo;;Referencia;Proveedor;;Uds.;Precio;;Dto%;;Importe
;;;;;;;;;;;
733;VEGUP BIO ARN;;10- ECOPLAZA;;9,00;1,03;;100;;
;;;;;;;;;;;
734;VEGUP BIO COCO;;10- ECOPLAZA;;18,00;1,03;;0;;
;;;;;;;;;;;
735;VEGUP BIO MANGO;;10- ECOPLAZA;;9,00;1,03;;100;;
;;;;;;;;;;;

TODAS;;
Codigo;Articulo;;Referencia;Proveedor;;Uds.;Precio;;Dto%;;Importe
;;;;;;;;;;;
3276;VERMICELLI;;10- ECOPLAZA;;1,00;2,22;;0;;
;;;;;;;;;;;

ARTICULOS - PROVEEDOR;;;;;Pagina 162 ;;;Fecha : 03/02/2026;;;
ALIMENTACION-BEBIDAS-AGUA;;
Codigo;Articulo;;Referencia;Proveedor;;Uds.;Precio;;Dto%;;Importe
;;;;;;;;;;;
890;vichy 1l;;26- BOSCH;;24,00;1,26;;0;;
;;;;;;;;;;;

ALIMENTACION-BEBIDAS-REFRESCOS;;
Codigo;Articulo;;Referencia;Proveedor;;Uds.;Precio;;Dto%;;Importe
;;;;;;;;;;;
114;VICHY LIMON LATA;;3- FELIUBADALO;;12,00;0,82;;0;;
;;;;;;;;;;;

ALIMENTACION-SALSAS;;
Codigo;Articulo;;Referencia;Proveedor;;Uds.;Precio;;Dto%;;Importe
;;;;;;;;;;;
143;VIN MANZANA TBIO;;10- ECOPLAZA;;31,00;2,41;;5;;
;;;;;;;;;;;

NUTRICION;;
Codigo;Articulo;;Referencia;Proveedor;;Uds.;Precio;;Dto%;;Importe
;;;;;;;;;;;
1495;VINAGRE + FUCUS;;10008- BIODISPHARMA;;6,00;5,90;;0;;
;;;;;;;;;;;

ALIMENTACION-SALSAS;;
Codigo;Articulo;;Referencia;Proveedor;;Uds.;Precio;;Dto%;;Importe
;;;;;;;;;;;
122;VINAGRE ARROZ;;3- FELIUBADALO;;3,00;3,55;;10;;
;;;;;;;;;;;

TODAS;;
Codigo;Articulo;;Referencia;Proveedor;;Uds.;Precio;;Dto%;;Importe
;;;;;;;;;;;
2460;vinagre balsamico;;10- ECOPLAZA;;1,00;4,84;;0;;
2460;vinagre balsamico;;5- ECOBASICS;;1,00;4,84;;0;;
;;;;;;;;;;;

ALIMENTACION-SALSAS;;
Codigo;Articulo;;Referencia;Proveedor;;Uds.;Precio;;Dto%;;Importe
;;;;;;;;;;;
488;vinagre coco;;17- PROBIOS;;6,00;3,67;;0;;
;;;;;;;;;;;
121;vinagre de cereza;;3- FELIUBADALO;;4,00;2,93;;10;;
121;vinagre de cereza;;4- BIONSAN;;1,00;2,74;;0;;
;;;;;;;;;;;

TODAS;;
Codigo;Articulo;;Referencia;Proveedor;;Uds.;Precio;;Dto%;;Importe
;;;;;;;;;;;
1904;vinagre de crianza;;4- BIONSAN;;2,00;2,28;;0;;
;;;;;;;;;;;
3492;vinagre de granada;;3- FELIUBADALO;;1,00;3,58;;0;;
;;;;;;;;;;;
2569;vinagre de manz;;10009- faire;;6,00;2,37;;0;;
;;;;;;;;;;;

NUTRICION;;
Codigo;Articulo;;Referencia;Proveedor;;Uds.;Precio;;Dto%;;Importe
;;;;;;;;;;;
1241;vinagre de manzana;;10008- BIODISPHARMA;;6,00;3,39;;0;;
;;;;;;;;;;;

ALIMENTACION;;
Codigo;Articulo;;Referencia;Proveedor;;Uds.;Precio;;Dto%;;Importe
;;;;;;;;;;;
1090;vinagre de manzana;;1- CAL VALLS;;7,00;2,29;;0;;
;;;;;;;;;;;

TODAS;;
Codigo;Articulo;;Referencia;Proveedor;;Uds.;Precio;;Dto%;;Importe
;;;;;;;;;;;
2894;vinagre de manzana biocop;;7- BIOCOP;;2,00;2,33;;0;;
;;;;;;;;;;;
1905;VINAGRE DE VINO;;4- BIONSAN;;1,00;2,37;;0;;

ARTICULOS - PROVEEDOR;;;;;Pagina 163 ;;;Fecha : 03/02/2026;;;
;;;;;;;;;;;

ALIMENTACION-SALSAS;;
Codigo;Articulo;;Referencia;Proveedor;;Uds.;Precio;;Dto%;;Importe
;;;;;;;;;;;
487;VINAGRE GRANADA;;17- PROBIOS;;6,00;3,04;;0;;
;;;;;;;;;;;
192;VINAGRE KEFIR;;4- BIONSAN;;4,00;2,65;;3;;
;;;;;;;;;;;

TODAS;;
Codigo;Articulo;;Referencia;Proveedor;;Uds.;Precio;;Dto%;;Importe
;;;;;;;;;;;
2490;VINAGRE LA FINESTRA;;2- LA FINESTRASUL CIELO;;7,00;3,12;;0;;
;;;;;;;;;;;

ALIMENTACION-SALSAS;;
Codigo;Articulo;;Referencia;Proveedor;;Uds.;Precio;;Dto%;;Importe
;;;;;;;;;;;
189;VINAGRE MANZ;;4- BIONSAN;;24,00;2,89;;0;;
;;;;;;;;;;;
191;VINAGRE REMOLACHA;;4- BIONSAN;;6,00;2,74;;0;;
;;;;;;;;;;;
190;VINAGRE ROMERO;;4- BIONSAN;;6,00;2,74;;0;;
;;;;;;;;;;;
240;VINAGRE UMIBUSHI F;;2- LA FINESTRASUL CIELO;;6,00;0,00;;0;;
;;;;;;;;;;;

TODAS;;
Codigo;Articulo;;Referencia;Proveedor;;Uds.;Precio;;Dto%;;Importe
;;;;;;;;;;;
2489;vinagre voelkal;;2- LA FINESTRASUL CIELO;;12,00;3,67;;0;;
;;;;;;;;;;;

NUTRICION;;
Codigo;Articulo;;Referencia;Proveedor;;Uds.;Precio;;Dto%;;Importe
;;;;;;;;;;;
1494;vingre manz;;10008- BIODISPHARMA;;6,00;5,95;;0;;
;;;;;;;;;;;

TODAS;;
Codigo;Articulo;;Referencia;Proveedor;;Uds.;Precio;;Dto%;;Importe
;;;;;;;;;;;
2115;viola;;16- ORGANIC INDIA;;3,00;9,83;;0;;
;;;;;;;;;;;

NUTRICION;;
Codigo;Articulo;;Referencia;Proveedor;;Uds.;Precio;;Dto%;;Importe
;;;;;;;;;;;
1492;vit c;;10008- BIODISPHARMA;;14,00;11,67;;0;;
;;;;;;;;;;;

TODAS;;
Codigo;Articulo;;Referencia;Proveedor;;Uds.;Precio;;Dto%;;Importe
;;;;;;;;;;;
2340;VIT C;;10017- BIOTECH;;1,00;4,16;;0;;
;;;;;;;;;;;
2368;VIT C 1000;;3- FELIUBADALO;;3,00;15,27;;0;;
;;;;;;;;;;;

NUTRICION;;
Codigo;Articulo;;Referencia;Proveedor;;Uds.;Precio;;Dto%;;Importe
;;;;;;;;;;;
509;VIT C 400C;;19- ALDOUS;;5,00;16,81;;0;;
;;;;;;;;;;;

TODAS;;
Codigo;Articulo;;Referencia;Proveedor;;Uds.;Precio;;Dto%;;Importe
;;;;;;;;;;;
2415;vit c hsn;;10004- HSN;;1,00;2,67;;0;;
;;;;;;;;;;;
2522;VIT D3;;10004- HSN;;10,00;11,13;;0;;
;;;;;;;;;;;

NUTRICION;;
Codigo;Articulo;;Referencia;Proveedor;;Uds.;Precio;;Dto%;;Importe
ARTICULOS - PROVEEDOR;;;;;Pagina 164 ;;;Fecha : 03/02/2026;;;
;;;;;;;;;;;
510;VIT D3;;19- ALDOUS;;7,00;13,62;;0;;
;;;;;;;;;;;

TODAS;;
Codigo;Articulo;;Referencia;Proveedor;;Uds.;Precio;;Dto%;;Importe
;;;;;;;;;;;
2593;vit d3 LIFEPRO;;29- LIFE PRO;;2,00;5,50;;5;;
;;;;;;;;;;;

NUTRICION;;
Codigo;Articulo;;Referencia;Proveedor;;Uds.;Precio;;Dto%;;Importe
;;;;;;;;;;;
1593;VITAL KIDS;;10012- APROLIS;;12,00;9,88;;0;;
;;;;;;;;;;;

TODAS;;
Codigo;Articulo;;Referencia;Proveedor;;Uds.;Precio;;Dto%;;Importe
;;;;;;;;;;;
2438;vitamina A+E all nutricion;;10013- POWERBODY;;1,00;4,00;;0;;
;;;;;;;;;;;
2413;vitamina e 400mg;;10004- HSN;;1,00;10,86;;0;;
;;;;;;;;;;;
2442;VITAMINA E LIQUIDA NOW;;10013- POWERBODY;;2,00;6,86;;0;;
;;;;;;;;;;;

ALIMENTACION-BEBIDAS-ZUMOS;;
Codigo;Articulo;;Referencia;Proveedor;;Uds.;Precio;;Dto%;;Importe
;;;;;;;;;;;
227;VITAMONT MULTIF 20CL;;7- BIOCOP;;24,00;1,04;;0;;
;;;;;;;;;;;
225;VITAMONT P6;;7- BIOCOP;;0,00;6,24;;0;;
;;;;;;;;;;;
226;VITAMONT PIÑA 20CL;;7- BIOCOP;;24,00;1,04;;0;;
;;;;;;;;;;;

TODAS;;
Codigo;Articulo;;Referencia;Proveedor;;Uds.;Precio;;Dto%;;Importe
;;;;;;;;;;;
2530;vitex extract;;10013- POWERBODY;;3,00;8,91;;0;;
;;;;;;;;;;;

NUTRICION;;
Codigo;Articulo;;Referencia;Proveedor;;Uds.;Precio;;Dto%;;Importe
;;;;;;;;;;;
1196;vitex HSN;;10004- HSN;;2,00;3,23;;0;;
;;;;;;;;;;;

TODAS;;
Codigo;Articulo;;Referencia;Proveedor;;Uds.;Precio;;Dto%;;Importe
;;;;;;;;;;;
2480;vitex semillas;;36- paimes;;2,00;4,00;;0;;
;;;;;;;;;;;

NUTRICION;;
Codigo;Articulo;;Referencia;Proveedor;;Uds.;Precio;;Dto%;;Importe
;;;;;;;;;;;
1360;VITMINA D3;;10004- HSN;;3,00;6,07;;0;;
;;;;;;;;;;;
1442;vitprobio;;10003- nutrinat;;4,00;14,60;;0;;
;;;;;;;;;;;
994;VITS;;29- LIFE PRO;;25,00;6,40;;0;;
;;;;;;;;;;;

TODAS;;
Codigo;Articulo;;Referencia;Proveedor;;Uds.;Precio;;Dto%;;Importe
;;;;;;;;;;;
2165;viva flore;;10- ECOPLAZA;;4,00;12,74;;50;;
;;;;;;;;;;;

ALIMENTACION;;
Codigo;Articulo;;Referencia;Proveedor;;Uds.;Precio;;Dto%;;Importe
;;;;;;;;;;;
1465;VIVANI 85;;2- LA FINESTRASUL CIELO;;10,00;2,48;;0;;
;;;;;;;;;;;
1466;vivani arandanos 70;;2- LA FINESTRASUL CIELO;;10,00;2,43;;0;;

ARTICULOS - PROVEEDOR;;;;;Pagina 165 ;;;Fecha : 03/02/2026;;;
;;;;;;;;;;;

COSMETICA;;
Codigo;Articulo;;Referencia;Proveedor;;Uds.;Precio;;Dto%;;Importe
;;;;;;;;;;;
663;voluminizador;;21-NATURAKOSMETIC;;3,00;5,77;;0;;
;;;;;;;;;;;

TODAS;;
Codigo;Articulo;;Referencia;Proveedor;;Uds.;Precio;;Dto%;;Importe
;;;;;;;;;;;
2133;voz clara;;2- LA FINESTRASUL CIELO;;6,00;2,70;;0;;
2133;voz clara;;31- EBRO Diet;;6,00;2,70;;0;;
;;;;;;;;;;;
2764;W FACIAL BEBE;;10019- WELEDA;;2,00;5,18;;0;;
;;;;;;;;;;;
2174;w lactose f choco;;10013- POWERBODY;;1,00;16,30;;0;;
;;;;;;;;;;;
2173;W LACTOSE F TARTA;;10013- POWERBODY;;1,00;16,30;;0;;
;;;;;;;;;;;
2056;weleda;;10019- WELEDA;;4,00;6,62;;0;;
2056;weleda;;3- FELIUBADALO;;4,00;7,28;;0;;
;;;;;;;;;;;
3411;whey 2kg;;10004- HSN;;1,00;38,38;;0;;
;;;;;;;;;;;
1723;whey 500g;;34- LASTONRED;;1,00;13,68;;0;;
;;;;;;;;;;;
1244;WHEY BIGCRAC;;20- BIG UNIVERSAL;;2,00;24,90;;0;;
;;;;;;;;;;;
2344;whey biotech;;10017- BIOTECH;;4,00;34,40;;0;;
;;;;;;;;;;;

DEPORTE;;
Codigo;Articulo;;Referencia;Proveedor;;Uds.;Precio;;Dto%;;Importe
;;;;;;;;;;;
1129;WHEY BROWNIE;;20- BIG UNIVERSAL;;0,00;24,90;;0;;
;;;;;;;;;;;
1128;WHEY COOKEIS;;20- BIG UNIVERSAL;;12,00;24,90;;0;;
;;;;;;;;;;;
1130;WHEY CHOCO BLANCO;;20- BIG UNIVERSAL;;4,00;24,90;;0;;
;;;;;;;;;;;
1016;WHEY CHOCO MONKY;;29- LIFE PRO;;8,00;24,90;;0;;
;;;;;;;;;;;

TODAS;;
Codigo;Articulo;;Referencia;Proveedor;;Uds.;Precio;;Dto%;;Importe
;;;;;;;;;;;
2874;whey dragon;;29- LIFE PRO;;1,00;22,90;;0;;
;;;;;;;;;;;
2877;whey dragon 1,8kg;;29- LIFE PRO;;1,00;33,90;;0;;
;;;;;;;;;;;
2876;whey dragon 1,8KG;;29- LIFE PRO;;1,00;33,90;;0;;
;;;;;;;;;;;

DEPORTE;;
Codigo;Articulo;;Referencia;Proveedor;;Uds.;Precio;;Dto%;;Importe
;;;;;;;;;;;
1131;whey fresa;;20- BIG UNIVERSAL;;13,00;24,90;;0;;
;;;;;;;;;;;
1132;WHEY ICE CREAM;;20- BIG UNIVERSAL;;2,00;24,90;;0;;
;;;;;;;;;;;

TODAS;;
Codigo;Articulo;;Referencia;Proveedor;;Uds.;Precio;;Dto%;;Importe
;;;;;;;;;;;
3048;WHEY ISOLATE HSN 500G;;10004- HSN;;1,00;19,07;;0;;
;;;;;;;;;;;
2172;whey lactose free v;;10013- POWERBODY;;1,00;16,30;;0;;
;;;;;;;;;;;
1958;whey licious;;20- BIG UNIVERSAL;;2,00;11,49;;0;;
;;;;;;;;;;;
2200;WHEY MATRIX 50/50 2 Kg fresa;;10016- VITOBEST;;1,00;37,29;;0;;
;;;;;;;;;;;

DEPORTE;;
Codigo;Articulo;;Referencia;Proveedor;;Uds.;Precio;;Dto%;;Importe
;;;;;;;;;;;
1070;WHEY MINI DONA negro;;20- BIG UNIVERSAL;;0,00;25,90;;0;;
;;;;;;;;;;;
1069;WHEY MINI DONA WHITE;;20- BIG UNIVERSAL;;4,00;24,90;;0;;
ARTICULOS - PROVEEDOR;;;;;Pagina 166 ;;;Fecha : 03/02/2026;;;
;;;;;;;;;;;

TODAS;;
Codigo;Articulo;;Referencia;Proveedor;;Uds.;Precio;;Dto%;;Importe
;;;;;;;;;;;
2419;whey mono;;29- LIFE PRO;;12,00;0,99;;0;;
;;;;;;;;;;;
2655;WHEY NUETRO HSN;;10004- HSN;;3,00;10,75;;0;;
;;;;;;;;;;;
2789;WHEY ONE PIECE;;20- BIG UNIVERSAL;;2,00;27,90;;0;;
;;;;;;;;;;;
1846;WHEY PINK CAKE;;20- BIG UNIVERSAL;;6,00;24,90;;0;;
;;;;;;;;;;;
2208;WHEY PROTEIN 100% 1 Kgleche merengada;;10016- VITOBEST;;1,00;28,95;;0;;
;;;;;;;;;;;
2207;WHEY PROTEIN 100% 1 KgPIÑA COLADA;;10016- VITOBEST;;1,00;28,95;;0;;
;;;;;;;;;;;

DEPORTE;;
Codigo;Articulo;;Referencia;Proveedor;;Uds.;Precio;;Dto%;;Importe
;;;;;;;;;;;
821;whey protein choco monky;;24- INDEX GROUP;;2,00;22,95;;5;;
;;;;;;;;;;;

TODAS;;
Codigo;Articulo;;Referencia;Proveedor;;Uds.;Precio;;Dto%;;Importe
;;;;;;;;;;;
1186;whey protein procao;;29- LIFE PRO;;2,00;32,90;;0;;
;;;;;;;;;;;

DEPORTE;;
Codigo;Articulo;;Referencia;Proveedor;;Uds.;Precio;;Dto%;;Importe
;;;;;;;;;;;
1245;WHEY VAINILLA CREAM;;20- BIG UNIVERSAL;;8,00;24,90;;0;;
;;;;;;;;;;;

TODAS;;
Codigo;Articulo;;Referencia;Proveedor;;Uds.;Precio;;Dto%;;Importe
;;;;;;;;;;;
2400;whey vanilla;;10013- POWERBODY;;2,00;16,50;;0;;
;;;;;;;;;;;
3158;whey+ colagen;;10013- POWERBODY;;2,00;11,85;;0;;
;;;;;;;;;;;
1959;WHEYLICIOUS;;20- BIG UNIVERSAL;;2,00;11,49;;0;;
;;;;;;;;;;;

ALIMENTACION-BEBIDAS-ISOTONICOS;;
Codigo;Articulo;;Referencia;Proveedor;;Uds.;Precio;;Dto%;;Importe
;;;;;;;;;;;
118;WHOLE COLA;;3- FELIUBADALO;;12,00;1,06;;0;;
;;;;;;;;;;;

TODAS;;
Codigo;Articulo;;Referencia;Proveedor;;Uds.;Precio;;Dto%;;Importe
;;;;;;;;;;;
1980;wild pump;;29- LIFE PRO;;1,00;21,90;;0;;
;;;;;;;;;;;
2535;WILD YAM;;10013- POWERBODY;;2,00;8,35;;0;;
;;;;;;;;;;;

NUTRICION;;
Codigo;Articulo;;Referencia;Proveedor;;Uds.;Precio;;Dto%;;Importe
;;;;;;;;;;;
1621;WOMEN G4;;32- NORTEM BIO;;2,00;28,93;;0;;
;;;;;;;;;;;

TODAS;;
Codigo;Articulo;;Referencia;Proveedor;;Uds.;Precio;;Dto%;;Importe
;;;;;;;;;;;
2031;womens probiotics;;10013- POWERBODY;;2,00;17,95;;0;;
;;;;;;;;;;;

DEPORTE;;
Codigo;Articulo;;Referencia;Proveedor;;Uds.;Precio;;Dto%;;Importe
;;;;;;;;;;;
585;WOW CARAMEL;;10012- APROLIS;;1,00;4,50;;0;;

ARTICULOS - PROVEEDOR;;;;;Pagina 167 ;;;Fecha : 03/02/2026;;;
585;WOW CARAMEL;;20- BIG UNIVERSAL;;13,00;4,50;;0;;
;;;;;;;;;;;
583;WOW CHOCO;;10012- APROLIS;;1,00;4,50;;0;;
583;WOW CHOCO;;20- BIG UNIVERSAL;;17,00;4,50;;0;;
;;;;;;;;;;;
584;WOW FRESA;;20- BIG UNIVERSAL;;13,00;4,50;;0;;
;;;;;;;;;;;

TODAS;;
Codigo;Articulo;;Referencia;Proveedor;;Uds.;Precio;;Dto%;;Importe
;;;;;;;;;;;
3204;WOW MINI DONA;;10012- APROLIS;;1,00;4,50;;0;;
3204;WOW MINI DONA;;20- BIG UNIVERSAL;;1,00;4,50;;0;;
;;;;;;;;;;;
2870;wow oreo;;10012- APROLIS;;1,00;4,50;;0;;
2870;wow oreo;;20- BIG UNIVERSAL;;5,00;4,50;;0;;
;;;;;;;;;;;

ALIMENTACION;;
Codigo;Articulo;;Referencia;Proveedor;;Uds.;Precio;;Dto%;;Importe
;;;;;;;;;;;
1459;XANCEDA JUNIOR;;2- LA FINESTRASUL CIELO;;20,00;0,92;;0;;
;;;;;;;;;;;

NUTRICION;;
Codigo;Articulo;;Referencia;Proveedor;;Uds.;Precio;;Dto%;;Importe
;;;;;;;;;;;
835;XILITOL;;25- NUTRICIONSANTE;;6,00;5,26;;20;;
;;;;;;;;;;;

TODAS;;
Codigo;Articulo;;Referencia;Proveedor;;Uds.;Precio;;Dto%;;Importe
;;;;;;;;;;;
3260;xilitol 250g;;7- BIOCOP;;1,00;3,46;;0;;
;;;;;;;;;;;
2698;xilitol 500g;;10- ECOPLAZA;;6,00;6,80;;0;;
2698;xilitol 500g;;7- BIOCOP;;1,00;6,80;;0;;
;;;;;;;;;;;
2186;xpel;;10013- POWERBODY;;6,00;12,78;;0;;
;;;;;;;;;;;
3186;YAGRA ROSE;;10- ECOPLAZA;;6,00;2,90;;0;;
;;;;;;;;;;;
3060;YDRO WHEY choco;;10017- BIOTECH;;1,00;55,50;;0;;
;;;;;;;;;;;
3059;YDRO WHEY VAINILLA;;10017- BIOTECH;;1,00;55,50;;0;;
;;;;;;;;;;;
3144;yemoprolis;;10012- APROLIS;;30,00;15,51;;0;;
;;;;;;;;;;;

NUTRICION;;
Codigo;Articulo;;Referencia;Proveedor;;Uds.;Precio;;Dto%;;Importe
;;;;;;;;;;;
1572;YEMOPROLIS;;10012- APROLIS;;9,00;15,51;;0;;
;;;;;;;;;;;

TODAS;;
Codigo;Articulo;;Referencia;Proveedor;;Uds.;Precio;;Dto%;;Importe
;;;;;;;;;;;
2494;yogi f/r;;31- EBRO Diet;;6,00;2,70;;0;;
;;;;;;;;;;;
1979;yogi tea;;10- ECOPLAZA;;1,00;2,70;;0;;
1979;yogi tea;;3- FELIUBADALO;;6,00;2,70;;0;;
;;;;;;;;;;;
2051;YOGI TEA;;3- FELIUBADALO;;5,00;3,07;;0;;
2051;YOGI TEA;;31- EBRO Diet;;1,00;3,07;;0;;
;;;;;;;;;;;
1839;yogi tea energia;;31- EBRO Diet;;5,00;2,70;;15;;
;;;;;;;;;;;
3361;YOGUR;;31- EBRO Diet;;1,00;1,77;;0;;
;;;;;;;;;;;
1654;YOGUR  DE OVEJA 125G;;10005- VAL DECINCA;;12,00;0,97;;0;;
;;;;;;;;;;;

REFRIGERADOS;;
Codigo;Articulo;;Referencia;Proveedor;;Uds.;Precio;;Dto%;;Importe
;;;;;;;;;;;

ARTICULOS - PROVEEDOR;;;;;Pagina 168 ;;;Fecha : 03/02/2026;;;
528;YOGUR 250g;;2- LA FINESTRASUL CIELO;;8,00;1,42;;0;;
;;;;;;;;;;;
1157;YOGUR CABRA;;31- EBRO Diet;;1,00;0,69;;0;;
;;;;;;;;;;;
736;YOGUR CABRA BIFIDUS BIO;;10- ECOPLAZA;;6,00;2,50;;0;;
;;;;;;;;;;;
737;YOGUR CABRA BIO;;10- ECOPLAZA;;6,00;2,47;;5;;
;;;;;;;;;;;
739;yogur coco natural;;10- ECOPLAZA;;24,00;2,26;;5;;
;;;;;;;;;;;
1162;yogur de cabra coco;;31- EBRO Diet;;13,00;2,77;;0;;
;;;;;;;;;;;
1156;yogur de oveja;;31- EBRO Diet;;1,00;0,69;;0;;
;;;;;;;;;;;

TODAS;;
Codigo;Articulo;;Referencia;Proveedor;;Uds.;Precio;;Dto%;;Importe
;;;;;;;;;;;
2933;yogur de oveja 420g;;31- EBRO Diet;;1,00;2,64;;0;;
;;;;;;;;;;;
2059;yogur griego cabra 420g;;31- EBRO Diet;;6,00;2,57;;0;;
;;;;;;;;;;;

REFRIGERADOS;;
Codigo;Articulo;;Referencia;Proveedor;;Uds.;Precio;;Dto%;;Importe
;;;;;;;;;;;
1161;YOGUR MANGO P2;;31- EBRO Diet;;16,00;1,99;;0;;
;;;;;;;;;;;

TODAS;;
Codigo;Articulo;;Referencia;Proveedor;;Uds.;Precio;;Dto%;;Importe
;;;;;;;;;;;
1840;YOGUR P2 MANZANA CANELA;;31- EBRO Diet;;8,00;1,95;;0;;
;;;;;;;;;;;

REFRIGERADOS;;
Codigo;Articulo;;Referencia;Proveedor;;Uds.;Precio;;Dto%;;Importe
;;;;;;;;;;;
740;YOGUR SOJA ALBARICOQUE;;10- ECOPLAZA;;6,00;2,52;;100;;
;;;;;;;;;;;
741;yogur soja choco p4;;10- ECOPLAZA;;10,00;2,30;;0;;
;;;;;;;;;;;
742;YOGUR SOJA FR;;10- ECOPLAZA;;6,00;2,52;;0;;
;;;;;;;;;;;

ALIMENTACION;;
Codigo;Articulo;;Referencia;Proveedor;;Uds.;Precio;;Dto%;;Importe
;;;;;;;;;;;
1526;YOGUR SOJA PQ;;10- ECOPLAZA;;6,00;1,18;;0;;
;;;;;;;;;;;

REFRIGERADOS;;
Codigo;Articulo;;Referencia;Proveedor;;Uds.;Precio;;Dto%;;Importe
;;;;;;;;;;;
743;YOGUR SOJA VAINILLA;;10- ECOPLAZA;;6,00;2,52;;100;;
;;;;;;;;;;;

TODAS;;
Codigo;Articulo;;Referencia;Proveedor;;Uds.;Precio;;Dto%;;Importe
;;;;;;;;;;;
2437;ZAATAR;;15- orgacicasuperfoods;;1,00;0,00;;0;;
;;;;;;;;;;;

ALIMENTACION-CONSERVAS;;
Codigo;Articulo;;Referencia;Proveedor;;Uds.;Precio;;Dto%;;Importe
;;;;;;;;;;;
187;ZANAHORIA;;4- BIONSAN;;10,00;1,85;;0;;
;;;;;;;;;;;
148;ZANAHORIALACTOFERMENTADA;;4- BIONSAN;;10,00;3,06;;3;;
;;;;;;;;;;;

TODAS;;
Codigo;Articulo;;Referencia;Proveedor;;Uds.;Precio;;Dto%;;Importe
;;;;;;;;;;;
2389;zeo choco;;10013- POWERBODY;;2,00;12,88;;0;;
;;;;;;;;;;;
2391;zeo fresa;;10013- POWERBODY;;2,00;12,88;;0;;
;;;;;;;;;;;

ARTICULOS - PROVEEDOR;;;;;Pagina 169 ;;;Fecha : 03/02/2026;;;
2392;ZEO MACARON;;10013- POWERBODY;;3,00;12,88;;0;;
;;;;;;;;;;;
2814;zeolite 120gr;;10013- POWERBODY;;3,00;8,56;;0;;
;;;;;;;;;;;
2815;ZEOLITE 60GR;;10013- POWERBODY;;3,00;5,23;;0;;
;;;;;;;;;;;

DEPORTE;;
Codigo;Articulo;;Referencia;Proveedor;;Uds.;Precio;;Dto%;;Importe
;;;;;;;;;;;
575;ZERONESA;;20- BIG UNIVERSAL;;16,00;2,90;;0;;
;;;;;;;;;;;

TODAS;;
Codigo;Articulo;;Referencia;Proveedor;;Uds.;Precio;;Dto%;;Importe
;;;;;;;;;;;
2118;ZIEHGOLD ENERGY;;16- ORGANIC INDIA;;2,00;13,88;;0;;
;;;;;;;;;;;

NUTRICION;;
Codigo;Articulo;;Referencia;Proveedor;;Uds.;Precio;;Dto%;;Importe
;;;;;;;;;;;
1637;zinc;;10003- nutrinat;;5,00;8,30;;0;;
;;;;;;;;;;;

TODAS;;
Codigo;Articulo;;Referencia;Proveedor;;Uds.;Precio;;Dto%;;Importe
;;;;;;;;;;;
3432;ZINC;;36- paimes;;1,00;6,30;;0;;
;;;;;;;;;;;
1929;zinc ALDOUS;;19- ALDOUS;;7,00;15,47;;0;;
;;;;;;;;;;;
2983;zinc glycinate;;10013- POWERBODY;;1,00;9,53;;0;;
;;;;;;;;;;;
2700;ZINC L-CARNOSINE;;36- paimes;;2,00;21,00;;0;;
2700;ZINC L-CARNOSINE;;41- supersmart;;1,00;18,58;;0;;
;;;;;;;;;;;
2984;ZINC PICOLINATE;;10013- POWERBODY;;1,00;4,56;;0;;
;;;;;;;;;;;
2194;zinc+copper osavi;;10013- POWERBODY;;3,00;3,94;;0;;
;;;;;;;;;;;
3451;ZINC+L-LYSINE;;10013- POWERBODY;;1,00;5,13;;0;;
;;;;;;;;;;;
2712;ZMA;;29- LIFE PRO;;7,00;7,90;;5;;
;;;;;;;;;;;

ALIMENTACION-BEBIDAS-ZUMOS;;
Codigo;Articulo;;Referencia;Proveedor;;Uds.;Precio;;Dto%;;Importe
;;;;;;;;;;;
75;ZUM MANZ 200ML;;1- CAL VALLS;;12,00;0,73;;0;;
;;;;;;;;;;;
64;ZUM MANZ PERA 1L;;1- CAL VALLS;;8,00;2,50;;0;;
;;;;;;;;;;;
144;zumo alb pack3;;10- ECOPLAZA;;12,00;2,14;;0;;
144;zumo alb pack3;;3- FELIUBADALO;;1,00;2,63;;0;;
;;;;;;;;;;;
68;ZUMO ARANDANO AZUL500ML;;1- CAL VALLS;;7,00;5,30;;0;;
;;;;;;;;;;;

TODAS;;
Codigo;Articulo;;Referencia;Proveedor;;Uds.;Precio;;Dto%;;Importe
;;;;;;;;;;;
3517;zumo cit/zan;;3- FELIUBADALO;;1,00;2,63;;0;;
;;;;;;;;;;;
2756;zumo de abedul;;10019- WELEDA;;1,00;10,09;;0;;
;;;;;;;;;;;

ALIMENTACION-SALSAS;;
Codigo;Articulo;;Referencia;Proveedor;;Uds.;Precio;;Dto%;;Importe
;;;;;;;;;;;
136;ZUMO DE LIMON;;10- ECOPLAZA;;8,00;1,86;;0;;
;;;;;;;;;;;

ALIMENTACION-BEBIDAS-ZUMOS;;
Codigo;Articulo;;Referencia;Proveedor;;Uds.;Precio;;Dto%;;Importe
;;;;;;;;;;;
69;ZUMO DE REMOLCHA 500ML;;1- CAL VALLS;;8,00;1,70;;0;;

ARTICULOS - PROVEEDOR;;;;;Pagina 170 ;;;Fecha : 03/02/2026;;;
;;;;;;;;;;;

TODAS;;
Codigo;Articulo;;Referencia;Proveedor;;Uds.;Precio;;Dto%;;Importe
;;;;;;;;;;;
3003;zumo de tomate 500ml;;1- CAL VALLS;;1,00;1,53;;0;;
;;;;;;;;;;;

ALIMENTACION;;
Codigo;Articulo;;Referencia;Proveedor;;Uds.;Precio;;Dto%;;Importe
;;;;;;;;;;;
1455;ZUMO GRANADA;;3- FELIUBADALO;;1,00;6,04;;0;;
;;;;;;;;;;;

ALIMENTACION-BEBIDAS-ZUMOS;;
Codigo;Articulo;;Referencia;Proveedor;;Uds.;Precio;;Dto%;;Importe
;;;;;;;;;;;
58;ZUMO LIMON 1L;;1- CAL VALLS;;6,00;3,15;;0;;
;;;;;;;;;;;
59;ZUMO MANDARINA 1L;;1- CAL VALLS;;8,00;2,50;;0;;
;;;;;;;;;;;
76;ZUMO MANDR 200ML;;1- CAL VALLS;;12,00;0,80;;0;;
;;;;;;;;;;;
54;ZUMO MANZ 1L;;1- CAL VALLS;;8,00;2,10;;0;;
;;;;;;;;;;;
55;ZUMO MANZ 1L NAT;;1- CAL VALLS;;6,00;0,00;;0;;
;;;;;;;;;;;
70;ZUMO MANZ ACIDA 1L;;1- CAL VALLS;;3,00;2,10;;0;;
;;;;;;;;;;;
67;ZUMO MANZ GING 750ML;;1- CAL VALLS;;3,00;1,90;;0;;
;;;;;;;;;;;

TODAS;;
Codigo;Articulo;;Referencia;Proveedor;;Uds.;Precio;;Dto%;;Importe
;;;;;;;;;;;
3516;ZUMO MELC P3;;3- FELIUBADALO;;1,00;2,63;;0;;
;;;;;;;;;;;

ALIMENTACION-BEBIDAS-ZUMOS;;
Codigo;Articulo;;Referencia;Proveedor;;Uds.;Precio;;Dto%;;Importe
;;;;;;;;;;;
57;ZUMO NARANJA 1L;;1- CAL VALLS;;8,00;2,54;;0;;
;;;;;;;;;;;
74;ZUMO NR 200ML;;1- CAL VALLS;;12,00;0,86;;0;;
;;;;;;;;;;;
71;ZUMO PERA 1L;;1- CAL VALLS;;3,00;2,25;;0;;
;;;;;;;;;;;
63;ZUMO PIÑA 1L;;1- CAL VALLS;;8,00;3,20;;0;;
;;;;;;;;;;;
79;ZUMO PIÑA 200L;;1- CAL VALLS;;12,00;0,95;;0;;
;;;;;;;;;;;
60;ZUMO POMELO 1L;;1- CAL VALLS;;7,00;2,90;;0;;
;;;;;;;;;;;

ALIMENTACION;;
Codigo;Articulo;;Referencia;Proveedor;;Uds.;Precio;;Dto%;;Importe
;;;;;;;;;;;
930;ZUMO REMOLACHA LACTFER;;2- LA FINESTRASUL CIELO;;6,00;2,81;;0;;
;;;;;;;;;;;

ALIMENTACION-BEBIDAS-ZUMOS;;
Codigo;Articulo;;Referencia;Proveedor;;Uds.;Precio;;Dto%;;Importe
;;;;;;;;;;;
72;ZUMO TOMATE 1L;;1- CAL VALLS;;3,00;1,98;;0;;
;;;;;;;;;;;
56;ZUMO UVA ALBR 1L;;1- CAL VALLS;;8,00;2,65;;0;;
;;;;;;;;;;;
61;ZUMO UVA BLC 1L;;1- CAL VALLS;;8,00;2,98;;0;;
;;;;;;;;;;;
73;ZUMO UVA MELC 200ML;;1- CAL VALLS;;12,00;0,88;;0;;
;;;;;;;;;;;
78;ZUMO UVA NG 200ML;;1- CAL VALLS;;12,00;0,88;;0;;
;;;;;;;;;;;
62;ZUMO UVA NGR 1L;;1- CAL VALLS;;8,00;3,15;;0;;
;;;;;;;;;;;
53;ZUMO UVA/M 1L;;1- CAL VALLS;;8,00;2,65;;0;;
;;;;;;;;;;;
80;ZUMO ZANAHORIA 500ML;;1- CAL VALLS;;13,00;2,23;;0;;
;;;;;;;;;;;

ARTICULOS - PROVEEDOR;;;;;Pagina 171 ;;;Fecha : 03/02/2026;;;
ARTICULOS - PROVEEDOR;Pagina 172 ;Fecha : 03/02/2026
