SAMINATURA BINEFAR;;;;;;;;;;;;;;;;;;;;;;
ARTICULOS GENERAL;;;;;;;;;;;;;;;;;;;;;;

Codigo;Referencia;Articulo;Medida;IVA;;Seccion;Tipo;;V;C;S;F

 ;;;;;;;;;;;;;;;;;;;;;;
221;221;ARTICULO 221;UNIDADES;10%;;;NORMAL;;V;C;S; 

001 TODAS;;;;;;;;;;;;;;;;;;;;;;
2386;2386;;UNIDADES;0%;;;NORMAL;;V;C;S; 
2603;2603; E BERGAMOTA;UNIDADES;21%;;;NORMAL;;V;C;S; 
2930;2930; magdalenas sarraceno;UNIDADES;10%;;;NORMAL;;V;C;S; 
1458;1458;,;UNIDADES;10%;;;NORMAL;;V;C;S; 
3343;3343;100 PURE WHEY CARAMELCAPUCCINO;UNIDADES;10%;;;NORMAL;;V;C;S; 
2216;2216;100% pure;UNIDADES;0%;;;NORMAL;;V;C;S; 
2226;2226;100% PURE WHEY apple;UNIDADES;0%;;;NORMAL;;V;C;S; 
2224;2224;100% PURE WHEY arroz con leche;UNIDADES;0%;;;NORMAL;;V;C;S; 
2225;2225;100% PURE WHEY BANANA;UNIDADES;0%;;;NORMAL;;V;C;S; 
2222;2222;100% PURE WHEY CAPP;UNIDADES;0%;;;NORMAL;;V;C;S; 
2227;2227;100% PURE WHEY CARAMEL;UNIDADES;0%;;;NORMAL;;V;C;S; 
2223;2223;100% PURE WHEY coco/choco;UNIDADES;0%;;;NORMAL;;V;C;S; 
3342;3342;100% PURE WHEY CHOCOLATEPEANUT 2270G;UNIDADES;10%;;;NORMAL;;V;C;S; 
2228;2228;100% WHEY CHEESECAKE;UNIDADES;10%;;;NORMAL;;V;C;S; 
2229;2229;100% whey vainilla;UNIDADES;0%;;;NORMAL;;V;C;S; 
1174;1174;11FIT VAINILLA;UNIDADES;10%;;;NORMAL;;V;C;S; 
2765;2765;2EN1 BEBE;UNIDADES;21%;;;NORMAL;;V;C;S; 
1921;1921;3770009060752;UNIDADES;10%;;;NORMAL;;V;C;S; 
2399;2399;5902837748269SALSA VAINILLA;UNIDADES;0%;;;NORMAL;;V;C;S; 
2691;2691;7 HONGOS;UNIDADES;10%;;;NORMAL;;V;C;S; 
2089;2089;8436560533238;UNIDADES;10%;;;NORMAL;;V;C;S; 
1935;1935;a e jenjibre;UNIDADES;10%;;;NORMAL;;V;C;S; 
1934;1934;A E LAVANDA;UNIDADES;10%;;;NORMAL;;V;C;S; 
1937;1937;a e mandarina;UNIDADES;10%;;;NORMAL;;V;C;S; 
1936;1936;A E MENTA P;UNIDADES;10%;;;NORMAL;;V;C;S; 
2904;2904;a vogel;UNIDADES;10%;;;NORMAL;;V;C;S; 
2449;2449;A-TOPIC GEL;UNIDADES;21%;;;NORMAL;;V;C;S; 
2448;2448;a-topic natur;UNIDADES;21%;;;NORMAL;;V;C;S; 
1939;1939;a-v extract;UNIDADES;10%;;;NORMAL;;V;C;S; 
2991;2991;a.c gauteria;UNIDADES;21%;;;NORMAL;;V;C;S; 
3292;3292;a.e alcanfor;UNIDADES;21%;;;NORMAL;;V;C;S; 
2610;2610;A.E ANIS ESTR;UNIDADES;10%;;;NORMAL;;V;C;S; 
2611;2611;A.E BASILICO;UNIDADES;10%;;;NORMAL;;V;C;S; 
2602;2602;A.E CANELA;UNIDADES;10%;;;NORMAL;;V;C;S; 
3054;3054;A.E CIPRES;UNIDADES;10%;;;NORMAL;;V;C;S; 
2604;2604;A.E CITRONELA;UNIDADES;10%;;;NORMAL;;V;C;S; 
2612;2612;A.E INCIENSO;UNIDADES;21%;;;NORMAL;;V;C;S; 
2613;2613;A.E INCIENSO INDIA;UNIDADES;10%;;;NORMAL;;V;C;S; 
3053;3053;A.E LAUREL;UNIDADES;10%;;;NORMAL;;V;C;S; 
2606;2606;A.E LEMONGRASS;UNIDADES;10%;;;NORMAL;;V;C;S; 
3052;3052;a.e limon;UNIDADES;10%;;;NORMAL;;V;C;S; 
2614;2614;A.E MIRRA;UNIDADES;21%;;;NORMAL;;V;C;S; 
2605;2605;A.E NARANJO HOJAS;UNIDADES;10%;;;NORMAL;;V;C;S; 
2615;2615;A.E NIAOULI;UNIDADES;10%;;;NORMAL;;V;C;S; 
2608;2608;A.E PACHULI;UNIDADES;21%;;;NORMAL;;V;C;S; 
2616;2616;A.E PALMAROSA;UNIDADES;10%;;;NORMAL;;V;C;S; 

ARTICULOS GENERAL;;;;;;;;;Pagina 1 ;;;;;Fecha : 03/02/2026;;;;;;;;
Codigo;Referencia;Articulo;Medida;IVA;;Seccion;Tipo;;V;C;S;F

001 TODAS;;;;;;;;;;;;;;;;;;;;;;
2607;2607;A.E POMELA;UNIDADES;10%;;;NORMAL;;V;C;S; 
3291;3291;a.e salvia;UNIDADES;21%;;;NORMAL;;V;C;S; 
3290;A.ETOMILLO;A.E TOMILLO;UNIDADES;21%;;;NORMAL;;V;C;S; 
2609;2609;A.E YLANG-YLANG;UNIDADES;21%;;;NORMAL;;V;C;S; 
2514;2514;abedul;UNIDADES;10%;;;NORMAL;;V;C;S; 
944;944;abrillentador;UNIDADES;21%;;;NORMAL;;V;C;S; 
1999;1999;ac oregano;UNIDADES;10%;;;NORMAL;;V;C;S; 
2125;2125;ACAI;UNIDADES;10%;;;NORMAL;;V;C;S; 
2739;2739;aceite arnica;UNIDADES;21%;;;NORMAL;;V;C;S; 
2766;2766;aceite bebe;UNIDADES;21%;;;NORMAL;;V;C;S; 
2737;2737;aceite citrus;UNIDADES;21%;;;NORMAL;;V;C;S; 
2730;2730;aceite de abedul;UNIDADES;21%;;;NORMAL;;V;C;S; 
1661;1661;ACEITE DE AGUACATE;UNIDADES;0%;;;NORMAL;;V;C;S; 
2067;2067;aceite de albaricoque;UNIDADES;10%;;;NORMAL;;V;C;S; 
3294;3294;ACEITE DE ALMENDRA;UNIDADES;21%;;;NORMAL;;V;C;S; 
2088;2088;ACEITE DE ALMENDRA 250ML;UNIDADES;10%;;;NORMAL;;V;C;S; 
2138;2138;ACEITE DE ALMENDRA 500ML;UNIDADES;21%;;;NORMAL;;V;C;S; 
1666;1666;aceite de almendra dulce;UNIDADES;0%;;;NORMAL;;V;C;S; 
1663;1663;ACEITE DE ARGAN;UNIDADES;0%;;;NORMAL;;V;C;S; 
2547;2547;aceite de barba;UNIDADES;21%;;;NORMAL;;V;C;S; 
1256;1256;ACEITE DE CARA 100ML;UNIDADES;0%;;;NORMAL;;V;C;S; 
1976;1976;aceite de coco desodorizado;UNIDADES;10%;;;NORMAL;;V;C;S; 
3094;3094;ACEITE DE COCO TOOBIO;UNIDADES;10%;;;NORMAL;;V;C;S; 
1801;1801;ACEITE DE EUCALIPTO;UNIDADES;10%;;;NORMAL;;V;C;S; 
2694;2694;aceite de germen;UNIDADES;10%;;;NORMAL;;V;C;S; 
2553;2553;ACEITE DE JOJOBA;UNIDADES;21%;;;NORMAL;;V;C;S; 
1662;1662;aceite de maracuya;UNIDADES;0%;;;NORMAL;;V;C;S; 
2990;2990;aceite de mejorana;UNIDADES;10%;;;NORMAL;;V;C;S; 
1664;1664;aceite de moringa;UNIDADES;0%;;;NORMAL;;V;C;S; 
1665;1665;ACEITE DE NEEM;UNIDADES;0%;;;NORMAL;;V;C;S; 
974;974;ACEITE DE OLIVA 0,5CL;UNIDADES;5%;;;NORMAL;;V;C;S; 
2592;2592;ACEITE DE ONAGRA;UNIDADES;10%;;;NORMAL;;V;C;S; 
2139;2139;aceite de recino;UNIDADES;21%;;;NORMAL;;V;C;S; 
2366;2366;aceite de sesamo negro;UNIDADES;10%;;;NORMAL;;V;C;S; 
1968;1968;ACEITE DE ZANAHORIA;UNIDADES;0%;;;NORMAL;;V;C;S; 
2975;2975;ACEITE MEJORANA;UNIDADES;10%;;;NORMAL;;V;C;S; 
2738;2738;ACEITE W GRANADA;UNIDADES;21%;;;NORMAL;;V;C;S; 
2140;2140;ACEROLA;UNIDADES;10%;;;NORMAL;;V;C;S; 
2129;2129;acidophilusultra;UNIDADES;10%;;;NORMAL;;V;C;S; 
3253;3253;ACIETE CAPILAR;UNIDADES;21%;;;NORMAL;;V;C;S; 
1706;1706;ACIETE DE OREGANO SURAVITASAN;UNIDADES;10%;;;NORMAL;;V;C;S; 
1799;1799;ACIETE DE ROMERO;UNIDADES;10%;;;NORMAL;;V;C;S; 
2093;2093;ACL;UNIDADES;10%;;;NORMAL;;V;C;S; 
2554;2554;acondicionador;UNIDADES;21%;;;NORMAL;;V;C;S; 
1781;1781;ACONDICIONADOR;UNIDADES;21%;;;NORMAL;;V;C;S; 
2555;2555;ACONDICIONADOR RIZOS;UNIDADES;21%;;;NORMAL;;V;C;S; 
3252;3252;ACONDICIONADOR ROM W;UNIDADES;21%;;;NORMAL;;V;C;S; 
2578;2578;ACONDICIONADOR ROSA;UNIDADES;21%;;;NORMAL;;V;C;S; 
2141;2141;actimincyl;UNIDADES;10%;;;NORMAL;;V;C;S; 
2024;2024;ACTIVE C;UNIDADES;0%;;;NORMAL;;V;C;S; 
2697;2697;achicoria raiz;UNIDADES;10%;;;NORMAL;;V;C;S; 

ARTICULOS GENERAL;;;;;;;;;Pagina 2 ;;;;;Fecha : 03/02/2026;;;;;;;;
Codigo;Referencia;Articulo;Medida;IVA;;Seccion;Tipo;;V;C;S;F

001 TODAS;;;;;;;;;;;;;;;;;;;;;;
1827;1827;AGAR AGAR;UNIDADES;4%;;;NORMAL;;V;C;S; 
3184;3184;agar agar tiras;UNIDADES;10%;;;NORMAL;;V;C;S; 
2861;2861;AGARAGAR 100GR;UNIDADES;10%;;;NORMAL;;V;C;S; 
2317;2317;AGAVE;UNIDADES;10%;;;NORMAL;;V;C;S; 
2686;2686;agua alcalina;UNIDADES;10%;;;NORMAL;;V;C;S; 
2566;2566;agua de coco;UNIDADES;10%;;;NORMAL;;V;C;S; 
3375;3375;agua de mar;UNIDADES;10%;;;NORMAL;;V;C;S; 
3341;3341;agua de MAR 5L;UNIDADES;10%;;;NORMAL;;V;C;S; 
2800;2800;AGUA DE MAR LA FINSTRA;UNIDADES;10%;;;NORMAL;;V;C;S; 
1969;1969;agua de rosas 1969;UNIDADES;0%;;;NORMAL;;V;C;S; 
2763;2763;AGUA DENT RATANIA;UNIDADES;21%;;;NORMAL;;V;C;S; 
3418;3418;AGUA MAR;UNIDADES;10%;;;NORMAL;;V;C;S; 
2909;2909;AGUA MAR 2L;UNIDADES;10%;;;NORMAL;;V;C;S; 
2907;2907;agua mar 500g;UNIDADES;10%;;;NORMAL;;V;C;S; 
2559;2559;AJENJO;UNIDADES;10%;;;NORMAL;;V;C;S; 
1822;1822;AJO;UNIDADES;0%;;;NORMAL;;V;C;S; 
3405;3405;ajo en polvo;UNIDADES;10%;;;NORMAL;;V;C;S; 
3349;3349;albaricoces ecologicos;UNIDADES;10%;;;NORMAL;;V;C;S; 
1752;1752;alcachofera;UNIDADES;10%;;;NORMAL;;V;C;S; 
2515;2515;ALCACHOFERA;UNIDADES;10%;;;NORMAL;;V;C;S; 
2521;2521;ALCARAVEA;UNIDADES;10%;;;NORMAL;;V;C;S; 
3455;3455;aldous oregano;UNIDADES;10%;;;NORMAL;;V;C;S; 
2052;2052;aleo vera;UNIDADES;10%;;;NORMAL;;V;C;S; 
2857;2857;alga dulce;UNIDADES;4%;;;NORMAL;;V;C;S; 
2978;2978;ALGA OMEGA;UNIDADES;0%;;;NORMAL;;V;C;S; 
2670;2670;ALGAE OMEGA;UNIDADES;0%;;;NORMAL;;V;C;S; 
2504;2504;ALGARROBA;UNIDADES;10%;;;NORMAL;;V;C;S; 
1389;1389;algarroba c-p-l;UNIDADES;10%;;;NORMAL;;V;C;S; 
3358;3358;almedra repelada 150g;UNIDADES;4%;;;NORMAL;;V;C;S; 
3357;3357;ALMENDRA REPELADA;UNIDADES;4%;;;NORMAL;;V;C;S; 
2780;2780;almidon de tapioca;UNIDADES;10%;;;NORMAL;;V;C;S; 
2856;2856;ALMIDON DE TAPIOCA;UNIDADES;10%;;;NORMAL;;V;C;S; 
2701;2701;ALOE 1L;UNIDADES;10%;;;NORMAL;;V;C;S; 
2702;2702;aloe 500ml;UNIDADES;10%;;;NORMAL;;V;C;S; 
3163;3163;aloe vera cap;UNIDADES;0%;;;NORMAL;;V;C;S; 
2485;2485;ALOEVERA 485;UNIDADES;21%;;;NORMAL;;V;C;S; 
2813;2813;ALOEVERA 500ML;UNIDADES;0%;;;NORMAL;;V;C;S; 
2979;2979;alpha lipoc acid 250mg now;UNIDADES;0%;;;NORMAL;;V;C;S; 
2385;2385;alpha lipoic acid;UNIDADES;0%;;;NORMAL;;V;C;S; 
3160;3160;alpha lipolic acid 600mg;UNIDADES;0%;;;NORMAL;;V;C;S; 
2134;2134;ALUBIA BIO EXTRA;UNIDADES;2%;;;NORMAL;;V;C;S; 
3226;3226;alubias blancas;UNIDADES;4%;;;NORMAL;;V;C;S; 
1769;1769;ALLETAS CAPPELI CACAO;UNIDADES;10%;;;NORMAL;;V;C;S; 
2887;2887;AMARANTO INFLADO;UNIDADES;10%;;;NORMAL;;V;C;S; 
2116;2116;AMLA;UNIDADES;21%;;;NORMAL;;V;C;S; 
1972;1972;anis estellado;UNIDADES;10%;;;NORMAL;;V;C;S; 
1973;1973;ANIS VERDE;UNIDADES;10%;;;NORMAL;;V;C;S; 
2896;2896;ANTIMOSKITOS;UNIDADES;21%;;;NORMAL;;V;C;S; 
2997;2997;antistres;UNIDADES;10%;;;NORMAL;;V;C;S; 
2649;2649;anua cleansing oil;UNIDADES;21%;;;NORMAL;;V;C;S; 
3434;3434;APPLE CIDER VINEGAR;UNIDADES;0%;;;NORMAL;;V;C;S; 

ARTICULOS GENERAL;;;;;;;;;Pagina 3 ;;;;;Fecha : 03/02/2026;;;;;;;;
Codigo;Referencia;Articulo;Medida;IVA;;Seccion;Tipo;;V;C;S;F

001 TODAS;;;;;;;;;;;;;;;;;;;;;;
2142;2142;ARANDANOS;UNIDADES;10%;;;NORMAL;;V;C;S; 
1800;1800;arbol de te;UNIDADES;10%;;;NORMAL;;V;C;S; 
2076;2076;ARCILLA VERDE;UNIDADES;21%;;;NORMAL;;V;C;S; 
2068;2068;ARNICA;UNIDADES;21%;;;NORMAL;;V;C;S; 
1741;1741;aronia;UNIDADES;10%;;;NORMAL;;V;C;S; 
1708;1708;ARONIA BERRIES POLVO;UNIDADES;10%;;;NORMAL;;V;C;S; 
1808;1808;ARROWROOT;UNIDADES;10%;;;NORMAL;;V;C;S; 
3514;3514;arroz blanco;UNIDADES;4%;;;NORMAL;;V;C;S; 
1947;1947;ARROZ BLANCO;UNIDADES;2%;;;NORMAL;;V;C;S; 
3215;3215;arroz de sushi;UNIDADES;4%;;;NORMAL;;V;C;S; 
3111;3111;ARROZ INTEGRAL;UNIDADES;10%;;;NORMAL;;V;C;S; 
2838;2838;arroz negro;UNIDADES;4%;;;NORMAL;;V;C;S; 
1421;1421;ARROZ NEGRO;UNIDADES;4%;;;NORMAL;;V;C;S; 
3319;3319;ARROZ ROJO;UNIDADES;4%;;;NORMAL;;V;C;S; 
2931;2931;ARROZ SEMI 1KG;UNIDADES;4%;;;NORMAL;;V;C;S; 
1742;1742;artemisa;UNIDADES;10%;;;NORMAL;;V;C;S; 
2481;2481;ARTEMISA ANNUA;UNIDADES;10%;;;NORMAL;;V;C;S; 
2734;2734;ARTHRO FORTE;UNIDADES;0%;;;NORMAL;;V;C;S; 
1167;1167;ARTICULO 1167;UNIDADES;10%;;;NORMAL;;V;C;S; 
1292;1292;ARTICULO 1292;UNIDADES;10%;;;NORMAL;;V;C;S; 
1301;1301;ARTICULO 1301;UNIDADES;10%;;;NORMAL;;V;C;S; 
1320;1320;ARTICULO 1320;UNIDADES;10%;;;NORMAL;;V;C;S; 
1321;1321;ARTICULO 1321;UNIDADES;10%;;;NORMAL;;V;C;S; 
1322;1322;ARTICULO 1322;UNIDADES;10%;;;NORMAL;;V;C;S; 
1323;1323;ARTICULO 1323;UNIDADES;10%;;;NORMAL;;V;C;S; 
1324;1324;ARTICULO 1324;UNIDADES;10%;;;NORMAL;;V;C;S; 
1325;1325;ARTICULO 1325;UNIDADES;10%;;;NORMAL;;V;C;S; 
1333;1333;ARTICULO 1333;UNIDADES;10%;;;NORMAL;;V;C;S; 
1373;1373;ARTICULO 1373;UNIDADES;10%;;;NORMAL;;V;C;S; 
1449;1449;ARTICULO 1449;UNIDADES;10%;;;NORMAL;;V;C;S; 
1457;1457;ARTICULO 1457;UNIDADES;10%;;;NORMAL;;V;C;S; 
1607;1607;ARTICULO 1607;UNIDADES;10%;;;NORMAL;;V;C;S; 
1629;1629;ARTICULO 1629;UNIDADES;10%;;;NORMAL;;V; ; ; 
1657;1657;ARTICULO 1657;UNIDADES;10%;;;NORMAL;;V;C;S; 
1697;1697;ARTICULO 16978423903063828;UNIDADES;10%;;;NORMAL;;V;C;S; 
1701;1701;ARTICULO 1701;UNIDADES;10%;;;NORMAL;;V;C;S; 
1788;1788;ARTICULO 1788;UNIDADES;10%;;;NORMAL;;V;C;S; 
1803;1803;ARTICULO 1803;UNIDADES;10%;;;NORMAL;;V;C;S; 
1804;1804;ARTICULO 1804;UNIDADES;4%;;;NORMAL;;V;C;S; 
1821;1821;ARTICULO 1821;UNIDADES;10%;;;NORMAL;;V;C;S; 
1876;1876;ARTICULO 1876;UNIDADES;10%;;;NORMAL;;V;C;S; 
1877;1877;ARTICULO 1877;UNIDADES;10%;;;NORMAL;;V;C;S; 
1901;1901;ARTICULO 1901;UNIDADES;10%;;;NORMAL;;V;C;S; 
1902;1902;ARTICULO 1902;UNIDADES;10%;;;NORMAL;;V;C;S; 
1922;1922;ARTICULO 1922;UNIDADES;10%;;;NORMAL;;V;C;S; 
1925;1925;ARTICULO 1925;UNIDADES;10%;;;NORMAL;;V;C;S; 
1926;1926;ARTICULO 1926;UNIDADES;10%;;;NORMAL;;V;C;S; 
1943;1943;ARTICULO 1943;UNIDADES;2%;;;NORMAL;;V;C;S; 
1960;1960;ARTICULO 1960;UNIDADES;10%;;;NORMAL;;V;C;S; 
1971;1971;ARTICULO 1971;UNIDADES;10%;;;NORMAL;;V;C;S; 
2006;2006;ARTICULO 2006;UNIDADES;0%;;;NORMAL;;V;C;S; 

ARTICULOS GENERAL;;;;;;;;;Pagina 4 ;;;;;Fecha : 03/02/2026;;;;;;;;
Codigo;Referencia;Articulo;Medida;IVA;;Seccion;Tipo;;V;C;S;F

001 TODAS;;;;;;;;;;;;;;;;;;;;;;
2008;2008;ARTICULO 2008;UNIDADES;0%;;;NORMAL;;V;C;S; 
2074;2074;ARTICULO 2074;UNIDADES;10%;;;NORMAL;;V;C;S; 
2082;2082;ARTICULO 2082;UNIDADES;10%;;;NORMAL;;V;C;S; 
2083;2083;ARTICULO 2083;UNIDADES;10%;;;NORMAL;;V;C;S; 
2132;2132;ARTICULO 2132;UNIDADES;10%;;;NORMAL;;V;C;S; 
2327;2327;ARTICULO 2327;UNIDADES;10%;;;NORMAL;;V;C;S; 
2354;2354;ARTICULO 2354;UNIDADES;10%;;;NORMAL;;V;C;S; 
2380;2380;ARTICULO 2380;UNIDADES;10%;;;NORMAL;;V;C;S; 
2432;ex perejil;ARTICULO 2432;UNIDADES;10%;;;NORMAL;;V;C;S; 
2497;2497;ARTICULO 2497;UNIDADES;10%;;;NORMAL;;V;C;S; 
2525;2525;ARTICULO 2525;UNIDADES;10%;;;NORMAL;;V;C;S; 
2781;2781;ARTICULO 2781;UNIDADES;10%;;;NORMAL;;V;C;S; 
2965;;ARTICULO 2965;UNIDADES;21%;;;NORMAL;;V;C;S; 
3031;3031;ARTICULO 3031;UNIDADES;10%;;;NORMAL;;V;C;S; 
3038;3038;ARTICULO 3038;UNIDADES;10%;;;NORMAL;;V;C;S; 
3082;3082;ARTICULO 3082;UNIDADES;10%;;;NORMAL;;V;C;S; 
3129;3129;ARTICULO 3129;UNIDADES;10%;;;NORMAL;;V;C;S; 
3137;3137;ARTICULO 3137;UNIDADES;10%;;;NORMAL;;V;C;S; 
3178;3178;ARTICULO 3178;UNIDADES;10%;;;NORMAL;;V;C;S; 
3233;3233;ARTICULO 3233;UNIDADES;10%;;;NORMAL;;V;C;S; 
3259;3259;ARTICULO 3259;UNIDADES;21%;;;NORMAL;;V;C;S; 
3272;3272;ARTICULO 3272;UNIDADES;10%;;;NORMAL;;V;C;S; 
3277;3277;ARTICULO 3277;UNIDADES;10%;;;NORMAL;;V;C;S; 
3340;3340;ARTICULO 3340;UNIDADES;10%;;;NORMAL;;V;C;S; 
3356;3356;ARTICULO 3356;UNIDADES;10%;;;NORMAL;;V;C;S; 
3417;3417;ARTICULO 3417;UNIDADES;10%;;;NORMAL;;V;C;S; 
1726;5060326274276;ARTICULO 5060326274276;UNIDADES;10%;;;NORMAL;;V;C;S; 
977;977;ARTICULO 977;UNIDADES;10%;;;NORMAL;;V;C;S; 
982;982;ARTICULO 982;UNIDADES;10%;;;NORMAL;;V;C;S; 
1850;1850;ASHWAGANDHA;UNIDADES;10%;;;NORMAL;;V;C;S; 
2191;2191;ASHWAGANDHA 400mg;UNIDADES;0%;;;NORMAL;;V;C;S; 
2452;2452;ashwagandha nutralie;UNIDADES;10%;;;NORMAL;;V;C;S; 
2193;2193;ASHWAGANDHA+RHODIOLA;UNIDADES;0%;;;NORMAL;;V;C;S; 
3045;3045;ASHWAGHANDA +MAG 120C;UNIDADES;10%;;;NORMAL;;V;C;S; 
3044;3044;ASHWAGHANDA +MAG 30C;UNIDADES;10%;;;NORMAL;;V;C;S; 
2375;2375;ASHWAGHANDA +SHATAVARI;UNIDADES;0%;;;NORMAL;;V;C;S; 
3199;3199;ASHWAGHANDA FERMNT;UNIDADES;10%;;;NORMAL;;V;C;S; 
2072;2072;ASHWAGHANDA GUMMY;UNIDADES;10%;;;NORMAL;;V;C;S; 
2668;2668;ashwaghanda men;UNIDADES;0%;;;NORMAL;;V;C;S; 
2832;2832;ashwaghanda sleep;UNIDADES;0%;;;NORMAL;;V;C;S; 
2192;2192;ashwaghnda gomitas osavi;UNIDADES;10%;;;NORMAL;;V;C;S; 
2017;2017;ASTAXANTHIN 10MG;UNIDADES;0%;;;NORMAL;;V;C;S; 
3379;3379;astaxantina;UNIDADES;10%;;;NORMAL;;V;C;S; 
2376;2376;astragalus gotas;UNIDADES;0%;;;NORMAL;;V;C;S; 
2199;2199;atrix 50/50;UNIDADES;10%;;;NORMAL;;V;C;S; 
1923;1923;ATTIEKE;UNIDADES;10%;;;NORMAL;;V;C;S; 
2973;2973;atun aov;UNIDADES;10%;;;NORMAL;;V;C;S; 
2926;2926;ATUN BIOCOP;UNIDADES;10%;;;NORMAL;;V;C;S; 
2974;2974;ATUN ESCABECHE;UNIDADES;10%;;;NORMAL;;V;C;S; 
1924;1924;avena 1,5kg;UNIDADES;10%;;;NORMAL;;V;C;S; 
3296;3296;AVENA 1KG S/G;UNIDADES;10%;;;NORMAL;;V;C;S; 

ARTICULOS GENERAL;;;;;;;;;Pagina 5 ;;;;;Fecha : 03/02/2026;;;;;;;;
Codigo;Referencia;Articulo;Medida;IVA;;Seccion;Tipo;;V;C;S;F

001 TODAS;;;;;;;;;;;;;;;;;;;;;;
1687;1687;avena sin gluten 1kg;UNIDADES;0%;;;NORMAL;;V;C;S; 
3029;3029;ayurdent;UNIDADES;21%;;;NORMAL;;V;C;S; 
3028;3028;AYURDENT;UNIDADES;21%;;;NORMAL;;V;C;S; 
2143;2143;azafran;UNIDADES;10%;;;NORMAL;;V;C;S; 
2130;2130;azafran suravitasan;UNIDADES;10%;;;NORMAL;;V;C;S; 
1696;1696;azucar de maiz;UNIDADES;10%;;;NORMAL;;V;C;S; 
1690;1690;AZUCAR VAINILLA;UNIDADES;10%;;;NORMAL;;V;C;S; 
2829;2829;b1 OSAVI;UNIDADES;0%;;;NORMAL;;V;C;S; 
3462;3462;B12;UNIDADES;10%;;;NORMAL;;V;C;S; 
2001;2001;B12 GOTAS;UNIDADES;0%;;;NORMAL;;V;C;S; 
2806;2806;B6 ALL NUTRICION;UNIDADES;0%;;;NORMAL;;V;C;S; 
2357;2357;BAGUET 2 S/G;UNIDADES;10%;;;NORMAL;;V;C;S; 
1603;1603;BALSAMO LABIAL;UNIDADES;21%;;;NORMAL;;V;C;S; 
2754;2754;balsamo multiusos;UNIDADES;21%;;;NORMAL;;V;C;S; 
1686;1686;BALSAMO TIGER BLANCO;UNIDADES;21%;;;NORMAL;;V;C;S; 
1685;1685;BALSAMO TIGER ROJO;UNIDADES;21%;;;NORMAL;;V;C;S; 
2092;2092;banban glicolico;UNIDADES;21%;;;NORMAL;;V;C;S; 
2091;2091;BANBAN PACK;UNIDADES;21%;;;NORMAL;;V;C;S; 
3025;3025;baño de crema;UNIDADES;21%;;;NORMAL;;V;C;S; 
2271;2271;bar minidona;UNIDADES;10%;;;NORMAL;;V;C;S; 
2268;2268;BAR MINIDONA;UNIDADES;10%;;;NORMAL;;V;C;S; 
3109;3109;barrita;UNIDADES;10%;;;NORMAL;;V;C;S; 
3309;3309;BARRITA;UNIDADES;0%;;;NORMAL;;V;C;S; 
1729;1729;BARRITA CONGUITO BL;UNIDADES;10%;;;NORMAL;;V;C;S; 
1853;1853;BARRITA DE LACASITOS;UNIDADES;10%;;;NORMAL;;V;C;S; 
1739;1739;barrita granaada;UNIDADES;10%;;;NORMAL;;V;C;S; 
2364;2364;BASE PIZZA;UNIDADES;10%;;;NORMAL;;V;C;S; 
3499;3499;BASTONCILLOS;UNIDADES;21%;;;NORMAL;;V;C;S; 
2839;2839;bastones de almendra;UNIDADES;4%;;;NORMAL;;V;C;S; 
3306;3306;bcaa;UNIDADES;0%;;;NORMAL;;V;C;S; 
1847;1847;BCAA;UNIDADES;10%;;;NORMAL;;V;C;S; 
2346;2346;bcaa biotech;UNIDADES;0%;;;NORMAL;;V;C;S; 
1563;1563;BCAA GLUTAMINE;UNIDADES;10%;;;NORMAL;;V;C;S; 
2101;2101;be positive;UNIDADES;21%;;;NORMAL;;V;C;S; 
2070;2070;BE POSITIVE;UNIDADES;21%;;;NORMAL;;V;C;S; 
2676;2676;BEAN ESSENCE;UNIDADES;21%;;;NORMAL;;V;C;S; 
3177;3177;beauty blend;UNIDADES;0%;;;NORMAL;;V;C;S; 
2651;2651;beauty of jonseon psf50+;UNIDADES;21%;;;NORMAL;;V;C;S; 
1837;1837;BEBIDA DE ALMENDRA;UNIDADES;10%;;;NORMAL;;V;C;S; 
1838;1838;bebida de almendra bio;UNIDADES;10%;;;NORMAL;;V;C;S; 
2486;2486;bebida de arroz;UNIDADES;10%;;;NORMAL;;V;C;S; 
2144;2144;BEBIDA DE ARROZ;UNIDADES;10%;;;NORMAL;;V;C;S; 
1780;1780;bebida de avena;UNIDADES;10%;;;NORMAL;;V;C;S; 
2000;2000;bebida de espelta;UNIDADES;10%;;;NORMAL;;V;C;S; 
1944;1944;BEBIDA DE REMOLACHA;UNIDADES;10%;;;NORMAL;;V;C;S; 
1169;1169;BEBIDA LIMON;UNIDADES;21%;;;NORMAL;;V;C;S; 
2537;2537;beef protein;UNIDADES;0%;;;NORMAL;;V;C;S; 
2536;2536;BEEF PROTEIN;UNIDADES;0%;;;NORMAL;;V;C;S; 
2102;2102;BEPOSITIVE;UNIDADES;10%;;;NORMAL;;V;C;S; 
1869;1869;berberin;UNIDADES;10%;;;NORMAL;;V;C;S; 
1195;1195;BERBERINE COMPLEX;UNIDADES;10%;;;NORMAL;;V;C;S; 

ARTICULOS GENERAL;;;;;;;;;Pagina 6 ;;;;;Fecha : 03/02/2026;;;;;;;;
Codigo;Referencia;Articulo;Medida;IVA;;Seccion;Tipo;;V;C;S;F

001 TODAS;;;;;;;;;;;;;;;;;;;;;;
3161;3161;berberine phytosome;UNIDADES;0%;;;NORMAL;;V;C;S; 
1737;1737;beta alanina;UNIDADES;10%;;SECCION1;NORMAL;;V;C;S; 
1475;1475;BETA ALANINA;UNIDADES;10%;;;NORMAL;;V;C;S; 
2976;2976;betain hci;UNIDADES;0%;;;NORMAL;;V;C;S; 
1866;1866;betaine;UNIDADES;10%;;;NORMAL;;V;C;S; 
3022;3022;BF;UNIDADES;10%;;;NORMAL;;V;C;S; 
1812;1812;BICARBONAATO;UNIDADES;10%;;;NORMAL;;V;C;S; 
3046;3046;bicarbonato 500g;UNIDADES;10%;;;NORMAL;;V;C;S; 
2998;2998;BIDEPRESAN;UNIDADES;10%;;;NORMAL;;V;C;S; 
1867;1867;BIDON;UNIDADES;10%;;;NORMAL;;V;C;S; 
2679;2679;BIFIDA ESSENCE;UNIDADES;21%;;;NORMAL;;V;C;S; 
1566;1566;BIG REAL;UNIDADES;10%;;;NORMAL;;V;C;S; 
1773;1773;BIO PILLOWS;UNIDADES;10%;;;NORMAL;;V;C;S; 
2696;2696;BIOPACER SPORT;UNIDADES;10%;;;NORMAL;;V;C;S; 
2891;2891;biopillows;UNIDADES;10%;;;NORMAL;;V;C;S; 
3200;3200;biotina gominolas;UNIDADES;10%;;;NORMAL;;V;C;S; 
2798;2798;BISCOCHO S/G GERMINAL;UNIDADES;10%;;;NORMAL;;V;C;S; 
2168;2168;BISGLICINATO;UNIDADES;10%;;;NORMAL;;V;C;S; 
1562;1562;BISGLYCINATE;UNIDADES;10%;;;NORMAL;;V;C;S; 
2993;2993;BISILUET;UNIDADES;10%;;;NORMAL;;V;C;S; 
3286;3286;BITRANSAMIN;UNIDADES;10%;;;NORMAL;;V;C;S; 
2214;2214;black blood;UNIDADES;0%;;;NORMAL;;V;C;S; 
2538;2538;BLACK BLOOD;UNIDADES;0%;;;NORMAL;;V;C;S; 
3066;3066;BLACK BLOOD CAF+;UNIDADES;0%;;;NORMAL;;V;C;S; 
3068;3068;BLACK BLOOD NOX+;UNIDADES;0%;;;NORMAL;;V;C;S; 
3101;3101;black maca life pro;UNIDADES;10%;;;NORMAL;;V;C;S; 
1730;1730;BLACK MAX;UNIDADES;10%;;;NORMAL;;V;C;S; 
1732;1732;black max choco BL;UNIDADES;10%;;;NORMAL;;V;C;S; 
1731;1731;black max choco ng;UNIDADES;10%;;;NORMAL;;V;C;S; 
2943;2943;BLUCH;UNIDADES;21%;;;NORMAL;;V;C;S; 
2899;2899;BODY MILK PIC;UNIDADES;21%;;;NORMAL;;V;C;S; 
2557;2557;BOLDO;UNIDADES;10%;;;NORMAL;;V;C;S; 
3495;3495;BOLSA DE BASURA;UNIDADES;21%;;;NORMAL;;V;C;S; 
1714;1714;bombon;UNIDADES;10%;;;NORMAL;;V;C;S; 
1658;1658;BOMBONES;UNIDADES;10%;;;NORMAL;;V;C;S; 
2986;2986;boron;UNIDADES;0%;;;NORMAL;;V;C;S; 
3164;3164;BORON 3MG;UNIDADES;0%;;;NORMAL;;V;C;S; 
2249;2249;BOTELLA DE COBRE;UNIDADES;21%;;;NORMAL;;V;C;S; 
1614;1614;botella verde;UNIDADES;10%;;;NORMAL;;V;C;S; 
2687;2687;BRAIN COMPLEX;UNIDADES;10%;;;NORMAL;;V;C;S; 
3399;3399;BRAZIL;UNIDADES;4%;;;NORMAL;;V;C;S; 
2137;2137;BUENAS NOCHES;UNIDADES;10%;;;NORMAL;;V;C;S; 
2801;2801;BURGER MIJO BERENJENA;UNIDADES;10%;;;NORMAL;;V;C;S; 
2169;2169;burn4all;UNIDADES;0%;;;NORMAL;;V;C;S; 
2170;2170;burn4all 200mg caffeine;UNIDADES;0%;;;NORMAL;;V;C;S; 
3154;3154;burn4all extr;UNIDADES;0%;;;NORMAL;;V;C;S; 
2850;2850;butibifidus;UNIDADES;10%;;;NORMAL;;V;C;S; 
1927;1927;c pura;UNIDADES;10%;;;NORMAL;;V;C;S; 
2379;2379;C-100 ZINCNOW;UNIDADES;0%;;;NORMAL;;V;C;S; 
2019;2019;C1000 ZINC D3;UNIDADES;0%;;;NORMAL;;V;C;S; 
2692;2692;cacao con hongos;UNIDADES;10%;;;NORMAL;;V;C;S; 

ARTICULOS GENERAL;;;;;;;;;Pagina 7 ;;;;;Fecha : 03/02/2026;;;;;;;;
Codigo;Referencia;Articulo;Medida;IVA;;Seccion;Tipo;;V;C;S;F

001 TODAS;;;;;;;;;;;;;;;;;;;;;;
1704;1704;CACAO EN GRANO;UNIDADES;10%;;;NORMAL;;V;C;S; 
3205;3205;cacaolat pro;UNIDADES;10%;;;NORMAL;;V;C;S; 
3071;3071;CAF+TAURINA;UNIDADES;0%;;;NORMAL;;V;C;S; 
3488;;cafe canella;UNIDADES;10%;;;NORMAL;;V;C;S; 
3491;3491;CAFE COLOMBIA;UNIDADES;10%;;;NORMAL;;V;C;S; 
2503;2503;cafe de cereales;UNIDADES;10%;;;NORMAL;;V;C;S; 
1776;1776;cafe desc;UNIDADES;10%;;;NORMAL;;V;C;S; 
2369;2369;cafe en grano;UNIDADES;10%;;;NORMAL;;V;C;S; 
3490;3490;cafe ethiopia;UNIDADES;10%;;;NORMAL;;V;C;S; 
3122;3122;cafe grano mexique;UNIDADES;10%;;;NORMAL;;V;C;S; 
3489;3489;CAFE GUATEMALA;UNIDADES;10%;;;NORMAL;;V;C;S; 
1775;1775;CAFE NATURAL;UNIDADES;10%;;;NORMAL;;V;C;S; 
1779;1779;CAFE SOLUBLE;UNIDADES;10%;;;NORMAL;;V;C;S; 
3487;3487;CAFE VAINILLA;UNIDADES;10%;;;NORMAL;;V;C;S; 
2081;2081;CAFEINA 200MG;UNIDADES;10%;;;NORMAL;;V;C;S; 
3390;3390;caja winter;UNIDADES;21%;;;NORMAL;;V;C;S; 
2054;2054;caldo de huesos;UNIDADES;10%;;;NORMAL;;V;C;S; 
3508;3508;CALDO PACK;UNIDADES;10%;;;NORMAL;;V;C;S; 
2037;2037;CALDO POLLO;UNIDADES;10%;;;NORMAL;;V;C;S; 
2038;2038;caldo verdura;UNIDADES;10%;;;NORMAL;;V;C;S; 
3305;3305;calendrario;UNIDADES;10%;;;NORMAL;;V;C;S; 
2119;2119;calendula;UNIDADES;10%;;;NORMAL;;V;C;S; 
3007;3007;CALENDULA;UNIDADES;21%;;;NORMAL;;V;C;S; 
3017;3017;calmia dia;UNIDADES;10%;;;NORMAL;;V;C;S; 
3013;3013;calmia forte;UNIDADES;10%;;;NORMAL;;V;C;S; 
2131;2131;CALOSTRO;UNIDADES;10%;;;NORMAL;;V;C;S; 
3194;3194;camu camu;UNIDADES;10%;;;NORMAL;;V;C;S; 
2189;2189;candida support;UNIDADES;0%;;;NORMAL;;V;C;S; 
2020;2020;CANDIDA SUPPORT;UNIDADES;0%;;;NORMAL;;V;C;S; 
2453;2453;canela 25g;UNIDADES;10%;;;NORMAL;;V;C;S; 
2454;2454;CANELA 70G;UNIDADES;10%;;;NORMAL;;V;C;S; 
2243;2243;CANELA RAMA;UNIDADES;10%;;;NORMAL;;V;C;S; 
2237;2237;cañamo 200g;UNIDADES;2%;;;NORMAL;;V;C;S; 
3174;3174;CAPRYLIC ACID;UNIDADES;0%;;;NORMAL;;V;C;S; 
1294;1294;CARAMELO;UNIDADES;0%;;;NORMAL;;V;C;S; 
1682;1682;caramelos;UNIDADES;10%;;;NORMAL;;V;C;S; 
1683;1683;CARAMELOS;UNIDADES;10%;;;NORMAL;;V;C;S; 
1893;1893;caramelos de manuka;UNIDADES;10%;;;NORMAL;;V;C;S; 
2147;2147;carbon activo;UNIDADES;10%;;;NORMAL;;V;C;S; 
2351;2351;carbox;UNIDADES;0%;;;NORMAL;;V;C;S; 
2493;2493;CARDAMOMO;UNIDADES;10%;;;NORMAL;;V;C;S; 
2561;2561;CARDAMOMO CID;UNIDADES;10%;;;NORMAL;;V;C;S; 
1753;1753;cardo mariano;UNIDADES;10%;;;NORMAL;;V;C;S; 
3271;3271;CARDO MARIANO;UNIDADES;10%;;;NORMAL;;V;C;S; 
1879;1879;CASAVE;UNIDADES;10%;;;NORMAL;;V;C;S; 
3209;3209;CASEINA LIFE;UNIDADES;10%;;;NORMAL;;V;C;S; 
2619;2619;castaño indio extr;UNIDADES;10%;;;NORMAL;;V;C;S; 
3437;3437;CASTOR OIL;UNIDADES;0%;;;NORMAL;;V;C;S; 
3220;3220;CBD 7%;UNIDADES;21%;;;NORMAL;;V;C;S; 
3166;3166;CEATINAA CHUP;UNIDADES;0%;;;NORMAL;;V;C;S; 
1913;1913;CEBADA;UNIDADES;2%;;;NORMAL;;V;C;S; 

ARTICULOS GENERAL;;;;;;;;;Pagina 8 ;;;;;Fecha : 03/02/2026;;;;;;;;
Codigo;Referencia;Articulo;Medida;IVA;;Seccion;Tipo;;V;C;S;F

001 TODAS;;;;;;;;;;;;;;;;;;;;;;
3422;3422;CEBOLLA;UNIDADES;10%;;;NORMAL;;V;C;S; 
3394;3394;CEJAS;UNIDADES;21%;;;NORMAL;;V;C;S; 
1715;1715;CELIBIO AVENA GRANADA;UNIDADES;10%;;;NORMAL;;V;C;S; 
2148;2148;CELLIMINE;UNIDADES;10%;;;NORMAL;;V;C;S; 
2111;2111;centella body +facial;UNIDADES;21%;;;NORMAL;;V;C;S; 
2684;2684;CENTELLA MASK;UNIDADES;21%;;;NORMAL;;V;C;S; 
1912;1912;centeno;UNIDADES;2%;;;NORMAL;;V;C;S; 
3500;3500;CEPILLO;UNIDADES;21%;;;NORMAL;;V;C;S; 
3152;3152;cepillo bambu y carbon;UNIDADES;21%;;;NORMAL;;V;C;S; 
3388;3388;CEPILLO CARA;UNIDADES;21%;;;NORMAL;;V;C;S; 
2548;2548;CEPILLO CELULITIS;UNIDADES;21%;;;NORMAL;;V;C;S; 
3494;3494;cepillo dent;UNIDADES;21%;;;NORMAL;;V;C;S; 
3493;3493;CEPILLO DENT;UNIDADES;21%;;;NORMAL;;V;C;S; 
3150;3150;cepillo inf;UNIDADES;21%;;;NORMAL;;V;C;S; 
3149;3149;CEPILLO INF;UNIDADES;21%;;;NORMAL;;V;C;S; 
2958;2958;CEPILLO PELO BAMBO;UNIDADES;21%;;;NORMAL;;V;C;S; 
3501;3501;cepillo PRO;UNIDADES;21%;;;NORMAL;;V;C;S; 
2940;2940;cepillo sonic;UNIDADES;21%;;;NORMAL;;V;C;S; 
3254;3254;CERA DE ABEJA;UNIDADES;21%;;;NORMAL;;V;C;S; 
3269;3269;CEREALES;UNIDADES;10%;;;NORMAL;;V;C;S; 
1557;1557;cfm choco;UNIDADES;10%;;;NORMAL;;V;C;S; 
1559;1559;cfm pink;UNIDADES;10%;;;NORMAL;;V;C;S; 
2680;2680;cica-hyal eye patch;UNIDADES;21%;;;NORMAL;;V;C;S; 
2518;2518;cilantro;UNIDADES;10%;;;NORMAL;;V;C;S; 
3085;3085;CIRCULACION;UNIDADES;10%;;;NORMAL;;V;C;S; 
1787;1787;citrato de mag;UNIDADES;0%;;;NORMAL;;V;C;S; 
1896;1896;CITRATO DE MAGNESIO;UNIDADES;10%;;;NORMAL;;V;C;S; 
2167;2167;citrato de potasio;UNIDADES;10%;;;NORMAL;;V;C;S; 
1794;1794;CITRATO DE POTASIUM;UNIDADES;10%;;;NORMAL;;V;C;S; 
1786;1786;CITRATO DE POTASUIM;UNIDADES;10%;;;NORMAL;;V;C;S; 
2971;2971;CITRATO MAGNESIO;UNIDADES;10%;;;NORMAL;;V;C;S; 
2050;2050;CITROBIOC GOTAS;UNIDADES;10%;;;NORMAL;;V;C;S; 
2049;2049;citrobiotic;UNIDADES;10%;;;NORMAL;;V;C;S; 
2716;2716;citronella;UNIDADES;10%;;;NORMAL;;V;C;S; 
1568;1568;CLA;UNIDADES;10%;;;NORMAL;;V;C;S; 
2439;2439;CLA+ L-CARNETINA;UNIDADES;0%;;;NORMAL;;V;C;S; 
3155;3155;CLA+L-CAR+GR TEA;UNIDADES;0%;;;NORMAL;;V;C;S; 
3141;3141;classic spray;UNIDADES;10%;;;NORMAL;;V;C;S; 
2935;2935;clavo 35g;UNIDADES;10%;;;NORMAL;;V;C;S; 
1967;1967;clavo de olor;UNIDADES;0%;;;NORMAL;;V;C;S; 
2844;2844;CLEANINTEST;UNIDADES;10%;;;NORMAL;;V;C;S; 
3083;3083;cleanpylori;UNIDADES;10%;;;NORMAL;;V;C;S; 
2675;2675;CLEANSING FOAM;UNIDADES;21%;;;NORMAL;;V;C;S; 
2853;2853;CLEAR ISO SANDIA;UNIDADES;10%;;;NORMAL;;V;C;S; 
2869;2869;clear piruleta;UNIDADES;10%;;;NORMAL;;V;C;S; 
2785;2785;CLEAR PROTIEN kojac cola 750G;UNIDADES;10%;;;NORMAL;;V;C;S; 
2786;2786;CLEAR PROTIEN kojac MORA750G;UNIDADES;10%;;;NORMAL;;V;C;S; 
2178;2178;CLEAR SKIN;UNIDADES;0%;;;NORMAL;;V;C;S; 
2567;2567;CLOROFILA;UNIDADES;10%;;;NORMAL;;V;C;S; 
3034;3034;coco rallado;UNIDADES;10%;;;NORMAL;;V;C;S; 
2373;2373;cocolytes;UNIDADES;10%;;;NORMAL;;V;C;S; 

ARTICULOS GENERAL;;;;;;;;;Pagina 9 ;;;;;Fecha : 03/02/2026;;;;;;;;
Codigo;Referencia;Articulo;Medida;IVA;;Seccion;Tipo;;V;C;S;F

001 TODAS;;;;;;;;;;;;;;;;;;;;;;
3460;3460;COCOLYTES;UNIDADES;0%;;;NORMAL;;V;C;S; 
2196;2196;cod liver 250ml;UNIDADES;0%;;;NORMAL;;V;C;S; 
2403;2403;COD LIVER 250ML OSAVI;UNIDADES;0%;;;NORMAL;;V;C;S; 
2404;2404;cod liver 500ml;UNIDADES;0%;;;NORMAL;;V;C;S; 
2405;2405;COD LIVER 500ML;UNIDADES;0%;;;NORMAL;;V;C;S; 
2195;2195;cod liver kids;UNIDADES;0%;;;NORMAL;;V;C;S; 
1565;1565;COD LIVER OIL;UNIDADES;10%;;;NORMAL;;V;C;S; 
3497;3497;CODIUM;UNIDADES;4%;;;NORMAL;;V;C;S; 
3366;3366;COFRE;UNIDADES;0%;;;NORMAL;;V;C;S; 
2934;2934;COLA DE CABALLO;UNIDADES;10%;;;NORMAL;;V;C;S; 
1671;1671;colagen;UNIDADES;0%;;;NORMAL;;V;C;S; 
2025;2025;colagen osavi;UNIDADES;0%;;;NORMAL;;V;C;S; 
2919;2919;colageno;UNIDADES;10%;;;NORMAL;;V;C;S; 
1789;1789;COLAGENO +MAG;UNIDADES;10%;;;NORMAL;;V;C;S; 
1790;1790;COLAGENO BEAUTY;UNIDADES;10%;;;NORMAL;;V;C;S; 
2867;2867;colageno marino;UNIDADES;10%;;;NORMAL;;V;C;S; 
2188;2188;COLAGENO MARINO NEOCELL;UNIDADES;0%;;;NORMAL;;V;C;S; 
3015;3015;colageno mobility;UNIDADES;10%;;;NORMAL;;V;C;S; 
2151;2151;colagenova;UNIDADES;10%;;;NORMAL;;V;C;S; 
2027;2027;colastrum;UNIDADES;0%;;;NORMAL;;V;C;S; 
1954;1954;colestfenol 2,5g;UNIDADES;10%;;;NORMAL;;V;C;S; 
2656;2656;COLONCALM FLORA;UNIDADES;10%;;;NORMAL;;V;C;S; 
2295;2295;COLORETE;UNIDADES;21%;;;NORMAL;;V;C;S; 
2296;2296;colorete duo 02;UNIDADES;21%;;;NORMAL;;V;C;S; 
2706;2706;COLVITA;UNIDADES;10%;;;NORMAL;;V;C;S; 
2002;2002;COLLAGEN BEAUTY;UNIDADES;0%;;;NORMAL;;V;C;S; 
2681;2681;collagen eye;UNIDADES;21%;;;NORMAL;;V;C;S; 
2187;2187;collagen neocell;UNIDADES;0%;;;NORMAL;;V;C;S; 
3167;3167;collagen neocell 180cmp;UNIDADES;0%;;;NORMAL;;V;C;S; 
3168;3168;collagen neocell 270COMP;UNIDADES;0%;;;NORMAL;;V;C;S; 
1749;1749;COMINO;UNIDADES;10%;;;NORMAL;;V;C;S; 
3480;3480;COMINO NEGRO ACIETE;UNIDADES;10%;;;NORMAL;;V;C;S; 
3097;3097;comino negro suravitasan;UNIDADES;10%;;;NORMAL;;V;C;S; 
2792;2792;COMINO PQ;UNIDADES;10%;;;NORMAL;;V;C;S; 
3159;3159;COMPLETE MEAL;UNIDADES;0%;;;NORMAL;;V;C;S; 
3181;3181;COMPLETE PROTEIN;UNIDADES;0%;;;NORMAL;;V;C;S; 
1917;1917;COMPLEX TRIBULUS;UNIDADES;0%;;;NORMAL;;V;C;S; 
2903;2903;COMPLEX VISION NUTRALIE;UNIDADES;10%;;;NORMAL;;V;C;S; 
2501;2501;COMPOTA DE ALBARICOQUE;UNIDADES;10%;;;NORMAL;;V;C;S; 
3298;3298;compota de arandanos/gin;UNIDADES;10%;;;NORMAL;;V;C;S; 
3521;3521;compota de bergamota;UNIDADES;10%;;;NORMAL;;V;C;S; 
3520;3520;COMPOTA DE MANGO;UNIDADES;10%;;;NORMAL;;V;C;S; 
1764;1764;compota de melocoton;UNIDADES;10%;;;NORMAL;;V;C;S; 
3522;3522;COMPOTA DE MEMBRILLO;UNIDADES;10%;;;NORMAL;;V;C;S; 
1765;1765;COMPOTA DE MORAS;UNIDADES;10%;;;NORMAL;;V;C;S; 
3297;3297;COMPOTA DE NARNJ/GIN;UNIDADES;10%;;;NORMAL;;V;C;S; 
3509;3509;COMPRESA;UNIDADES;4%;;;NORMAL;;V;C;S; 
3227;3227;CONFORT DIGESTIVO;UNIDADES;10%;;;NORMAL;;V;C;S; 
2704;2704;CONFORT DREAMS;UNIDADES;10%;;;NORMAL;;V;C;S; 
2152;2152;CONFORTE URINARIO;UNIDADES;10%;;;NORMAL;;V;C;S; 
2270;2270;CONGUITOS GALLETA;UNIDADES;10%;;;NORMAL;;V;C;S; 

ARTICULOS GENERAL;;;;;;;;;Pagina 10 ;;;;;Fecha : 03/02/2026;;;;;;;;
Codigo;Referencia;Articulo;Medida;IVA;;Seccion;Tipo;;V;C;S;F

001 TODAS;;;;;;;;;;;;;;;;;;;;;;
2370;2370;CONSUELDA;UNIDADES;10%;;;NORMAL;;V;C;S; 
1981;1981;contorno de ojo la vera;UNIDADES;21%;;;NORMAL;;V;C;S; 
1993;1993;contorno de ojos;UNIDADES;21%;;;NORMAL;;V;C;S; 
3512;3512;COOKIES;UNIDADES;10%;;;NORMAL;;V;C;S; 
1825;1825;copos de trigo sarraceno;UNIDADES;10%;;;NORMAL;;V;C;S; 
2834;2834;CoQ10 100MG 50C;UNIDADES;0%;;;NORMAL;;V;C;S; 
3104;3104;CoQ10 100MG 90CAP NOW;UNIDADES;0%;;;NORMAL;;V;C;S; 
2809;2809;COQ10 100MG BIOPEREINE;UNIDADES;0%;;;NORMAL;;V;C;S; 
2820;2820;CoQ10 100MG NOW 90C;UNIDADES;0%;;;NORMAL;;V;C;S; 
3221;3221;coq10 200mg;UNIDADES;0%;;;NORMAL;;V;C;S; 
2810;2810;COQ10 200MG BIOPEREINE;UNIDADES;0%;;;NORMAL;;V;C;S; 
2831;2831;CoQ10 LIQ;UNIDADES;0%;;;NORMAL;;V;C;S; 
2584;2584;coquitos de espl;UNIDADES;10%;;;NORMAL;;V;C;S; 
2300;2300;CORRECTOR FLUIDO 01;UNIDADES;21%;;;NORMAL;;V;C;S; 
2301;2301;CORRECTOR FLUIDO 02;UNIDADES;21%;;;NORMAL;;V;C;S; 
2328;2328;cracker QUINOA 150g;UNIDADES;10%;;;NORMAL;;V;C;S; 
2264;2264;crackers de avena;UNIDADES;0%;;;NORMAL;;V;C;S; 
1758;1758;crackers tr sarraceno 300g;UNIDADES;10%;;;NORMAL;;V;C;S; 
3274;3274;CRANBERRY;UNIDADES;10%;;;NORMAL;;V;C;S; 
3273;3273;cranberry complex;UNIDADES;10%;;;NORMAL;;V;C;S; 
1868;1868;cranprobio;UNIDADES;10%;;;NORMAL;;V;C;S; 
3061;3061;crea zero;UNIDADES;0%;;;NORMAL;;V;C;S; 
1710;1710;creatina;UNIDADES;10%;;;NORMAL;;V;C;S; 
3114;3114;CREATINA;UNIDADES;10%;;;NORMAL;;V;C;S; 
2348;2348;CREATINA 300G;UNIDADES;0%;;;NORMAL;;V;C;S; 
2347;2347;CREATINA 500G;UNIDADES;0%;;;NORMAL;;V;C;S; 
2591;2591;creatina 650g;UNIDADES;10%;;;NORMAL;;V;C;S; 
2590;2590;CREATINA 650G;UNIDADES;10%;;;NORMAL;;V;C;S; 
3180;3180;creatina cola;UNIDADES;0%;;;NORMAL;;V;C;S; 
2589;2589;creatina melon 650g;UNIDADES;10%;;;NORMAL;;V;C;S; 
3179;3179;CREATINA ORANGE;UNIDADES;0%;;;NORMAL;;V;C;S; 
3110;3110;crema;UNIDADES;10%;;;NORMAL;;V;C;S; 
2511;2511;crema blanca;UNIDADES;10%;;;NORMAL;;V;C;S; 
1899;1899;crema colorante;UNIDADES;21%;;;NORMAL;;V;C;S; 
1898;1898;CREMA COLORANTE;UNIDADES;21%;;;NORMAL;;V;C;S; 
3281;3281;CREMA COMFORT;UNIDADES;21%;;;NORMAL;;V;C;S; 
2549;2549;crema corporal q10;UNIDADES;21%;;;NORMAL;;V;C;S; 
2513;2513;crema choco;UNIDADES;10%;;;NORMAL;;V;C;S; 
2512;2512;CREMA CHOCO ALMENDRA;UNIDADES;10%;;;NORMAL;;V;C;S; 
2768;2768;CREMA DE AFEITAR;UNIDADES;21%;;;NORMAL;;V;C;S; 
1852;1852;CREMA DE ARROZ NUETRA;UNIDADES;10%;;;NORMAL;;V;C;S; 
1703;1703;crema de avellana;UNIDADES;10%;;;NORMAL;;V;C;S; 
2087;2087;CREMA DE AVELLANA;UNIDADES;10%;;;NORMAL;;V;C;S; 
1809;1809;CREMA DE BONITO;UNIDADES;10%;;;NORMAL;;V;C;S; 
3214;3214;CREMA DE CACAHUETE;UNIDADES;10%;;;NORMAL;;V;C;S; 
2799;2799;crema de calabaza;UNIDADES;10%;;;NORMAL;;V;C;S; 
2329;2329;CREMA DE CALENDULA;UNIDADES;21%;;;NORMAL;;V;C;S; 
2121;2121;CREMA DE COCO;UNIDADES;10%;;;NORMAL;;V;C;S; 
1992;1992;CREMA DE DIA HINIJO;UNIDADES;21%;;;NORMAL;;V;C;S; 
2579;2579;crema de mano;UNIDADES;21%;;;NORMAL;;V;C;S; 
2182;2182;CREMA DE MANO;UNIDADES;0%;;;NORMAL;;V;C;S; 

ARTICULOS GENERAL;;;;;;;;;Pagina 11 ;;;;;Fecha : 03/02/2026;;;;;;;;
Codigo;Referencia;Articulo;Medida;IVA;;Seccion;Tipo;;V;C;S;F

001 TODAS;;;;;;;;;;;;;;;;;;;;;;
1984;1984;crema de mano pq;UNIDADES;21%;;;NORMAL;;V;C;S; 
1987;1987;crema de manos noche;UNIDADES;21%;;;NORMAL;;V;C;S; 
3001;3001;CREMA DE MANZANA;UNIDADES;10%;;;NORMAL;;V;C;S; 
1991;1991;crema de noche hinojo;UNIDADES;21%;;;NORMAL;;V;C;S; 
3000;3000;crema de pera;UNIDADES;10%;;;NORMAL;;V;C;S; 
3502;3502;CREMA DE PÌES;UNIDADES;21%;;;NORMAL;;V;C;S; 
3117;3117;CREMA DE PISTACHO;UNIDADES;0%;;;NORMAL;;V;C;S; 
2122;2122;crema de sarraceno;UNIDADES;10%;;;NORMAL;;V;C;S; 
1797;1797;CREMA FACIAL;UNIDADES;21%;;;NORMAL;;V;C;S; 
3282;3282;crema harmony;UNIDADES;21%;;;NORMAL;;V;C;S; 
2769;2769;crema hidratante;UNIDADES;21%;;;NORMAL;;V;C;S; 
3019;3019;CREMA INTIMA CANNAGYN;UNIDADES;21%;;;NORMAL;;V;C;S; 
2632;2632;crema mixsoon;UNIDADES;21%;;;NORMAL;;V;C;S; 
3024;3024;CREMA PAÑAL DUO;UNIDADES;21%;;;NORMAL;;V;C;S; 
3359;3359;CREMA PISTACHOS;UNIDADES;10%;;;NORMAL;;V;C;S; 
3283;3283;CREMA PURIFYING;UNIDADES;21%;;;NORMAL;;V;C;S; 
2065;2065;crema rose;UNIDADES;21%;;;NORMAL;;V;C;S; 
1700;1700;CRISPIS ARROZ;UNIDADES;10%;;;NORMAL;;V;C;S; 
1699;1699;crispis quinoa;UNIDADES;10%;;;NORMAL;;V;C;S; 
3316;3316;crispy;UNIDADES;0%;;;NORMAL;;V;C;S; 
2539;2539;CRISPY;UNIDADES;0%;;;NORMAL;;V;C;S; 
1724;1724;CROMIUM;UNIDADES;10%;;;NORMAL;;V;C;S; 
1828;1828;CRON FLAKES;UNIDADES;10%;;;NORMAL;;V;C;S; 
3400;3400;CRUNCHY;UNIDADES;10%;;;NORMAL;;V;C;S; 
2865;2865;crunchy manzana;UNIDADES;10%;;;NORMAL;;V;C;S; 
1977;1977;CRUNCHY SIN GLUTEN;UNIDADES;10%;;;NORMAL;;V;C;S; 
3315;3315;CRUSH BAR;UNIDADES;0%;;;NORMAL;;V;C;S; 
2153;2153;cuarteto memoria;UNIDADES;10%;;;NORMAL;;V;C;S; 
3378;3378;cucuma gummies;UNIDADES;10%;;;NORMAL;;V;C;S; 
3304;3304;CUPPER;UNIDADES;10%;;;NORMAL;;V;C;S; 
3424;3424;curcuma;UNIDADES;10%;;;NORMAL;;V;C;S; 
2483;2483;CURCUMA;UNIDADES;10%;;;NORMAL;;V;C;S; 
1482;1482;curcuma life pro;UNIDADES;10%;;;NORMAL;;V;C;S; 
2541;2541;CURCUMA LIQUIDA BIOTECH;UNIDADES;0%;;;NORMAL;;V;C;S; 
2901;2901;curry 30g;UNIDADES;10%;;;NORMAL;;V;C;S; 
1914;1914;cuscus de espelta;UNIDADES;7,5%;;;NORMAL;;V;C;S; 
2510;2510;CUSCUS MAIZ;UNIDADES;10%;;;NORMAL;;V;C;S; 
2036;2036;cuscus sarraceno;UNIDADES;10%;;;NORMAL;;V;C;S; 
2598;2598;cyclo;UNIDADES;10%;;;NORMAL;;V;C;S; 
2599;;CYCLO;UNIDADES;10%;;;NORMAL;;V;C;S; 
1002;1002;CYCLO ENERGY GEL trp;UNIDADES;10%;;;NORMAL;;V;C;S; 
2597;2597;CYCLO PACK;UNIDADES;10%;;;NORMAL;;V;C;S; 
3100;3100;cystomed lifepro;UNIDADES;10%;;;NORMAL;;V;C;S; 
3026;3026;CH/GEL WELEDA BEBE;UNIDADES;21%;;;NORMAL;;V;C;S; 
3229;3229;CHA CHA CHAI;UNIDADES;10%;;;NORMAL;;V;C;S; 
1716;1716;chai latte;UNIDADES;10%;;;NORMAL;;V;C;S; 
1782;1782;champo;UNIDADES;21%;;;NORMAL;;V;C;S; 
1783;1783;CHAMPO;UNIDADES;21%;;;NORMAL;;V;C;S; 
3251;3251;CHAMPO ROMERO W;UNIDADES;21%;;;NORMAL;;V;C;S; 
2949;2949;champo suave;UNIDADES;21%;;;NORMAL;;V;C;S; 
2318;2318;CHAMPU ALOEVERA;UNIDADES;21%;;;NORMAL;;V;C;S; 

ARTICULOS GENERAL;;;;;;;;;Pagina 12 ;;;;;Fecha : 03/02/2026;;;;;;;;
Codigo;Referencia;Articulo;Medida;IVA;;Seccion;Tipo;;V;C;S;F

001 TODAS;;;;;;;;;;;;;;;;;;;;;;
2939;2939;CHAMPU AMELIE;UNIDADES;21%;;;NORMAL;;V;C;S; 
2149;2149;champu carbon;UNIDADES;21%;;;NORMAL;;V;C;S; 
2150;2150;CHAMPU CARBON;UNIDADES;21%;;;NORMAL;;V;C;S; 
1041;1041;champu de cañamo;UNIDADES;21%;;;NORMAL;;V;C;S; 
2550;2550;CHAMPU LA VERA;UNIDADES;21%;;;NORMAL;;V;C;S; 
1045;1045;CHAMPU LEMONGRASS;UNIDADES;21%;;;NORMAL;;V;C;S; 
2948;2948;CHAMPU OLIVA;UNIDADES;21%;;;NORMAL;;V;C;S; 
2580;2580;CHAMPU ROSA;UNIDADES;21%;;;NORMAL;;V;C;S; 
3075;3075;chia;UNIDADES;4%;;;NORMAL;;V;C;S; 
3330;3330;CHIA;UNIDADES;4%;;;NORMAL;;V;C;S; 
2502;2502;chia biocop;UNIDADES;4%;;;NORMAL;;V;C;S; 
2251;2251;CHIA S/G;UNIDADES;10%;;;NORMAL;;V;C;S; 
964;964;chips de garbanzos;UNIDADES;10%;;;NORMAL;;V;C;S; 
2256;2256;chips de lentejas;UNIDADES;10%;;;NORMAL;;V;C;S; 
1102;1102;chips paprika;UNIDADES;10%;;;NORMAL;;V;C;S; 
1945;1945;CHIPS VINAGRE;UNIDADES;10%;;;NORMAL;;V;C;S; 
2995;2995;CHLORELLA;UNIDADES;10%;;;NORMAL;;V;C;S; 
3466;3466;CHOCO 100%;UNIDADES;10%;;;NORMAL;;V;C;S; 
2507;2507;choco 85%;UNIDADES;10%;;;NORMAL;;V;C;S; 
1861;1861;CHOCO COCO PR;UNIDADES;0%;;;NORMAL;;V;C;S; 
2509;2509;choco ginger;UNIDADES;10%;;;NORMAL;;V;C;S; 
2078;2078;CHOCO JACK-COCO;UNIDADES;10%;;;NORMAL;;V;C;S; 
3318;3318;choco prot;UNIDADES;10%;;;NORMAL;;V;C;S; 
3317;3317;CHOCO PROT;UNIDADES;10%;;;NORMAL;;V;C;S; 
1860;1860;choco protein;UNIDADES;10%;;;NORMAL;;V;C;S; 
2862;2862;CHOCO S/AZ;UNIDADES;10%;;;NORMAL;;V;C;S; 
3484;3484;chocolate;UNIDADES;10%;;;NORMAL;;V;C;S; 
1698;1698;CHOCOLATE;UNIDADES;10%;;;NORMAL;;V;C;S; 
2063;2063;CHRISTMAS TEA;UNIDADES;10%;;;NORMAL;;V;C;S; 
2021;2021;chromium 22mcg;UNIDADES;0%;;;NORMAL;;V;C;S; 
1826;1826;CHUCHES ECO SANAS;UNIDADES;10%;;;NORMAL;;V;C;S; 
3376;3376;CHUNKY;UNIDADES;0%;;;NORMAL;;V;C;S; 
3365;3365;CHUNKY  BLAK BISCUTE;UNIDADES;10%;;;NORMAL;;V;C;S; 
3364;3364;chunky caramel;UNIDADES;10%;;;NORMAL;;V;C;S; 
3030;3030;CHYAVANPRASH;UNIDADES;10%;;;NORMAL;;V;C;S; 
2342;2342;D3;UNIDADES;0%;;;NORMAL;;V;C;S; 
2528;2528;d3 4000ui;UNIDADES;0%;;;NORMAL;;V;C;S; 
2272;2272;D3 COMPLEX;UNIDADES;10%;;;NORMAL;;V;C;S; 
2033;2033;d3 max;UNIDADES;0%;;;NORMAL;;V;C;S; 
2381;2381;d3+k2;UNIDADES;0%;;;NORMAL;;V;C;S; 
2384;2384;D3+K2;UNIDADES;0%;;;NORMAL;;V;C;S; 
2631;2631;d3+k2 complex NUTRALIE;UNIDADES;10%;;;NORMAL;;V;C;S; 
2015;2015;D3+K2 GOTAS;UNIDADES;0%;;;NORMAL;;V;C;S; 
3128;3128;D3+K2+MG;UNIDADES;10%;;;NORMAL;;V;C;S; 
2402;2402;daily omega3;UNIDADES;0%;;;NORMAL;;V;C;S; 
2662;2662;datil con choco;UNIDADES;0%;;;NORMAL;;V;C;S; 
2047;2047;DATILES;UNIDADES;10%;;;NORMAL;;V;C;S; 
3350;3350;datiles deshesados, deshidratados;UNIDADES;10%;;;NORMAL;;V;C;S; 
3344;3344;DATILES QITAF;CAJA 24;10%;;;NORMAL;;V;C;S; 
3387;3387;den happy;UNIDADES;21%;;;NORMAL;;V;C;S; 
3391;3391;den la vera;UNIDADES;21%;;;NORMAL;;V;C;S; 

ARTICULOS GENERAL;;;;;;;;;Pagina 13 ;;;;;Fecha : 03/02/2026;;;;;;;;
Codigo;Referencia;Articulo;Medida;IVA;;Seccion;Tipo;;V;C;S;F

001 TODAS;;;;;;;;;;;;;;;;;;;;;;
3503;3503;dent;UNIDADES;21%;;;NORMAL;;V;C;S; 
2040;2040;dent aloe;UNIDADES;21%;;;NORMAL;;V;C;S; 
2760;2760;dent calendula;UNIDADES;21%;;;NORMAL;;V;C;S; 
1982;1982;dent extra fresco;UNIDADES;21%;;;NORMAL;;V;C;S; 
1990;1990;DENT LA VERA COMPLETE CARE;UNIDADES;21%;;;NORMAL;;V;C;S; 
1988;1988;DENT MATCHA;UNIDADES;21%;;;NORMAL;;V;C;S; 
2039;2039;DENT MENTA;UNIDADES;21%;;;NORMAL;;V;C;S; 
2042;2042;dent original;UNIDADES;21%;;;NORMAL;;V;C;S; 
1985;1985;DENT PQ;UNIDADES;21%;;;NORMAL;;V;C;S; 
1989;1989;dent salvia;UNIDADES;21%;;;NORMAL;;V;C;S; 
2041;2041;DENT TUTTIFRUTI;UNIDADES;21%;;;NORMAL;;V;C;S; 
2762;2762;dent welwda niño;UNIDADES;21%;;;NORMAL;;V;C;S; 
2546;2546;dentefrico;UNIDADES;21%;;;NORMAL;;V;C;S; 
2743;2743;deo granada;UNIDADES;21%;;;NORMAL;;V;C;S; 
2105;2105;deo sensitive;UNIDADES;21%;;;NORMAL;;V;C;S; 
2742;2742;deo spray citrus;UNIDADES;21%;;;NORMAL;;V;C;S; 
2745;2745;DEO SPRAY GRANADA;UNIDADES;21%;;;NORMAL;;V;C;S; 
2744;2744;deo spray salvia w;UNIDADES;21%;;;NORMAL;;V;C;S; 
2104;2104;DEO STONG;UNIDADES;21%;;;NORMAL;;V;C;S; 
2969;2969;desegrasante amelie;UNIDADES;21%;;;NORMAL;;V;C;S; 
3428;3428;desodorante;UNIDADES;21%;;;NORMAL;;V;C;S; 
1680;1680;despertar acai;UNIDADES;10%;;;NORMAL;;V;C;S; 
1681;1681;DESPERTAR PLATANO;UNIDADES;10%;;;NORMAL;;V;C;S; 
1892;1892;detergente;UNIDADES;21%;;;NORMAL;;V;C;S; 
2164;2164;DETOX;UNIDADES;10%;;;NORMAL;;V;C;S; 
3090;3090;detoxintest;UNIDADES;10%;;;NORMAL;;V;C;S; 
3091;3091;DETOXINTEST;UNIDADES;10%;;;NORMAL;;V;C;S; 
3153;3153;DETRGENTE POLVO;UNIDADES;21%;;;NORMAL;;V;C;S; 
3169;3169;DGL;UNIDADES;0%;;;NORMAL;;V;C;S; 
3389;3389;diadema;UNIDADES;21%;;;NORMAL;;V;C;S; 
3408;3408;DIENTE DE LEON;UNIDADES;10%;;;NORMAL;;V;C;S; 
2531;2531;DIENTE DE LEON EXTRACT;UNIDADES;0%;;;NORMAL;;V;C;S; 
2201;2201;DIET MEAL;UNIDADES;10%;;;NORMAL;;V;C;S; 
2202;2202;DIET MEAL fresa;UNIDADES;10%;;;NORMAL;;V;C;S; 
2203;2203;DIET MEALCHOCOLATE;UNIDADES;10%;;;NORMAL;;V;C;S; 
2529;2529;DIET PROTEIN;UNIDADES;0%;;;NORMAL;;V;C;S; 
2219;2219;DIET SHAke;UNIDADES;0%;;;NORMAL;;V;C;S; 
2231;2231;DIET SHAKE banana;UNIDADES;0%;;;NORMAL;;V;C;S; 
2233;2233;DIET SHAKE caramelo;UNIDADES;0%;;;NORMAL;;V;C;S; 
2343;2343;DIET SHAKE COOKIES;UNIDADES;0%;;;NORMAL;;V;C;S; 
2731;2731;diet shake choco;UNIDADES;0%;;;NORMAL;;V;C;S; 
2735;2735;diet shake fresa;UNIDADES;0%;;;NORMAL;;V;C;S; 
2232;2232;DIET SHAKE PISTACHO;UNIDADES;0%;;;NORMAL;;V;C;S; 
2230;;DIET SHAKE VAINILLA;UNIDADES;0%;;;NORMAL;;V;C;S; 
3175;3175;diges+prob;UNIDADES;0%;;;NORMAL;;V;C;S; 
3162;3162;DIGEST BASIC;UNIDADES;0%;;;NORMAL;;V;C;S; 
3106;3106;DIGESTIVE NUTRALIE;UNIDADES;10%;;;NORMAL;;V;C;S; 
1561;1561;diure cut;UNIDADES;10%;;;NORMAL;;V;C;S; 
2980;2980;DMAE 10cap now;UNIDADES;0%;;;NORMAL;;V;C;S; 
2533;2533;dong quai cap;UNIDADES;0%;;;NORMAL;;V;C;S; 
2532;2532;dong quai extract;UNIDADES;0%;;;NORMAL;;V;C;S; 

ARTICULOS GENERAL;;;;;;;;;Pagina 14 ;;;;;Fecha : 03/02/2026;;;;;;;;
Codigo;Referencia;Articulo;Medida;IVA;;Seccion;Tipo;;V;C;S;F

001 TODAS;;;;;;;;;;;;;;;;;;;;;;
2981;2981;double sttrength l-teanine;UNIDADES;0%;;;NORMAL;;V;C;S; 
2276;2276;doypack conguito;UNIDADES;10%;;;NORMAL;;V;C;S; 
2278;2278;DOYPACK CONGUITOS;UNIDADES;10%;;;NORMAL;;V;C;S; 
2277;2277;DOYPACK LACASITOS;UNIDADES;10%;;;NORMAL;;V;C;S; 
2279;2279;dpoypack cacaolat;UNIDADES;10%;;;NORMAL;;V;C;S; 
2154;2154;DRAINAFLORE;UNIDADES;10%;;;NORMAL;;V;C;S; 
2994;2994;drenactif;UNIDADES;10%;;;NORMAL;;V;C;S; 
2339;2339;drop coco;UNIDADES;0%;;;NORMAL;;V;C;S; 
2350;2350;DROP VAINILLA;UNIDADES;0%;;;NORMAL;;V;C;S; 
2434;2434;DUKKAH;UNIDADES;10%;;;NORMAL;;V;C;S; 
2440;2440;E400;UNIDADES;0%;;;NORMAL;;V;C;S; 
3300;3300;EA SHOP;UNIDADES;10%;;;NORMAL;;V;C;S; 
3244;3244;eaa cap;UNIDADES;0%;;;NORMAL;;V;C;S; 
2736;2736;EAA ZERO;UNIDADES;0%;;;NORMAL;;V;C;S; 
2710;2710;EAAS FRUIT;UNIDADES;10%;;;NORMAL;;V;C;S; 
2711;2711;EAAS TROPICAL;UNIDADES;10%;;;NORMAL;;V;C;S; 
3505;3505;eau parfum;UNIDADES;21%;;;NORMAL;;V;C;S; 
3506;3506;EAU PARFUM;UNIDADES;21%;;;NORMAL;;V;C;S; 
2241;2241;ecobifidus;UNIDADES;10%;;;NORMAL;;V;C;S; 
1592;1592;ECHINA PROPOL;UNIDADES;10%;;;NORMAL;;V;C;S; 
2393;2393;egg white protein;UNIDADES;0%;;;NORMAL;;V;C;S; 
3228;3228;el remedio de la abuela;UNIDADES;10%;;;NORMAL;;V;C;S; 
2594;2594;ELEKTRO ultra energy;UNIDADES;10%;;;NORMAL;;V;C;S; 
2374;2374;elytes;UNIDADES;10%;;;NORMAL;;V;C;S; 
1995;1995;ENCIENSO;UNIDADES;21%;;;NORMAL;;V;C;S; 
2520;2520;eneldo;UNIDADES;10%;;;NORMAL;;V;C;S; 
3469;3469;ENERGY;UNIDADES;21%;;;NORMAL;;V;C;S; 
1882;1882;ENERGY PLUS;UNIDADES;10%;;;NORMAL;;V;C;S; 
2596;2596;enery gel pack;UNIDADES;10%;;;NORMAL;;V;C;S; 
3392;3392;ENJUAGUE BUCAL;UNIDADES;21%;;;NORMAL;;V;C;S; 
2595;2595;ENRGY GEL;UNIDADES;10%;;;NORMAL;;V;C;S; 
1676;1676;ENS MEZCLUM;UNIDADES;0%;;;NORMAL;;V;C;S; 
1843;1843;ENSALADA DE WAKAME;UNIDADES;10%;;;NORMAL;;V;C;S; 
2843;2843;enzimdigest;UNIDADES;10%;;;NORMAL;;V;C;S; 
2846;2846;ENZIMTOLERANCE;UNIDADES;10%;;;NORMAL;;V;C;S; 
1916;1916;epilobe;UNIDADES;0%;;;NORMAL;;V;C;S; 
1757;1757;EPILOBIUM;UNIDADES;10%;;;NORMAL;;V;C;S; 
1746;1746;equinacia;UNIDADES;10%;;;NORMAL;;V;C;S; 
3527;3527;ERGYFOSFORYL;UNIDADES;10%;;;NORMAL;;V;C;S; 
3093;3093;eritritol;UNIDADES;10%;;;NORMAL;;V;C;S; 
3486;3486;ERITRITOL 250g;UNIDADES;10%;;;NORMAL;;V;C;S; 
3485;3485;ERITRITOL 500G;UNIDADES;10%;;;NORMAL;;V;C;S; 
1798;1798;erysim;UNIDADES;10%;;;NORMAL;;V;C;S; 
2427;2427;ESENCIA ANIS ESTR;UNIDADES;10%;;;NORMAL;;V;C;S; 
2642;2642;ESENCIA CENTELLA MIXSOON;UNIDADES;21%;;;NORMAL;;V;C;S; 
2897;2897;esential pic;UNIDADES;21%;;;NORMAL;;V;C;S; 
3032;3032;ESPAGUETI;UNIDADES;4%;;;NORMAL;;V;C;S; 
1103;1103;ESPAGUETIS ALBH;UNIDADES;10%;;;NORMAL;;V;C;S; 
1806;1806;ESPAGUETIS SARRACENO;UNIDADES;10%;;;NORMAL;;V;C;S; 
2858;2858;ESPAGUITE DE MAR;UNIDADES;4%;;;NORMAL;;V;C;S; 
3419;3419;especias galletas;UNIDADES;10%;;;NORMAL;;V;C;S; 

ARTICULOS GENERAL;;;;;;;;;Pagina 15 ;;;;;Fecha : 03/02/2026;;;;;;;;
Codigo;Referencia;Articulo;Medida;IVA;;Seccion;Tipo;;V;C;S;F

001 TODAS;;;;;;;;;;;;;;;;;;;;;;
2664;2664;espelta;UNIDADES;4%;;;NORMAL;;V;C;S; 
3278;3278;ESPIRAL TRICOLOR;UNIDADES;10%;;;NORMAL;;V;C;S; 
1659;1659;espirulina fresca 7;UNIDADES;4%;;;NORMAL;;V;C;S; 
3507;3507;ESPONJA;UNIDADES;21%;;;NORMAL;;V;C;S; 
2556;2556;espuma de afeitar;UNIDADES;21%;;;NORMAL;;V;C;S; 
1830;1830;estevia;UNIDADES;10%;;;NORMAL;;V;C;S; 
3335;3335;ESTEVIA;UNIDADES;10%;;;NORMAL;;V;C;S; 
3191;3191;estevia estuche;UNIDADES;10%;;;NORMAL;;V;C;S; 
3183;3183;ESTEVIA PASTILLA;UNIDADES;10%;;;NORMAL;;V;C;S; 
2524;2524;ESTEVIA POLVO;UNIDADES;10%;;;NORMAL;;V;C;S; 
1948;1948;estrellas de garbanzos;UNIDADES;10%;;;NORMAL;;V;C;S; 
3182;3182;estropajo de cobre;UNIDADES;21%;;;NORMAL;;V;C;S; 
2077;2077;eucalipto;UNIDADES;10%;;;NORMAL;;V;C;S; 
2620;2620;EXT HIPERICO;UNIDADES;10%;;;NORMAL;;V;C;S; 
2313;2313;EYELINER;UNIDADES;21%;;;NORMAL;;V;C;S; 
3079;3079;fecula de tapioca;UNIDADES;4%;;;NORMAL;;V;C;S; 
1964;1964;FENUGREC;UNIDADES;0%;;;NORMAL;;V;C;S; 
1966;1966;FENUGREC 50ML;UNIDADES;0%;;;NORMAL;;V;C;S; 
1815;1815;FERTI CARE;UNIDADES;10%;;;NORMAL;;V;C;S; 
3072;3072;fiber mix;UNIDADES;0%;;;NORMAL;;V;C;S; 
3482;3482;fideos de quinoa;UNIDADES;10%;;;NORMAL;;V;C;S; 
2863;2863;fideos ing;UNIDADES;10%;;;NORMAL;;V;C;S; 
2265;2265;fijador de maqillaje;UNIDADES;21%;;;NORMAL;;V;C;S; 
3255;3255;fisionatur;UNIDADES;21%;;;NORMAL;;V;C;S; 
2004;2004;FITKING cookie choc;UNIDADES;0%;;;NORMAL;;V;C;S; 
2009;2009;FITKING CHOCO BL;UNIDADES;0%;;;NORMAL;;V;C;S; 
2005;2005;fitking peanut;UNIDADES;0%;;;NORMAL;;V;C;S; 
2007;2007;FITKING PEANUT RSBERRY;UNIDADES;0%;;;NORMAL;;V;C;S; 
2003;2003;FITPROTEIN;UNIDADES;0%;;;NORMAL;;V;C;S; 
1810;1810;flor bach n4;UNIDADES;21%;;;NORMAL;;V;C;S; 
2155;2155;fluidilege;UNIDADES;10%;;;NORMAL;;V;C;S; 
2723;2723;fluido 30;UNIDADES;21%;;;NORMAL;;V;C;S; 
2721;2721;fluido solar;UNIDADES;21%;;;NORMAL;;V;C;S; 
2724;2724;FLUIDO SOLAR 30;UNIDADES;21%;;;NORMAL;;V;C;S; 
2722;2722;FLUIDO SOLAR NIÑO 50;UNIDADES;21%;;;NORMAL;;V;C;S; 
3193;3193;FRAMBUESA;UNIDADES;10%;;;NORMAL;;V;C;S; 
3420;3420;FREGASUELOS;UNIDADES;21%;;;NORMAL;;V;C;S; 
1836;1836;fructosa;UNIDADES;10%;;;NORMAL;;V;C;S; 
2372;2372;FRUCTOSA;UNIDADES;10%;;;NORMAL;;V;C;S; 
2034;2034;FRULOVE JELLY;UNIDADES;0%;;;NORMAL;;V;C;S; 
1725;1725;fullness;UNIDADES;10%;;;NORMAL;;V;C;S; 
2775;2775;fusilli s/g sol n;UNIDADES;10%;;;NORMAL;;V;C;S; 
1743;1743;FUSILLI SARRACENO;UNIDADES;5%;;;NORMAL;;V;C;S; 
1635;1635;g5 gel 150ml;UNIDADES;21%;;;NORMAL;;V;C;S; 
1636;SPORT;G7;UNIDADES;21%;;;NORMAL;;V;C;S; 
2421;2421;G7 LEGS;UNIDADES;21%;;;NORMAL;;V;C;S; 
2420;2420;g7 lipo;UNIDADES;21%;;;NORMAL;;V;C;S; 
1633;1633;G7 SPORT;UNIDADES;10%;;;NORMAL;;V;C;S; 
3431;3431;gaba;UNIDADES;10%;;;NORMAL;;V;C;S; 
1727;1727;GABA;UNIDADES;10%;;;NORMAL;;V;C;S; 
2677;2677;galactomyces essence;UNIDADES;21%;;;NORMAL;;V;C;S; 

ARTICULOS GENERAL;;;;;;;;;Pagina 16 ;;;;;Fecha : 03/02/2026;;;;;;;;
Codigo;Referencia;Articulo;Medida;IVA;;Seccion;Tipo;;V;C;S;F

001 TODAS;;;;;;;;;;;;;;;;;;;;;;
1887;1887;GALLETA RELLENAS S/G;UNIDADES;10%;;;NORMAL;;V;C;S; 
3230;3230;galletas;UNIDADES;10%;;;NORMAL;;V;C;S; 
3231;3231;GALLETAS;UNIDADES;10%;;;NORMAL;;V;C;S; 
1744;1744;GALLETAS ALBARICOQUE;UNIDADES;10%;;;NORMAL;;V;C;S; 
1667;1667;galletas bio espelta;UNIDADES;10%;;;NORMAL;;V;C;S; 
938;938;galletas cacao sin g;UNIDADES;10%;;;NORMAL;;V;C;S; 
1772;1772;GALLETAS CHIPS CHOCO;UNIDADES;10%;;;NORMAL;;V;C;S; 
1760;1760;galletas de avena con frutas;UNIDADES;10%;;;NORMAL;;V;C;S; 
2044;2044;galletas de canela;UNIDADES;21%;;;NORMAL;;V;C;S; 
1705;1705;galletas de espelta;UNIDADES;10%;;;NORMAL;;V;C;S; 
1759;1759;GALLETAS DE ESPELTA S/AZ;UNIDADES;10%;;;NORMAL;;V;C;S; 
2361;2361;GALLETAS DE PISTACHO;UNIDADES;10%;;;NORMAL;;V;C;S; 
2488;2488;GALLETAS DE QUINOA CACAO;UNIDADES;10%;;;NORMAL;;V;C;S; 
2577;2577;GALLETAS ESP CHOCO;UNIDADES;10%;;;NORMAL;;V;C;S; 
3036;3036;GALLETAS F.R;UNIDADES;10%;;;NORMAL;;V;C;S; 
1771;1771;galletas jen/lim;UNIDADES;10%;;;NORMAL;;V;C;S; 
1770;1770;galletas mela e carota;UNIDADES;10%;;;NORMAL;;V;C;S; 
2362;2362;galletas rellenas;UNIDADES;10%;;;NORMAL;;V;C;S; 
3426;3426;galletas sin gluten;UNIDADES;10%;;;NORMAL;;V;C;S; 
2060;2060;GARBANZOS 1KG;UNIDADES;2%;;;NORMAL;;V;C;S; 
3108;3108;GARCINIA NUTRALIE;UNIDADES;10%;;;NORMAL;;V;C;S; 
3136;3136;gaslletas mulitc;UNIDADES;10%;;;NORMAL;;V;C;S; 
3081;3081;GASSERI;UNIDADES;0%;;;NORMAL;;V;C;S; 
3087;3087;gastribiota;UNIDADES;10%;;;NORMAL;;V;C;S; 
2090;2090;gayuba;UNIDADES;10%;;;NORMAL;;V;C;S; 
3004;3004;GAZPACHO;UNIDADES;10%;;;NORMAL;;V;C;S; 
975;975;gazpacho bio 1l;UNIDADES;10%;;;NORMAL;;V;C;S; 
1881;1881;GEL DE BAÑO;UNIDADES;21%;;;NORMAL;;V;C;S; 
2311;2311;GEL DE CEJAS;UNIDADES;21%;;;NORMAL;;V;C;S; 
2312;2312;gel de cejas 02;UNIDADES;21%;;;NORMAL;;V;C;S; 
2761;2761;GEL DENT;UNIDADES;21%;;;NORMAL;;V;C;S; 
3385;3385;gel ducha;UNIDADES;21%;;;NORMAL;;V;C;S; 
3386;3386;GEL DUCHA;UNIDADES;21%;;;NORMAL;;V;C;S; 
2043;2043;GEL DUCHA ALOE;UNIDADES;21%;;;NORMAL;;V;C;S; 
2938;2938;gel ducha amelie;UNIDADES;21%;;;NORMAL;;V;C;S; 
2936;2936;GEL DUCHA LIMON;UNIDADES;21%;;;NORMAL;;V;C;S; 
2720;2720;GEL DUCHA SANTE;UNIDADES;21%;;;NORMAL;;V;C;S; 
1634;1634;GEL G5;UNIDADES;21%;;;NORMAL;;V;C;S; 
2725;2725;gel inspire;UNIDADES;21%;;;NORMAL;;V;C;S; 
3027;3027;gel purificante;UNIDADES;21%;;;NORMAL;;V;C;S; 
2727;2727;gel refrech;UNIDADES;21%;;;NORMAL;;V;C;S; 
2726;2726;GEL RELAX;UNIDADES;21%;;;NORMAL;;V;C;S; 
2782;2782;gel vera;UNIDADES;21%;;;NORMAL;;V;C;S; 
3145;3145;GENGIVITAFORM;UNIDADES;10%;;;NORMAL;;V;C;S; 
1856;1856;ghee200g;UNIDADES;10%;;;NORMAL;;V;C;S; 
2667;2667;ginger;UNIDADES;0%;;;NORMAL;;V;C;S; 
1740;1740;ginkgo 6500mg;UNIDADES;10%;;;NORMAL;;V;C;S; 
1951;1951;GINKGO 80;UNIDADES;10%;;;NORMAL;;V;C;S; 
2560;2560;ginkgo biloba;UNIDADES;10%;;;NORMAL;;V;C;S; 
2156;2156;GINKGO BILOBA;UNIDADES;10%;;;NORMAL;;V;C;S; 
2377;2377;GINKGO LEAF;UNIDADES;0%;;;NORMAL;;V;C;S; 

ARTICULOS GENERAL;;;;;;;;;Pagina 17 ;;;;;Fecha : 03/02/2026;;;;;;;;
Codigo;Referencia;Articulo;Medida;IVA;;Seccion;Tipo;;V;C;S;F

001 TODAS;;;;;;;;;;;;;;;;;;;;;;
2157;2157;ginkgofit;UNIDADES;10%;;;NORMAL;;V;C;S; 
3258;3258;GIRASOL;UNIDADES;10%;;;NORMAL;;V;C;S; 
3393;3393;gloss;UNIDADES;21%;;;NORMAL;;V;C;S; 
3515;3515;GLOSS;UNIDADES;21%;;;NORMAL;;V;C;S; 
2645;2645;glow ginseng;UNIDADES;21%;;;NORMAL;;V;C;S; 
2633;2633;GLOW RICA+ALPHA;UNIDADES;21%;;;NORMAL;;V;C;S; 
2161;2161;glow skin;UNIDADES;21%;;;NORMAL;;V;C;S; 
2644;2644;GLOW TEA+PANTHENOL;UNIDADES;21%;;;NORMAL;;V;C;S; 
3080;3080;glp-1 boster;UNIDADES;0%;;;NORMAL;;V;C;S; 
1814;1814;gluco care;UNIDADES;10%;;;NORMAL;;V;C;S; 
2703;2703;gluco-ampk;UNIDADES;10%;;;NORMAL;;V;C;S; 
2205;2205;GLUCOBEST;UNIDADES;10%;;;NORMAL;;V;C;S; 
2190;2190;GLUCOFIT;UNIDADES;0%;;;NORMAL;;V;C;S; 
2048;2048;GLUCOMANANA;UNIDADES;10%;;;NORMAL;;V;C;S; 
2540;2540;glucomannan+chromium;UNIDADES;0%;;;NORMAL;;V;C;S; 
1931;1931;GLUCOSAMINA;UNIDADES;10%;;;NORMAL;;V;C;S; 
2864;2864;GLUCOSAMINA NUTRLEI;UNIDADES;10%;;;NORMAL;;V;C;S; 
3055;3055;GLUCOSE COMPLEX;UNIDADES;10%;;;NORMAL;;V;C;S; 
2274;2274;glutabig;UNIDADES;10%;;;NORMAL;;V;C;S; 
2273;2273;GLUTABIG;UNIDADES;10%;;;NORMAL;;V;C;S; 
2283;2283;glutamin&magnesium;UNIDADES;10%;;;NORMAL;;V;C;S; 
3458;3458;glutamina;UNIDADES;0%;;;NORMAL;;V;C;S; 
3171;3171;glutathion 250mg;UNIDADES;0%;;;NORMAL;;V;C;S; 
2382;2382;GLUTATHIONE;UNIDADES;0%;;;NORMAL;;V;C;S; 
3170;3170;glutathione 500mg;UNIDADES;0%;;;NORMAL;;V;C;S; 
1909;1909;gluten;UNIDADES;10%;;;NORMAL;;V;C;S; 
3173;3173;glycerin vegetal;UNIDADES;0%;;;NORMAL;;V;C;S; 
3014;3014;GLYNAC+;UNIDADES;10%;;;NORMAL;;V;C;S; 
3211;3211;GOJI;UNIDADES;10%;;;NORMAL;;V;C;S; 
3195;3195;GOJI 200G;UNIDADES;10%;;;NORMAL;;V;C;S; 
3143;3143;GOLD PROPOLIS;UNIDADES;10%;;;NORMAL;;V;C;S; 
1688;1688;gold protien 2kg;UNIDADES;10%;;;NORMAL;;V;C;S; 
2246;2246;golden milk;UNIDADES;10%;;;NORMAL;;V;C;S; 
1418;1418;goma arabiga;UNIDADES;10%;;;NORMAL;;V;C;S; 
2665;2665;gomasio curcuma;UNIDADES;10%;;;NORMAL;;V;C;S; 
2349;2349;good mael;UNIDADES;0%;;;NORMAL;;V;C;S; 
1570;1570;GOOD MORNING;UNIDADES;10%;;;NORMAL;;V;C;S; 
2523;2523;gotu kola;UNIDADES;10%;;;NORMAL;;V;C;S; 
1835;1835;GRAM MASALA;UNIDADES;10%;;;NORMAL;;V;C;S; 
2185;2185;GRANADA MASK;UNIDADES;0%;;;NORMAL;;V;C;S; 
3351;3351;granillo ppelado de almendra;UNIDADES;10%;;;NORMAL;;V;C;S; 
1875;1875;GRANOLA;UNIDADES;10%;;;NORMAL;;V;C;S; 
3438;3438;grapseed oil;UNIDADES;0%;;;NORMAL;;V;C;S; 
2989;2989;graviola;UNIDADES;10%;;;NORMAL;;V;C;S; 
2356;2356;graviola max;UNIDADES;10%;;;NORMAL;;V;C;S; 
3138;3138;green tea extract;UNIDADES;10%;;;NORMAL;;V;C;S; 
1569;1569;greens;UNIDADES;10%;;;NORMAL;;V;C;S; 
3039;3039;grissini sesamo biocop;UNIDADES;10%;;;NORMAL;;V;C;S; 
1738;1738;grow;UNIDADES;10%;;;NORMAL;;V;C;S; 
3445;3445;GRYFFINDOR;UNIDADES;0%;;;NORMAL;;V;C;S; 
2355;2355;GUANABANA;UNIDADES;10%;;;NORMAL;;V;C;S; 

ARTICULOS GENERAL;;;;;;;;;Pagina 18 ;;;;;Fecha : 03/02/2026;;;;;;;;
Codigo;Referencia;Articulo;Medida;IVA;;Seccion;Tipo;;V;C;S;F

001 TODAS;;;;;;;;;;;;;;;;;;;;;;
2797;2797;guante;UNIDADES;21%;;;NORMAL;;V;C;S; 
1648;1648;gummy bears;UNIDADES;0%;;;NORMAL;;V;C;S; 
2455;2455;HAIR COMPLEX;UNIDADES;10%;;;NORMAL;;V;C;S; 
3435;3435;hand cream;UNIDADES;0%;;;NORMAL;;V;C;S; 
2496;2496;HAPPY NATURA;UNIDADES;10%;;;NORMAL;;V;C;S; 
1845;1845;harina de algarroba;UNIDADES;10%;;;NORMAL;;V;C;S; 
2882;2882;HARINA DE ALGARROBA 250G;UNIDADES;10%;;;NORMAL;;V;C;S; 
3354;3354;harina de almendra;UNIDADES;10%;;;NORMAL;;V;C;S; 
1961;1961;HARINA DE ALMENDRA 100G;UNIDADES;10%;;;NORMAL;;V;C;S; 
1962;1962;harina de almendra 150g;UNIDADES;4%;;;NORMAL;;V;C;S; 
1963;1963;HARINA DE ALMENDRA 500G;UNIDADES;10%;;;NORMAL;;V;C;S; 
2840;2840;HARINA DE ALMENDRA 800G;UNIDADES;4%;;;NORMAL;;V;C;S; 
2883;2883;harina de arroz blanca 500g;UNIDADES;4%;;;NORMAL;;V;C;S; 
3322;3322;harina de avena;UNIDADES;10%;;;NORMAL;;V;C;S; 
2854;2854;HARINA DE BANANA;UNIDADES;10%;;;NORMAL;;V;C;S; 
3323;3323;HARINA DE COCO;UNIDADES;10%;;;NORMAL;;V;C;S; 
3324;3324;harina de maiz;UNIDADES;4%;;;NORMAL;;V;C;S; 
1831;1831;HARINA DE MIJO;UNIDADES;4%;;;NORMAL;;V;C;S; 
3121;3121;HARINA DE PLATANO;UNIDADES;10%;;;NORMAL;;V;C;S; 
2045;2045;HARINA DE SOGRHO;UNIDADES;2%;;;NORMAL;;V;C;S; 
2046;2046;HARINA DE SORGO;UNIDADES;10%;;;NORMAL;;V;C;S; 
3355;3355;HARINA desgrasada;UNIDADES;10%;;;NORMAL;;V;C;S; 
2128;2128;harina mais s/g 1kg;UNIDADES;2%;;;NORMAL;;V;C;S; 
2860;2860;harina sarraceno s/g;UNIDADES;4%;;;NORMAL;;V;C;S; 
2621;2621;harpagofito 50ml;UNIDADES;10%;;;NORMAL;;V;C;S; 
1564;1564;health complex;UNIDADES;10%;;;NORMAL;;V;C;S; 
2204;2204;HELLCORE;UNIDADES;10%;;;NORMAL;;V;C;S; 
2772;2772;hemamalis;UNIDADES;10%;;;NORMAL;;V;C;S; 
2450;2450;HEMATOCURE;UNIDADES;21%;;;NORMAL;;V;C;S; 
3222;3222;HEMO CARE;UNIDADES;0%;;;NORMAL;;V;C;S; 
2353;2353;hemosil;UNIDADES;21%;;;NORMAL;;V;C;S; 
1755;1755;HENNA;UNIDADES;10%;;;NORMAL;;V;C;S; 
3198;3198;herbal fermnt;UNIDADES;10%;;;NORMAL;;V;C;S; 
1802;1802;herbaprolis;UNIDADES;10%;;;NORMAL;;V;C;S; 
2451;2451;HIALURONIC;UNIDADES;21%;;;NORMAL;;V;C;S; 
2962;2962;HIDROLATO DE SALVIA;UNIDADES;21%;;;NORMAL;;V;C;S; 
3051;3051;hidrolato HELICRISO;UNIDADES;21%;;;NORMAL;;V;C;S; 
3049;3049;hidrolato HEMAMALIS;UNIDADES;21%;;;NORMAL;;V;C;S; 
3050;3050;hidrolato jara;UNIDADES;21%;;;NORMAL;;V;C;S; 
2966;2966;hidrolato lavanda;UNIDADES;21%;;;NORMAL;;V;C;S; 
2963;2963;hidrolato neroli;UNIDADES;21%;;;NORMAL;;V;C;S; 
2967;2967;hidrolato ROMERO;UNIDADES;21%;;;NORMAL;;V;C;S; 
2964;2964;hidrolato ROSA;UNIDADES;21%;;;NORMAL;;V;C;S; 
2498;2498;hierba luisa;UNIDADES;10%;;;NORMAL;;V;C;S; 
2657;2657;hierba san juan;UNIDADES;10%;;;NORMAL;;V;C;S; 
3119;3119;HIERRO;UNIDADES;0%;;;NORMAL;;V;C;S; 
3202;3202;hierro aldous;UNIDADES;10%;;;NORMAL;;V;C;S; 
2818;2818;higado de rape;UNIDADES;10%;;;NORMAL;;V;C;S; 
1670;1670;HIGH PROTEIN KEFIR POWDER;UNIDADES;0%;;;NORMAL;;V;C;S; 
2505;2505;higos secos;UNIDADES;10%;;;NORMAL;;V;C;S; 
2942;2942;hilo dental carbon;UNIDADES;21%;;;NORMAL;;V;C;S; 

ARTICULOS GENERAL;;;;;;;;;Pagina 19 ;;;;;Fecha : 03/02/2026;;;;;;;;
Codigo;Referencia;Articulo;Medida;IVA;;Seccion;Tipo;;V;C;S;F

001 TODAS;;;;;;;;;;;;;;;;;;;;;;
2176;2176;himalaya almond;UNIDADES;0%;;;NORMAL;;V;C;S; 
1974;1974;hinojo;UNIDADES;10%;;;NORMAL;;V;C;S; 
2921;2921;HIPERFITOTENS;UNIDADES;10%;;;NORMAL;;V;C;S; 
1745;1745;HIPERICO;UNIDADES;10%;;;NORMAL;;V;C;S; 
2707;2707;hipervita;UNIDADES;10%;;;NORMAL;;V;C;S; 
3084;3084;HISTABALANCE;UNIDADES;10%;;;NORMAL;;V;C;S; 
1915;1915;HOJAS DE PAPAYA;UNIDADES;0%;;;NORMAL;;V;C;S; 
2830;2830;HORNY GOAT;UNIDADES;0%;;;NORMAL;;V;C;S; 
1188;1188;huevo;UNIDADES;0%;;;NORMAL;;V;C;S; 
3447;3447;HUFFLEPUFF;UNIDADES;0%;;;NORMAL;;V;C;S; 
1932;1932;HUMIFICADOR;UNIDADES;21%;;;NORMAL;;V;C;S; 
2629;2629;HUMMUS;UNIDADES;10%;;;NORMAL;;V;C;S; 
1863;1863;HUMMUS CON BONIATO ENPOLVO;UNIDADES;10%;;;NORMAL;;V;C;S; 
1862;1862;hummus polvo;UNIDADES;10%;;;NORMAL;;V;C;S; 
3058;3058;HYDRO WHEY;UNIDADES;0%;;;NORMAL;;V;C;S; 
2732;2732;HYPER MASS;UNIDADES;0%;;;NORMAL;;V;C;S; 
3348;3348;HYPER MASS 1KG;UNIDADES;10%;;;NORMAL;;V;C;S; 
3070;3070;HYPERMASS;UNIDADES;0%;;;NORMAL;;V;C;S; 
1785;1785;immunity;UNIDADES;10%;;;NORMAL;;V;C;S; 
3126;3126;IMMUNITY;UNIDADES;10%;;;NORMAL;;V;C;S; 
3185;3185;IMMUNITY NUTRALIE;UNIDADES;10%;;;NORMAL;;V;C;S; 
2817;2817;INCESE STICK;UNIDADES;21%;;;NORMAL;;V;C;S; 
2791;2791;incienso;UNIDADES;10%;;;NORMAL;;V;C;S; 
3427;3427;INCIENSO;UNIDADES;21%;;;NORMAL;;V;C;S; 
2659;2659;INFLA-HEAL;UNIDADES;10%;;;NORMAL;;V;C;S; 
3347;3347;infusion;UNIDADES;10%;;;NORMAL;;V;C;S; 
3368;3368;INFUSION;UNIDADES;0%;;;NORMAL;;V;C;S; 
3010;3010;INHALADOR NARIZ;UNIDADES;21%;;;NORMAL;;V;C;S; 
2482;2482;inmuvita;UNIDADES;10%;;;NORMAL;;V;C;S; 
3414;3414;INOSITOL;UNIDADES;0%;;;NORMAL;;V;C;S; 
2821;2821;inositol 500mg now;UNIDADES;0%;;;NORMAL;;V;C;S; 
2833;2833;INOSITOL+CHOLIN;UNIDADES;0%;;;NORMAL;;V;C;S; 
2371;2371;INULINA;UNIDADES;10%;;;NORMAL;;V;C;S; 
3410;3410;islado pro 2kg;UNIDADES;0%;;;NORMAL;;V;C;S; 
2910;2910;ISO 1816G CATALANA;UNIDADES;0%;;;NORMAL;;V;C;S; 
3241;3241;iso avellana;UNIDADES;0%;;;NORMAL;;V;C;S; 
3238;3238;ISO BANAN;UNIDADES;0%;;;NORMAL;;V;C;S; 
3065;3065;ISO BLACK;UNIDADES;0%;;;NORMAL;;V;C;S; 
2911;2911;iso black choco;UNIDADES;0%;;;NORMAL;;V;C;S; 
2913;2913;ISO BLACK FRESA;UNIDADES;0%;;;NORMAL;;V;C;S; 
2912;2912;ISO BLACK VAINILLA;UNIDADES;0%;;;NORMAL;;V;C;S; 
2914;2914;ISO CHOCO;UNIDADES;0%;;;NORMAL;;V;C;S; 
3240;3240;ISO FRESA;UNIDADES;0%;;;NORMAL;;V;C;S; 
2915;2915;iso lemon;UNIDADES;0%;;;NORMAL;;V;C;S; 
2916;2916;ISO MANGO;UNIDADES;0%;;;NORMAL;;V;C;S; 
3239;3239;iso pistacho;UNIDADES;0%;;;NORMAL;;V;C;S; 
3237;3237;ISO PISTACHO;UNIDADES;10%;;;NORMAL;;V;C;S; 
2094;2094;ISO TERAMISU;UNIDADES;10%;;;NORMAL;;V;C;S; 
2917;2917;iso tiramisu;UNIDADES;0%;;;NORMAL;;V;C;S; 
2918;2918;ISO VAINILLA;UNIDADES;0%;;;NORMAL;;V;C;S; 
3112;3112;ISO WHEY;UNIDADES;10%;;;NORMAL;;V;C;S; 

ARTICULOS GENERAL;;;;;;;;;Pagina 20 ;;;;;Fecha : 03/02/2026;;;;;;;;
Codigo;Referencia;Articulo;Medida;IVA;;Seccion;Tipo;;V;C;S;F

001 TODAS;;;;;;;;;;;;;;;;;;;;;;
2394;2394;isotonic ice tea;UNIDADES;0%;;;NORMAL;;V;C;S; 
2395;2395;ISOTONIC LIMON;UNIDADES;0%;;;NORMAL;;V;C;S; 
2955;2955;jabon arcilla roja;UNIDADES;21%;;;NORMAL;;V;C;S; 
2741;2741;JABON CALENDULA;UNIDADES;21%;;;NORMAL;;V;C;S; 
3078;3078;JABON DE CURCUMA;UNIDADES;21%;;;NORMAL;;V;C;S; 
3218;3218;JABON DE NEEM;UNIDADES;21%;;;NORMAL;;V;C;S; 
3219;3219;jabon de rosas;UNIDADES;21%;;;NORMAL;;V;C;S; 
2954;2954;JABON DEPILAR;UNIDADES;21%;;;NORMAL;;V;C;S; 
2957;2957;jabon higuera;UNIDADES;21%;;;NORMAL;;V;C;S; 
2956;2956;JABON LECHE DE BURRA;UNIDADES;21%;;;NORMAL;;V;C;S; 
2284;2284;JABON NEGRO;UNIDADES;21%;;;NORMAL;;V;C;S; 
2160;2160;JALEA REAL;UNIDADES;10%;;;NORMAL;;V;C;S; 
2517;2517;JENGIBRE;UNIDADES;10%;;;NORMAL;;V;C;S; 
2319;2319;jengibre candi;UNIDADES;10%;;;NORMAL;;V;C;S; 
2242;2242;jingibre deshidratado;UNIDADES;10%;;;NORMAL;;V;C;S; 
3006;3006;JOJOBA;UNIDADES;21%;;;NORMAL;;V;C;S; 
2053;2053;JUGO ALOE VERA;UNIDADES;10%;;;NORMAL;;V;C;S; 
3510;3510;juliana;UNIDADES;10%;;;NORMAL;;V;C;S; 
3165;3165;K2 MK7;UNIDADES;0%;;;NORMAL;;V;C;S; 
1907;1907;KALE;UNIDADES;10%;;;NORMAL;;V;C;S; 
1970;1970;KARITE;UNIDADES;0%;;;NORMAL;;V;C;S; 
3362;3362;kefir cabra;UNIDADES;4%;;;NORMAL;;V;C;S; 
1841;1841;kefir de vaca;UNIDADES;10%;;;NORMAL;;V;C;S; 
1669;1669;KEFIR SUAVE;UNIDADES;4%;;;NORMAL;;V;C;S; 
1692;1692;ketchup;UNIDADES;10%;;;NORMAL;;V;C;S; 
1864;1864;keto cafe;UNIDADES;10%;;;NORMAL;;V;C;S; 
1865;1865;KETO CREAMER;UNIDADES;10%;;;NORMAL;;V;C;S; 
1536;1536;KETOGENIC GOLAGEN;UNIDADES;10%;;;NORMAL;;V;C;S; 
3456;3456;KETONE;UNIDADES;0%;;;NORMAL;;V;C;S; 
3287;3287;KIT DEFENSAS;UNIDADES;21%;;;NORMAL;;V;C;S; 
3289;3289;kit emotiones;UNIDADES;21%;;;NORMAL;;V;C;S; 
2960;2960;kit recarga anti mosqueto;UNIDADES;21%;;;NORMAL;;V;C;S; 
3288;3288;KIT SOS;UNIDADES;21%;;;NORMAL;;V;C;S; 
2685;2685;KOMBUCHA CEREZA;UNIDADES;21%;;;NORMAL;;V;C;S; 
1919;1919;kombucha gin;UNIDADES;21%;;;NORMAL;;V;C;S; 
1721;1721;kong;UNIDADES;10%;;;NORMAL;;V;C;S; 
1722;1722;KONG;UNIDADES;10%;;;NORMAL;;V;C;S; 
1182;1182;kre alkalyn;UNIDADES;10%;;;NORMAL;;V;C;S; 
1777;1777;KRUNCHY AVENA 750G;UNIDADES;10%;;;NORMAL;;V;C;S; 
3037;3037;KRUNCHY CHOCO;UNIDADES;10%;;;NORMAL;;V;C;S; 
1778;1778;krunchy choco 750g;UNIDADES;10%;;;NORMAL;;V;C;S; 
1774;1774;krunchy immune;UNIDADES;10%;;;NORMAL;;V;C;S; 
3042;3042;KRUNCHY SEMILLAS;UNIDADES;10%;;;NORMAL;;V;C;S; 
3103;3103;L-ARGININA 50CAP VITASAN;UNIDADES;10%;;;NORMAL;;V;C;S; 
1795;1795;L-ARGININA now;UNIDADES;0%;;;NORMAL;;V;C;S; 
2446;2446;l-carnitine;UNIDADES;0%;;;NORMAL;;V;C;S; 
2653;2653;l-carnosine;UNIDADES;10%;;;NORMAL;;V;C;S; 
2851;2851;l-glutamina;UNIDADES;10%;;;NORMAL;;V;C;S; 
2652;2652;L-GLUTAMINE;UNIDADES;10%;;;NORMAL;;V;C;S; 
2032;2032;L-GLYCIN zein;UNIDADES;0%;;;NORMAL;;V;C;S; 
2601;2601;l-lpysine swanson;UNIDADES;10%;;;NORMAL;;V;C;S; 

ARTICULOS GENERAL;;;;;;;;;Pagina 21 ;;;;;Fecha : 03/02/2026;;;;;;;;
Codigo;Referencia;Articulo;Medida;IVA;;Seccion;Tipo;;V;C;S;F

001 TODAS;;;;;;;;;;;;;;;;;;;;;;
3440;3440;l-lysine;UNIDADES;0%;;;NORMAL;;V;C;S; 
3436;3436;L-LYSINE;UNIDADES;0%;;;NORMAL;;V;C;S; 
2977;2977;L-TAENINE+SUNTEANINE;UNIDADES;0%;;;NORMAL;;V;C;S; 
3225;3225;l-triptofan;UNIDADES;0%;;;NORMAL;;V;C;S; 
2982;2982;l-tyrosine 750mg NOW;UNIDADES;0%;;;NORMAL;;V;C;S; 
2158;2158;LA BOHEME;UNIDADES;21%;;;NORMAL;;V;C;S; 
3146;3146;LA VERA CHAMPO VOLUMEN;UNIDADES;21%;;;NORMAL;;V;C;S; 
1986;1986;la vera sensitiv;UNIDADES;21%;;;NORMAL;;V;C;S; 
2551;2551;la vera spray;UNIDADES;21%;;;NORMAL;;V;C;S; 
2106;2106;LA VERA WHIT LOVE;UNIDADES;21%;;;NORMAL;;V;C;S; 
2107;2107;la vera winter;UNIDADES;21%;;;NORMAL;;V;C;S; 
3404;3404;LA VIDA ALMENDRA;UNIDADES;10%;;;NORMAL;;V;C;S; 
1885;1885;la vida dark choco;UNIDADES;10%;;;NORMAL;;V;C;S; 
3299;3299;LA VIDA VEGAN;UNIDADES;10%;;;NORMAL;;V;C;S; 
2946;2946;LABIAL CALENDULA;UNIDADES;21%;;;NORMAL;;V;C;S; 
2947;2947;labial solar;UNIDADES;21%;;;NORMAL;;V;C;S; 
3406;3406;LAMINAS DE LASAÑA;UNIDADES;10%;;;NORMAL;;V;C;S; 
2285;2285;LAPIZ DE OJO 01;UNIDADES;21%;;;NORMAL;;V;C;S; 
2286;2286;LAPIZ DE OJO 02;UNIDADES;21%;;;NORMAL;;V;C;S; 
2287;2287;LAPIZ DE OJO 03;UNIDADES;21%;;;NORMAL;;V;C;S; 
2289;2289;LAPIZ DE OJO 04;UNIDADES;21%;;;NORMAL;;V;C;S; 
2288;2288;LAPIZ DE OJO 05;UNIDADES;21%;;;NORMAL;;V;C;S; 
2291;2291;lapiz iluminador 01;UNIDADES;21%;;;NORMAL;;V;C;S; 
2290;2290;lapiz iluminador 02;UNIDADES;21%;;;NORMAL;;V;C;S; 
2571;2571;LATA THERMO;UNIDADES;0%;;;NORMAL;;V;C;S; 
2558;2558;laurel;UNIDADES;10%;;;NORMAL;;V;C;S; 
2866;2866;laurel molido;UNIDADES;10%;;;NORMAL;;V;C;S; 
3057;3057;laurel molido 50g;UNIDADES;10%;;;NORMAL;;V;C;S; 
2213;2213;LAVANDA;UNIDADES;10%;;;NORMAL;;V;C;S; 
3403;3403;lavida 600g;UNIDADES;10%;;;NORMAL;;V;C;S; 
2062;2062;lawa jeng;UNIDADES;10%;;;NORMAL;;V;C;S; 
3295;3295;le paine;UNIDADES;10%;;;NORMAL;;V;C;S; 
3088;3088;LEBOULARDI;UNIDADES;10%;;;NORMAL;;V;C;S; 
3232;3232;lecitina de soja;UNIDADES;10%;;;NORMAL;;V;C;S; 
2892;2892;LECHE COCO;UNIDADES;10%;;;NORMAL;;V;C;S; 
2767;2767;LECHE CORPORAL BEBE;UNIDADES;21%;;;NORMAL;;V;C;S; 
2499;2499;LECHE DE ARROZ;UNIDADES;10%;;;NORMAL;;V;C;S; 
1878;1878;LECHE DE AVELLANAS;UNIDADES;10%;;;NORMAL;;V;C;S; 
3363;3363;leche de cabra;UNIDADES;4%;;;NORMAL;;V;C;S; 
2159;2159;leche de coco;UNIDADES;10%;;;NORMAL;;V;C;S; 
1842;1842;LECHE DE VACA;UNIDADES;2%;;;NORMAL;;V;C;S; 
1672;1672;leche en polvo;UNIDADES;0%;;;NORMAL;;V;C;S; 
2080;2080;LECHE ENTERA;UNIDADES;2%;;;NORMAL;;V;C;S; 
2079;2079;leche vaca ENTERA;UNIDADES;2%;;;NORMAL;;V;C;S; 
2859;2859;LECHUGA MAR;UNIDADES;4%;;;NORMAL;;V;C;S; 
3216;3216;LEGHEE;UNIDADES;10%;;;NORMAL;;V;C;S; 
2162;2162;LENVOUTANTE;UNIDADES;21%;;;NORMAL;;V;C;S; 
2544;2544;LERIFORM;UNIDADES;10%;;;NORMAL;;V;C;S; 
2545;2545;LERIFORM NIÑOS;UNIDADES;10%;;;NORMAL;;V;C;S; 
2425;2425;LEVADURA CERV;UNIDADES;10%;;;NORMAL;;V;C;S; 
2365;2365;LEVADURA DESMAGRADA;UNIDADES;10%;;;NORMAL;;V;C;S; 

ARTICULOS GENERAL;;;;;;;;;Pagina 22 ;;;;;Fecha : 03/02/2026;;;;;;;;
Codigo;Referencia;Articulo;Medida;IVA;;Seccion;Tipo;;V;C;S;F

001 TODAS;;;;;;;;;;;;;;;;;;;;;;
2426;2426;levadura desmg;UNIDADES;10%;;;NORMAL;;V;C;S; 
2714;2714;LEVADURA N BIO;UNIDADES;10%;;;NORMAL;;V;C;S; 
1813;1813;LIBIDO HOMBRE;UNIDADES;10%;;;NORMAL;;V;C;S; 
2378;2378;licorice;UNIDADES;0%;;;NORMAL;;V;C;S; 
2586;2586;lifepro whey CAPUCHINO;UNIDADES;10%;;;NORMAL;;V;C;S; 
2098;2098;lifepro whey CHEESECAKE;UNIDADES;10%;;;NORMAL;;V;C;S; 
2100;2100;lifepro whey CHOCO;UNIDADES;10%;;;NORMAL;;V;C;S; 
2099;2099;lifepro whey fresa y banana;UNIDADES;10%;;;NORMAL;;V;C;S; 
2097;2097;lifepro whey pistacho;UNIDADES;10%;;;NORMAL;;V;C;S; 
2588;2588;lifepro whey SANDIA;UNIDADES;10%;;;NORMAL;;V;C;S; 
2587;2587;lifepro whey stracciatela;UNIDADES;10%;;;NORMAL;;V;C;S; 
2970;2970;LIMPIA CRISTALES;UNIDADES;21%;;;NORMAL;;V;C;S; 
3384;3384;LIMPIA LENGUA;UNIDADES;21%;;;NORMAL;;V;C;S; 
2447;2447;LIMPIADOR MANZANILLA;UNIDADES;21%;;;NORMAL;;V;C;S; 
2431;2431;LINO GRANERO;UNIDADES;10%;;;NORMAL;;V;C;S; 
2428;2428;lino grano vita;UNIDADES;10%;;;NORMAL;;V;C;S; 
2690;2690;LINO MOLIDO;UNIDADES;10%;;;NORMAL;;V;C;S; 
2430;2430;lino, chia, cañamo;UNIDADES;4%;;;NORMAL;;V;C;S; 
2030;2030;LIONS MANE MUSHROOM;UNIDADES;0%;;;NORMAL;;V;C;S; 
2183;2183;lip balm;UNIDADES;0%;;;NORMAL;;V;C;S; 
2753;2753;LIP BALM W;UNIDADES;21%;;;NORMAL;;V;C;S; 
3245;3245;LIP SKIN FOOD;UNIDADES;21%;;;NORMAL;;V;C;S; 
2812;2812;lipbalm;UNIDADES;0%;;;NORMAL;;V;C;S; 
2811;2811;LIPBALM COCOA;UNIDADES;0%;;;NORMAL;;V;C;S; 
2992;2992;lipolit forte;UNIDADES;10%;;;NORMAL;;V;C;S; 
2444;2444;LIPOSOMAL C osavi;UNIDADES;0%;;;NORMAL;;V;C;S; 
2064;2064;LIQUID CHLOROPHEAL;UNIDADES;10%;;;NORMAL;;V;C;S; 
3352;3352;locion antioxidante acai;UNIDADES;10%;;;NORMAL;;V;C;S; 
2757;2757;LOCION CAPILAR;UNIDADES;21%;;;NORMAL;;V;C;S; 
3248;3248;locion citrus;UNIDADES;21%;;;NORMAL;;V;C;S; 
3250;3250;locion granada;UNIDADES;21%;;;NORMAL;;V;C;S; 
2740;2740;locion granada w;UNIDADES;21%;;;NORMAL;;V;C;S; 
3249;3249;LOCION ROSA;UNIDADES;21%;;;NORMAL;;V;C;S; 
2719;2719;locion sante citrico;UNIDADES;21%;;;NORMAL;;V;C;S; 
3247;3247;LOCION SKIN F;UNIDADES;21%;;;NORMAL;;V;C;S; 
3018;3018;LUBRICANTE;UNIDADES;21%;;;NORMAL;;V;C;S; 
3448;3448;lumos;UNIDADES;0%;;;NORMAL;;V;C;S; 
2477;2477;lunchbox;UNIDADES;0%;;;NORMAL;;V;C;S; 
2478;2478;LUNCHBOX;UNIDADES;0%;;;NORMAL;;V;C;S; 
2066;2066;LYCOROSE;UNIDADES;10%;;;NORMAL;;V;C;S; 
1930;1930;maca;UNIDADES;10%;;;NORMAL;;V;C;S; 
1910;1910;MACA;UNIDADES;10%;;;NORMAL;;V;C;S; 
2126;2126;maca andina;UNIDADES;10%;;;NORMAL;;V;C;S; 
2585;2585;MACA ROJA;UNIDADES;10%;;;NORMAL;;V;C;S; 
1336;1336;MACARRONES;UNIDADES;10%;;;NORMAL;;V;C;S; 
1950;1950;macarrones sarraceno;UNIDADES;10%;;;NORMAL;;V;C;S; 
3461;3461;mag;UNIDADES;0%;;;NORMAL;;V;C;S; 
3047;3047;MAG BISG;UNIDADES;10%;;;NORMAL;;V;C;S; 
3201;3201;MAG GUM;UNIDADES;10%;;;NORMAL;;V;C;S; 
2484;2484;mag pamies;UNIDADES;10%;;;NORMAL;;V;C;S; 
2457;2457;MAGNESIO;UNIDADES;10%;;;NORMAL;;V;C;S; 

ARTICULOS GENERAL;;;;;;;;;Pagina 23 ;;;;;Fecha : 03/02/2026;;;;;;;;
Codigo;Referencia;Articulo;Medida;IVA;;Seccion;Tipo;;V;C;S;F

001 TODAS;;;;;;;;;;;;;;;;;;;;;;
2848;2848;magnesio sucrotac;UNIDADES;10%;;;NORMAL;;V;C;S; 
2028;2028;MAGNESIUM;UNIDADES;0%;;;NORMAL;;V;C;S; 
3321;3321;MAHARISHI;UNIDADES;10%;;;NORMAL;;V;C;S; 
3360;3360;mahon;UNIDADES;10%;;;NORMAL;;V;C;S; 
2269;2269;majonesa;UNIDADES;10%;;;NORMAL;;V;C;S; 
3236;3236;MAKE UP;UNIDADES;21%;;;NORMAL;;V;C;S; 
3120;3120;MALATO MAGNESIUM;UNIDADES;0%;;;NORMAL;;V;C;S; 
2996;2996;MALGACHE;UNIDADES;21%;;;NORMAL;;V;C;S; 
1857;1857;MALTODEXTRINA 1KG;UNIDADES;10%;;;NORMAL;;V;C;S; 
3409;3409;malva;UNIDADES;10%;;;NORMAL;;V;C;S; 
2771;2771;malva blanca;UNIDADES;21%;;;NORMAL;;V;C;S; 
1955;1955;MAMBO;UNIDADES;10%;;;NORMAL;;V;C;S; 
2506;2506;MANGO;UNIDADES;10%;;;NORMAL;;V;C;S; 
1649;1649;manteca de cacahuete COCO;UNIDADES;10%;;;NORMAL;;V;C;S; 
1650;1650;manteca de cacahuete CREMOSO;UNIDADES;0%;;;NORMAL;;V;C;S; 
1651;1651;MANTECA DE CACAHUETECRUNCHY;UNIDADES;0%;;;NORMAL;;V;C;S; 
2322;2322;manzanilla;UNIDADES;10%;;;NORMAL;;V;C;S; 
2773;2773;MANZANILLA DULCE;UNIDADES;10%;;;NORMAL;;V;C;S; 
1673;1673;manzanilla mahon;UNIDADES;10%;;;NORMAL;;V;C;S; 
2302;2302;maqquillaje fluido 04;UNIDADES;21%;;;NORMAL;;V;C;S; 
2297;2297;MAQUILLAJE COMPACTO;UNIDADES;21%;;;NORMAL;;V;C;S; 
2298;2298;MAQUILLAJE COMPACTO 02;UNIDADES;21%;;;NORMAL;;V;C;S; 
2299;2299;MAQUILLAJE COMPACTO 03;UNIDADES;21%;;;NORMAL;;V;C;S; 
2304;2304;MAQUILLAJE FLUIDO 01;UNIDADES;21%;;;NORMAL;;V;C;S; 
2303;2303;MAQUILLAJE FLUIDO 03;UNIDADES;21%;;;NORMAL;;V;C;S; 
3336;3336;marrubio;UNIDADES;10%;;;NORMAL;;V;C;S; 
3320;3320;MARRUBIO;UNIDADES;10%;;;NORMAL;;V;C;S; 
2796;2796;MASAJEADOR COBRE;UNIDADES;21%;;;NORMAL;;V;C;S; 
2250;2250;masala chai;UNIDADES;10%;;;NORMAL;;V;C;S; 
2316;2316;MASCAR DE PESTAÑAS 00;UNIDADES;21%;;;NORMAL;;V;C;S; 
2314;2314;MASCAR DE PESTAÑAS 01;UNIDADES;21%;;;NORMAL;;V;C;S; 
2315;2315;MASCAR DE PESTAÑAS 02;UNIDADES;21%;;;NORMAL;;V;C;S; 
1996;1996;mascara facial;UNIDADES;21%;;;NORMAL;;V;C;S; 
2266;2266;MASCARILLA CAPILAR;UNIDADES;21%;;;NORMAL;;V;C;S; 
2776;2776;mascarilla recino;UNIDADES;21%;;;NORMAL;;V;C;S; 
2179;2179;mask carbon;UNIDADES;0%;;;NORMAL;;V;C;S; 
2650;2650;MASK CENTELLA;UNIDADES;21%;;;NORMAL;;V;C;S; 
3308;3308;MASS;UNIDADES;10%;;;NORMAL;;V;C;S; 
2638;2638;MATCHA BIOME;UNIDADES;21%;;;NORMAL;;V;C;S; 
3370;3370;MATE GING;UNIDADES;0%;;;NORMAL;;V;C;S; 
2209;2209;MATRIX 50/50;UNIDADES;10%;;;NORMAL;;V;C;S; 
2787;2787;max cok lacasitos;UNIDADES;10%;;;NORMAL;;V;C;S; 
2461;2461;MAXSHAKER;UNIDADES;10%;;;NORMAL;;V;C;S; 
971;971;MAYONESA UN;UNIDADES;10%;;;NORMAL;;V;C;S; 
2239;2239;MCT;UNIDADES;10%;;;NORMAL;;V;C;S; 
3123;3123;MCT OIL C8;UNIDADES;10%;;;NORMAL;;V;C;S; 
3453;;medicube ita c capsule cream;UNIDADES;10%;;;NORMAL;;V;C;S; 
2542;2542;mega creatina;UNIDADES;0%;;;NORMAL;;V;C;S; 
3113;3113;MEGA CREATINE 306G;UNIDADES;10%;;;NORMAL;;V;C;S; 
3526;3526;mega jalea;UNIDADES;10%;;;NORMAL;;V;C;S; 
3125;3125;MEJILLON CON ALGA;UNIDADES;10%;;;NORMAL;;V;C;S; 

ARTICULOS GENERAL;;;;;;;;;Pagina 24 ;;;;;Fecha : 03/02/2026;;;;;;;;
Codigo;Referencia;Articulo;Medida;IVA;;Seccion;Tipo;;V;C;S;F

001 TODAS;;;;;;;;;;;;;;;;;;;;;;
3124;3124;mejillones escb;UNIDADES;10%;;;NORMAL;;V;C;S; 
2819;2819;MEJILLONES/WAKAME;UNIDADES;10%;;;NORMAL;;V;C;S; 
2519;2519;MEJORANA;UNIDADES;10%;;;NORMAL;;V;C;S; 
2414;2414;MELATONIN;UNIDADES;10%;;;NORMAL;;V;C;S; 
2073;2073;melatonina gummies;UNIDADES;10%;;;NORMAL;;V;C;S; 
3105;3105;melatonina lifepro;UNIDADES;10%;;;NORMAL;;V;C;S; 
3035;3035;melisa biocop;UNIDADES;10%;;;NORMAL;;V;C;S; 
2895;2895;MELVA;UNIDADES;10%;;;NORMAL;;V;C;S; 
3041;3041;merm pera-limon;UNIDADES;10%;;;NORMAL;;V;C;S; 
2363;2363;mermelada ciruela;UNIDADES;10%;;;NORMAL;;V;C;S; 
2500;2500;mermelada de naranja;UNIDADES;10%;;;NORMAL;;V;C;S; 
1695;1695;MERMELADA DE PAPAYA;UNIDADES;10%;;;NORMAL;;V;C;S; 
3040;3040;MERMELADA DE PIÑONES;UNIDADES;10%;;;NORMAL;;V;C;S; 
1694;1694;mermelada frambuesa;UNIDADES;10%;;;NORMAL;;V;C;S; 
1702;1702;MERMELADA FRESA;UNIDADES;10%;;;NORMAL;;V;C;S; 
2358;2358;MERMELADA FRUTOS ROJOS;UNIDADES;10%;;;NORMAL;;V;C;S; 
1693;1693;MERMELADA TAYBERRY;UNIDADES;10%;;;NORMAL;;V;C;S; 
2795;2795;MERMELDA DE ARANDANOS;UNIDADES;10%;;;NORMAL;;V;C;S; 
3369;3369;merry spices;UNIDADES;0%;;;NORMAL;;V;C;S; 
2709;2709;mestvita;UNIDADES;10%;;;NORMAL;;V;C;S; 
2925;2925;METABOLIK;UNIDADES;10%;;;NORMAL;;V;C;S; 
1871;1871;metal depur;UNIDADES;10%;;;NORMAL;;V;C;S; 
2658;2658;METAL DETOX;UNIDADES;10%;;;NORMAL;;V;C;S; 
1212;1212;micellar casein hsn 2K;UNIDADES;10%;;;NORMAL;;V;C;S; 
1870;1870;MICRO BALANCE;UNIDADES;10%;;;NORMAL;;V;C;S; 
2793;2793;miel de eucalipto 500g;UNIDADES;10%;;;NORMAL;;V;C;S; 
1083;1083;miel espliego;UNIDADES;10%;;;NORMAL;;V;C;S; 
2479;2479;MIGVITA;UNIDADES;0%;;;NORMAL;;V;C;S; 
3192;3192;mini ckr esp;UNIDADES;10%;;;NORMAL;;V;C;S; 
1750;1750;mini crackers;UNIDADES;10%;;;NORMAL;;V;C;S; 
3345;3345;MINI CRACKERS DE TRIGOESPELTA INTEGRAL;CAJA 36;10%;;;NORMAL;;V;C;S; 
1895;1895;mini crakers espelta;UNIDADES;10%;;;NORMAL;;V;C;S; 
1894;1894;MINI CRAKERS ESPELTA quinoa;UNIDADES;10%;;;NORMAL;;V;C;S; 
1883;1883;mini macarrones s/g;UNIDADES;7,5%;;;NORMAL;;V;C;S; 
2335;2335;MISO;UNIDADES;10%;;;NORMAL;;V;C;S; 
2075;2075;miso de garbanzos;UNIDADES;10%;;;NORMAL;;V;C;S; 
1675;1675;MIX CALDO;UNIDADES;0%;;;NORMAL;;V;C;S; 
2626;2626;MIX CIR;UNIDADES;10%;;;NORMAL;;V;C;S; 
2618;2618;MIX COL;UNIDADES;10%;;;NORMAL;;V;C;S; 
2617;2617;mix cycle;UNIDADES;10%;;;NORMAL;;V;C;S; 
2622;2622;MIX GASES;UNIDADES;10%;;;NORMAL;;V;C;S; 
2623;2623;mix gastro;UNIDADES;10%;;;NORMAL;;V;C;S; 
2210;2210;mix pan;UNIDADES;2%;;;NORMAL;;V;C;S; 
2275;2275;MIX POPS;UNIDADES;10%;;;NORMAL;;V;C;S; 
2624;2624;MIX RELAX;UNIDADES;10%;;;NORMAL;;V;C;S; 
2212;2212;mix reposteria;UNIDADES;2%;;;NORMAL;;V;C;S; 
2508;2508;MIX TROPICAL;UNIDADES;10%;;;NORMAL;;V;C;S; 
2625;2625;mix urin;UNIDADES;10%;;;NORMAL;;V;C;S; 
2634;2634;MIXSOON ACEITE LIMPIADOR;UNIDADES;21%;;;NORMAL;;V;C;S; 
2641;2641;mixsoon hyaluronic acid serum water;UNIDADES;21%;;;NORMAL;;V;C;S; 
2643;2643;mixsoon hydrogel eye patch;UNIDADES;21%;;;NORMAL;;V;C;S; 

ARTICULOS GENERAL;;;;;;;;;Pagina 25 ;;;;;Fecha : 03/02/2026;;;;;;;;
Codigo;Referencia;Articulo;Medida;IVA;;Seccion;Tipo;;V;C;S;F

001 TODAS;;;;;;;;;;;;;;;;;;;;;;
2647;2647;MIXSOON PADS;UNIDADES;21%;;;NORMAL;;V;C;S; 
2635;2635;mixsoon stick balm;UNIDADES;21%;;;NORMAL;;V;C;S; 
2639;2639;mixsoon toner;UNIDADES;21%;;;NORMAL;;V;C;S; 
2640;2640;MIXSOON WATER CLEAN;UNIDADES;21%;;;NORMAL;;V;C;S; 
2822;2822;MK7;UNIDADES;0%;;;NORMAL;;V;C;S; 
2777;2777;MOLINILLO PIMIENTA;UNIDADES;10%;;;NORMAL;;V;C;S; 
1433;1433;moras blancas;UNIDADES;0%;;;NORMAL;;V;C;S; 
2252;2252;moringa;UNIDADES;10%;;;NORMAL;;V;C;S; 
1829;1829;MORINGA EN POLVO;UNIDADES;10%;;;NORMAL;;V;C;S; 
2247;2247;MORINGA ORGANIC INDIA;UNIDADES;10%;;;NORMAL;;V;C;S; 
1689;1689;mostaza;UNIDADES;10%;;;NORMAL;;V;C;S; 
2715;2715;MOSTAZA;UNIDADES;10%;;;NORMAL;;V;C;S; 
2257;2257;MOZZARELLA VEGANA;UNIDADES;10%;;;NORMAL;;V;C;S; 
2849;2849;MUCOGAST;UNIDADES;10%;;;NORMAL;;V;C;S; 
3140;3140;mucpropol kids;UNIDADES;10%;;;NORMAL;;V;C;S; 
2888;2888;muesli andino;UNIDADES;10%;;;NORMAL;;V;C;S; 
2802;2802;muesli canela;UNIDADES;10%;;;NORMAL;;V;C;S; 
2889;2889;muesli f secos;UNIDADES;10%;;;NORMAL;;V;C;S; 
2929;2929;MUESLI PROETEICO;UNIDADES;10%;;;NORMAL;;V;C;S; 
2127;2127;muesli s/g frutas;UNIDADES;10%;;;NORMAL;;V;C;S; 
2803;2803;MUFFIN S/G;UNIDADES;10%;;;NORMAL;;V;C;S; 
3444;3444;mug 350ml;UNIDADES;0%;;;NORMAL;;V;C;S; 
2713;2713;MUG L PRO;UNIDADES;21%;;;NORMAL;;V;C;S; 
3213;3213;mug travel;UNIDADES;21%;;;NORMAL;;V;C;S; 
2572;2572;mug xxl;UNIDADES;0%;;;NORMAL;;V;C;S; 
2827;2827;MULTI OSAVI;UNIDADES;0%;;;NORMAL;;V;C;S; 
2341;2341;MULTI V MUJER;UNIDADES;0%;;;NORMAL;;V;C;S; 
2790;2790;MULTI VIT NUTRALIE;UNIDADES;10%;;;NORMAL;;V;C;S; 
2847;2847;MULTIPROBIOTA;UNIDADES;10%;;;NORMAL;;V;C;S; 
2828;2828;MULTIV MUJER OSAVI;UNIDADES;0%;;;NORMAL;;V;C;S; 
2783;2783;multivit forte;UNIDADES;10%;;;NORMAL;;V;C;S; 
1928;1928;MULTIVITAMINAS;UNIDADES;10%;;;NORMAL;;V;C;S; 
3099;3099;multivitaminico w biotech;UNIDADES;0%;;;NORMAL;;V;C;S; 
2733;2733;muscle mass;UNIDADES;0%;;;NORMAL;;V;C;S; 
3415;3415;MYO INOSITOL;UNIDADES;0%;;;NORMAL;;V;C;S; 
2263;2263;n;UNIDADES;0%;;;NORMAL;;V;C;S; 
2920;2920;nac;UNIDADES;10%;;;NORMAL;;V;C;S; 
2823;2823;NAC;UNIDADES;0%;;;NORMAL;;V;C;S; 
2905;2905;NACHOS;UNIDADES;10%;;;NORMAL;;V;C;S; 
2906;2906;NACHOS ROLL;UNIDADES;10%;;;NORMAL;;V;C;S; 
3433;3433;nad+;UNIDADES;10%;;;NORMAL;;V;C;S; 
3056;3056;nad+ nutralie;UNIDADES;10%;;;NORMAL;;V;C;S; 
2018;2018;nadh;UNIDADES;0%;;;NORMAL;;V;C;S; 
2774;2774;natessance karite chmp;UNIDADES;21%;;;NORMAL;;V;C;S; 
3412;3412;NATIVE PRO;UNIDADES;0%;;;NORMAL;;V;C;S; 
1370;1370;natulim;UNIDADES;21%;;;NORMAL;;V;C;S; 
2937;2937;NECESER DE VIAJE;UNIDADES;21%;;;NORMAL;;V;C;S; 
2110;2110;NECESER H LA VERA;UNIDADES;21%;;;NORMAL;;V;C;S; 
2177;2177;NEEM JABON;UNIDADES;0%;;;NORMAL;;V;C;S; 
2184;2184;neem mask;UNIDADES;0%;;;NORMAL;;V;C;S; 
2441;2441;NIACIN 250MG 90CAP NOW;UNIDADES;0%;;;NORMAL;;V;C;S; 

ARTICULOS GENERAL;;;;;;;;;Pagina 26 ;;;;;Fecha : 03/02/2026;;;;;;;;
Codigo;Referencia;Articulo;Medida;IVA;;Seccion;Tipo;;V;C;S;F

001 TODAS;;;;;;;;;;;;;;;;;;;;;;
1817;1817;NIACIN 90cap now;UNIDADES;10%;;;NORMAL;;V;C;S; 
1644;1644;NIACINAMIDA;UNIDADES;0%;;;NORMAL;;V;C;S; 
2435;2435;NIGELLA;UNIDADES;10%;;;NORMAL;;V;C;S; 
1965;1965;nigelle;UNIDADES;0%;;;NORMAL;;V;C;S; 
2855;2855;no-dol;UNIDADES;21%;;;NORMAL;;V;C;S; 
2564;2564;nogal;UNIDADES;10%;;;NORMAL;;V;C;S; 
2123;2123;noni;UNIDADES;10%;;;NORMAL;;V;C;S; 
3496;NORI ENCOPOS;NORI EN COPOS;UNIDADES;4%;;;NORMAL;;V;C;S; 
3033;3033;nueces;UNIDADES;4%;;;NORMAL;;V;C;S; 
2011;2011;NUTLOVE;UNIDADES;0%;;;NORMAL;;V;C;S; 
2408;2408;nutlove bar;UNIDADES;0%;;;NORMAL;;V;C;S; 
2807;2807;nutlove protein;UNIDADES;0%;;;NORMAL;;V;C;S; 
2012;2012;nutlove sauce;UNIDADES;0%;;;NORMAL;;V;C;S; 
2398;2398;NUTLOVE SAUCE BLANCA;UNIDADES;0%;;;NORMAL;;V;C;S; 
2409;2409;NUTLOVEBAR;UNIDADES;0%;;;NORMAL;;V;C;S; 
2401;2401;NUTREND;UNIDADES;0%;;;NORMAL;;V;C;S; 
2022;2022;NUTREND PROTEIN;UNIDADES;0%;;;NORMAL;;V;C;S; 
2988;2988;obe-control;UNIDADES;10%;;;NORMAL;;V;C;S; 
2708;2708;OBVITA;UNIDADES;10%;;;NORMAL;;V;C;S; 
3142;3142;oligopropol;UNIDADES;10%;;;NORMAL;;V;C;S; 
3524;3524;OLIVAS MEDITERRANEAS;UNIDADES;10%;;;NORMAL;;V;C;S; 
1747;1747;OLIVO;UNIDADES;10%;;;NORMAL;;V;C;S; 
3498;3498;olivo polvo;UNIDADES;10%;;;NORMAL;;V;C;S; 
3442;3442;omega 3;UNIDADES;0%;;;NORMAL;;V;C;S; 
3459;3459;OMEGA 3 ALGEA;UNIDADES;0%;;;NORMAL;;V;C;S; 
2175;2175;OMEGA 3 ARTIC BLUE;UNIDADES;0%;;;NORMAL;;V;C;S; 
2412;2412;OMEGA 3 IFOS HSN;UNIDADES;0%;;;NORMAL;;V;C;S; 
3157;3157;omega 3+d3+k2;UNIDADES;0%;;;NORMAL;;V;C;S; 
2014;2014;omega 3-6-9;UNIDADES;0%;;;NORMAL;;V;C;S; 
3223;3223;omega 7;UNIDADES;0%;;;NORMAL;;V;C;S; 
1956;1956;omega3;UNIDADES;10%;;;NORMAL;;V;C;S; 
1728;1728;OMEGA3;UNIDADES;10%;;;NORMAL;;V;C;S; 
2924;2924;OMEGA3 PREMIUM hsn;UNIDADES;0%;;;NORMAL;;V;C;S; 
2095;2095;OMEGA3 PRO;UNIDADES;10%;;;NORMAL;;V;C;S; 
2013;2013;OMEGA3+K2+D3;UNIDADES;0%;;;NORMAL;;V;C;S; 
1957;1957;OMEGA7;UNIDADES;10%;;;NORMAL;;V;C;S; 
3454;3454;ONAGRA;UNIDADES;10%;;;NORMAL;;V;C;S; 
2136;2136;ORBALLO NAVIDAD;UNIDADES;10%;;;NORMAL;;V;C;S; 
2985;2985;oregano 120c osavi;UNIDADES;0%;;;NORMAL;;V;C;S; 
2674;2674;oregano leaf swanson;UNIDADES;0%;;;NORMAL;;V;C;S; 
2672;2672;OREGANO NOW 100C;UNIDADES;0%;;;NORMAL;;V;C;S; 
2671;2671;oregano now 90c;UNIDADES;0%;;;NORMAL;;V;C;S; 
2326;2326;organyc;UNIDADES;4%;;;NORMAL;;V;C;S; 
2325;2325;ORGANYC MODERADO;UNIDADES;4%;;;NORMAL;;V;C;S; 
2422;2422;orgono;UNIDADES;10%;;;NORMAL;;V;C;S; 
2171;2171;ortiga 20mg 90cap all nutricion;UNIDADES;0%;;;NORMAL;;V;C;S; 
2026;2026;OSAVI COLAGENO;UNIDADES;0%;;;NORMAL;;V;C;S; 
2029;2029;osavi oregano oil;UNIDADES;0%;;;NORMAL;;V;C;S; 
1691;1691;OSITOS;UNIDADES;10%;;;NORMAL;;V;C;S; 
2881;2881;ovapro;UNIDADES;10%;;;NORMAL;;V;C;S; 
2880;2880;OVAPRO;UNIDADES;10%;;;NORMAL;;V;C;S; 

ARTICULOS GENERAL;;;;;;;;;Pagina 27 ;;;;;Fecha : 03/02/2026;;;;;;;;
Codigo;Referencia;Articulo;Medida;IVA;;Seccion;Tipo;;V;C;S;F

001 TODAS;;;;;;;;;;;;;;;;;;;;;;
2367;2367;pack 3 atun;UNIDADES;10%;;;NORMAL;;V;C;S; 
2728;2728;PACK ANTICELULITICO;UNIDADES;21%;;;NORMAL;;V;C;S; 
2729;2729;PACK BEBE;UNIDADES;21%;;;NORMAL;;V;C;S; 
2109;2109;pack corporal nbio;UNIDADES;21%;;;NORMAL;;V;C;S; 
2103;2103;pack manos;UNIDADES;21%;;;NORMAL;;V;C;S; 
2898;2898;pack moskit;UNIDADES;21%;;;NORMAL;;V;C;S; 
3280;3280;pack pro-collagen;UNIDADES;21%;;;NORMAL;;V;C;S; 
3284;3284;pack synergy;UNIDADES;21%;;;NORMAL;;V;C;S; 
2360;2360;palitos;UNIDADES;10%;;;NORMAL;;V;C;S; 
2359;2359;PALITOS;UNIDADES;10%;;;NORMAL;;V;C;S; 
3327;3327;palo;UNIDADES;21%;;;NORMAL;;V;C;S; 
3464;3464;palo santo;UNIDADES;21%;;;NORMAL;;V;C;S; 
3325;3325;PALO SANTO;UNIDADES;21%;;;NORMAL;;V;C;S; 
3188;3188;PALOSANTO JASMINE;UNIDADES;21%;;;NORMAL;;V;C;S; 
2261;2261;PAN ALEMAN;UNIDADES;10%;;;NORMAL;;V;C;S; 
2805;2805;pan azimo espelta;UNIDADES;10%;;;NORMAL;;V;C;S; 
3338;3338;pan bimbo;UNIDADES;10%;;;NORMAL;;V;C;S; 
2581;2581;PAN DE MOLDE ESP;UNIDADES;10%;;;NORMAL;;V;C;S; 
2253;2253;PAN DE SEMILLAS;UNIDADES;10%;;;NORMAL;;V;C;S; 
2035;2035;pan multicereale;UNIDADES;10%;;;NORMAL;;V;C;S; 
2837;2837;PAN RALLADO;UNIDADES;10%;;;NORMAL;;V;C;S; 
2281;2281;PAN RALLADO SIN GLUTEN;UNIDADES;10%;;;NORMAL;;V;C;S; 
1767;1767;PANECILLO DE HAMBURGUESA;UNIDADES;10%;;;NORMAL;;V;C;S; 
1768;1768;panecillos con semillas;UNIDADES;10%;;;NORMAL;;V;C;S; 
3525;3525;panecillos s/g;UNIDADES;4%;;;NORMAL;;V;C;S; 
2238;2238;panetone s/g;UNIDADES;10%;;;NORMAL;;V;C;S; 
2908;2908;PAPEL DE ARROZ intg;UNIDADES;10%;;;NORMAL;;V;C;S; 
2055;2055;PARA-SIT;UNIDADES;10%;;;NORMAL;;V;C;S; 
2069;2069;para-st;UNIDADES;10%;;;NORMAL;;V;C;S; 
3463;3463;PARASIB;UNIDADES;10%;;;NORMAL;;V;C;S; 
3333;3333;pasas;UNIDADES;10%;;;NORMAL;;V;C;S; 
2516;2516;PASIFLORA;UNIDADES;10%;;;NORMAL;;V;C;S; 
2423;2423;pasta;UNIDADES;10%;;;NORMAL;;V;C;S; 
1807;1807;pasta de avena;UNIDADES;7,5%;;;NORMAL;;V;C;S; 
2759;2759;PASTA DEN RATANIA;UNIDADES;21%;;;NORMAL;;V;C;S; 
2758;2758;pasta den salina;UNIDADES;21%;;;NORMAL;;V;C;S; 
1952;1952;pasta maiz;UNIDADES;7,5%;;;NORMAL;;V;C;S; 
3481;3481;PASTA PROTEICA;UNIDADES;10%;;;NORMAL;;V;C;S; 
2568;2568;PASTA S/G;UNIDADES;0%;;;NORMAL;;V;C;S; 
1920;1920;pasta sarraceno 500g;UNIDADES;10%;;;NORMAL;;V;C;S; 
1884;1884;PASTA SARRACENO 500G;UNIDADES;7,5%;;;NORMAL;;V;C;S; 
1111;1111;pasta tomt bernj;UNIDADES;10%;;;NORMAL;;V;C;S; 
2582;2582;pate de alcachofa;UNIDADES;10%;;;NORMAL;;V;C;S; 
3235;3235;PATE DE ATUN;UNIDADES;10%;;;NORMAL;;V;C;S; 
2583;2583;PATE DE TOMATE;UNIDADES;10%;;;NORMAL;;V;C;S; 
2718;2718;pau darco;UNIDADES;10%;;;NORMAL;;V;C;S; 
2458;2458;pavo lonchas;UNIDADES;10%;;;NORMAL;;V;C;S; 
3416;3416;pea mag;UNIDADES;0%;;;NORMAL;;V;C;S; 
3176;3176;PEANUT BUTTER;UNIDADES;0%;;;NORMAL;;V;C;S; 
3116;3116;peanut butter creamy;UNIDADES;0%;;;NORMAL;;V;C;S; 
2778;2778;pementon dulce;UNIDADES;10%;;;NORMAL;;V;C;S; 

ARTICULOS GENERAL;;;;;;;;;Pagina 28 ;;;;;Fecha : 03/02/2026;;;;;;;;
Codigo;Referencia;Articulo;Medida;IVA;;Seccion;Tipo;;V;C;S;F

001 TODAS;;;;;;;;;;;;;;;;;;;;;;
1906;1906;pepinillos;UNIDADES;10%;;;NORMAL;;V;C;S; 
2262;2262;PEPINILLOS;UNIDADES;10%;;;NORMAL;;V;C;S; 
1718;1718;PEPINILLOS PQ;UNIDADES;10%;;;NORMAL;;V;C;S; 
3382;3382;PERFILADOR DE LABIOS;UNIDADES;21%;;;NORMAL;;V;C;S; 
2543;2543;perilla;UNIDADES;10%;;;NORMAL;;V;C;S; 
1707;1707;perlas de oregano;UNIDADES;10%;;;NORMAL;;V;C;S; 
1890;1890;PESTO;UNIDADES;10%;;;NORMAL;;V;C;S; 
3523;3523;pesto basilico;UNIDADES;10%;;;NORMAL;;V;C;S; 
3133;3133;PESTO DE BERENJENA;UNIDADES;10%;;;NORMAL;;V;C;S; 
3134;3134;pesto de pimiento;UNIDADES;10%;;;NORMAL;;V;C;S; 
2563;2563;PETALOS DE ROSA;UNIDADES;10%;;;NORMAL;;V;C;S; 
2418;2418;PHENYLCAPSAIN;UNIDADES;10%;;;NORMAL;;V;C;S; 
3285;3285;PHYTORESPIR;UNIDADES;21%;;;NORMAL;;V;C;S; 
1762;1762;piadina de espelta;UNIDADES;10%;;;NORMAL;;V;C;S; 
1763;1763;PIADINA SIMILLAS;UNIDADES;10%;;;NORMAL;;V;C;S; 
1227;1227;pici al ajo;UNIDADES;0%;;;NORMAL;;V;C;S; 
3147;3147;piene con mango;UNIDADES;21%;;;NORMAL;;V;C;S; 
3148;3148;PIENE DE BAMBU;UNIDADES;21%;;;NORMAL;;V;C;S; 
2163;2163;piernas ligeras;UNIDADES;10%;;;NORMAL;;V;C;S; 
3334;3334;PIMIENTA DE JAMAICA;UNIDADES;10%;;;NORMAL;;V;C;S; 
2689;2689;PIMIENTA MOLIDA;UNIDADES;10%;;;NORMAL;;V;C;S; 
2112;2112;PINK LOTUS;UNIDADES;21%;;;NORMAL;;V;C;S; 
2305;2305;PINTA LABIOS 01;UNIDADES;21%;;;NORMAL;;V;C;S; 
2306;2306;PINTA LABIOS 02;UNIDADES;21%;;;NORMAL;;V;C;S; 
2307;2307;PINTA LABIOS 03;UNIDADES;21%;;;NORMAL;;V;C;S; 
2308;2308;PINTA LABIOS 04;UNIDADES;21%;;;NORMAL;;V;C;S; 
2309;2309;PINTA LABIOS 05;UNIDADES;21%;;;NORMAL;;V;C;S; 
2310;2310;PINTA LABIOS 06;UNIDADES;21%;;;NORMAL;;V;C;S; 
3328;3328;PIPAS DE CALABAZA;UNIDADES;4%;;;NORMAL;;V;C;S; 
3518;3518;PIPAS DE GIRASOL 500G;UNIDADES;4%;;;NORMAL;;V;C;S; 
2330;2330;pizza mix;UNIDADES;10%;;;NORMAL;;V;C;S; 
1819;1819;PLATINUM CREATIN PLUS;UNIDADES;10%;;;NORMAL;;V;C;S; 
1820;1820;PLATINUM PUMP;UNIDADES;10%;;;NORMAL;;V;C;S; 
2240;2240;polen;UNIDADES;10%;;;NORMAL;;V;C;S; 
2890;2890;polenta;UNIDADES;10%;;;NORMAL;;V;C;S; 
2705;2705;potasio;UNIDADES;10%;;;NORMAL;;V;C;S; 
2338;2338;PR BAR;UNIDADES;0%;;;NORMAL;;V;C;S; 
3293;3293;PRANDHARA;UNIDADES;21%;;;NORMAL;;V;C;S; 
3208;3208;PRE ENTRENO DRAGON;UNIDADES;10%;;;NORMAL;;V;C;S; 
1711;1711;PRE-WORKOUT;UNIDADES;10%;;;NORMAL;;V;C;S; 
1872;1872;PREMEABILITY CARE;UNIDADES;10%;;;NORMAL;;V;C;S; 
1713;1713;PREWORKOUT;UNIDADES;10%;;;NORMAL;;V;C;S; 
3478;3478;pri-collagen labial;UNIDADES;21%;;;NORMAL;;V;C;S; 
2825;2825;PRO BROWNIES NUTREND;UNIDADES;0%;;;NORMAL;;V;C;S; 
2826;2826;pro cookeis;UNIDADES;0%;;;NORMAL;;V;C;S; 
3118;3118;PRO GUISANTE TEXTURED;UNIDADES;0%;;;NORMAL;;V;C;S; 
3475;3475;PRO-COLLAEN CLEAN;UNIDADES;21%;;;NORMAL;;V;C;S; 
3477;3477;PRO-COLLAGEN OJO;UNIDADES;21%;;;NORMAL;;V;C;S; 
3476;3476;PRO-COLLAGEN SCRUB;UNIDADES;21%;;;NORMAL;;V;C;S; 
2661;2661;PRO-INTENSITY;UNIDADES;10%;;;NORMAL;;V;C;S; 
2660;2660;pro-urgency;UNIDADES;10%;;;NORMAL;;V;C;S; 

ARTICULOS GENERAL;;;;;;;;;Pagina 29 ;;;;;Fecha : 03/02/2026;;;;;;;;
Codigo;Referencia;Articulo;Medida;IVA;;Seccion;Tipo;;V;C;S;F

001 TODAS;;;;;;;;;;;;;;;;;;;;;;
3020;3020;probiotax;UNIDADES;10%;;;NORMAL;;V;C;S; 
3021;3021;PROBIOTAX;UNIDADES;10%;;;NORMAL;;V;C;S; 
3023;3023;PROBIOTAX CAP;UNIDADES;10%;;;NORMAL;;V;C;S; 
2071;2071;probiotic;UNIDADES;10%;;;NORMAL;;V;C;S; 
2816;2816;probioticos now;UNIDADES;0%;;;NORMAL;;V;C;S; 
3107;3107;probiotocs nutralie;UNIDADES;10%;;;NORMAL;;V;C;S; 
2245;2245;PROPOLAID;UNIDADES;10%;;;NORMAL;;V;C;S; 
3377;3377;protein bar;UNIDADES;0%;;;NORMAL;;V;C;S; 
3062;3062;protein beef;UNIDADES;0%;;;NORMAL;;V;C;S; 
2396;2396;protein coco crunchy;UNIDADES;0%;;;NORMAL;;V;C;S; 
2534;2534;PROTEIN CHOCO;UNIDADES;0%;;;NORMAL;;V;C;S; 
2023;2023;protein nutrend;UNIDADES;0%;;;NORMAL;;V;C;S; 
2220;2220;PROTEIN PANCAKE;UNIDADES;0%;;;NORMAL;;V;C;S; 
2221;2221;PROTEIN PANCAKE BIOTECK;UNIDADES;0%;;;NORMAL;;V;C;S; 
1734;1734;protein pops;UNIDADES;10%;;;NORMAL;;V;C;S; 
3127;3127;protein webotanic;UNIDADES;10%;;;NORMAL;;V;C;S; 
3197;3197;PROTEINA DE ALMENDRA;UNIDADES;10%;;;NORMAL;;V;C;S; 
3196;3196;proteina de calabaza;UNIDADES;10%;;;NORMAL;;V;C;S; 
3076;3076;PROTEINA DE GUISANTE;UNIDADES;10%;;;NORMAL;;V;C;S; 
2337;2337;proteina de guisantes;UNIDADES;10%;;;NORMAL;;V;C;S; 
3077;3077;proteina de guisate;UNIDADES;10%;;;NORMAL;;V;C;S; 
1975;1975;PROTOCOLO ADELGAZANTE;UNIDADES;10%;;;NORMAL;;V;C;S; 
2717;2717;PROVENZALES;UNIDADES;10%;;;NORMAL;;V;C;S; 
2218;2218;prtein bar;UNIDADES;0%;;;NORMAL;;V;C;S; 
2972;2972;psylium;UNIDADES;10%;;;NORMAL;;V;C;S; 
1880;1880;PSYLIUM;UNIDADES;10%;;;NORMAL;;V;C;S; 
2630;2630;PSYLLIUM;UNIDADES;10%;;;NORMAL;;V;C;S; 
1833;1833;PSYLLIUM EL GRANERO;UNIDADES;10%;;;NORMAL;;V;C;S; 
1834;1834;psyllium natura grre;UNIDADES;10%;;;NORMAL;;V;C;S; 
1756;1756;pulpa;UNIDADES;10%;;;NORMAL;;V;C;S; 
2215;2215;PUMP;UNIDADES;0%;;;NORMAL;;V;C;S; 
2234;2234;PUMP LEMON;UNIDADES;0%;;;NORMAL;;V;C;S; 
2235;2235;pump tropical;UNIDADES;0%;;;NORMAL;;V;C;S; 
1998;1998;pumpkin chai;UNIDADES;10%;;;NORMAL;;V;C;S; 
1949;1949;PUMPKIN PIE;UNIDADES;10%;;;NORMAL;;V;C;S; 
2999;2999;pure tomate;UNIDADES;10%;;;NORMAL;;V;C;S; 
3471;3471;PURITY;UNIDADES;21%;;;NORMAL;;V;C;S; 
2321;2321;PUTTANESCA;UNIDADES;10%;;;NORMAL;;V;C;S; 
1918;1918;Q10;UNIDADES;0%;;;NORMAL;;V;C;S; 
2383;2383;quercetin + bromelain;UNIDADES;0%;;;NORMAL;;V;C;S; 
1816;1816;quercitina HSN;UNIDADES;10%;;;NORMAL;;V;C;S; 
1225;1225;QUESO CURADO;UNIDADES;0%;;;NORMAL;;V;C;S; 
1653;1653;queso de oveja;UNIDADES;0%;;;NORMAL;;V;C;S; 
2135;2135;queso de oveja curado;UNIDADES;2%;;;NORMAL;;V;C;S; 
2258;2258;quevana;UNIDADES;10%;;;NORMAL;;V;C;S; 
3256;3256;QUINOA;UNIDADES;4%;;;NORMAL;;V;C;S; 
3513;3513;quinoa real;UNIDADES;4%;;;NORMAL;;V;C;S; 
3275;3275;ramen;UNIDADES;10%;;;NORMAL;;V;C;S; 
2331;2331;RAMEN DE ARROZ;UNIDADES;7,5%;;;NORMAL;;V;C;S; 
3189;3189;RAS EL HANOUT;UNIDADES;10%;;;NORMAL;;V;C;S; 
2248;2248;raspador de lengua;UNIDADES;21%;;;NORMAL;;V;C;S; 

ARTICULOS GENERAL;;;;;;;;;Pagina 30 ;;;;;Fecha : 03/02/2026;;;;;;;;
Codigo;Referencia;Articulo;Medida;IVA;;Seccion;Tipo;;V;C;S;F

001 TODAS;;;;;;;;;;;;;;;;;;;;;;
3449;3449;RAVENCLAW;UNIDADES;0%;;;NORMAL;;V;C;S; 
1938;1938;RAVINTSARA;UNIDADES;10%;;;NORMAL;;V;C;S; 
2416;2416;REA;UNIDADES;10%;;;NORMAL;;V;C;S; 
1933;1933;realgin-c;UNIDADES;10%;;;NORMAL;;V;C;S; 
2941;2941;RECAMBIO SONIC;UNIDADES;21%;;;NORMAL;;V;C;S; 
3011;3011;recino 100ml;UNIDADES;21%;;;NORMAL;;V;C;S; 
1284;1284;RECOVERY PRO PL/FR;UNIDADES;10%;;;NORMAL;;V;C;S; 
2902;2902;RED CURRY;UNIDADES;10%;;;NORMAL;;V;C;S; 
2459;2459;RED YEAST NUTRALEI;UNIDADES;10%;;;NORMAL;;V;C;S; 
1997;1997;RED YEAST+Q10;UNIDADES;10%;;;NORMAL;;V;C;S; 
3089;3089;REGENHEPAT;UNIDADES;10%;;;NORMAL;;V;C;S; 
2845;2845;regenintest;UNIDADES;10%;;;NORMAL;;V;C;S; 
3086;3086;REGENINTEST;UNIDADES;10%;;;NORMAL;;V;C;S; 
3373;3373;relax;UNIDADES;0%;;;NORMAL;;V;C;S; 
3467;3467;RELAX;UNIDADES;21%;;;NORMAL;;V;C;S; 
950;950;RELLENITO DE COCO;UNIDADES;10%;;;NORMAL;;V;C;S; 
3139;3139;RESFRYHELP;UNIDADES;10%;;;NORMAL;;V;C;S; 
3468;3468;respir;UNIDADES;21%;;;NORMAL;;V;C;S; 
2124;2124;respiro;UNIDADES;10%;;;NORMAL;;V;C;S; 
2808;2808;resveratrol 125mg aaln;UNIDADES;0%;;;NORMAL;;V;C;S; 
2922;2922;REUVITA;UNIDADES;10%;;;NORMAL;;V;C;S; 
2096;2096;RHODIOLA;UNIDADES;10%;;;NORMAL;;V;C;S; 
3395;3395;ritual tiare;UNIDADES;21%;;;NORMAL;;V;C;S; 
3383;3383;ritualpurificante;UNIDADES;21%;;;NORMAL;;V;C;S; 
1941;1941;roll on rosa mosq;UNIDADES;21%;;;NORMAL;;V;C;S; 
3479;3479;roll-on acn;UNIDADES;21%;;;NORMAL;;V;C;S; 
2552;2552;ROLLON LA VERA;UNIDADES;21%;;;NORMAL;;V;C;S; 
3401;3401;rooibos;UNIDADES;10%;;;NORMAL;;V;C;S; 
2255;2255;ROOIBOS;UNIDADES;10%;;;NORMAL;;V;C;S; 
2654;2654;ROOT VALERIANA;UNIDADES;10%;;;NORMAL;;V;C;S; 
2113;2113;rose body+facial;UNIDADES;21%;;;NORMAL;;V;C;S; 
2061;2061;ROSQUILLAS DE AVENA;UNIDADES;10%;;;NORMAL;;V;C;S; 
2280;2280;royal provite 5000;UNIDADES;10%;;;NORMAL;;V;C;S; 
1684;1684;royal vit 2000mg;UNIDADES;10%;;;NORMAL;;V;C;S; 
1677;1677;rucula;UNIDADES;0%;;;NORMAL;;V;C;S; 
2562;2562;ruda;UNIDADES;10%;;;NORMAL;;V;C;S; 
3337;3337;RUEMIHELP;UNIDADES;10%;;;NORMAL;;V;C;S; 
3074;3074;S CALABAZA S/G;UNIDADES;4%;;;NORMAL;;V;C;S; 
2324;2324;sal biocop;UNIDADES;10%;;;NORMAL;;V;C;S; 
2323;2323;SAL BIOCOP;UNIDADES;10%;;;NORMAL;;V;C;S; 
2565;2565;SAL DE NIGARI;UNIDADES;10%;;;NORMAL;;V;C;S; 
1719;1719;sal himalaya;UNIDADES;10%;;;NORMAL;;V;C;S; 
2779;2779;SAL NEGRA;UNIDADES;10%;;;NORMAL;;V;C;S; 
2886;2886;sal negra 500g;UNIDADES;10%;;;NORMAL;;V;C;S; 
3425;3425;SAL ROSA;UNIDADES;10%;;;NORMAL;;V;C;S; 
2885;2885;SAL ROSA 500G;UNIDADES;10%;;;NORMAL;;V;C;S; 
3008;3008;salsa african;UNIDADES;10%;;;NORMAL;;V;C;S; 
3009;3009;SALSA BURGER;UNIDADES;10%;;;NORMAL;;V;C;S; 
2693;2693;SALSA DE COCO AMINOS;UNIDADES;10%;;;NORMAL;;V;C;S; 
1851;1851;salsa de fresa;UNIDADES;10%;;;NORMAL;;V;C;S; 
1903;1903;salsa de soja;UNIDADES;10%;;;NORMAL;;V;C;S; 

ARTICULOS GENERAL;;;;;;;;;Pagina 31 ;;;;;Fecha : 03/02/2026;;;;;;;;
Codigo;Referencia;Articulo;Medida;IVA;;Seccion;Tipo;;V;C;S;F

001 TODAS;;;;;;;;;;;;;;;;;;;;;;
3519;3519;salsa tom  clasica;UNIDADES;10%;;;NORMAL;;V;C;S; 
2794;2794;SALSA TOMATE ALB;UNIDADES;10%;;;NORMAL;;V;C;S; 
2332;2332;SALSA UMAMI;UNIDADES;10%;;;NORMAL;;V;C;S; 
2417;2417;salts;UNIDADES;10%;;;NORMAL;;V;C;S; 
3130;3130;salvado de avena;UNIDADES;10%;;;NORMAL;;V;C;S; 
1908;1908;salvado de trigo;UNIDADES;10%;;;NORMAL;;V;C;S; 
3423;3423;SALVIA;UNIDADES;10%;;;NORMAL;;V;C;S; 
3452;3452;sanavi;UNIDADES;10%;;;NORMAL;;V;C;S; 
2058;2058;sanavi canela;UNIDADES;10%;;;NORMAL;;V;C;S; 
2057;2057;SANAVI SALVADO;UNIDADES;10%;;;NORMAL;;V;C;S; 
2114;2114;SANDAL WOOD;UNIDADES;21%;;;NORMAL;;V;C;S; 
1805;1805;SARRACENO;UNIDADES;2%;;;NORMAL;;V;C;S; 
2600;2600;saw palmetto;UNIDADES;10%;;;NORMAL;;V;C;S; 
1978;1978;sazonador de paella;UNIDADES;10%;;;NORMAL;;V;C;S; 
2180;;SCRAB CARBON;UNIDADES;0%;;;NORMAL;;V;C;S; 
2181;2181;scrab carbon tea;UNIDADES;0%;;;NORMAL;;V;C;S; 
3217;3217;seghee;UNIDADES;10%;;;NORMAL;;V;C;S; 
2987;2987;selenium swanson;UNIDADES;0%;;;NORMAL;;V;C;S; 
2695;2695;semillas de calabaza 500g;UNIDADES;10%;;;NORMAL;;V;C;S; 
2433;2433;semillas de cañamo;UNIDADES;10%;;;NORMAL;;V;C;S; 
1844;1844;SEMILLAS DE CAÑAMO;UNIDADES;2%;;;NORMAL;;V;C;S; 
3329;3329;semillas de lino;UNIDADES;4%;;;NORMAL;;V;C;S; 
3257;3257;SEMILLAS GIRASOL;UNIDADES;10%;;;NORMAL;;V;C;S; 
3135;3135;SEMOLA DE ARROZ;UNIDADES;10%;;;NORMAL;;V;C;S; 
3132;3132;semola de maiz;UNIDADES;10%;;;NORMAL;;V;C;S; 
1748;1748;sen;UNIDADES;10%;;;NORMAL;;V;C;S; 
3472;3472;serum;UNIDADES;21%;;;NORMAL;;V;C;S; 
3473;3473;SERUM;UNIDADES;21%;;;NORMAL;;V;C;S; 
1994;1994;SERUM FACIAL;UNIDADES;21%;;;NORMAL;;V;C;S; 
2770;2770;SERUM MEN;UNIDADES;21%;;;NORMAL;;V;C;S; 
3331;3331;sesamo;UNIDADES;4%;;;NORMAL;;V;C;S; 
3332;3332;SESAMO NEGRO;UNIDADES;4%;;;NORMAL;;V;C;S; 
2927;2927;sesamo negro biocop;UNIDADES;10%;;;NORMAL;;V;C;S; 
3073;3073;sesamo s/g;UNIDADES;10%;;;NORMAL;;V;C;S; 
2928;2928;SESAMO TOSTADO BIOCOP;UNIDADES;10%;;;NORMAL;;V;C;S; 
1873;1873;sexovit;UNIDADES;10%;;;NORMAL;;V;C;S; 
1571;1571;shaker;UNIDADES;10%;;;NORMAL;;V;C;S; 
1796;1796;SHAKER;UNIDADES;10%;;;NORMAL;;V;C;S; 
3212;3212;SHAKER THERMO;UNIDADES;21%;;;NORMAL;;V;C;S; 
2952;2952;SHAMPOO SOLIDO;UNIDADES;21%;;;NORMAL;;V;C;S; 
2932;2932;shampu/gel douce nature;UNIDADES;21%;;;NORMAL;;V;C;S; 
3043;3043;SHARK CARTILAGE NOW;UNIDADES;10%;;;NORMAL;;V;C;S; 
3441;3441;SHEA OIL;UNIDADES;0%;;;NORMAL;;V;C;S; 
2443;2443;shilajit;UNIDADES;0%;;;NORMAL;;V;C;S; 
2388;2388;SHILAJITEXTRACT;UNIDADES;0%;;;NORMAL;;V;C;S; 
1678;1678;shitake;UNIDADES;0%;;;NORMAL;;V;C;S; 
3102;3102;SHLAJIT MAHARISHI;UNIDADES;10%;;;NORMAL;;V;C;S; 
3246;3246;shower crem skin f;UNIDADES;21%;;;NORMAL;;V;C;S; 
2663;2663;SIROPE DATILES;UNIDADES;0%;;;NORMAL;;V;C;S; 
2236;2236;sirope de algarroba;UNIDADES;10%;;;NORMAL;;V;C;S; 
2836;2836;SIROPE DE MAIZ;UNIDADES;10%;;;NORMAL;;V;C;S; 

ARTICULOS GENERAL;;;;;;;;;Pagina 32 ;;;;;Fecha : 03/02/2026;;;;;;;;
Codigo;Referencia;Articulo;Medida;IVA;;Seccion;Tipo;;V;C;S;F

001 TODAS;;;;;;;;;;;;;;;;;;;;;;
2751;2751;SK F BALSAMO LIMPIADOR;UNIDADES;21%;;;NORMAL;;V;C;S; 
2747;2747;SK F BUTTER BODY;UNIDADES;21%;;;NORMAL;;V;C;S; 
2749;2749;SK F CREMA DIA;UNIDADES;21%;;;NORMAL;;V;C;S; 
2750;2750;SK F CREMA NOCHE;UNIDADES;21%;;;NORMAL;;V;C;S; 
2748;2748;sk f dry oil;UNIDADES;21%;;;NORMAL;;V;C;S; 
2746;2746;sk f intensivo;UNIDADES;21%;;;NORMAL;;V;C;S; 
2752;2752;sk f lip balm;UNIDADES;21%;;;NORMAL;;V;C;S; 
2406;2406;skill;UNIDADES;0%;;;NORMAL;;V;C;S; 
2407;2407;SKILL;UNIDADES;0%;;;NORMAL;;V;C;S; 
1849;1849;sleep;UNIDADES;10%;;;NORMAL;;V;C;S; 
3430;3430;SLEEP KEY;UNIDADES;21%;;;NORMAL;;V;C;S; 
3446;3446;slytherin;UNIDADES;0%;;;NORMAL;;V;C;S; 
2117;2117;smooth+ glossy;UNIDADES;21%;;;NORMAL;;V;C;S; 
1652;1652;SMOOTHIE FRESA PLATANO;UNIDADES;0%;;;NORMAL;;V;C;S; 
2410;2410;snakbar;UNIDADES;0%;;;NORMAL;;V;C;S; 
2267;2267;sns;UNIDADES;10%;;;NORMAL;;V;C;S; 
2108;2108;SO BIO PACK;UNIDADES;21%;;;NORMAL;;V;C;S; 
3092;3092;softbiota;UNIDADES;10%;;;NORMAL;;V;C;S; 
1900;1900;soja de cereza;UNIDADES;10%;;;NORMAL;;V;C;S; 
2688;2688;solar complex;UNIDADES;10%;;;NORMAL;;V;C;S; 
2292;2292;sombra de ojos 01;UNIDADES;21%;;;NORMAL;;V;C;S; 
2293;2293;sombra de ojos 02;UNIDADES;21%;;;NORMAL;;V;C;S; 
2294;2294;sombra de ojos 03;UNIDADES;21%;;;NORMAL;;V;C;S; 
2352;2352;SORIASKIN;UNIDADES;21%;;;NORMAL;;V;C;S; 
1940;1940;SOUPLE´S;UNIDADES;10%;;;NORMAL;;V;C;S; 
3413;3413;soy pro;UNIDADES;0%;;;NORMAL;;V;C;S; 
2145;2145;soya;UNIDADES;10%;;;NORMAL;;V;C;S; 
2678;2678;SOYBEAN SERUM;UNIDADES;21%;;;NORMAL;;V;C;S; 
3483;3483;SPAGHETTI;UNIDADES;10%;;;NORMAL;;V;C;S; 
2968;2968;SPRAY JABON NEGRO;UNIDADES;21%;;;NORMAL;;V;C;S; 
2961;2961;SPRAY SOLAR;UNIDADES;21%;;;NORMAL;;V;C;S; 
2387;2387;st,jhons wort;UNIDADES;0%;;;NORMAL;;V;C;S; 
2495;2495;STAR SALUTATION;UNIDADES;10%;;;NORMAL;;V;C;S; 
1811;1811;STEVIA;UNIDADES;10%;;;NORMAL;;V;C;S; 
2944;2944;stick solar;UNIDADES;21%;;;NORMAL;;V;C;S; 
2945;2945;STICK SOLAR COLOR;UNIDADES;21%;;;NORMAL;;V;C;S; 
1891;1891;suavizante;UNIDADES;21%;;;NORMAL;;V;C;S; 
3339;3339;suc mag;UNIDADES;10%;;;NORMAL;;V;C;S; 
3470;3470;sueño;UNIDADES;21%;;;NORMAL;;V;C;S; 
2436;2436;summac;UNIDADES;10%;;;NORMAL;;V;C;S; 
2682;2682;SUN CREAM MIXS;UNIDADES;21%;;;NORMAL;;V;C;S; 
2683;2683;SUN CREAM SHIELD FIT;UNIDADES;21%;;;NORMAL;;V;C;S; 
3234;3234;super desayuno;UNIDADES;10%;;;NORMAL;;V;C;S; 
2673;2673;super enzymes;UNIDADES;0%;;;NORMAL;;V;C;S; 
2198;2198;SUPER KRILL OIL;UNIDADES;0%;;;NORMAL;;V;C;S; 
3450;3450;supergirl;UNIDADES;0%;;;NORMAL;;V;C;S; 
3242;3242;supernova;UNIDADES;0%;;;NORMAL;;V;C;S; 
3243;3243;SUPERNOVA;UNIDADES;0%;;;NORMAL;;V;C;S; 
3095;3095;sushi;UNIDADES;10%;;;NORMAL;;V;C;S; 
1558;1558;SWEET DREAM;UNIDADES;10%;;;NORMAL;;V;C;S; 
1587;1587;SYNER POLLEN;UNIDADES;10%;;;NORMAL;;V;C;S; 

ARTICULOS GENERAL;;;;;;;;;Pagina 33 ;;;;;Fecha : 03/02/2026;;;;;;;;
Codigo;Referencia;Articulo;Medida;IVA;;Seccion;Tipo;;V;C;S;F

001 TODAS;;;;;;;;;;;;;;;;;;;;;;
3005;3005;synergy;UNIDADES;21%;;;NORMAL;;V;C;S; 
1859;1859;SYRUP ARANDANOS;UNIDADES;10%;;;NORMAL;;V;C;S; 
2211;2211;SYRUP ARCE;UNIDADES;10%;;;NORMAL;;V;C;S; 
1858;1858;syrup avellana;UNIDADES;10%;;;NORMAL;;V;C;S; 
1855;1855;SYRUP CARAMEL;UNIDADES;10%;;;NORMAL;;V;C;S; 
1854;1854;syrup choco;UNIDADES;10%;;;NORMAL;;V;C;S; 
3279;3279;tagliatelle;UNIDADES;10%;;;NORMAL;;V;C;S; 
2086;2086;tahini 250g;UNIDADES;10%;;;NORMAL;;V;C;S; 
3421;3421;tamari;UNIDADES;10%;;;NORMAL;;V;C;S; 
2666;2666;TAMARI;UNIDADES;10%;;;NORMAL;;V;C;S; 
2868;2868;TANDORI;UNIDADES;10%;;;NORMAL;;V;C;S; 
2487;2487;TARTALETA F R;UNIDADES;10%;;;NORMAL;;V;C;S; 
2491;2491;tartaletya cacao;UNIDADES;10%;;;NORMAL;;V;C;S; 
3172;3172;TAURINA;UNIDADES;0%;;;NORMAL;;V;C;S; 
2474;2474;taza thermo xxl;UNIDADES;0%;;;NORMAL;;V;C;S; 
1656;1656;te;UNIDADES;10%;;;NORMAL;;V;C;S; 
3457;3457;TE;UNIDADES;0%;;;NORMAL;;V;C;S; 
2900;2900;TE BLANCO;UNIDADES;10%;;;NORMAL;;V;C;S; 
1953;1953;TE EARL;UNIDADES;10%;;;NORMAL;;V;C;S; 
2424;2424;te negro;UNIDADES;10%;;;NORMAL;;V;C;S; 
2336;2336;te sencha;UNIDADES;2%;;;NORMAL;;V;C;S; 
1888;1888;TE SENCHA;UNIDADES;10%;;;NORMAL;;V;C;S; 
3407;3407;TE SURTIDO;UNIDADES;10%;;;NORMAL;;V;C;S; 
3402;3402;TE VERDE;UNIDADES;10%;;;NORMAL;;V;C;S; 
1848;1848;TESTO XXL;UNIDADES;10%;;;NORMAL;;V;C;S; 
2464;2464;TETERA JAPAN;UNIDADES;0%;;;NORMAL;;V;C;S; 
2463;2463;tetera milan;UNIDADES;0%;;;NORMAL;;V;C;S; 
2466;2466;TETERA PONDICHERY;UNIDADES;0%;;;NORMAL;;V;C;S; 
2462;2462;TETERA ROJA;UNIDADES;0%;;;NORMAL;;V;C;S; 
2465;2465;tetera vintage;UNIDADES;0%;;;NORMAL;;V;C;S; 
3372;3372;THE BLANC;UNIDADES;0%;;;NORMAL;;V;C;S; 
3371;3371;the noel;UNIDADES;0%;;;NORMAL;;V;C;S; 
2573;2573;THERMO;UNIDADES;0%;;;NORMAL;;V;C;S; 
2467;2467;thermo 260ml;UNIDADES;0%;;;NORMAL;;V;C;S; 
2468;2468;THERMO CASHM B 500ML;UNIDADES;0%;;;NORMAL;;V;C;S; 
2469;2469;THERMO CASHM N 500ml;UNIDADES;0%;;;NORMAL;;V;C;S; 
2471;2471;THERMO CAT 500ml;UNIDADES;0%;;;NORMAL;;V;C;S; 
2476;2476;THERMO LILA;UNIDADES;0%;;;NORMAL;;V;C;S; 
2473;2473;THERMO LOVE;UNIDADES;0%;;;NORMAL;;V;C;S; 
2470;2470;THERMO PRIM PINK 500ML;UNIDADES;0%;;;NORMAL;;V;C;S; 
2475;2475;THERMO ROJO;UNIDADES;0%;;;NORMAL;;V;C;S; 
2575;2575;THERMO TE;UNIDADES;0%;;;NORMAL;;V;C;S; 
1560;1560;THYRO BOOSTER;UNIDADES;10%;;;NORMAL;;V;C;S; 
3263;3263;tinte;UNIDADES;21%;;;NORMAL;;V;C;S; 
3264;3264;TINTE;UNIDADES;21%;;;NORMAL;;V;C;S; 
3504;3504;TIRAS DE DIENTES;UNIDADES;21%;;;NORMAL;;V;C;S; 
3367;3367;tisana;UNIDADES;0%;;;NORMAL;;V;C;S; 
2893;2893;TOALLITAS INTIMAS;UNIDADES;21%;;;NORMAL;;V;C;S; 
2637;2637;tocobo crema spf50+;UNIDADES;21%;;;NORMAL;;V;C;S; 
2636;2636;TOCOBO STICK SPF50+;UNIDADES;21%;;;NORMAL;;V;C;S; 
2628;2628;tofu ahimsa;UNIDADES;10%;;;NORMAL;;V;C;S; 

ARTICULOS GENERAL;;;;;;;;;Pagina 34 ;;;;;Fecha : 03/02/2026;;;;;;;;
Codigo;Referencia;Articulo;Medida;IVA;;Seccion;Tipo;;V;C;S;F

001 TODAS;;;;;;;;;;;;;;;;;;;;;;
3002;3002;tomate frito s/az;UNIDADES;10%;;;NORMAL;;V;C;S; 
3511;3511;TOMILLO INF;UNIDADES;10%;;;NORMAL;;V;C;S; 
1983;1983;TONICO FACIAL;UNIDADES;21%;;;NORMAL;;V;C;S; 
3190;3190;TORT CHOC;UNIDADES;10%;;;NORMAL;;V;C;S; 
2320;2320;TORTITAS CLASICAS;UNIDADES;10%;;;NORMAL;;V;C;S; 
1761;1761;TORTITAS DE ARROZ SIN SAL;UNIDADES;10%;;;NORMAL;;V;C;S; 
2333;2333;TORTITAS DE MAIZ;UNIDADES;10%;;;NORMAL;;V;C;S; 
2260;2260;TORTITAS DE SARRACENO;UNIDADES;10%;;;NORMAL;;V;C;S; 
2804;2804;tortitas sarraceno biocop;UNIDADES;4%;;;NORMAL;;V;C;S; 
1766;1766;tostadas castaña;UNIDADES;10%;;;NORMAL;;V;C;S; 
1889;1889;tostadas s/g castañas;UNIDADES;10%;;;NORMAL;;V;C;S; 
2206;2206;total blocker;UNIDADES;10%;;;NORMAL;;V;C;S; 
1567;1567;total clean;UNIDADES;10%;;;NORMAL;;V;C;S; 
3012;3012;TRIPLE MAGNESIO;UNIDADES;10%;;;NORMAL;;V;C;S; 
2016;2016;tudca+nac;UNIDADES;0%;;;NORMAL;;V;C;S; 
1832;1832;tulsi curcuma;UNIDADES;10%;;;NORMAL;;V;C;S; 
1784;1784;TULSI TUMMY;UNIDADES;10%;;;NORMAL;;V;C;S; 
2576;2576;turmeric organic india;UNIDADES;10%;;;NORMAL;;V;C;S; 
2084;2084;TURON DE ALICANTE;UNIDADES;10%;;;NORMAL;;V;C;S; 
3303;3303;turron;UNIDADES;10%;;;NORMAL;;V;C;S; 
3302;3302;TURRON;UNIDADES;10%;;;NORMAL;;V;C;S; 
2085;2085;TURRON JIJONA;UNIDADES;10%;;;NORMAL;;V;C;S; 
2824;2824;ubiquinol 100mg NOW;UNIDADES;0%;;;NORMAL;;V;C;S; 
2784;2784;UC-II;UNIDADES;10%;;;NORMAL;;V;C;S; 
3346;3346;Ulip blam basis sensitiv;UNIDADES;10%;;;NORMAL;;V;C;S; 
1194;1194;ultra-b complex;UNIDADES;10%;;;NORMAL;;V;C;S; 
2842;2842;UMIBOSHI;UNIDADES;10%;;;NORMAL;;V;C;S; 
1874;1874;URIPRINOL;UNIDADES;10%;;;NORMAL;;V;C;S; 
3098;3098;UVA URSI SWANSON;UNIDADES;0%;;;NORMAL;;V;C;S; 
2390;2390;V PROTEINA vainilla;UNIDADES;0%;;;NORMAL;;V;C;S; 
2397;2397;v protien pistacho;UNIDADES;0%;;;NORMAL;;V;C;S; 
2492;2492;vainilla;UNIDADES;10%;;;NORMAL;;V;C;S; 
3270;3270;valeriana;UNIDADES;10%;;;NORMAL;;V;C;S; 
2923;2923;VARIVITA;UNIDADES;10%;;;NORMAL;;V;C;S; 
2669;2669;vegan pr alln;UNIDADES;0%;;;NORMAL;;V;C;S; 
3276;3276;VERMICELLI;UNIDADES;10%;;;NORMAL;;V;C;S; 
2460;2460;vinagre balsamico;UNIDADES;10%;;;NORMAL;;V;C;S; 
1904;1904;vinagre de crianza;UNIDADES;10%;;;NORMAL;;V;C;S; 
3492;3492;vinagre de granada;UNIDADES;10%;;;NORMAL;;V;C;S; 
2569;2569;vinagre de manz;UNIDADES;0%;;;NORMAL;;V;C;S; 
2894;2894;vinagre de manzana biocop;UNIDADES;10%;;;NORMAL;;V;C;S; 
1905;1905;VINAGRE DE VINO;UNIDADES;10%;;;NORMAL;;V;C;S; 
2490;2490;VINAGRE LA FINESTRA;UNIDADES;10%;;;NORMAL;;V;C;S; 
2489;2489;vinagre voelkal;UNIDADES;10%;;;NORMAL;;V;C;S; 
2115;2115;viola;UNIDADES;21%;;;NORMAL;;V;C;S; 
2340;2340;VIT C;UNIDADES;0%;;;NORMAL;;V;C;S; 
2368;2368;VIT C 1000;UNIDADES;10%;;;NORMAL;;V;C;S; 
2415;2415;vit c hsn;UNIDADES;10%;;;NORMAL;;V;C;S; 
2522;2522;VIT D3;UNIDADES;10%;;;NORMAL;;V;C;S; 
2593;2593;vit d3 LIFEPRO;UNIDADES;10%;;;NORMAL;;V;C;S; 
2438;2438;vitamina A+E all nutricion;UNIDADES;0%;;;NORMAL;;V;C;S; 

ARTICULOS GENERAL;;;;;;;;;Pagina 35 ;;;;;Fecha : 03/02/2026;;;;;;;;
Codigo;Referencia;Articulo;Medida;IVA;;Seccion;Tipo;;V;C;S;F

001 TODAS;;;;;;;;;;;;;;;;;;;;;;
2413;2413;vitamina e 400mg;UNIDADES;10%;;;NORMAL;;V;C;S; 
2442;2442;VITAMINA E LIQUIDA NOW;UNIDADES;0%;;;NORMAL;;V;C;S; 
2530;2530;vitex extract;UNIDADES;0%;;;NORMAL;;V;C;S; 
2480;2480;vitex semillas;UNIDADES;10%;;;NORMAL;;V;C;S; 
2165;2165;viva flore;UNIDADES;10%;;;NORMAL;;V;C;S; 
2133;2133;voz clara;UNIDADES;10%;;;NORMAL;;V;C;S; 
2755;2755;W CREMA PAÑAL;UNIDADES;21%;;;NORMAL;;V;C;S; 
2764;2764;W FACIAL BEBE;UNIDADES;21%;;;NORMAL;;V;C;S; 
2174;2174;w lactose f choco;UNIDADES;0%;;;NORMAL;;V;C;S; 
2173;2173;W LACTOSE F TARTA;UNIDADES;0%;;;NORMAL;;V;C;S; 
2056;2056;weleda;UNIDADES;21%;;;NORMAL;;V;C;S; 
3411;3411;whey 2kg;UNIDADES;0%;;;NORMAL;;V;C;S; 
1723;1723;whey 500g;UNIDADES;10%;;;NORMAL;;V;C;S; 
1244;1244;WHEY BIGCRAC;UNIDADES;10%;;;NORMAL;;V;C;S; 
2344;2344;whey biotech;UNIDADES;0%;;;NORMAL;;V;C;S; 
2875;2875;whey dragon;UNIDADES;10%;;;NORMAL;;V;C;S; 
2879;2879;whey dragon 1,8kg;UNIDADES;10%;;;NORMAL;;V;C;S; 
2878;2878;whey dragon 1,8KG;UNIDADES;10%;;;NORMAL;;V;C;S; 
3048;3048;WHEY ISOLATE HSN 500G;UNIDADES;10%;;;NORMAL;;V;C;S; 
2172;2172;whey lactose free v;UNIDADES;0%;;;NORMAL;;V;C;S; 
1958;1958;whey licious;UNIDADES;10%;;;NORMAL;;V;C;S; 
2200;2200;WHEY MATRIX 50/50 2 Kg fresa;UNIDADES;10%;;;NORMAL;;V;C;S; 
2419;2419;whey mono;UNIDADES;10%;;;NORMAL;;V;C;S; 
2655;2655;WHEY NUETRO HSN;UNIDADES;10%;;;NORMAL;;V;C;S; 
2789;2789;WHEY ONE PIECE;UNIDADES;10%;;;NORMAL;;V;C;S; 
1846;1846;WHEY PINK CAKE;UNIDADES;10%;;;NORMAL;;V;C;S; 
2208;2208;WHEY PROTEIN 100% 1 Kg lechemerengada;UNIDADES;10%;;;NORMAL;;V;C;S; 
2207;2207;WHEY PROTEIN 100% 1 Kg PIÑACOLADA;UNIDADES;10%;;;NORMAL;;V;C;S; 
1186;1186;whey protein procao;UNIDADES;10%;;;NORMAL;;V;C;S; 
2400;2400;whey vanilla;UNIDADES;0%;;;NORMAL;;V;C;S; 
3158;3158;whey+ colagen;UNIDADES;0%;;;NORMAL;;V;C;S; 
1959;1959;WHEYLICIOUS;UNIDADES;10%;;;NORMAL;;V;C;S; 
1980;1980;wild pump;UNIDADES;10%;;;NORMAL;;V;C;S; 
2535;2535;WILD YAM;UNIDADES;0%;;;NORMAL;;V;C;S; 
2031;2031;womens probiotics;UNIDADES;0%;;;NORMAL;;V;C;S; 
3204;3204;WOW MINI DONA;UNIDADES;10%;;;NORMAL;;V;C;S; 
2870;2870;wow oreo;UNIDADES;10%;;;NORMAL;;V;C;S; 
3260;3260;xilitol 250g;UNIDADES;10%;;;NORMAL;;V;C;S; 
2698;2698;xilitol 500g;UNIDADES;10%;;;NORMAL;;V;C;S; 
2186;2186;xpel;UNIDADES;0%;;;NORMAL;;V;C;S; 
3186;3186;YAGRA ROSE;UNIDADES;21%;;;NORMAL;;V;C;S; 
3060;3060;YDRO WHEY choco;UNIDADES;0%;;;NORMAL;;V;C;S; 
3059;3059;YDRO WHEY VAINILLA;UNIDADES;0%;;;NORMAL;;V;C;S; 
3144;3144;yemoprolis;UNIDADES;10%;;;NORMAL;;V;C;S; 
2494;2494;yogi f/r;UNIDADES;10%;;;NORMAL;;V;C;S; 
1979;1979;yogi tea;UNIDADES;10%;;;NORMAL;;V;C;S; 
3115;3115;YOGI TEA;UNIDADES;10%;;;NORMAL;;V;C;S; 
1839;1839;yogi tea energia;UNIDADES;10%;;;NORMAL;;V;C;S; 
1942;1942;YOGUR;UNIDADES;10%;;;NORMAL;;V;C;S; 
1654;1654;YOGUR  DE OVEJA 125G;UNIDADES;10%;;;NORMAL;;V;C;S; 
2933;2933;yogur de oveja 420g;UNIDADES;4%;;;NORMAL;;V;C;S; 

ARTICULOS GENERAL;;;;;;;;;Pagina 36 ;;;;;Fecha : 03/02/2026;;;;;;;;
Codigo;Referencia;Articulo;Medida;IVA;;Seccion;Tipo;;V;C;S;F

001 TODAS;;;;;;;;;;;;;;;;;;;;;;
1679;1679;YOGUR DE VACA;UNIDADES;10%;;;NORMAL;;V;C;S; 
2059;2059;yogur griego cabra 420g;UNIDADES;10%;;;NORMAL;;V;C;S; 
1840;1840;YOGUR P2 MANZANA CANELA;UNIDADES;10%;;;NORMAL;;V;C;S; 
1647;1647;YUM EARTH;UNIDADES;0%;;;NORMAL;;V;C;S; 
2437;2437;ZAATAR;UNIDADES;10%;;;NORMAL;;V;C;S; 
2389;2389;zeo choco;UNIDADES;0%;;;NORMAL;;V;C;S; 
2391;2391;zeo fresa;UNIDADES;0%;;;NORMAL;;V;C;S; 
2392;2392;ZEO MACARON;UNIDADES;0%;;;NORMAL;;V;C;S; 
2814;2814;zeolite 120gr;UNIDADES;0%;;;NORMAL;;V;C;S; 
2815;2815;ZEOLITE 60GR;UNIDADES;0%;;;NORMAL;;V;C;S; 
2118;2118;ZIEHGOLD ENERGY;UNIDADES;21%;;;NORMAL;;V;C;S; 
3432;3432;ZINC;UNIDADES;10%;;;NORMAL;;V;C;S; 
1929;1929;zinc ALDOUS;UNIDADES;10%;;;NORMAL;;V;C;S; 
2983;2983;zinc glycinate;UNIDADES;0%;;;NORMAL;;V;C;S; 
2700;2700;ZINC L-CARNOSINE;UNIDADES;0%;;;NORMAL;;V;C;S; 
2984;2984;ZINC PICOLINATE;UNIDADES;0%;;;NORMAL;;V;C;S; 
2194;2194;zinc+copper osavi;UNIDADES;0%;;;NORMAL;;V;C;S; 
3451;3451;ZINC+L-LYSINE;UNIDADES;0%;;;NORMAL;;V;C;S; 
2712;2712;ZMA;UNIDADES;10%;;;NORMAL;;V;C;S; 
3517;3517;zumo cit/zan;UNIDADES;21%;;;NORMAL;;V;C;S; 
2756;2756;zumo de abedul;UNIDADES;21%;;;NORMAL;;V;C;S; 
3003;3003;zumo de tomate 500ml;UNIDADES;10%;;;NORMAL;;V;C;S; 
3516;3516;ZUMO MELC P3;UNIDADES;21%;;;NORMAL;;V;C;S; 

001000 FRUTERIA;;;;;;;;;;;;;;;;;;;;;;
1114;1114;ARANDANOS;UNIDADES;0%;;;NORMAL;;V;C;S; 
1121;1121;brot alflf ruc;UNIDADES;0%;;;NORMAL;;V;C;S; 
1122;1122;BROT BROCOLI;UNIDADES;0%;;;NORMAL;;V;C;S; 
1123;1123;brot kale;UNIDADES;0%;;;NORMAL;;V;C;S; 
1124;1124;BROT RABANO;UNIDADES;0%;;;NORMAL;;V;C;S; 
1116;1116;CURCUMA BIO;UNIDADES;10%;;;NORMAL;;V;C;S; 
1125;1125;datil medjoul;UNIDADES;0%;;;NORMAL;;V;C;S; 
1119;1119;esp baby;UNIDADES;0%;;;NORMAL;;V;C;S; 
1115;1115;ginger;UNIDADES;10%;;;NORMAL;;V;C;S; 
1117;1117;limon;UNIDADES;0%;;;NORMAL;;V;C;S; 
399;399;LIVER KINDEY organic india;UNIDADES;10%;;;NORMAL;;V;C;S; 
1120;1120;MIX ENSALADA;UNIDADES;0%;;;NORMAL;;V;C;S; 
1118;1118;MIX FRUTA;UNIDADES;0%;;;NORMAL;;V;C;S; 

001001 NUTRICION;;;;;;;;;;;;;;;;;;;;;;
1361;1361;5-HTP;UNIDADES;10%;;;NORMAL;;V;C;S; 
1237;1237;9,95PROPOLIS;UNIDADES;10%;;;NORMAL;;V;C;S; 
1549;1549;absorb-n-zyme;UNIDADES;10%;;;NORMAL;;V;C;S; 
837;837;ACAI LIOFILIZADO;UNIDADES;10%;;;NORMAL;;V;C;S; 
841;841;ACEITE DE OLIVA ECO;UNIDADES;10%;;;NORMAL;;V;C;S; 
842;842;ACEITE DE SEMILLAS DE CAÑAMO;UNIDADES;10%;;;NORMAL;;V;C;S; 
409;409;ACEITE TULSI;UNIDADES;10%;;;NORMAL;;V;C;S; 
1509;1509;acerola;UNIDADES;10%;;;NORMAL;;V;C;S; 
502;502;acido hialuronico;UNIDADES;10%;;;NORMAL;;V;C;S; 
1505;1505;ACNDEPUR;UNIDADES;10%;;;NORMAL;;V;C;S; 
1243;1243;ADELGAPOWER;UNIDADES;10%;;;NORMAL;;V;C;S; 
899;899;AGUA DE MAR 1L;UNIDADES;10%;;;NORMAL;;V;C;S; 
911;911;AGUA DE MAR 3L;UNIDADES;10%;;;NORMAL;;V;C;S; 

ARTICULOS GENERAL;;;;;;;;;Pagina 37 ;;;;;Fecha : 03/02/2026;;;;;;;;
Codigo;Referencia;Articulo;Medida;IVA;;Seccion;Tipo;;V;C;S;F

001001 NUTRICION;;;;;;;;;;;;;;;;;;;;;;
1548;1548;ALFA LIPOICO;UNIDADES;10%;;;NORMAL;;V;C;S; 
1387;1387;ALOE 10000 PROBIOTICS;UNIDADES;0%;;;NORMAL;;V;C;S; 
393;393;AMALKI;UNIDADES;10%;;;NORMAL;;V;C;S; 
382;382;AMLA;UNIDADES;10%;;;NORMAL;;V;C;S; 
1576;1576;ANG PROPOL;UNIDADES;10%;;;NORMAL;;V;C;S; 
1358;1358;apple cider;UNIDADES;0%;;;NORMAL;;V;C;S; 
1215;1215;ARABIC GUM;UNIDADES;10%;;;NORMAL;;V;C;S; 
1640;1640;arginina + sitrulina now;UNIDADES;10%;;;NORMAL;;V;C;S; 
1582;1582;ARINGIL;UNIDADES;10%;;;NORMAL;;V;C;S; 
897;897;ARTICULO 897;UNIDADES;21%;;;NORMAL;;V;C;S; 
895;895;ASHWAGANDA;UNIDADES;10%;;;NORMAL;;V;C;S; 
985;985;ASHWAGANDHA;UNIDADES;10%;;;NORMAL;;V;C;S; 
1474;1474;ashwaghanda;UNIDADES;10%;;;NORMAL;;V;C;S; 
1473;1473;ASHWAGHANDA;UNIDADES;10%;;;NORMAL;;V;C;S; 
1209;1209;AVENA  BROWNIE;UNIDADES;10%;;;NORMAL;;V;C;S; 
1210;1210;avena sin sabor;UNIDADES;10%;;;NORMAL;;V;C;S; 
1208;1208;avena speculoos;UNIDADES;10%;;;NORMAL;;V;C;S; 
838;838;AZUCAR DE COCO;UNIDADES;10%;;;NORMAL;;V;C;S; 
992;992;B COMPLEX;UNIDADES;10%;;;NORMAL;;V;C;S; 
508;508;B12 aldous;UNIDADES;10%;;;NORMAL;;V;C;S; 
1522;1522;BACH;UNIDADES;21%;;;NORMAL;;V;C;S; 
1604;1604;balsamo reparador;UNIDADES;21%;;;NORMAL;;V;C;S; 
387;387;BAOBAB;UNIDADES;10%;;;NORMAL;;V;C;S; 
993;993;BCAA 200C;UNIDADES;10%;;;NORMAL;;V;C;S; 
998;998;BCAA 400C;UNIDADES;10%;;;NORMAL;;V;C;S; 
1550;1550;beanassist;UNIDADES;10%;;;NORMAL;;V;C;S; 
996;996;BERBERINA 500MG;UNIDADES;10%;;;NORMAL;;V;C;S; 
1359;1359;BETAINE HCI;UNIDADES;0%;;;NORMAL;;V;C;S; 
505;505;biotina comp;UNIDADES;10%;;;NORMAL;;V;C;S; 
398;398;BOWELCARE;UNIDADES;10%;;;NORMAL;;V;C;S; 
1266;1266;brahmi;UNIDADES;10%;;;NORMAL;;V;C;S; 
400;400;BRAHMI;UNIDADES;10%;;;NORMAL;;V;C;S; 
1577;1577;BUCAL-AF;UNIDADES;10%;;;NORMAL;;V;C;S; 
831;831;BUDDHA ACAI BANANA;UNIDADES;10%;;;NORMAL;;V;C;S; 
833;833;BUDDHA ALGARROBA;UNIDADES;10%;;;NORMAL;;V;C;S; 
829;829;BUDDHA CACAO;UNIDADES;10%;;;NORMAL;;V;C;S; 
832;832;BUDDHA CACAO GUARANA;UNIDADES;10%;;;NORMAL;;V;C;S; 
828;828;BUDDHA CHIA LIMON;UNIDADES;10%;;;NORMAL;;V;C;S; 
830;830;BUDDHA MACA VAINILLA;UNIDADES;10%;;;NORMAL;;V;C;S; 
1367;1367;BUTIRATO;UNIDADES;10%;;;NORMAL;;V;C;S; 
385;385;CACAO POLVO;UNIDADES;10%;;;NORMAL;;V;C;S; 
1238;1238;CAFE VERDE;UNIDADES;10%;;;NORMAL;;V;C;S; 
898;898;CALCIO MARINO;UNIDADES;10%;;;NORMAL;;V;C;S; 
1303;1303;candidase;UNIDADES;10%;;;NORMAL;;V;C;S; 
1240;1240;CARBON ACTIVO;UNIDADES;10%;;;NORMAL;;V;C;S; 
497;497;cardo mariano 150c;UNIDADES;10%;;;NORMAL;;V;C;S; 
1508;1508;CARDUSCOMPLEX;UNIDADES;10%;;;NORMAL;;V;C;S; 
856;856;CASCARA DE PSYLLIUM;UNIDADES;10%;;;NORMAL;;V;C;S; 
896;896;CBD FULL SPEC 5%;UNIDADES;10%;;;NORMAL;;V;C;S; 
1643;1643;cilantro;UNIDADES;10%;;;NORMAL;;V;C;S; 
999;999;CLEAR PROTEIN WATER 500ML;UNIDADES;10%;;;NORMAL;;V;C;S; 

ARTICULOS GENERAL;;;;;;;;;Pagina 38 ;;;;;Fecha : 03/02/2026;;;;;;;;
Codigo;Referencia;Articulo;Medida;IVA;;Seccion;Tipo;;V;C;S;F

001001 NUTRICION;;;;;;;;;;;;;;;;;;;;;;
844;844;CLEARSPRING SESAMO;UNIDADES;10%;;;NORMAL;;V;C;S; 
1268;1268;cloruro de magnesium;UNIDADES;10%;;;NORMAL;;V;C;S; 
533;533;CMF ISO ZERO COOKIES CREAM1KG;UNIDADES;10%;;;NORMAL;;V;C;S; 
503;503;COL ,ACIDO HIAL;UNIDADES;10%;;;NORMAL;;V;C;S; 
1489;1489;colageno;UNIDADES;10%;;;NORMAL;;V;C;S; 
1206;1206;colageno +mag;UNIDADES;10%;;;NORMAL;;V;C;S; 
1476;1476;COLAGENO ANTIAGING;UNIDADES;10%;;;NORMAL;;V;C;S; 
1440;1440;COLAGENO BOVINO;UNIDADES;0%;;;UNIDADES;;V;C;S; 
1201;1201;colageno bovino 150g;UNIDADES;10%;;;NORMAL;;V;C;S; 
1207;1207;COLAGENO+MAG LIMON;UNIDADES;10%;;;NORMAL;;V;C;S; 
1488;1488;COLAGENOFLEX;UNIDADES;10%;;;NORMAL;;V;C;S; 
1439;1439;colegeno marino;UNIDADES;0%;;;NORMAL;;V;C;S; 
397;397;COMLETE FLEXIBILITY ORGANICINDIA;UNIDADES;10%;;;NORMAL;;V;C;S; 
1203;1203;creatina;UNIDADES;10%;;;NORMAL;;V;C;S; 
1216;1216;cretin excell;UNIDADES;10%;;;NORMAL;;V;C;S; 
866;866;CRISPBREAD;UNIDADES;10%;;;NORMAL;;V;C;S; 
495;495;CURCUMA 250CAP;UNIDADES;10%;;;NORMAL;;V;C;S; 
986;986;CURCUMA Y P;UNIDADES;10%;;;NORMAL;;V;C;S; 
836;836;CURCUMA Y PIMIENTA;UNIDADES;10%;;;NORMAL;;V;C;S; 
1445;1445;CYST OPTIM;UNIDADES;10%;;;NORMAL;;V;C;S; 
1448;1448;CYSTICARE;UNIDADES;10%;;;NORMAL;;V;C;S; 
1597;1597;CHAMPU PROPOLEO;UNIDADES;10%;;;NORMAL;;V;C;S; 
858;858;CHIPS DE MAIZ;UNIDADES;10%;;;NORMAL;;V;C;S; 
311;311;chlorella 200g;UNIDADES;10%;;;NORMAL;;V;C;S; 
1197;1197;CHROMIUM;UNIDADES;10%;;;NORMAL;;V;C;S; 
1602;1602;DERMINTACT;UNIDADES;10%;;;NORMAL;;V;C;S; 
1612;1612;DETOXIN G1;UNIDADES;10%;;;NORMAL;;V;C;S; 
1543;1543;digest basic;UNIDADES;10%;;;NORMAL;;V;C;S; 
1545;1545;digest gold;UNIDADES;10%;;;NORMAL;;V;C;S; 
1544;1544;DIGEST SEPCTRUM;UNIDADES;10%;;;NORMAL;;V;C;S; 
1202;1202;DMAE;UNIDADES;10%;;;NORMAL;;V;C;S; 
1502;1502;drena ren;UNIDADES;10%;;;NORMAL;;V;C;S; 
1205;1205;E 400;UNIDADES;10%;;;NORMAL;;V;C;S; 
1438;1438;EDIBLE HEALTH;UNIDADES;0%;;;NORMAL;;V;C;S; 
1624;1624;ELECTROLITOS;UNIDADES;10%;;;NORMAL;;V;C;S; 
1578;1578;ELIXIR BUCAL;UNIDADES;10%;;;NORMAL;;V;C;S; 
984;984;ENERGY MIX PROTEIN;UNIDADES;10%;;;NORMAL;;V;C;S; 
1500;1500;energy up;UNIDADES;10%;;;NORMAL;;V;C;S; 
1546;1546;ENZYMAS;UNIDADES;10%;;;NORMAL;;V;C;S; 
1501;1501;EPA BIODETOX;UNIDADES;10%;;;NORMAL;;V;C;S; 
1239;1239;EQUINACEA;UNIDADES;10%;;;NORMAL;;V;C;S; 
1595;1595;ERYSIM;UNIDADES;10%;;;NORMAL;;V;C;S; 
1490;1490;evacuaplus;UNIDADES;10%;;;NORMAL;;V;C;S; 
1200;1200;EVNING PRIMROSE OIL;UNIDADES;10%;;;NORMAL;;V;C;S; 
1470;1470;evoburn SIN ESTIMULANTE;UNIDADES;10%;;;NORMAL;;V;C;S; 
1472;1472;EVOBURN SIN ESTM;UNIDADES;10%;;;NORMAL;;V;C;S; 
1471;1471;EVODERN;UNIDADES;10%;;;NORMAL;;V;C;S; 
1468;1468;evozma;UNIDADES;10%;;;NORMAL;;V;C;S; 
1356;1356;EXTRACTO DE OLIVO;UNIDADES;10%;;;NORMAL;;V;C;S; 
1447;1447;fem optim;UNIDADES;10%;;;NORMAL;;V;C;S; 
1302;1302;FEMPROBIO;UNIDADES;10%;;;NORMAL;;V;C;S; 

ARTICULOS GENERAL;;;;;;;;;Pagina 39 ;;;;;Fecha : 03/02/2026;;;;;;;;
Codigo;Referencia;Articulo;Medida;IVA;;Seccion;Tipo;;V;C;S;F

001001 NUTRICION;;;;;;;;;;;;;;;;;;;;;;
1354;1354;fenugreek;UNIDADES;10%;;;NORMAL;;V;C;S; 
1504;1504;ferrocaps Q10;UNIDADES;10%;;;NORMAL;;V;C;S; 
1503;1503;FERRONEMIS Q10;UNIDADES;10%;;;NORMAL;;V;C;S; 
840;840;FRUTTI OSITOS;UNIDADES;10%;;;NORMAL;;V;C;S; 
1477;1477;GARLIC;UNIDADES;10%;;;NORMAL;;V;C;S; 
1444;1444;gastric optim;UNIDADES;10%;;;NORMAL;;V;C;S; 
1599;1599;GEL DE DUCHA PROPOLEO;UNIDADES;21%;;;NORMAL;;V;C;S; 
1600;1600;gel intimo propoleo;UNIDADES;21%;;;NORMAL;;V;C;S; 
1583;1583;GENGIVITAFORM;UNIDADES;10%;;;NORMAL;;V;C;S; 
135;135;GERMEN DE TRIGO 300G;UNIDADES;10%;;;NORMAL;;V;C;S; 
396;396;GILOY;UNIDADES;10%;;;NORMAL;;V;C;S; 
983;983;GINKGO BILOBA;UNIDADES;10%;;;NORMAL;;V;C;S; 
389;389;GINSENG SIBERIANO;UNIDADES;10%;;;NORMAL;;V;C;S; 
1646;1646;GLUTATHIONE;UNIDADES;10%;;;NORMAL;;V;C;S; 
1357;1357;GLYCINE NOW;UNIDADES;10%;;;NORMAL;;V;C;S; 
1539;1539;GOLAGEN joint;UNIDADES;10%;;;NORMAL;;V;C;S; 
390;390;GRANOLA;UNIDADES;10%;;;NORMAL;;V;C;S; 
1267;1267;GREEN MIX;UNIDADES;10%;;;NORMAL;;V;C;S; 
381;381;GUARANA;UNIDADES;10%;;;NORMAL;;V;C;S; 
1214;1214;GUM GUAR;UNIDADES;10%;;;NORMAL;;V;C;S; 
1213;1213;GUM XANTAN;UNIDADES;10%;;;NORMAL;;V;C;S; 
1639;1639;GYMNEMA;UNIDADES;10%;;;NORMAL;;V;C;S; 
1590;1590;HERPROPOL;UNIDADES;10%;;;NORMAL;;V;C;S; 
1581;1581;HG EXTRACT;UNIDADES;10%;;;NORMAL;;V;C;S; 
834;834;HIERBA DE TRIGO;UNIDADES;10%;;;NORMAL;;V;C;S; 
1353;1353;HOJA DE MORERA 500mgSWANSON;UNIDADES;10%;;;NORMAL;;V;C;S; 
388;388;HUNGUS 7 MIX;UNIDADES;10%;;;NORMAL;;V;C;S; 
1638;1638;IMMUPROBIO;UNIDADES;10%;;;NORMAL;;V;C;S; 
1584;1584;inmsitake;UNIDADES;10%;;;NORMAL;;V;C;S; 
1589;1589;J CLASSIC KIDS;UNIDADES;10%;;;NORMAL;;V;C;S; 
1499;1499;JALEA FORTE 2000MG;UNIDADES;10%;;;NORMAL;;V;C;S; 
1242;1242;JALEA REAL;UNIDADES;10%;;;NORMAL;;V;C;S; 
1497;1497;JALEA REAL NIÑOS;UNIDADES;10%;;;NORMAL;;V;C;S; 
1498;1498;JALEA REAL PERLAS 1000MG;UNIDADES;10%;;;NORMAL;;V;C;S; 
1596;1596;jarabe classic;UNIDADES;10%;;;NORMAL;;V;C;S; 
865;865;JUDIAS VERDES;UNIDADES;10%;;;NORMAL;;V;C;S; 
1443;1443;K2 D3;UNIDADES;10%;;;NORMAL;;V;C;S; 
1537;1537;KETOGENIC GOLAGEN;UNIDADES;10%;;;NORMAL;;V;C;S; 
366;366;kuzu biocop;UNIDADES;10%;;;NORMAL;;V;C;S; 
995;995;L CARNITINA;UNIDADES;10%;;;NORMAL;;V;C;S; 
501;501;L TRIPTO;UNIDADES;10%;;;NORMAL;;V;C;S; 
1236;1236;L-ARGININA ESSENTIAL;UNIDADES;10%;;;NORMAL;;V;C;S; 
1355;1355;L-ARGININE swanson;UNIDADES;10%;;;NORMAL;;V;C;S; 
1641;1641;l-glutamina 500mg;UNIDADES;10%;;;NORMAL;;V;C;S; 
1478;1478;lactasa enzyme;UNIDADES;10%;;;NORMAL;;V;C;S; 
1368;1368;lax anis hinojo;UNIDADES;10%;;;NORMAL;;V;C;S; 
1496;1496;lecitina de soja;UNIDADES;10%;;;NORMAL;;V;C;S; 
989;989;LECHE DE COCO;UNIDADES;10%;;;NORMAL;;V;C;S; 
498;498;LEV ARROZ ROJO 400C;UNIDADES;10%;;;NORMAL;;V;C;S; 
3096;3096;levadura de cerveza sotya;UNIDADES;10%;;;NORMAL;;V;C;S; 
859;859;LEVADURA MADRE;UNIDADES;10%;;;NORMAL;;V;C;S; 

ARTICULOS GENERAL;;;;;;;;;Pagina 40 ;;;;;Fecha : 03/02/2026;;;;;;;;
Codigo;Referencia;Articulo;Medida;IVA;;Seccion;Tipo;;V;C;S;F

001001 NUTRICION;;;;;;;;;;;;;;;;;;;;;;
1511;1511;levadura nutricional;UNIDADES;10%;;;NORMAL;;V;C;S; 
314;314;LEVADURA NUTRICIONAL 150G;UNIDADES;10%;;;NORMAL;;V;C;S; 
315;315;maca 200g ecob;UNIDADES;10%;;;NORMAL;;V;C;S; 
392;392;MACA NEGRA;UNIDADES;10%;;;NORMAL;;V;C;S; 
987;987;MACHA 100G;UNIDADES;10%;;;NORMAL;;V;C;S; 
988;988;MACHA CEREMONIAL;UNIDADES;10%;;;NORMAL;;V;C;S; 
504;504;MAG;UNIDADES;10%;;;NORMAL;;V;C;S; 
991;991;MAG BISGLY;UNIDADES;10%;;;NORMAL;;V;C;S; 
1493;1493;MANGO AFRICANO;UNIDADES;10%;;;NORMAL;;V;C;S; 
386;386;MANTECA CACAO;UNIDADES;10%;;;NORMAL;;V;C;S; 
1463;1463;MANUKA MGO 100;UNIDADES;10%;;;NORMAL;;V;C;S; 
1369;1369;MAST LAX;UNIDADES;10%;;;NORMAL;;V;C;S; 
1265;1265;MCT POLVO;UNIDADES;10%;;;NORMAL;;V;C;S; 
1469;1469;MEGA TRIBULUS SWANSON;UNIDADES;10%;;;NORMAL;;V;C;S; 
500;500;MELATONINA 250C;UNIDADES;10%;;;NORMAL;;V;C;S; 
1222;1222;MELATONINA PURA;UNIDADES;10%;;;NORMAL;;V;C;S; 
1534;1534;melena de leon;UNIDADES;10%;;;NORMAL;;V;C;S; 
1622;1622;MEN G5;UNIDADES;10%;;;NORMAL;;V;C;S; 
1338;1338;menopause;UNIDADES;10%;;;NORMAL;;V;C;S; 
496;496;MIX CHL/ESP 600C;UNIDADES;10%;;;NORMAL;;V;C;S; 
1269;1269;MIX HIERBA;UNIDADES;10%;;;NORMAL;;V;C;S; 
1204;1204;MORINGA CAP;UNIDADES;10%;;;NORMAL;;V;C;S; 
316;316;MORINGA POLVO 200G;UNIDADES;10%;;;NORMAL;;V;C;S; 
380;380;MSM;UNIDADES;10%;;;NORMAL;;V;C;S; 
1575;1575;MUCPROPOL;UNIDADES;10%;;;NORMAL;;V;C;S; 
1547;1547;multimax;UNIDADES;10%;;;NORMAL;;V;C;S; 
1164;1164;MULTIVITAMINICO;UNIDADES;10%;;;NORMAL;;V;C;S; 
1165;1165;MULTIVITAMINICO KIDS;UNIDADES;10%;;;NORMAL;;V;C;S; 
1192;1192;multivitaminico niño;UNIDADES;10%;;;NORMAL;;V;C;S; 
1199;1199;NAC;UNIDADES;10%;;;NORMAL;;V;C;S; 
1479;1479;NAUSTOP;UNIDADES;10%;;;NORMAL;;V;C;S; 
506;506;NOOTROPIC;UNIDADES;10%;;;NORMAL;;V;C;S; 
507;507;omega 3;UNIDADES;10%;;;NORMAL;;V;C;S; 
1446;1446;omega 3679;UNIDADES;10%;;;NORMAL;;V;C;S; 
990;990;OMEGA 369;UNIDADES;10%;;;NORMAL;;V;C;S; 
1533;1533;OMEGA3-6-9 HSN;UNIDADES;10%;;;NORMAL;;V;C;S; 
1198;1198;oregano oil 120softgel swanson;UNIDADES;0%;;;NORMAL;;V;C;S; 
1630;1630;original silicium 1l;UNIDADES;10%;;;NORMAL;;V;C;S; 
1594;1594;OTIPROPOL;UNIDADES;10%;;;NORMAL;;V;C;S; 
1481;1481;OVAPRO;UNIDADES;10%;;;NORMAL;;V;C;S; 
855;855;PATATAS FRITAS CON PIEL;UNIDADES;10%;;;NORMAL;;V;C;S; 
1574;1574;PEC;UNIDADES;10%;;;NORMAL;;V;C;S; 
1605;1605;PEC ADULTO;UNIDADES;10%;;;NORMAL;;V;C;S; 
1606;1606;PECPROPOLIS KIDS;UNIDADES;21%;;;NORMAL;;V;C;S; 
981;981;POWER MIX;UNIDADES;10%;;;NORMAL;;V;C;S; 
1441;1441;prenatal optim;UNIDADES;10%;;;NORMAL;;V;C;S; 
1467;1467;PROBIOTICOS;UNIDADES;10%;;;NORMAL;;V;C;S; 
1166;1166;probioticos kids;UNIDADES;10%;;;NORMAL;;V;C;S; 
1625;1625;profit;UNIDADES;10%;;;NORMAL;;V;C;S; 
1626;1626;PROFLORA;UNIDADES;10%;;;NORMAL;;V;C;S; 
1580;1580;PROPOBIOTIC;UNIDADES;10%;;;NORMAL;;V;C;S; 

ARTICULOS GENERAL;;;;;;;;;Pagina 41 ;;;;;Fecha : 03/02/2026;;;;;;;;
Codigo;Referencia;Articulo;Medida;IVA;;Seccion;Tipo;;V;C;S;F

001001 NUTRICION;;;;;;;;;;;;;;;;;;;;;;
1586;1586;PROPONORM 120 c;UNIDADES;10%;;;NORMAL;;V;C;S; 
1585;1585;PROPONORM 60C;UNIDADES;10%;;;NORMAL;;V;C;S; 
317;317;proteina cañamo 200g;UNIDADES;10%;;;NORMAL;;V;C;S; 
1191;1191;QUERCETINA;UNIDADES;10%;;;NORMAL;;V;C;S; 
1352;1352;RESVERATROL 500MG;UNIDADES;10%;;;NORMAL;;V;C;S; 
1645;1645;selenium;UNIDADES;0%;;;NORMAL;;V;C;S; 
1588;1588;SENIPROPOL;UNIDADES;10%;;;NORMAL;;V;C;S; 
839;839;SETAS REISHI;UNIDADES;10%;;;NORMAL;;V;C;S; 
383;383;SHATAVARI;UNIDADES;10%;;;NORMAL;;V;C;S; 
395;395;SHATAVARI CAP;UNIDADES;10%;;;NORMAL;;V;C;S; 
391;391;SHILAJIT;UNIDADES;10%;;;NORMAL;;V;C;S; 
1611;1611;silicio;UNIDADES;10%;;;NORMAL;;V;C;S; 
1631;1631;SILIPLANT G7 1L;UNIDADES;10%;;;NORMAL;;V;C;S; 
1632;1632;siliplant silicium g7 500g;UNIDADES;10%;;;NORMAL;;V;C;S; 
867;867;SNACK DE MAIZ Y ESPELTA;UNIDADES;10%;;;NORMAL;;V;C;S; 
857;857;snack de maiz y trigo;UNIDADES;10%;;;NORMAL;;V;C;S; 
861;861;SNACK NORI;UNIDADES;10%;;;NORMAL;;V;C;S; 
843;843;SNACK NORI CURCUMA;UNIDADES;10%;;;NORMAL;;V;C;S; 
864;864;SNACK NORI CURCUMA UNIDAD;UNIDADES;10%;;;NORMAL;;V;C;S; 
860;860;SNACK NORI CHILI;UNIDADES;10%;;;NORMAL;;V;C;S; 
863;863;SNACK NORI CHILI UNIDAD;UNIDADES;10%;;;NORMAL;;V;C;S; 
862;862;SNACK NORI UNIDAD;UNIDADES;10%;;;NORMAL;;V;C;S; 
318;318;SPIRULINA 200G;UNIDADES;10%;;;NORMAL;;V;C;S; 
1579;1579;SPRAY NASAL;UNIDADES;10%;;;NORMAL;;V;C;S; 
1642;1642;SULFORAPHANE;UNIDADES;10%;;;NORMAL;;V;C;S; 
1573;1573;T-JARABE;UNIDADES;10%;;;NORMAL;;V;C;S; 
1674;1674;TEMOR FLOWERS OF LIFE;UNIDADES;10%;;;NORMAL;;V;C;S; 
845;845;TORTA ARROZ QUINOA CHIA;UNIDADES;10%;;;NORMAL;;V;C;S; 
997;997;TRIBULUS LIFEPRO;UNIDADES;10%;;;NORMAL;;V;C;S; 
384;384;TRIPHALA;UNIDADES;10%;;;NORMAL;;V;C;S; 
1507;1507;TRIPLE ALGA;UNIDADES;10%;;;NORMAL;;V;C;S; 
1221;1221;TRIPTOFANO PURO;UNIDADES;10%;;;NORMAL;;V;C;S; 
1510;1510;TULSI;UNIDADES;10%;;;NORMAL;;V;C;S; 
1591;1591;TUSI-PROPOL;UNIDADES;10%;;;NORMAL;;V;C;S; 
1491;1491;VARILESS;UNIDADES;10%;;;NORMAL;;V;C;S; 
1495;1495;VINAGRE + FUCUS;UNIDADES;10%;;;NORMAL;;V;C;S; 
1241;1241;vinagre de manzana;UNIDADES;10%;;;NORMAL;;V;C;S; 
1494;1494;vingre manz;UNIDADES;10%;;;NORMAL;;V;C;S; 
1492;1492;vit c;UNIDADES;10%;;;NORMAL;;V;C;S; 
509;509;VIT C 400C;UNIDADES;10%;;;NORMAL;;V;C;S; 
510;510;VIT D3;UNIDADES;10%;;;NORMAL;;V;C;S; 
1593;1593;VITAL KIDS;UNIDADES;10%;;;NORMAL;;V;C;S; 
1196;1196;vitex HSN;UNIDADES;10%;;;NORMAL;;V;C;S; 
1360;1360;VITMINA D3;UNIDADES;10%;;;NORMAL;;V;C;S; 
1442;1442;vitprobio;UNIDADES;10%;;;NORMAL;;V;C;S; 
994;994;VITS;UNIDADES;10%;;;NORMAL;;V;C;S; 
1621;1621;WOMEN G4;UNIDADES;10%;;;NORMAL;;V;C;S; 
835;835;XILITOL;UNIDADES;10%;;;NORMAL;;V;C;S; 
1572;1572;YEMOPROLIS;UNIDADES;10%;;;NORMAL;;V;C;S; 
1637;1637;zinc;UNIDADES;10%;;;NORMAL;;V;C;S; 

001002 ALIMENTACION;;;;;;;;;;;;;;;;;;;;;;

ARTICULOS GENERAL;;;;;;;;;Pagina 42 ;;;;;Fecha : 03/02/2026;;;;;;;;
Codigo;Referencia;Articulo;Medida;IVA;;Seccion;Tipo;;V;C;S;F

001002 ALIMENTACION;;;;;;;;;;;;;;;;;;;;;;
1456;1456;ABDODREN;UNIDADES;10%;;;NORMAL;;V;C;S; 
1146;1146;abedul toobio;UNIDADES;10%;;;NORMAL;;V;C;S; 
942;942;ACEITE DE AGUACATE;UNIDADES;10%;;;NORMAL;;V;C;S; 
1532;1532;aceite de coco 1l;UNIDADES;10%;;;NORMAL;;V;C;S; 
973;973;ACEITE DE OLIVA 1L;UNIDADES;5%;;;NORMAL;;V;C;S; 
1039;1039;ACEITE DE SESAMO;UNIDADES;10%;;;NORMAL;;V;C;S; 
1307;1307;aceitunas gigante;UNIDADES;10%;;;NORMAL;;V;C;S; 
1305;1305;ACHICORIA;UNIDADES;10%;;;NORMAL;;V;C;S; 
926;926;agua de coco;UNIDADES;10%;;;NORMAL;;V;C;S; 
936;936;AJO;UNIDADES;10%;;;NORMAL;;V;C;S; 
1394;1394;albahaca;UNIDADES;10%;;;NORMAL;;V;C;S; 
934;934;ALBAHACA;UNIDADES;10%;;;NORMAL;;V;C;S; 
1024;1024;alcachofa;UNIDADES;10%;;;NORMAL;;V;C;S; 
1390;1390;ALGARROBA C -CM-M;UNIDADES;10%;;;NORMAL;;V;C;S; 
969;969;ali-oli;UNIDADES;10%;;;NORMAL;;V;C;S; 
972;972;ALI-OLI UN;UNIDADES;10%;;;NORMAL;;V;C;S; 
1095;1095;ALIOLI;UNIDADES;10%;;;NORMAL;;V;C;S; 
1081;1081;altramuces picante;UNIDADES;10%;;;NORMAL;;V;C;S; 
1435;1435;arandanos rojos;UNIDADES;0%;;;NORMAL;;V;C;S; 
1422;1422;aros con cacao;UNIDADES;10%;;;NORMAL;;V;C;S; 
1232;1232;arrabbiata;UNIDADES;0%;;;NORMAL;;V;C;S; 
3353;3353;ARTICULO 3353;UNIDADES;10%;;;NORMAL;;V;C;S; 
1542;1542;AVENA FINA;UNIDADES;10%;;;NORMAL;;V;C;S; 
1392;1392;AZUCAR DE COCO;UNIDADES;10%;;;NORMAL;;V;C;S; 
1056;1056;baguette sg;UNIDADES;10%;;;NORMAL;;V;C;S; 
98;98;BAR LINO CHIA;UNIDADES;10%;;;NORMAL;;V;C;S; 
1031;1031;BARRITA MANGO BAOBAB;UNIDADES;10%;;;NORMAL;;V;C;S; 
1144;1144;barrita maxi nutrition choco;UNIDADES;10%;;;NORMAL;;V;C;S; 
1037;1037;barrita muesli;UNIDADES;10%;;;NORMAL;;V;C;S; 
1036;1036;BASE DE PIZA;UNIDADES;10%;;;NORMAL;;V;C;S; 
1143;1143;base piozza sg;UNIDADES;10%;;;NORMAL;;V;C;S; 
1518;1518;batido pro fresa;UNIDADES;10%;;;NORMAL;;V;C;S; 
1519;1519;BATIDO PRO VAINILLA;UNIDADES;10%;;;NORMAL;;V;C;S; 
1434;1434;BAYAS DE LOS INCAS;UNIDADES;0%;;;NORMAL;;V;C;S; 
1023;1023;berenjena;UNIDADES;10%;;;NORMAL;;V;C;S; 
945;945;BIO BISCOTES;UNIDADES;10%;;;NORMAL;;V;C;S; 
1619;1619;biosalt;UNIDADES;10%;;;NORMAL;;V;C;S; 
924;924;BISCOCHO CACAO;UNIDADES;10%;;;NORMAL;;V;C;S; 
925;925;BISCOCHO PLATANO COCO;UNIDADES;10%;;;NORMAL;;V;C;S; 
922;922;BISCOCHO TRADICIONAL;UNIDADES;10%;;;NORMAL;;V;C;S; 
923;923;BISCOCHO ZAN NUECES;UNIDADES;10%;;;NORMAL;;V;C;S; 
1058;1058;bizcocho castaña;UNIDADES;10%;;;NORMAL;;V;C;S; 
1136;1136;BONBON FRUTA;UNIDADES;10%;;;NORMAL;;V;C;S; 
961;961;BURGER SEITAN SHITAKE;UNIDADES;10%;;;NORMAL;;V;C;S; 
1413;1413;CACAO SOLUBLE;UNIDADES;10%;;;NORMAL;;V;C;S; 
929;929;caldo;UNIDADES;10%;;;NORMAL;;V;C;S; 
928;928;CALDO DE VERDURA;UNIDADES;10%;;;NORMAL;;V;C;S; 
927;927;CALDO POLLO;UNIDADES;10%;;;NORMAL;;V;C;S; 
1397;1397;CANELA;UNIDADES;10%;;;NORMAL;;V;C;S; 
1396;1396;canela molida;UNIDADES;10%;;;NORMAL;;V;C;S; 
1230;1230;caprese;UNIDADES;0%;;;NORMAL;;V;C;S; 

ARTICULOS GENERAL;;;;;;;;;Pagina 43 ;;;;;Fecha : 03/02/2026;;;;;;;;
Codigo;Referencia;Articulo;Medida;IVA;;Seccion;Tipo;;V;C;S;F

001002 ALIMENTACION;;;;;;;;;;;;;;;;;;;;;;
1295;1295;CARAMELO;UNIDADES;10%;;;NORMAL;;V;C;S; 
1293;1293;caramelos romero;UNIDADES;0%;;;NORMAL;;V;C;S; 
1398;1398;cardamomo molido;UNIDADES;10%;;;NORMAL;;V;C;S; 
1080;1080;cardo;UNIDADES;10%;;;NORMAL;;V;C;S; 
1327;1327;CASTAÑO INDIO;UNIDADES;10%;;;NORMAL;;V;C;S; 
1609;1609;CAYENA;UNIDADES;10%;;;NORMAL;;V;C;S; 
1399;1399;CEBOLLA MOLIDA;UNIDADES;10%;;;NORMAL;;V;C;S; 
948;948;CELIBIO AVENA MANZ;UNIDADES;10%;;;NORMAL;;V;C;S; 
949;949;celibio coco naranja;UNIDADES;10%;;;NORMAL;;V;C;S; 
947;947;celibio coco piña;UNIDADES;10%;;;NORMAL;;V;C;S; 
1608;1608;cilantro;UNIDADES;10%;;;NORMAL;;V;C;S; 
1437;1437;cirulas;UNIDADES;0%;;;NORMAL;;V;C;S; 
1395;1395;CLAVO MOLIDO;UNIDADES;10%;;;NORMAL;;V;C;S; 
1432;1432;COCO RALLADO;UNIDADES;10%;;;NORMAL;;V;C;S; 
933;933;comino;UNIDADES;10%;;;NORMAL;;V;C;S; 
980;980;COMPOTA DE ARANDANOS;UNIDADES;10%;;;NORMAL;;V;C;S; 
1088;1088;CONCENTRADO DE AGAVE;UNIDADES;10%;;;NORMAL;;V;C;S; 
1424;1424;conchas;UNIDADES;10%;;;NORMAL;;V;C;S; 
962;962;COOKIE AVENA;UNIDADES;10%;;;NORMAL;;V;C;S; 
1531;1531;copos de avena 1kg;UNIDADES;4%;;;NORMAL;;V;C;S; 
1145;1145;CREMA DE COCO;UNIDADES;10%;;;NORMAL;;V;C;S; 
1401;1401;CURCUMA;UNIDADES;10%;;;NORMAL;;V;C;S; 
1402;1402;curcuma con p y g;UNIDADES;4%;;;NORMAL;;V;C;S; 
931;931;curry;UNIDADES;10%;;;NORMAL;;V;C;S; 
1404;1404;CURRY;UNIDADES;10%;;;NORMAL;;V;C;S; 
1427;1427;champioñon negro;UNIDADES;10%;;;NORMAL;;V;C;S; 
1099;1099;CHIPS C AGRIA;UNIDADES;10%;;;NORMAL;;V;C;S; 
963;963;chips de garbanzos familiar;UNIDADES;10%;;;NORMAL;;V;C;S; 
1097;1097;CHIPS F H;UNIDADES;10%;;;NORMAL;;V;C;S; 
965;965;CHIPS GARBANZOS Y PIMEINTA;UNIDADES;10%;;;NORMAL;;V;C;S; 
1100;1100;chips queso;UNIDADES;10%;;;NORMAL;;V;C;S; 
1098;1098;chips trufa;UNIDADES;10%;;;NORMAL;;V;C;S; 
1101;1101;CHIPS VEGETALES;UNIDADES;10%;;;NORMAL;;V;C;S; 
940;940;chucrot;UNIDADES;10%;;;NORMAL;;V;C;S; 
1089;1089;CHUFA CONCENTRADO;UNIDADES;10%;;;NORMAL;;V;C;S; 
1135;1135;CHUPA YUM;UNIDADES;0%;;;NORMAL;;V;C;S; 
1141;1141;CHUPS;UNIDADES;0%;;;NORMAL;;V;C;S; 
1142;1142;chups pack;UNIDADES;0%;;;NORMAL;;V;C;S; 
1623;1623;epsom;UNIDADES;10%;;;NORMAL;;V;C;S; 
1391;1391;eritritol 250g;UNIDADES;10%;;;NORMAL;;V;C;S; 
1234;1234;espaguetes napoletana;UNIDADES;0%;;;NORMAL;;V;C;S; 
1233;1233;ESPAGUETIS A LA ITALINA;UNIDADES;0%;;;NORMAL;;V;C;S; 
1086;1086;ESPARRAGO BLANCO EXTRA;UNIDADES;10%;;;NORMAL;;V;C;S; 
1085;1085;esparrago verde;UNIDADES;10%;;;NORMAL;;V;C;S; 
1087;1087;esparragos blancos;UNIDADES;10%;;;NORMAL;;V;C;S; 
1108;1108;ESPIRALES 3 LEG;UNIDADES;10%;;;NORMAL;;V;C;S; 
1110;1110;ESPIRALES GARBNZ;UNIDADES;10%;;;NORMAL;;V;C;S; 
1105;1105;espirales guis albah;UNIDADES;10%;;;NORMAL;;V;C;S; 
1106;1106;ESPIRALES LENTEJAS ROJASTOMT;UNIDADES;10%;;;NORMAL;;V;C;S; 
1109;1109;espirales lentj rojas;UNIDADES;10%;;;NORMAL;;V;C;S; 
29;29;ESTRELIITAS intg 500g;UNIDADES;5%;;;NORMAL;;V;C;S; 

ARTICULOS GENERAL;;;;;;;;;Pagina 44 ;;;;;Fecha : 03/02/2026;;;;;;;;
Codigo;Referencia;Articulo;Medida;IVA;;Seccion;Tipo;;V;C;S;F

001002 ALIMENTACION;;;;;;;;;;;;;;;;;;;;;;
1423;1423;ESTRELLAS;UNIDADES;10%;;;NORMAL;;V;C;S; 
1426;1426;FECULA DE PATATA;UNIDADES;10%;;;NORMAL;;V;C;S; 
1107;1107;fideos espelta;UNIDADES;10%;;;NORMAL;;V;C;S; 
952;;galletas coco SG;UNIDADES;10%;;;NORMAL;;V;C;S; 
951;951;GALLETAS CHOCO SG;UNIDADES;10%;;;NORMAL;;V;C;S; 
937;937;GALLETAS DE ARANDANOS S G;UNIDADES;10%;;;NORMAL;;V;C;S; 
1040;1040;galletas de avena y sarraceno;UNIDADES;10%;;;NORMAL;;V;C;S; 
1312;1312;galletas de maiz y limon;UNIDADES;10%;;;NORMAL;;V;C;S; 
953;953;galletas fresa SG;UNIDADES;10%;;;NORMAL;;V;C;S; 
1314;1314;galletas s/az coco;UNIDADES;10%;;;NORMAL;;V;C;S; 
1018;1018;GALLETAS SALADAS;UNIDADES;10%;;;NORMAL;;V;C;S; 
1313;1313;GALLETAS SIN AZUCAR CANELLA;UNIDADES;10%;;;NORMAL;;V;C;S; 
1034;1034;GALLETAS T SARRACENOALMENDRA SG;UNIDADES;10%;;;NORMAL;;V;C;S; 
1032;1032;GALLETAS T SARRACENO COCOSG;UNIDADES;10%;;;NORMAL;;V;C;S; 
1033;1033;GALLETAS T SARRACENO SG;UNIDADES;10%;;;NORMAL;;V;C;S; 
976;976;GAZPACHO SG;UNIDADES;10%;;;NORMAL;;V;C;S; 
1551;1551;ghee;UNIDADES;10%;;;NORMAL;;V;C;S; 
1431;1431;goji;UNIDADES;0%;;;NORMAL;;V;C;S; 
1328;1328;gordo lobo;UNIDADES;10%;;;NORMAL;;V;C;S; 
1372;1372;harina de avena s g;UNIDADES;0%;;;NORMAL;;V;C;S; 
1414;1414;HARINA DE GARBANZOS;UNIDADES;0%;;;NORMAL;;V;C;S; 
1371;1371;HARINA DE MAIZ;UNIDADES;0%;;;NORMAL;;V;C;S; 
1464;1464;harina de tapioca;UNIDADES;0%;;;NORMAL;;V;C;S; 
1417;1417;HARINA GUAR;UNIDADES;10%;;;NORMAL;;V;C;S; 
1330;1330;hoja frambuesa;UNIDADES;10%;;;NORMAL;;V;C;S; 
1460;1460;hummus;UNIDADES;10%;;;NORMAL;;V;C;S; 
1416;1416;impulsador;UNIDADES;10%;;;NORMAL;;V;C;S; 
1415;1415;IMPULSADOR;UNIDADES;10%;;;NORMAL;;V;C;S; 
1148;1148;JABON QUITAMANCHAS;UNIDADES;10%;;;NORMAL;;V;C;S; 
1150;1150;kefir cabra 1l;UNIDADES;10%;;;NORMAL;;V;C;S; 
1520;1520;KOMBUCHA GREEN;UNIDADES;21%;;;NORMAL;;V;C;S; 
1521;1521;kombucha te;UNIDADES;10%;;;NORMAL;;V;C;S; 
946;946;KOMBUJITO;UNIDADES;21%;;;NORMAL;;V;C;S; 
1306;1306;KRUNCHY AVENA;UNIDADES;10%;;;NORMAL;;V;C;S; 
1043;1043;krunchy bajo azucar f r;UNIDADES;10%;;;NORMAL;;V;C;S; 
1044;1044;krunchy bajo azucar F S;UNIDADES;10%;;;NORMAL;;V;C;S; 
956;956;la tortilla de mais;UNIDADES;10%;;;NORMAL;;V;C;S; 
1308;1308;la vida avellanas;UNIDADES;10%;;;NORMAL;;V;C;S; 
1310;1310;la vida nueces;UNIDADES;10%;;;NORMAL;;V;C;S; 
1309;1309;LA VIDA PISTACHO;UNIDADES;10%;;;NORMAL;;V;C;S; 
1487;1487;LECITINA DE SOJA;UNIDADES;10%;;;NORMAL;;V;C;S; 
1223;1223;LECHA DE OVJA;UNIDADES;10%;;;NORMAL;;V;C;S; 
1147;1147;LECHE COCO;UNIDADES;10%;;;NORMAL;;V;C;S; 
1050;1050;limpia frutas;UNIDADES;21%;;;NORMAL;;V;C;S; 
1388;1388;LUCUMA;UNIDADES;10%;;;NORMAL;;V;C;S; 
1113;1113;macarrones tricolor;UNIDADES;10%;;;NORMAL;;V;C;S; 
1059;1059;MAGDALENAS;UNIDADES;10%;;;NORMAL;;V;C;S; 
921;921;magdalenas bolsa;UNIDADES;10%;;;NORMAL;;V;C;S; 
1425;1425;MAICENA;UNIDADES;10%;;;NORMAL;;V;C;S; 
1436;1436;MANGO DES;UNIDADES;4%;;;NORMAL;;V;C;S; 
1462;1462;mantiquilla;UNIDADES;10%;;;NORMAL;;V;C;S; 

ARTICULOS GENERAL;;;;;;;;;Pagina 45 ;;;;;Fecha : 03/02/2026;;;;;;;;
Codigo;Referencia;Articulo;Medida;IVA;;Seccion;Tipo;;V;C;S;F

001002 ALIMENTACION;;;;;;;;;;;;;;;;;;;;;;
1430;1430;MANZANA DES;UNIDADES;10%;;;NORMAL;;V;C;S; 
1092;1092;mayonesa;UNIDADES;10%;;;NORMAL;;V;C;S; 
970;970;MAYONESA;UNIDADES;10%;;;NORMAL;;V;C;S; 
1091;1091;MAYONESA VEGANA;UNIDADES;10%;;;NORMAL;;V;C;S; 
1552;1552;MEGHEE;UNIDADES;10%;;;NORMAL;;V;C;S; 
1610;1610;mejorana;UNIDADES;10%;;;NORMAL;;V;C;S; 
1082;1082;melaza de arroz;UNIDADES;10%;;;NORMAL;;V;C;S; 
1420;1420;mezcla de arroz exotico;UNIDADES;0%;;;NORMAL;;V;C;S; 
1428;1428;MEZCLA DE FRUTAS DES;UNIDADES;0%;;;NORMAL;;V;C;S; 
1429;1429;mezcla f s;UNIDADES;0%;;;NORMAL;;V;C;S; 
1304;1304;mini piadina;UNIDADES;10%;;;NORMAL;;V;C;S; 
1403;1403;MIX CAN Y GIN;UNIDADES;10%;;;NORMAL;;V;C;S; 
1529;1529;mix con frutos secos;UNIDADES;0%;;;NORMAL;;V;C;S; 
1530;1530;MIX CON POÑONES;UNIDADES;0%;;;NORMAL;;V;C;S; 
1026;1026;MOLDE RUSTICO;UNIDADES;10%;;;NORMAL;;V;C;S; 
1027;1027;MOLDE SEMILLAS SG;UNIDADES;10%;;;NORMAL;;V;C;S; 
1020;1020;muesle crujiente 1kg;UNIDADES;10%;;;NORMAL;;V;C;S; 
1021;1021;muesle original 1kg;UNIDADES;10%;;;NORMAL;;V;C;S; 
943;943;MULTIUSOS;UNIDADES;21%;;;NORMAL;;V;C;S; 
90;90;musgo de mar 25g;UNIDADES;0%;;;NORMAL;;V;C;S; 
1512;1512;MUSLI;UNIDADES;10%;;;NORMAL;;V;C;S; 
1193;1193;NOCCO;UNIDADES;21%;;;NORMAL;;V;C;S; 
1226;1226;nocco mango;UNIDADES;21%;;;NORMAL;;V;C;S; 
1405;1405;NUEZ MOSCADA;UNIDADES;10%;;;NORMAL;;V;C;S; 
1054;1054;palitos queso;UNIDADES;10%;;;NORMAL;;V;C;S; 
1053;1053;PALITOS SESAMO;UNIDADES;10%;;;NORMAL;;V;C;S; 
1052;1052;palitos tomate;UNIDADES;10%;;;NORMAL;;V;C;S; 
1311;1311;pan de espelta y avena;UNIDADES;10%;;;NORMAL;;V;C;S; 
1516;1516;PAN TOST INTG LINO;UNIDADES;4%;;;NORMAL;;V;C;S; 
1513;1513;pan tostado de espelta;UNIDADES;10%;;;NORMAL;;V;C;S; 
1514;1514;PAN TOSTADO INTG;UNIDADES;10%;;;NORMAL;;V;C;S; 
1515;1515;PAN TOSTADO KAMUT;UNIDADES;10%;;;NORMAL;;V;C;S; 
1393;1393;PANELA;UNIDADES;10%;;;NORMAL;;V;C;S; 
1055;1055;PANICELLOS AVENA SG;UNIDADES;10%;;;NORMAL;;V;C;S; 
1112;1112;PASTA CON PUERROS;UNIDADES;10%;;;NORMAL;;V;C;S; 
939;939;PASTA QUINOA SG;UNIDADES;10%;;;NORMAL;;V;C;S; 
1523;1523;pechuga de pavo;UNIDADES;10%;;;NORMAL;;V;C;S; 
1524;1524;PECHUGA DE POLLO;UNIDADES;10%;;;NORMAL;;V;C;S; 
941;941;pepinillos;UNIDADES;10%;;;NORMAL;;V;C;S; 
935;935;perejil;UNIDADES;10%;;;NORMAL;;V;C;S; 
1093;1093;PIMEINTO DEL PEQUILLO;UNIDADES;10%;;;NORMAL;;V;C;S; 
932;932;PIMENTON;UNIDADES;10%;;;NORMAL;;V;C;S; 
1406;1406;pimenton dulce;UNIDADES;10%;;;NORMAL;;V;C;S; 
1407;1407;PIMIENTA NEGRA;UNIDADES;10%;;;NORMAL;;V;C;S; 
1094;1094;PIMIENTO DEL PIQUILLO;UNIDADES;10%;;;NORMAL;;V;C;S; 
1057;1057;PREPARADO DE POSTRE SG;UNIDADES;10%;;;NORMAL;;V;C;S; 
1228;1228;PROFUMO DI COSTIERA;UNIDADES;0%;;;NORMAL;;V;C;S; 
1450;1450;pure tomate;UNIDADES;10%;;;NORMAL;;V;C;S; 
1229;1229;puttanesca;UNIDADES;0%;;;NORMAL;;V;C;S; 
1461;1461;queso de untar;UNIDADES;4%;;;NORMAL;;V;C;S; 
1627;1627;remolacha;UNIDADES;10%;;;NORMAL;;V;C;S; 

ARTICULOS GENERAL;;;;;;;;;Pagina 46 ;;;;;Fecha : 03/02/2026;;;;;;;;
Codigo;Referencia;Articulo;Medida;IVA;;Seccion;Tipo;;V;C;S;F

001002 ALIMENTACION;;;;;;;;;;;;;;;;;;;;;;
1084;1084;REMOLACHA RODAJAS;UNIDADES;10%;;;NORMAL;;V;C;S; 
1235;1235;RISOTTO CON ESPARRAGOS;UNIDADES;0%;;;NORMAL;;V;C;S; 
1140;1140;roll fresa;UNIDADES;0%;;;NORMAL;;V;C;S; 
1139;1139;ROLL FRESA;UNIDADES;0%;;;NORMAL;;V;C;S; 
1137;1137;roll mango;UNIDADES;0%;;;NORMAL;;V;C;S; 
1138;1138;ROLL MANZ;UNIDADES;0%;;;NORMAL;;V;C;S; 
1329;1329;romero;UNIDADES;10%;;;NORMAL;;V;C;S; 
1409;1409;ROMERO;UNIDADES;10%;;;NORMAL;;V;C;S; 
1410;1410;romero molido;UNIDADES;10%;;;NORMAL;;V;C;S; 
966;966;SAL HIMALAYA;UNIDADES;10%;;;NORMAL;;V;C;S; 
1419;1419;SAL HIMALAYA CON HIERBAS;UNIDADES;10%;;;NORMAL;;V;C;S; 
968;968;SAL HIMALAYA FIAN;UNIDADES;0%;;;NORMAL;;V;C;S; 
1452;1452;salsa tomate;UNIDADES;10%;;;NORMAL;;V;C;S; 
1149;1149;salvia;UNIDADES;10%;;;NORMAL;;V;C;S; 
1411;1411;SALVIA;UNIDADES;10%;;;NORMAL;;V;C;S; 
955;955;SAZONADOR BARBACOA;UNIDADES;10%;;;NORMAL;;V;C;S; 
1104;1104;SEDANI DE AZUKIS;UNIDADES;10%;;;NORMAL;;V;C;S; 
1190;1190;semola de arroz;UNIDADES;10%;;;NORMAL;;V;C;S; 
1231;1231;SICILIANA;UNIDADES;0%;;;NORMAL;;V;C;S; 
1029;1029;snack crunchy brocheta;UNIDADES;10%;;;NORMAL;;V;C;S; 
1028;1028;SNACK CRUNCHY ORIENTAL;UNIDADES;10%;;;NORMAL;;V;C;S; 
958;958;SNACK CHEESE;UNIDADES;10%;;;NORMAL;;V;C;S; 
1030;1030;SNACK KRUNCHY ONION;UNIDADES;10%;;;NORMAL;;V;C;S; 
967;967;snack quinoa;UNIDADES;10%;;;NORMAL;;V;C;S; 
959;959;snack sal;UNIDADES;10%;;;NORMAL;;V;C;S; 
1451;1451;SOFRITO TOMATE;UNIDADES;10%;;;NORMAL;;V;C;S; 
1038;1038;SOJA AMARILLA;UNIDADES;10%;;;NORMAL;;V;C;S; 
1527;1527;soja de r;UNIDADES;10%;;;NORMAL;;V;C;S; 
1189;1189;SOPA JULIANA;UNIDADES;10%;;;NORMAL;;V;C;S; 
1035;1035;tahini 500g;UNIDADES;10%;;;NORMAL;;V;C;S; 
1412;1412;tapioca 500g;UNIDADES;10%;;;NORMAL;;V;C;S; 
1096;1096;tomate concetrado 125g;UNIDADES;10%;;;NORMAL;;V;C;S; 
1022;1022;TOMATE FRITO;UNIDADES;10%;;;NORMAL;;V;C;S; 
1453;1453;TOMATE PELADO;UNIDADES;10%;;;NORMAL;;V;C;S; 
1315;1315;TOMATE SECO;UNIDADES;10%;;;NORMAL;;V;C;S; 
1454;1454;tomate triturado;UNIDADES;10%;;;NORMAL;;V;C;S; 
960;960;tortita de yogur y naranja;UNIDADES;10%;;;NORMAL;;V;C;S; 
1019;1019;TORTITAS DE MAIZ;UNIDADES;10%;;;NORMAL;;V;C;S; 
1517;1517;TOSTADA MULTICEREALES;UNIDADES;10%;;;NORMAL;;V;C;S; 
1168;1168;TULSI CAMOMILA;UNIDADES;10%;;;NORMAL;;V;C;S; 
1554;1554;tulsi frb melc;UNIDADES;10%;;;NORMAL;;V;C;S; 
1553;1553;TULSI JASMIN;UNIDADES;10%;;;NORMAL;;V;C;S; 
1555;1555;TULSI ROSE;UNIDADES;10%;;;NORMAL;;V;C;S; 
1163;1163;VEGGIE;UNIDADES;0%;;;NORMAL;;V;C;S; 
1090;1090;vinagre de manzana;UNIDADES;10%;;;NORMAL;;V;C;S; 
1465;1465;VIVANI 85;UNIDADES;10%;;;NORMAL;;V;C;S; 
1466;1466;vivani arandanos 70;UNIDADES;10%;;;NORMAL;;V;C;S; 
1459;1459;XANCEDA JUNIOR;UNIDADES;10%;;;NORMAL;;V;C;S; 
1528;1528;YOGUR COCO SKYR;UNIDADES;10%;;;NORMAL;;V;C;S; 
1526;1526;YOGUR SOJA PQ;UNIDADES;10%;;;NORMAL;;V;C;S; 
1455;1455;ZUMO GRANADA;UNIDADES;10%;;;NORMAL;;V;C;S; 

ARTICULOS GENERAL;;;;;;;;;Pagina 47 ;;;;;Fecha : 03/02/2026;;;;;;;;
Codigo;Referencia;Articulo;Medida;IVA;;Seccion;Tipo;;V;C;S;F

001002 ALIMENTACION;;;;;;;;;;;;;;;;;;;;;;
930;930;ZUMO REMOLACHA LACTFER;UNIDADES;10%;;;NORMAL;;V;C;S; 

001002001 ALIMENTACION-ENDULZANTES;;;;;;;;;;;;;;;;;;;;;;
309;309;azucar caña 500g;UNIDADES;10%;;;NORMAL;;V;C;S; 
486;486;concentrdao manz;UNIDADES;10%;;;NORMAL;;V;C;S; 
499;499;erythritol 1kg;UNIDADES;10%;;;NORMAL;;V;C;S; 
206;206;MERMELADA DE CEREZAS;UNIDADES;10%;;;NORMAL;;V;C;S; 
470;470;STEVIA POLVO;UNIDADES;10%;;;NORMAL;;V;C;S; 

001002002 ALIMENTACION-BEBIDAS;;;;;;;;;;;;;;;;;;;;;;
229;229;B AVENA SIN GLUTEN;UNIDADES;10%;;;NORMAL;;V;C;S; 
424;424;horchata 1l;UNIDADES;10%;;;NORMAL;;V;C;S; 
256;256;TE KUKICHA 0,5CL;UNIDADES;10%;;;NORMAL;;V;C;S; 

001002002001 ALIMENTACION-BEBIDAS-ZUMOS;;;;;;;;;;;;;;;;;;;;;;
77;LIMONADA200ML;LIMONADA 200ML;UNIDADES;10%;;;NORMAL;;V;C;S; 
65;65;LIMONADA MANZ 750ML;UNIDADES;10%;;;NORMAL;;V;C;S; 
66;66;LIMONADA MANZ GING 750ML;UNIDADES;10%;;;NORMAL;;V;C;S; 
227;227;VITAMONT MULTIF 20CL;UNIDADES;10%;;;NORMAL;;V;C;S; 
225;225;VITAMONT P6;UNIDADES;10%;;;NORMAL;;V;C;S; 
226;226;VITAMONT PIÑA 20CL;UNIDADES;10%;;;NORMAL;;V;C;S; 
75;75;ZUM MANZ 200ML;UNIDADES;10%;;;NORMAL;;V;C;S; 
64;64;ZUM MANZ PERA 1L;UNIDADES;10%;;;NORMAL;;V;C;S; 
144;144;zumo alb pack3;UNIDADES;21%;;;NORMAL;;V;C;S; 
68;68;ZUMO ARANDANO AZUL 500ML;UNIDADES;10%;;;NORMAL;;V;C;S; 
69;69;ZUMO DE REMOLCHA 500ML;UNIDADES;10%;;;NORMAL;;V;C;S; 
58;58;ZUMO LIMON 1L;UNIDADES;10%;;;NORMAL;;V;C;S; 
59;59;ZUMO MANDARINA 1L;UNIDADES;10%;;;NORMAL;;V;C;S; 
76;76;ZUMO MANDR 200ML;UNIDADES;10%;;;NORMAL;;V;C;S; 
54;54;ZUMO MANZ 1L;UNIDADES;10%;;;NORMAL;;V;C;S; 
55;55;ZUMO MANZ 1L NAT;UNIDADES;10%;;;NORMAL;;V;C;S; 
70;70;ZUMO MANZ ACIDA 1L;UNIDADES;10%;;;NORMAL;;V;C;S; 
67;67;ZUMO MANZ GING 750ML;UNIDADES;10%;;;NORMAL;;V;C;S; 
57;57;ZUMO NARANJA 1L;UNIDADES;10%;;;NORMAL;;V;C;S; 
74;74;ZUMO NR 200ML;UNIDADES;10%;;;NORMAL;;V;C;S; 
71;71;ZUMO PERA 1L;UNIDADES;10%;;;NORMAL;;V;C;S; 
63;63;ZUMO PIÑA 1L;UNIDADES;10%;;;NORMAL;;V;C;S; 
79;79;ZUMO PIÑA 200L;UNIDADES;10%;;;NORMAL;;V;C;S; 
60;60;ZUMO POMELO 1L;UNIDADES;10%;;;NORMAL;;V;C;S; 
72;72;ZUMO TOMATE 1L;UNIDADES;10%;;;NORMAL;;V;C;S; 
56;56;ZUMO UVA ALBR 1L;UNIDADES;10%;;;NORMAL;;V;C;S; 
61;61;ZUMO UVA BLC 1L;UNIDADES;10%;;;NORMAL;;V;C;S; 
73;73;ZUMO UVA MELC 200ML;UNIDADES;10%;;;NORMAL;;V;C;S; 
78;78;ZUMO UVA NG 200ML;UNIDADES;10%;;;NORMAL;;V;C;S; 
62;62;ZUMO UVA NGR 1L;UNIDADES;10%;;;NORMAL;;V;C;S; 
53;53;ZUMO UVA/M 1L;UNIDADES;10%;;;NORMAL;;V;C;S; 
80;80;ZUMO ZANAHORIA 500ML;UNIDADES;10%;;;NORMAL;;V;C;S; 

001002002002 ALIMENTACION-BEBIDAS-LECHE;;;;;;;;;;;;;;;;;;;;;;
85;85;B AVENA 1L FINESTRA;UNIDADES;10%;;;NORMAL;;V;C;S; 
425;425;BEBIDA CHUFA 1L;UNIDADES;10%;;;NORMAL;;V;C;S; 
86;86;coconut ecomil 1l;UNIDADES;10%;;;NORMAL;;V;C;S; 
96;96;coconut supreme 1l;UNIDADES;10%;;;NORMAL;;V;C;S; 
771;771;LECHE DE COCO POLVO;UNIDADES;10%;;;NORMAL;;V;C;S; 
87;87;oat cocoa isola 1l;UNIDADES;10%;;;NORMAL;;V;C;S; 
ARTICULOS GENERAL;;;;;;;;;Pagina 48 ;;;;;Fecha : 03/02/2026;;;;;;;;
Codigo;Referencia;Articulo;Medida;IVA;;Seccion;Tipo;;V;C;S;F

001002002002 ALIMENTACION-BEBIDAS-LECHE;;;;;;;;;;;;;;;;;;;;;;
95;95;SOJA1L NTG;UNIDADES;10%;;;NORMAL;;V;C;S; 

001002002003 ALIMENTACION-BEBIDAS-KOMBUCHA;;;;;;;;;;;;;;;;;;;;;;
196;196;KEFIR GING LIM;UNIDADES;21%;;;NORMAL;;V;C;S; 
522;522;KOMBUCHA  MAN CAYEN;UNIDADES;21%;;;NORMAL;;V;C;S; 
524;524;KOMBUCHA 750ML;UNIDADES;21%;;;NORMAL;;V;C;S; 
523;523;KOMBUCHA FR ROJOS;UNIDADES;21%;;;NORMAL;;V;C;S; 
82;82;KOMBUCHA FRM 1L;UNIDADES;21%;;;NORMAL;;V;C;S; 
81;81;KOMBUCHA GIN/L 1L;UNIDADES;21%;;;NORMAL;;V;C;S; 
525;525;kombucha lata;UNIDADES;21%;;;NORMAL;;V;C;S; 
255;255;kombucha marakuya 33cl;UNIDADES;21%;;;NORMAL;;V;C;S; 
744;744;KOMVIDA  F R;UNIDADES;21%;;;NORMAL;;V;C;S; 
746;746;KOMVIDA  GR MANZANA;UNIDADES;21%;;;NORMAL;;V;C;S; 
747;747;KOMVIDA  piña colada;UNIDADES;21%;;;NORMAL;;V;C;S; 
748;748;KOMVIDA  SUPERGLOW;UNIDADES;21%;;;NORMAL;;V;C;S; 
749;749;KOMVIDA  zanahoria curc;UNIDADES;21%;;;NORMAL;;V;C;S; 
750;750;KOMVIDA komujito 750ml;UNIDADES;21%;;;NORMAL;;V;C;S; 
745;745;KOMVIDA mango;UNIDADES;21%;;;NORMAL;;V;C;S; 
521;521;SHOT GIN CUR;UNIDADES;10%;;;NORMAL;;V;C;S; 

001002002004 ALIMENTACION-BEBIDAS-ISOTONICOS;;;;;;;;;;;;;;;;;;;;;;
116;116;BIO RAW ACAI;UNIDADES;10%;;;NORMAL;;V;C;S; 
115;115;bio raw nar/mang;UNIDADES;10%;;;NORMAL;;V;C;S; 
119;119;naturfrisk limon;UNIDADES;21%;;;NORMAL;;V;C;S; 
117;117;raw bio limon;UNIDADES;10%;;;NORMAL;;V;C;S; 
118;118;WHOLE COLA;UNIDADES;10%;;;NORMAL;;V;C;S; 

001002002005 ALIMENTACION-BEBIDAS-REFRESCOS;;;;;;;;;;;;;;;;;;;;;;
140;140;apple whole;UNIDADES;10%;;;NORMAL;;V;C;S; 
141;141;CRANBERRY WHOLE;UNIDADES;10%;;;NORMAL;;V;C;S; 
139;139;GIN WHOLE;UNIDADES;10%;;;NORMAL;;V;C;S; 
120;120;NATURFRISK COLA;UNIDADES;21%;;;NORMAL;;V;C;S; 
142;142;nrj/gin whole;UNIDADES;10%;;;NORMAL;;V;C;S; 
114;114;VICHY LIMON LATA;UNIDADES;10%;;;NORMAL;;V;C;S; 

001002002014 ALIMENTACION-BEBIDAS-AGUA;;;;;;;;;;;;;;;;;;;;;;
107;107;aceite de lino 250ml;UNIDADES;10%;;;NORMAL;;V;C;S; 
97;97;AGUA ALCALINA NARJ;UNIDADES;21%;;;NORMAL;;V;C;S; 
230;230;AGUA COCO 1L;UNIDADES;10%;;;NORMAL;;V;C;S; 
891;891;BEZOYA 0,5CL;UNIDADES;5%;;;NORMAL;;V;C;S; 
892;892;bezoya 1,5l;UNIDADES;5%;;;NORMAL;;V;C;S; 
893;893;BEZOYA 5L;UNIDADES;10%;;;NORMAL;;V;C;S; 
195;195;KEFIR AGUA;UNIDADES;21%;;;NORMAL;;V;C;S; 
890;890;vichy 1l;UNIDADES;5%;;;NORMAL;;V;C;S; 

001002003 ALIMENTACION-LEGUMBRES;;;;;;;;;;;;;;;;;;;;;;
150;150;ALUBIA BL 540G;UNIDADES;10%;;;NORMAL;;V;C;S; 
301;301;alubia roja;UNIDADES;0%;;;NORMAL;;V;C;S; 
300;300;ALUBIAS BL 500G;UNIDADES;0%;;;NORMAL;;V;C;S; 
302;302;AZUKI 500G;UNIDADES;0%;;;NORMAL;;V;C;S; 
151;151;GARBANZOS  540G;UNIDADES;10%;;;NORMAL;;V;C;S; 
303;303;garbanzos 500g;UNIDADES;0%;;;NORMAL;;V;C;S; 
158;158;GUISANTES GRANO;UNIDADES;0%;;;NORMAL;;V;C;S; 
149;149;LENTEJAS 540G;UNIDADES;10%;;;NORMAL;;V;C;S; 
304;304;lentejas marrones 500g;UNIDADES;0%;;;NORMAL;;V;C;S; 

ARTICULOS GENERAL;;;;;;;;;Pagina 49 ;;;;;Fecha : 03/02/2026;;;;;;;;
Codigo;Referencia;Articulo;Medida;IVA;;Seccion;Tipo;;V;C;S;F

001002003 ALIMENTACION-LEGUMBRES;;;;;;;;;;;;;;;;;;;;;;
305;305;LENTEJAS ROJAS 500G;UNIDADES;0%;;;NORMAL;;V;C;S; 
306;306;lentejas verdes 500g;UNIDADES;0%;;;NORMAL;;V;C;S; 
307;307;soja texturizada m 200g;UNIDADES;10%;;;NORMAL;;V;C;S; 
308;308;SOJA VERDE;UNIDADES;0%;;;NORMAL;;V;C;S; 

001002004 ALIMENTACION-PASTA;;;;;;;;;;;;;;;;;;;;;;
83;83;AVENA CR 200ml;UNIDADES;10%;;;NORMAL;;V;C;S; 
27;27;codini de avena 500g;UNIDADES;5%;;;NORMAL;;V;C;S; 
24;24;CORNETTI 500G;UNIDADES;5%;;;NORMAL;;V;C;S; 
25;25;CORNETTI intg 500g;UNIDADES;5%;;;NORMAL;;V;C;S; 
263;263;CUSCUS BL;UNIDADES;5%;;;NORMAL;;V;C;S; 
264;264;cuscus intg;UNIDADES;5%;;;NORMAL;;V;C;S; 
40;40;ESP QUIN REM ALBH;UNIDADES;10%;;;NORMAL;;V;C;S; 
47;47;ESPAG 500G;UNIDADES;5%;;;NORMAL;;V;C;S; 
764;764;espaguetis konjac;UNIDADES;10%;;;NORMAL;;V;C;S; 
48;48;espg espelta 500g;UNIDADES;10%;;;NORMAL;;V;C;S; 
45;45;espg intg 500g;UNIDADES;5%;;;NORMAL;;V;C;S; 
49;49;ESPG KAMUT;UNIDADES;5%;;;NORMAL;;V;C;S; 
517;517;ESPG KONJAC;UNIDADES;10%;;;NORMAL;;V;C;S; 
31;31;ESPIRALES 500g;UNIDADES;5%;;;NORMAL;;V;C;S; 
52;52;espirales esperulina 500g;UNIDADES;5%;;;NORMAL;;V;C;S; 
32;32;ESPIRALES INTG;UNIDADES;5%;;;NORMAL;;V;C;S; 
39;39;espirales remolacha y albahaca 500g;UNIDADES;10%;;;NORMAL;;V;C;S; 
822;822;FIDEOS FINOS;UNIDADES;5%;;;NORMAL;;V;C;S; 
19;19;fideos finos castagno 500g;UNIDADES;10%;;;NORMAL;;V;C;S; 
21;21;FIDEOS G 500G CAS;UNIDADES;5%;;;NORMAL;;V;C;S; 
246;246;FUSILLI QUINOA;UNIDADES;10%;;;NORMAL;;V;C;S; 
30;30;JURASICO 500G CAS;UNIDADES;5%;;;NORMAL;;V;C;S; 
42;42;LASAÑA 500g;UNIDADES;5%;;;NORMAL;;V;C;S; 
43;43;LASAÑA INTG 500G;UNIDADES;5%;;;NORMAL;;V;C;S; 
35;35;LAZOS 500G;UNIDADES;5%;;;NORMAL;;V;C;S; 
23;23;LETRAS;UNIDADES;5%;;;NORMAL;;V;C;S; 
518;518;mac konjac;UNIDADES;10%;;;NORMAL;;V;C;S; 
34;34;MACARRONES 500G;UNIDADES;5%;;;NORMAL;;V;C;S; 
38;38;MACARRONES DE KAMUT 500G;UNIDADES;5%;;;NORMAL;;V;C;S; 
41;41;MACARRONES ESPELTA500G;UNIDADES;10%;;;NORMAL;;V;C;S; 
33;33;MACARRONES INTG 500G;UNIDADES;5%;;;NORMAL;;V;C;S; 
765;765;MACARRONES KONJAC;UNIDADES;10%;;;NORMAL;;V;C;S; 
519;519;NOODLE KONJAC;UNIDADES;10%;;;NORMAL;;V;C;S; 
50;50;pasta 500g;UNIDADES;5%;;;NORMAL;;V;C;S; 
51;51;PASTA 500G;UNIDADES;5%;;;NORMAL;;V;C;S; 
520;520;pasta edamame;UNIDADES;5%;;;NORMAL;;V;C;S; 
20;20;PASTA TIGO 500G CASTAGNO;UNIDADES;5%;;;NORMAL;;V;C;S; 
22;22;PIOMBI 500g cas;UNIDADES;5%;;;NORMAL;;V;C;S; 
13;2386;SIDANE AVENA 500G;UNIDADES;10%;;;UNIDADES;;V;C;S; 
26;26;STELLINE 500G;UNIDADES;5%;;;NORMAL;;V;C;S; 
46;46;TALLARINES 500G;UNIDADES;5%;;;NORMAL;;V;C;S; 
245;245;TALLARINES F;UNIDADES;10%;;;NORMAL;;V;C;S; 
44;44;TALLARINES INTG 500G;UNIDADES;5%;;;NORMAL;;V;C;S; 
197;197;TALLARINES MORINGA;UNIDADES;5%;;;NORMAL;;V;C;S; 
92;92;tallarines/ esp kojac;UNIDADES;10%;;;NORMAL;;V;C;S; 

001002005 ALIMENTACION-ALGAS;;;;;;;;;;;;;;;;;;;;;;

ARTICULOS GENERAL;;;;;;;;;Pagina 50 ;;;;;Fecha : 03/02/2026;;;;;;;;
Codigo;Referencia;Articulo;Medida;IVA;;Seccion;Tipo;;V;C;S;F

001002005 ALIMENTACION-ALGAS;;;;;;;;;;;;;;;;;;;;;;
910;910;alga nori;UNIDADES;10%;;;NORMAL;;V;C;S; 
88;88;ARTICULO 88;UNIDADES;10%;;;NORMAL;;V;C;S; 
91;91;ENSALADA DE ALGAS 25G;UNIDADES;4%;;;NORMAL;;V;C;S; 
89;89;KOMBU 25g;UNIDADES;0%;;;NORMAL;;V;C;S; 
1525;1525;mascarilla;UNIDADES;21%;;;NORMAL;;V;C;S; 
908;908;SOPA DXE ARROZ, VERDURA YALGAS;UNIDADES;10%;;;NORMAL;;V;C;S; 

001002006 ALIMENTACION-SALSAS;;;;;;;;;;;;;;;;;;;;;;
180;180;CALCOTS;UNIDADES;10%;;;NORMAL;;V;C;S; 
429;429;CONCETRADO TOMATE;UNIDADES;10%;;;NORMAL;;V;C;S; 
94;94;CR AVENA ISOLA;UNIDADES;10%;;;NORMAL;;V;C;S; 
452;452;kechup;UNIDADES;10%;;;NORMAL;;V;C;S; 
323;323;leche coco 400ml;UNIDADES;10%;;;NORMAL;;V;C;S; 
426;426;MOSTAZA;UNIDADES;10%;;;NORMAL;;V;C;S; 
181;181;OLIVADA SETAS TRUFA;UNIDADES;10%;;;NORMAL;;V;C;S; 
367;367;PANNA;UNIDADES;10%;;;NORMAL;;V;C;S; 
182;182;PATE GUIS F SECOS;UNIDADES;10%;;;NORMAL;;V;C;S; 
176;176;PATE OLIVAS NG;UNIDADES;10%;;;NORMAL;;V;C;S; 
175;175;PESTO ROSSO;UNIDADES;10%;;;NORMAL;;V;C;S; 
174;174;PESTO TRADICIONAL;UNIDADES;10%;;;NORMAL;;V;C;S; 
173;173;PESTO VEGANO;UNIDADES;10%;;;NORMAL;;V;C;S; 
324;324;SALSA TAMARI ECOB;UNIDADES;10%;;;NORMAL;;V;C;S; 
428;428;SALSA TOMATE;UNIDADES;10%;;;NORMAL;;V;C;S; 
325;325;tahini 250g ecob;UNIDADES;10%;;;NORMAL;;V;C;S; 
431;431;TOMATE TR 670;UNIDADES;10%;;;NORMAL;;V;C;S; 
427;427;V BALSAMICO MANZ;UNIDADES;10%;;;NORMAL;;V;C;S; 
143;143;VIN MANZANA TBIO;UNIDADES;10%;;;NORMAL;;V;C;S; 
122;122;VINAGRE ARROZ;UNIDADES;10%;;;NORMAL;;V;C;S; 
488;488;vinagre coco;UNIDADES;21%;;;NORMAL;;V;C;S; 
121;121;vinagre de cereza;UNIDADES;10%;;;NORMAL;;V;C;S; 
487;487;VINAGRE GRANADA;UNIDADES;21%;;;NORMAL;;V;C;S; 
192;192;VINAGRE KEFIR;UNIDADES;10%;;;NORMAL;;V;C;S; 
189;VINAGREMANZ;VINAGRE MANZ;UNIDADES;10%;;;NORMAL;;V;C;S; 
191;191;VINAGRE REMOLACHA;UNIDADES;10%;;;NORMAL;;V;C;S; 
190;190;VINAGRE ROMERO;UNIDADES;10%;;;NORMAL;;V;C;S; 
240;240;VINAGRE UMIBUSHI F;UNIDADES;10%;;;NORMAL;;V;C;S; 
136;136;ZUMO DE LIMON;UNIDADES;10%;;;NORMAL;;V;C;S; 

001002007 ALIMENTACION-CONDIMENTOS;;;;;;;;;;;;;;;;;;;;;;
320;320;CANELA CEYLAN 80G;UNIDADES;10%;;;NORMAL;;V;C;S; 
185;185;CUBITOS TERNERA;UNIDADES;10%;;;NORMAL;;V;C;S; 
184;184;CUBITOS VERD;UNIDADES;10%;;;NORMAL;;V;C;S; 
194;194;CURCUMA 75G;UNIDADES;10%;;;NORMAL;;V;C;S; 
312;312;CURCUMA 80G;UNIDADES;10%;;;NORMAL;;V;C;S; 
780;780;gingibre;UNIDADES;10%;;;NORMAL;;V;C;S; 
762;762;GOMASIO;UNIDADES;10%;;;NORMAL;;V;C;S; 
313;313;jengibre 80g;UNIDADES;10%;;;NORMAL;;V;C;S; 
485;485;sal fina;UNIDADES;10%;;;NORMAL;;V;C;S; 
125;125;sal fina gr;UNIDADES;10%;;;NORMAL;;V;C;S; 
93;93;SAL FINA GRANERO 1KG;UNIDADES;10%;;;NORMAL;;V;C;S; 
124;124;SAL FINA SORIA;UNIDADES;10%;;;NORMAL;;V;C;S; 
484;484;SAL GREUSA;UNIDADES;10%;;;NORMAL;;V;C;S; 

001002008 ALIMENTACION-BARRITAS;;;;;;;;;;;;;;;;;;;;;;

ARTICULOS GENERAL;;;;;;;;;Pagina 51 ;;;;;Fecha : 03/02/2026;;;;;;;;
Codigo;Referencia;Articulo;Medida;IVA;;Seccion;Tipo;;V;C;S;F

001002008 ALIMENTACION-BARRITAS;;;;;;;;;;;;;;;;;;;;;;
456;456;COOKIES PIÑA;UNIDADES;10%;;;NORMAL;;V;C;S; 
238;238;ENE BALL COCO;UNIDADES;10%;;;NORMAL;;V;C;S; 
239;239;ENE BALL FRM;UNIDADES;10%;;;NORMAL;;V;C;S; 
237;237;ENERGY BALL PIS;UNIDADES;10%;;;NORMAL;;V;C;S; 
134;134;fiorentino ses choco;UNIDADES;10%;;;NORMAL;;V;C;S; 
126;126;MAXI N CARAMELO;UNIDADES;10%;;;NORMAL;;V;C;S; 
128;128;maxi n ch/k;UNIDADES;10%;;;NORMAL;;V;C;S; 
127;127;MAXI N CHOCO;UNIDADES;10%;;;NORMAL;;V;C;S; 

001002009 ALIMENTACION-GALLETAS;;;;;;;;;;;;;;;;;;;;;;
328;328; G ESP CHOCO 32g;UNIDADES;10%;;;NORMAL;;V;C;S; 
361;361;cookies doble choco;UNIDADES;10%;;;NORMAL;;V;C;S; 
362;362;COOKIES ESP CHOCO;UNIDADES;10%;;;NORMAL;;V;C;S; 
201;201;GALLETA L/G;UNIDADES;10%;;;NORMAL;;V;C;S; 
915;915;GALLETAS;UNIDADES;10%;;;NORMAL;;V;C;S; 
202;202;GALLETAS AVENA INTG CHOCO;UNIDADES;10%;;;NORMAL;;V;C;S; 
327;327;GALLETAS CHOCO;UNIDADES;10%;;;NORMAL;;V;C;S; 
353;353;GALLETAS INTG;UNIDADES;10%;;;NORMAL;;V;C;S; 
352;352;galletas intg chips choco;UNIDADES;10%;;;NORMAL;;V;C;S; 
129;129;KOOKIE MONSTER;UNIDADES;10%;;;NORMAL;;V;C;S; 
133;133;KOOKIE VANILLA;UNIDADES;10%;;;NORMAL;;V;C;S; 
132;132;kookies berries;UNIDADES;10%;;;NORMAL;;V;C;S; 
130;130;kookies choco;UNIDADES;10%;;;NORMAL;;V;C;S; 
131;131;KOOKIES NUECES;UNIDADES;10%;;;NORMAL;;V;C;S; 
330;330;maria esp choco;UNIDADES;10%;;;NORMAL;;V;C;S; 

001002010 ALIMENTACION-PANAES;;;;;;;;;;;;;;;;;;;;;;
247;247;base pizza espelta intg F;UNIDADES;10%;;;NORMAL;;V;C;S; 
356;356;cracker sarrac 150g;UNIDADES;10%;;;NORMAL;;V;C;S; 
218;218;CRACKER SARRACENO 300G;UNIDADES;10%;;;NORMAL;;V;C;S; 
219;219;cracker special matin;UNIDADES;10%;;;NORMAL;;V;C;S; 
489;489;CRISPY GARB;UNIDADES;21%;;;NORMAL;;V;C;S; 
329;329;ESPELTA SEMILLAS;UNIDADES;10%;;;NORMAL;;V;C;S; 
248;248;GRISSINES INTGR F;UNIDADES;10%;;;NORMAL;;V;C;S; 
249;249;grissines sesamo f;UNIDADES;10%;;;NORMAL;;V;C;S; 
333;333;KRUNCHY PROTIEN;UNIDADES;10%;;;NORMAL;;V;C;S; 
355;355;MINI CRACKER ESP;UNIDADES;10%;;;NORMAL;;V;C;S; 
252;252;MINI CRACKERS PIZZA;UNIDADES;10%;;;NORMAL;;V;C;S; 
251;251;mini crackers romero;UNIDADES;10%;;;NORMAL;;V;C;S; 
253;253;mini crackers sesamo;UNIDADES;10%;;;NORMAL;;V;C;S; 
203;203;MINI CRACKERS T/S;UNIDADES;10%;;;NORMAL;;V;C;S; 
205;205;MOLDE KAMUT;UNIDADES;10%;;;NORMAL;;V;C;S; 
250;250;PAN ACIMO ESPELTA;UNIDADES;10%;;;NORMAL;;V;C;S; 
332;332;pan cen pema;UNIDADES;10%;;;NORMAL;;V;C;S; 
374;374;pan molde esp;UNIDADES;10%;;;NORMAL;;V;C;S; 
331;331;PAN MOLDE ESP CEN;UNIDADES;10%;;;NORMAL;;V;C;S; 
349;349;PAN MOLDE S CORTEZA;UNIDADES;10%;;;NORMAL;;V;C;S; 
350;350;pan molde sarraceno;UNIDADES;4%;;;NORMAL;;V;C;S; 
137;137;pan pita;UNIDADES;10%;;;NORMAL;;V;C;S; 
210;210;PAN PROTEICO;UNIDADES;4%;;;NORMAL;;V;C;S; 
254;254;PIADINA ESPELTA;UNIDADES;10%;;;NORMAL;;V;C;S; 
422;422;semola maiz 500g;UNIDADES;4%;;;NORMAL;;V;C;S; 
234;234;T ARR C SAL 130G;UNIDADES;10%;;;NORMAL;;V;C;S; 

ARTICULOS GENERAL;;;;;;;;;Pagina 52 ;;;;;Fecha : 03/02/2026;;;;;;;;
Codigo;Referencia;Articulo;Medida;IVA;;Seccion;Tipo;;V;C;S;F

001002010 ALIMENTACION-PANAES;;;;;;;;;;;;;;;;;;;;;;
236;236;T ARR QUINOA 130G;UNIDADES;10%;;;NORMAL;;V;C;S; 
233;233;T ARR SESAMO F 130G;UNIDADES;10%;;;NORMAL;;V;C;S; 
232;232;T ARROZ S SAL F 130G;UNIDADES;10%;;;NORMAL;;V;C;S; 
235;235;T MAIZ 130G;UNIDADES;10%;;;NORMAL;;V;C;S; 
112;112;TORT ARROZ ALGAROBA;UNIDADES;10%;;;NORMAL;;V;C;S; 
113;113;TORT ARROZ MAIS LINO;UNIDADES;10%;;;NORMAL;;V;C;S; 
110;110;TORT ARROZ MULTIC 200G;UNIDADES;10%;;;NORMAL;;V;C;S; 
109;109;TORT ARROZ SES 200G;UNIDADES;10%;;;NORMAL;;V;C;S; 
105;105;TORT ARROZ YOGUR;UNIDADES;10%;;;NORMAL;;V;C;S; 
104;104;TORT CHOC COCO;UNIDADES;10%;;;NORMAL;;V;C;S; 
102;102;TORT CHOCO DARK COCO;UNIDADES;10%;;;NORMAL;;V;C;S; 
101;TORTFONDANTCHOCO;TORT CHOCO FONDANT;UNIDADES;10%;;;NORMAL;;V;C;S; 
100;100;TORT YG ARND;UNIDADES;10%;;;NORMAL;;V;C;S; 
103;103;TORT YG FRESA;UNIDADES;10%;;;NORMAL;;V;C;S; 
900;900;TORTITAS DE ARROZ CON ALGAS;UNIDADES;10%;;;NORMAL;;V;C;S; 
906;906;TORTITAS DE ESPELTA CONALGAS;UNIDADES;10%;;;NORMAL;;V;C;S; 
111;111;tortitas mais algarroba;UNIDADES;10%;;;NORMAL;;V;C;S; 
231;231;TORTITAS MAIZ 120g F;UNIDADES;10%;;;NORMAL;;V;C;S; 

001002011 ALIMENTACION-PASTELERIA;;;;;;;;;;;;;;;;;;;;;;
615;615;ALBARICOQUES;UNIDADES;0%;;;NORMAL;;V;C;S; 
99;99;BAR PIPAS CALABAZA CHOCO;UNIDADES;10%;;;NORMAL;;V;C;S; 
617;617;CHIPS DE COCO;UNIDADES;0%;;;NORMAL;;V;C;S; 
614;614;granillo almendra;UNIDADES;0%;;;NORMAL;;V;C;S; 
162;162;H CENTENO INTG 500G;UNIDADES;0%;;;NORMAL;;V;C;S; 
171;171;HARINA AVENA INTG 500G;UNIDADES;0%;;;NORMAL;;V;C;S; 
164;164;HARINA BL ESPELTA 500G;UNIDADES;0%;;;NORMAL;;V;C;S; 
161;161;HARINA COCO 500G;UNIDADES;10%;;;NORMAL;;V;C;S; 
613;613;HARINA DE ALMENDRA;UNIDADES;0%;;;NORMAL;;V;C;S; 
166;166;HARINA ESPELTA INTG 500G;UNIDADES;0%;;;NORMAL;;V;C;S; 
170;170;HARINA INTG 1KG;UNIDADES;0%;;;NORMAL;;V;C;S; 
169;169;HARINA KAMUT 500G;UNIDADES;0%;;;NORMAL;;V;C;S; 
168;168;HARINA MAIZ 500G;UNIDADES;0%;;;NORMAL;;V;C;S; 
167;167;HARINA TRIGO BL 1KG;UNIDADES;0%;;;NORMAL;;V;C;S; 
165;165;HARINA TRIGO BL 500G;UNIDADES;0%;;;NORMAL;;V;C;S; 
163;163;HIRINA ALGARROBA 250G;UNIDADES;10%;;;NORMAL;;V;C;S; 
371;371;LEVADURA SECA 9G;UNIDADES;10%;;;NORMAL;;V;C;S; 

001002012 ALIMENTACION-ACEITES;;;;;;;;;;;;;;;;;;;;;;
321;321;aceite coco 200ml ecob;UNIDADES;10%;;;NORMAL;;V;C;S; 
322;322;ACEITE COCO 500ML ECOB;UNIDADES;10%;;;NORMAL;;V;C;S; 
108;108;ACEITE CHIA;UNIDADES;5%;;;NORMAL;;V;C;S; 
767;767;ACEITE DE ALMENDRA;UNIDADES;5%;;;NORMAL;;V;C;S; 
766;766;aceite de calabaza;UNIDADES;5%;;;NORMAL;;V;C;S; 
220;220;ACEITE DE GIRASOL;UNIDADES;10%;;;NORMAL;;V;C;S; 
123;123;aceite sesamo;UNIDADES;5%;;;NORMAL;;V;C;S; 
430;430;AOVE 5L;UNIDADES;10%;;;NORMAL;;V;C;S; 

001002013 ALIMENTACION-CONSERVAS;;;;;;;;;;;;;;;;;;;;;;
159;159;ACELGAS;UNIDADES;10%;;;NORMAL;;V;C;S; 
446;446;alb del pais c 350g;UNIDADES;10%;;;NORMAL;;V;C;S; 
753;753;alcaparras;UNIDADES;10%;;;NORMAL;;V;C;S; 
258;258;ALUB NEGRAS 400G;UNIDADES;10%;;;NORMAL;;V;C;S; 
447;447;ALUBIAS C 350G;UNIDADES;10%;;;NORMAL;;V;C;S; 

ARTICULOS GENERAL;;;;;;;;;Pagina 53 ;;;;;Fecha : 03/02/2026;;;;;;;;
Codigo;Referencia;Articulo;Medida;IVA;;Seccion;Tipo;;V;C;S;F

001002013 ALIMENTACION-CONSERVAS;;;;;;;;;;;;;;;;;;;;;;
435;435;alubias c 700g;UNIDADES;10%;;;NORMAL;;V;C;S; 
436;436;ALUBIAS ROJAS 700G C;UNIDADES;10%;;;NORMAL;;V;C;S; 
449;449;ALUBIAS ROJAS C 350G;UNIDADES;10%;;;NORMAL;;V;C;S; 
758;758;arroz con lentejas;UNIDADES;10%;;;NORMAL;;V;C;S; 
453;453;ARTICULO tomate triturado 660g;UNIDADES;10%;;;NORMAL;;V;C;S; 
776;776;atun al natural;UNIDADES;10%;;;NORMAL;;V;C;S; 
437;437;azuki 700g;UNIDADES;10%;;;NORMAL;;V;C;S; 
448;448;azukis;UNIDADES;10%;;;NORMAL;;V;C;S; 
160;160;AZUKIS 540G;UNIDADES;10%;;;NORMAL;;V;C;S; 
368;368;bonito del norte biocop;UNIDADES;10%;;;NORMAL;;V;C;S; 
851;851;brotes de soja;UNIDADES;10%;;;NORMAL;;V;C;S; 
774;774;calamares;UNIDADES;10%;;;NORMAL;;V;C;S; 
756;756;COCIDO DE ALUBIAS V MEDIT;UNIDADES;10%;;;NORMAL;;V;C;S; 
757;757;COCIDO LENTEJAS V MEDIT;UNIDADES;10%;;;NORMAL;;V;C;S; 
147;147;COL BL FERMENTADA;UNIDADES;10%;;;NORMAL;;V;C;S; 
370;370;edamame;UNIDADES;10%;;;NORMAL;;V;C;S; 
777;777;FILETES CABALLA;UNIDADES;10%;;;NORMAL;;V;C;S; 
445;445;GARBANZOS C 350G;UNIDADES;10%;;;NORMAL;;V;C;S; 
434;434;GARBANZOS C 700G;UNIDADES;10%;;;NORMAL;;V;C;S; 
755;755;garbanzos con acelgas;UNIDADES;10%;;;NORMAL;;V;C;S; 
760;760;garbanzos con seitan;UNIDADES;10%;;;NORMAL;;V;C;S; 
146;146;HINOJO FERM;UNIDADES;10%;;;NORMAL;;V;C;S; 
153;153;HUMMUS REM;UNIDADES;10%;;;NORMAL;;V;C;S; 
450;450;LENTEJAS 350G;UNIDADES;10%;;;NORMAL;;V;C;S; 
438;438;LENTEJAS C 700G;UNIDADES;10%;;;NORMAL;;V;C;S; 
759;759;LENTEJAS CON ARROZ;UNIDADES;10%;;;NORMAL;;V;C;S; 
779;779;MAIZ 200G;UNIDADES;10%;;;NORMAL;;V;C;S; 
372;372;miso sopa;UNIDADES;10%;;;NORMAL;;V;C;S; 
423;423;OLIVAS 50G;UNIDADES;10%;;;NORMAL;;V;C;S; 
228;228;olivas desh;UNIDADES;10%;;;NORMAL;;V;C;S; 
157;157;OLIVAS GAZPACHO;UNIDADES;10%;;;NORMAL;;V;C;S; 
152;152;OLIVAS MANZ 350G;UNIDADES;10%;;;NORMAL;;V;C;S; 
754;754;PATE 5 SETAS;UNIDADES;10%;;;NORMAL;;V;C;S; 
177;177;PATE OLIV VERDES;UNIDADES;10%;;;NORMAL;;V;C;S; 
257;257;pssata de tomate 680g f;UNIDADES;10%;;;NORMAL;;V;C;S; 
761;761;quinoa con v;UNIDADES;10%;;;NORMAL;;V;C;S; 
186;186;REMOLACHA;UNIDADES;10%;;;NORMAL;;V;C;S; 
145;145;REMOLACHA FERMENTADA;UNIDADES;10%;;;NORMAL;;V;C;S; 
369;369;SALMON BIOCOP;UNIDADES;10%;;;NORMAL;;V;C;S; 
444;444;salsa albahaca;UNIDADES;10%;;;NORMAL;;V;C;S; 
154;154;SALSA BRAVA;UNIDADES;10%;;;NORMAL;;V;C;S; 
442;442;SALSA CHAMPI;UNIDADES;10%;;;NORMAL;;V;C;S; 
443;443;SALSA OLIVAS;UNIDADES;10%;;;NORMAL;;V;C;S; 
155;155;SALSA PIZZA;UNIDADES;10%;;;NORMAL;;V;C;S; 
156;156;SALSA ROMESCO;UNIDADES;10%;;;NORMAL;;V;C;S; 
441;441;salsa tomate picante;UNIDADES;10%;;;NORMAL;;V;C;S; 
775;775;SARDINILLAS;UNIDADES;10%;;;NORMAL;;V;C;S; 
451;451;SOJA VERDE;UNIDADES;10%;;;NORMAL;;V;C;S; 
778;778;tentaculos;UNIDADES;10%;;;NORMAL;;V;C;S; 
440;440;TOMATE F S/AZ;UNIDADES;10%;;;NORMAL;;V;C;S; 
439;439;tomate frito;UNIDADES;10%;;;NORMAL;;V;C;S; 

ARTICULOS GENERAL;;;;;;;;;Pagina 54 ;;;;;Fecha : 03/02/2026;;;;;;;;
Codigo;Referencia;Articulo;Medida;IVA;;Seccion;Tipo;;V;C;S;F

001002013 ALIMENTACION-CONSERVAS;;;;;;;;;;;;;;;;;;;;;;
106;106;TOMATE TRITUDO 350G;UNIDADES;10%;;;NORMAL;;V;C;S; 
187;187;ZANAHORIA;UNIDADES;10%;;;NORMAL;;V;C;S; 
148;148;ZANAHORIA LACTOFERMENTADA;UNIDADES;10%;;;NORMAL;;V;C;S; 

001002014 ALIMENTACION-ORIENTAL;;;;;;;;;;;;;;;;;;;;;;
909;909;ARROZ CON LENTEJAS Y ALGAS;UNIDADES;10%;;;NORMAL;;V;C;S; 
722;722;CURRY ROJO;UNIDADES;10%;;;NORMAL;;V;C;S; 
723;723;CURRY VERDE;UNIDADES;10%;;;NORMAL;;V;C;S; 
172;172;CHIPS PLATANO;UNIDADES;10%;;;NORMAL;;V;C;S; 
901;901;ENSALADA DE WAKAME;PERSONAS;10%;;;UNIDADES;;V;C;S; 
716;716;FIDEOS ARROZ INTG;UNIDADES;10%;;;NORMAL;;V;C;S; 
719;719;FIDEOS ARROZ INTG BONIATO;UNIDADES;5%;;;NORMAL;;V;C;S; 
717;717;fideos arroz intg calabaza ging;UNIDADES;10%;;;NORMAL;;V;C;S; 
718;718;fideos arroz intg wakame;UNIDADES;5%;;;NORMAL;;V;C;S; 
720;720;FIDEOS ARROZ thai;UNIDADES;5%;;;NORMAL;;V;C;S; 
714;714;fideos de arroz pad thai;UNIDADES;10%;;;NORMAL;;V;C;S; 
715;715;FIDEOS DE ARROZ VIETNAMESE;UNIDADES;10%;;;NORMAL;;V;C;S; 
193;193;GOMASIO ALGAS;UNIDADES;10%;;;NORMAL;;V;C;S; 
905;905;HUMMUS CON ALGAS;UNIDADES;10%;;;NORMAL;;V;C;S; 
188;KIMCHI;KIMCHI;UNIDADES;10%;;;NORMAL;;V;C;S; 
724;724;konjac arroz;UNIDADES;10%;;;NORMAL;;V;C;S; 
259;259;miso garbanzos 150g;UNIDADES;10%;;;NORMAL;;V;C;S; 
373;373;MISO HATCHO;UNIDADES;10%;;;NORMAL;;V;C;S; 
903;903;PATE DE ALGAS CON SHITAKE;UNIDADES;10%;;;NORMAL;;V;C;S; 
902;902;PATE DE ALGAS CON TOFU;UNIDADES;10%;;;NORMAL;;V;C;S; 
904;904;PATE ROJO CON NORI;UNIDADES;10%;;;NORMAL;;V;C;S; 
727;727;RAMEN SHITAKE;UNIDADES;10%;;;NORMAL;;V;C;S; 
751;751;RAMEN WAKAME;UNIDADES;5%;;;NORMAL;;V;C;S; 
726;726;ume;UNIDADES;10%;;;NORMAL;;V;C;S; 
725;725;UME BIO;UNIDADES;10%;;;NORMAL;;V;C;S; 

001002015 ALIMENTACION-FRUTOS SECOS;;;;;;;;;;;;;;;;;;;;;;
618;618;almendra garrapiñada;UNIDADES;10%;;;NORMAL;;V;C;S; 
616;616;almendra laminada;UNIDADES;0%;;;NORMAL;;V;C;S; 
619;619;anacardos garapiñados;UNIDADES;10%;;;NORMAL;;V;C;S; 
620;620;BARRITAS ALMENDRA;UNIDADES;10%;;;NORMAL;;V;C;S; 
183;183;HIGOS 200G;UNIDADES;4%;;;NORMAL;;V;C;S; 

001002016 ALIMENTACION-CEREALES;;;;;;;;;;;;;;;;;;;;;;
289;289;arroz inf cacao s gluten;UNIDADES;10%;;;NORMAL;;V;C;S; 
290;290;arroz inf choco 300g;UNIDADES;10%;;;NORMAL;;V;C;S; 
208;208;AVENA SIN GLUTEN;UNIDADES;10%;;;NORMAL;;V;C;S; 
209;209;AVENA SUPREM;UNIDADES;10%;;;NORMAL;;V;C;S; 
291;291;BOLITAS CHOCO 300G;UNIDADES;10%;;;NORMAL;;V;C;S; 
292;292;branflakes 375g;UNIDADES;10%;;;NORMAL;;V;C;S; 
293;293;COPOS 4 CEREALES 500G;UNIDADES;10%;;;NORMAL;;V;C;S; 
294;294;copos avena f 500g;UNIDADES;10%;;;NORMAL;;V;C;S; 
359;359;copos avena finos biocop;UNIDADES;10%;;;NORMAL;;V;C;S; 
295;295;COPOS AVENA GR 500g;UNIDADES;10%;;;NORMAL;;V;C;S; 
360;360;COPOS AVENA GRUESO;UNIDADES;10%;;;NORMAL;;V;C;S; 
326;326;COPOS AVENA S GLUTEN ECOB;UNIDADES;10%;;;NORMAL;;V;C;S; 
198;198;COPOS DE CENTENO;UNIDADES;10%;;;NORMAL;;V;C;S; 
296;296;CORNFLAKES S GLUTEN;UNIDADES;10%;;;NORMAL;;V;C;S; 
297;297;crunchy choco 375g;UNIDADES;10%;;;NORMAL;;V;C;S; 

ARTICULOS GENERAL;;;;;;;;;Pagina 55 ;;;;;Fecha : 03/02/2026;;;;;;;;
Codigo;Referencia;Articulo;Medida;IVA;;Seccion;Tipo;;V;C;S;F

001002016 ALIMENTACION-CEREALES;;;;;;;;;;;;;;;;;;;;;;
213;213;KRUNCHY CHOCO 500G;UNIDADES;10%;;;NORMAL;;V;C;S; 
215;215;KRUNCHY CHOCO AVELLANA;UNIDADES;10%;;;NORMAL;;V;C;S; 
216;216;KRUNCHY F R 750G;UNIDADES;10%;;;NORMAL;;V;C;S; 
211;211;KRUNCHY FRUTOS RJ;UNIDADES;10%;;;NORMAL;;V;C;S; 
214;214;KRUNCHY JOY AVELLANA;UNIDADES;10%;;;NORMAL;;V;C;S; 
212;212;krunchy joy choco;UNIDADES;10%;;;NORMAL;;V;C;S; 
365;365;KRUNCHY MANZANA;UNIDADES;10%;;;NORMAL;;V;C;S; 
298;298;MUESLI CHOCO;UNIDADES;10%;;;NORMAL;;V;C;S; 
299;299;salvado avena 500g;UNIDADES;10%;;;NORMAL;;V;C;S; 

001002017 ALIMENTACION-DESAYUNO;;;;;;;;;;;;;;;;;;;;;;
781;781;avena fin;UNIDADES;10%;;;NORMAL;;V;C;S; 
782;782;AVENA GR;UNIDADES;10%;;;NORMAL;;V;C;S; 
310;310;CACOA POLVO 200G;UNIDADES;10%;;;NORMAL;;V;C;S; 
363;363;compota ciruela;UNIDADES;10%;;;NORMAL;;V;C;S; 
420;420;compota manz 400g;UNIDADES;10%;;;NORMAL;;V;C;S; 
454;454;COMPOTA MANZ 700G;UNIDADES;10%;;;NORMAL;;V;C;S; 
207;207;COMPOTA MEL CURCUMA;UNIDADES;10%;;;NORMAL;;V;C;S; 
412;412;COMPOTA PERA;UNIDADES;10%;;;NORMAL;;V;C;S; 
364;364;copota de fresa;UNIDADES;10%;;;NORMAL;;V;C;S; 
623;623;crema almendra;UNIDADES;10%;;;NORMAL;;V;C;S; 
624;624;CREMA ANACARDOS;UNIDADES;10%;;;NORMAL;;V;C;S; 
490;490;crema cacao avellana;UNIDADES;21%;;;NORMAL;;V;C;S; 
217;217;crema choco vegan 600g;UNIDADES;10%;;;NORMAL;;V;C;S; 
622;622;CREMA DE AVELL/ANAC CACAO;UNIDADES;10%;;;NORMAL;;V;C;S; 
621;621;crema de cacahuete;UNIDADES;10%;;;NORMAL;;V;C;S; 
413;413;mer albar 375g;UNIDADES;10%;;;NORMAL;;V;C;S; 
415;415;mer albar 400g;UNIDADES;10%;;;NORMAL;;V;C;S; 
418;418;mer cereza;UNIDADES;10%;;;NORMAL;;V;C;S; 
417;417;mer ciruela 400g;UNIDADES;10%;;;NORMAL;;V;C;S; 
410;410;MER FRESA;UNIDADES;10%;;;NORMAL;;V;C;S; 
416;416;MER FRESA 400G;UNIDADES;10%;;;NORMAL;;V;C;S; 
419;419;MER HIGO;UNIDADES;10%;;;NORMAL;;V;C;S; 
411;411;mer melc 375g;UNIDADES;10%;;;NORMAL;;V;C;S; 
414;414;MER MELOCOTON 400G;UNIDADES;10%;;;NORMAL;;V;C;S; 
491;491;MERM ESCARAMOJO;UNIDADES;21%;;;NORMAL;;V;C;S; 
433;433;MIEL 1KG EUC;UNIDADES;10%;;;NORMAL;;V;C;S; 
432;432;MIEL 1KG TOM;UNIDADES;10%;;;NORMAL;;V;C;S; 
421;421;MIEL BERZO 500G;UNIDADES;10%;;;NORMAL;;V;C;S; 
823;823;SUPERDESAYUNO DE PLATANO;UNIDADES;10%;;;NORMAL;;V;C;S; 
824;824;SUPERDESAYUNO MACA;UNIDADES;10%;;;NORMAL;;V;C;S; 
827;827;SUPERVEGAN BANANA;UNIDADES;10%;;;NORMAL;;V;C;S; 
825;825;SUPERVEGAN CHOCO;UNIDADES;10%;;;NORMAL;;V;C;S; 

001002018 ALIMENTACION-SNACK;;;;;;;;;;;;;;;;;;;;;;
907;907;aperitivo de leg con algas;UNIDADES;10%;;;NORMAL;;V;C;S; 
516;516;butter cup alm;UNIDADES;10%;;;NORMAL;;V;C;S; 
515;515;BUTTER CUP AVELLANA;UNIDADES;10%;;;NORMAL;;V;C;S; 
358;358;chips crousty;UNIDADES;10%;;;NORMAL;;V;C;S; 
912;912;CHIPS DE GARB;UNIDADES;0%;;;NORMAL;;V;C;S; 
913;913;chips de lentejas paprika;UNIDADES;0%;;;NORMAL;;V;C;S; 
914;914;CHIPS LENT ROMERO;UNIDADES;0%;;;NORMAL;;V;C;S; 
357;357;CHIPS PAPRIKA LE PAIN;UNIDADES;10%;;;NORMAL;;V;C;S; 

ARTICULOS GENERAL;;;;;;;;;Pagina 56 ;;;;;Fecha : 03/02/2026;;;;;;;;
Codigo;Referencia;Articulo;Medida;IVA;;Seccion;Tipo;;V;C;S;F

001002018 ALIMENTACION-SNACK;;;;;;;;;;;;;;;;;;;;;;
849;849;chips pequeña;UNIDADES;10%;;;NORMAL;;V;C;S; 
773;773;ENERGY BALL  BANANA;UNIDADES;10%;;;NORMAL;;V;C;S; 
772;772;energy ball cacoa nr;UNIDADES;10%;;;NORMAL;;V;C;S; 
455;455;fiorentini sesamo;UNIDADES;10%;;;NORMAL;;V;C;S; 
871;871;palomitas;UNIDADES;10%;;;NORMAL;;V;C;S; 
728;728;REGALIZ;UNIDADES;10%;;;NORMAL;;V;C;S; 
243;243;SNACK ARROZ F;UNIDADES;10%;;;NORMAL;;V;C;S; 
868;868;snack de arroz maiz;UNIDADES;10%;;;UNIDADES;;V;C;S; 
870;870;SNACK GUISANTES VERDES;UNIDADES;10%;;;NORMAL;;V;C;S; 
869;869;snack lentejas rojas;UNIDADES;10%;;;NORMAL;;V;C;S; 
244;244;snack maiz;UNIDADES;10%;;;NORMAL;;V;C;S; 
729;729;snak arro romero;UNIDADES;10%;;;NORMAL;;V;C;S; 
730;730;SNAK KECHUP;UNIDADES;10%;;;NORMAL;;V;C;S; 
732;732;snak mais tomate;UNIDADES;10%;;;NORMAL;;V;C;S; 
731;731;snak maiz picante;UNIDADES;10%;;;NORMAL;;V;C;S; 

001002019 ALIMENTACION-GRANOS;;;;;;;;;;;;;;;;;;;;;;
260;260;AMARANTO;UNIDADES;0%;;;NORMAL;;V;C;S; 
272;272;arroz bl redondo 500g;UNIDADES;2%;;;NORMAL;;V;C;S; 
270;270;arroz largo bl 500g;UNIDADES;0%;;;NORMAL;;V;C;S; 
271;271;ARROZ LARGP INTG;UNIDADES;0%;;;NORMAL;;V;C;S; 
273;273;ARROZ REDONDO INTG 500G;UNIDADES;0%;;;NORMAL;;V;C;S; 
274;274;arroz rojo;UNIDADES;0%;;;NORMAL;;V;C;S; 
261;261;AVENA GRANO 500G;UNIDADES;0%;;;NORMAL;;V;C;S; 
268;268;basmati bl 500g;UNIDADES;0%;;;NORMAL;;V;C;S; 
269;269;BASMATI INTG 500G;UNIDADES;0%;;;NORMAL;;V;C;S; 
262;262;burgul 500g;UNIDADES;10%;;;NORMAL;;V;C;S; 
275;275;LINAZA DORADA 250G;UNIDADES;2%;;;NORMAL;;V;C;S; 
265;265;MAIZ GRANO 500G;UNIDADES;0%;;;NORMAL;;V;C;S; 
266;266;mijo grano 500g;UNIDADES;0%;;;NORMAL;;V;C;S; 
319;319;quinoa tricolor;UNIDADES;2%;;;NORMAL;;V;C;S; 
267;267;TRIGO SARRACENO 500G;UNIDADES;2%;;;NORMAL;;V;C;S; 

001002020 ALIMENTACION-SEMILLAS;;;;;;;;;;;;;;;;;;;;;;
279;279;AMAPOLA 250G;UNIDADES;0%;;;NORMAL;;V;C;S; 
281;281;CHIA 250G;UNIDADES;2%;;;NORMAL;;V;C;S; 
276;276;LINAZA MARRON 250G;UNIDADES;2%;;;NORMAL;;V;C;S; 
277;277;mezcla semillas pan 250g;UNIDADES;0%;;;NORMAL;;V;C;S; 
278;278;PIPAS GIRASOL 250G;UNIDADES;0%;;;NORMAL;;V;C;S; 
280;280;semillas calabaza 250g;UNIDADES;2%;;;NORMAL;;V;C;S; 
282;282;sesamo natural 250g;UNIDADES;0%;;;NORMAL;;V;C;S; 
284;284;sesamo negro 250g;UNIDADES;0%;;;NORMAL;;V;C;S; 
283;283;SESAMO TOSTADO 250G;UNIDADES;0%;;;NORMAL;;V;C;S; 

001002021 ALIMENTACION-HARINAS;;;;;;;;;;;;;;;;;;;;;;
286;286;HARINA ARROZ INTG S GLUTEN;UNIDADES;0%;;;NORMAL;;V;C;S; 
287;287;harina garbanzos 500g;UNIDADES;0%;;;NORMAL;;V;C;S; 
288;288;HARINA SARRACENO 500G;UNIDADES;2%;;;NORMAL;;V;C;S; 

001002022 ALIMENTACION-TES;;;;;;;;;;;;;;;;;;;;;;
493;493;CAFE ARABICA;UNIDADES;21%;;;NORMAL;;V;C;S; 
492;492;cafe gins;UNIDADES;0%;;;NORMAL;;V;C;S; 
494;494;cafe verde;UNIDADES;21%;;;NORMAL;;V;C;S; 
478;478;DIGES-T;UNIDADES;10%;;;NORMAL;;V;C;S; 
480;480;duerme-t;UNIDADES;10%;;;NORMAL;;V;C;S; 
ARTICULOS GENERAL;;;;;;;;;Pagina 57 ;;;;;Fecha : 03/02/2026;;;;;;;;
Codigo;Referencia;Articulo;Medida;IVA;;Seccion;Tipo;;V;C;S;F

001002022 ALIMENTACION-TES;;;;;;;;;;;;;;;;;;;;;;
471;471;hibisco +;UNIDADES;10%;;;NORMAL;;V;C;S; 
481;481;migra sos;UNIDADES;10%;;;NORMAL;;V;C;S; 
483;483;siluet-t;UNIDADES;10%;;;NORMAL;;V;C;S; 
477;477;te detox;UNIDADES;10%;;;NORMAL;;V;C;S; 
482;482;TE MENSTR;UNIDADES;10%;;;NORMAL;;V;C;S; 
472;472;TE VERDE F SILVESTRE;UNIDADES;10%;;;NORMAL;;V;C;S; 
526;526;TOFU;UNIDADES;10%;;;NORMAL;;V;C;S; 
407;407;TULSI CALM;UNIDADES;10%;;;NORMAL;;V;C;S; 
404;404;TULSI ENERGY;UNIDADES;10%;;;NORMAL;;V;C;S; 
402;402;TULSI FOCUS;UNIDADES;10%;;;NORMAL;;V;C;S; 
406;406;TULSI LAX;UNIDADES;10%;;;NORMAL;;V;C;S; 
403;403;TULSI LEMON GINGER;UNIDADES;10%;;;NORMAL;;V;C;S; 
408;408;TULSI SLEEP;UNIDADES;10%;;;NORMAL;;V;C;S; 
405;405;TULSI WELNESS;UNIDADES;10%;;;NORMAL;;V;C;S; 

001003 LIMPIEZA HOGAR;;;;;;;;;;;;;;;;;;;;;;
1049;1049;BICARBONATO;UNIDADES;21%;;;NORMAL;;V;C;S; 
1047;1047;DETERGENTE ECO VERO 1,5L;UNIDADES;21%;;;NORMAL;;V;C;S; 
1051;1051;ESPONJA;UNIDADES;21%;;;NORMAL;;V;C;S; 
224;224;lavavajilla ecovera camomile;UNIDADES;21%;;;NORMAL;;V;C;S; 
222;222;lavavajillas ecover l aloe;UNIDADES;21%;;;NORMAL;;V;C;S; 
223;223;lavavajillas ecover POMEL;UNIDADES;21%;;;NORMAL;;V;C;S; 
954;954;pañuelos;UNIDADES;10%;;;NORMAL;;V;C;S; 
957;957;SAL LAVAVAJILLA;UNIDADES;21%;;;NORMAL;;V;C;S; 
1048;1048;suavisante eco vero 33;UNIDADES;21%;;;NORMAL;;V;C;S; 

001004 HIGIENE PERSONAL;;;;;;;;;;;;;;;;;;;;;;
1318;1318;acodicionador te;UNIDADES;21%;;;NORMAL;;V;C;S; 
678;678;ACONDICIONADO TRATNTE;UNIDADES;21%;;;NORMAL;;V;C;S; 
625;625;acondicionador;UNIDADES;21%;;;NORMAL;;V;C;S; 
1316;1316;acondicionador aloe;UNIDADES;21%;;;NORMAL;;V;C;S; 
1485;1485;acondicionador ALOE;UNIDADES;21%;;;NORMAL;;V;C;S; 
1486;1486;Acondicionador camolmila;UNIDADES;21%;;;NORMAL;;V;C;S; 
342;342;ACONDICIONADOR COCO;UNIDADES;21%;;;NORMAL;;V;C;S; 
1484;1484;acondicionador lavanda;UNIDADES;21%;;;NORMAL;;V;C;S; 
1317;1317;ACONDICIONADOR NIÑOS;UNIDADES;21%;;;NORMAL;;V;C;S; 
677;677;acondicionador vita;UNIDADES;21%;;;NORMAL;;V;C;S; 
693;693;AGUA LIMPIADOR BEBE;UNIDADES;21%;;;NORMAL;;V;C;S; 
345;345;ARCILLA BLANCA POLVO;UNIDADES;21%;;;NORMAL;;V;C;S; 
457;457;balsamo ginseng;UNIDADES;21%;;;NORMAL;;V;C;S; 
680;680;BOLSA JABON;UNIDADES;21%;;;NORMAL;;V;C;S; 
706;706;CABEZALES PARA CP ELC;UNIDADES;21%;;;NORMAL;;V;C;S; 
462;462;CAMOMILA CHAMPU;UNIDADES;21%;;;NORMAL;;V;C;S; 
705;705;CEPILLO ADULTO;UNIDADES;21%;;;NORMAL;;V;C;S; 
704;704;CEPILLO ADULTO P2;UNIDADES;21%;;;NORMAL;;V;C;S; 
698;698;CEPILLO bebe;UNIDADES;21%;;;NORMAL;;V;C;S; 
699;699;CEPILLO NIÑO;UNIDADES;21%;;;NORMAL;;V;C;S; 
696;696;cepillo niño bambu;UNIDADES;21%;;;NORMAL;;V;C;S; 
650;650;cepillo pie & pomez;UNIDADES;21%;;;NORMAL;;V;C;S; 
1273;1273;CREMA PAÑALES;UNIDADES;21%;;;NORMAL;;V;C;S; 
628;628;champu 2*1;UNIDADES;21%;;;NORMAL;;V;C;S; 
460;460;CHAMPU ALOE;UNIDADES;21%;;;NORMAL;;V;C;S; 
676;676;champu cabello bl gris;UNIDADES;21%;;;NORMAL;;V;C;S; 

ARTICULOS GENERAL;;;;;;;;;Pagina 58 ;;;;;Fecha : 03/02/2026;;;;;;;;
Codigo;Referencia;Articulo;Medida;IVA;;Seccion;Tipo;;V;C;S;F

001004 HIGIENE PERSONAL;;;;;;;;;;;;;;;;;;;;;;
1046;1046;CHAMPU CALENDULA;UNIDADES;21%;;;NORMAL;;V;C;S; 
354;354;champu coco 250ml;UNIDADES;21%;;;NORMAL;;V;C;S; 
341;341;champu ortiga 500ml;UNIDADES;21%;;;NORMAL;;V;C;S; 
1042;1042;CHAMPU RASUL;UNIDADES;21%;;;NORMAL;;V;C;S; 
461;461;champu reforzante;UNIDADES;21%;;;NORMAL;;V;C;S; 
340;340;CHAMPU ROMERO;UNIDADES;21%;;;NORMAL;;V;C;S; 
339;;champu te 500ml;UNIDADES;21%;;;NORMAL;;V;C;S; 
710;710;DENT  PASTILLA;UNIDADES;21%;;;NORMAL;;V;C;S; 
594;594;dent espirulina;UNIDADES;21%;;;NORMAL;;V;C;S; 
336;336;DENT EUCALIPTUS;UNIDADES;21%;;;NORMAL;;V;C;S; 
670;670;DENT FRESCOR SUAVE;UNIDADES;21%;;;NORMAL;;V;C;S; 
335;335;dent menta te;UNIDADES;21%;;;NORMAL;;V;C;S; 
466;466;DEO CITRUS;UNIDADES;21%;;;NORMAL;;V;C;S; 
465;465;deo crystal;UNIDADES;21%;;;NORMAL;;V;C;S; 
467;467;deo men;UNIDADES;21%;;;NORMAL;;V;C;S; 
468;468;DEO SALVIA;UNIDADES;21%;;;NORMAL;;V;C;S; 
469;469;deo tomillo;UNIDADES;21%;;;NORMAL;;V;C;S; 
599;599;DESOD FRECH;UNIDADES;21%;;;NORMAL;;V;C;S; 
601;601;desod sens;UNIDADES;21%;;;NORMAL;;V;C;S; 
600;600;DESOD SENS 24H;UNIDADES;21%;;;NORMAL;;V;C;S; 
602;602;desod spray;UNIDADES;21%;;;NORMAL;;V;C;S; 
347;347;DESODORANTE COCO;UNIDADES;21%;;;NORMAL;;V;C;S; 
337;337;enjuague bocal;UNIDADES;21%;;;NORMAL;;V;C;S; 
675;675;espuma intima;UNIDADES;21%;;;NORMAL;;V;C;S; 
648;648;EXFOLIANTE;UNIDADES;21%;;;NORMAL;;V;C;S; 
1160;1160;gel aloe;UNIDADES;21%;;;NORMAL;;V;C;S; 
351;351;GEL BAÑO 500ML;UNIDADES;21%;;;NORMAL;;V;C;S; 
694;694;gel de baño bebe;UNIDADES;21%;;;NORMAL;;V;C;S; 
627;627;GEL DEFINIDOR RIZOS;UNIDADES;21%;;;NORMAL;;V;C;S; 
1274;1274;gel ducha bebe;UNIDADES;21%;;;NORMAL;;V;C;S; 
1271;1271;gel ducha karite;UNIDADES;21%;;;NORMAL;;V;C;S; 
592;592;GEL DUCHA VAINILLA;UNIDADES;21%;;;NORMAL;;V;C;S; 
338;338;GEL INTIMO;UNIDADES;21%;;;NORMAL;;V;C;S; 
708;708;HILO D CARBON;UNIDADES;21%;;;NORMAL;;V;C;S; 
709;709;hilo d dolbe;UNIDADES;21%;;;NORMAL;;V;C;S; 
707;707;hilo d menta;UNIDADES;21%;;;NORMAL;;V;C;S; 
683;683;jabon oliva 300g;UNIDADES;21%;;;NORMAL;;V;C;S; 
1601;1601;JABON PROPOLEO;UNIDADES;21%;;;NORMAL;;V;C;S; 
473;473;locion antipiojos;UNIDADES;21%;;;NORMAL;;V;C;S; 
1598;1598;locion tonica;UNIDADES;21%;;;NORMAL;;V;C;S; 
593;593;locion vainilla;UNIDADES;21%;;;NORMAL;;V;C;S; 
463;463;lupulo champo;UNIDADES;21%;;;NORMAL;;V;C;S; 
649;649;manopla ovalada;UNIDADES;21%;;;NORMAL;;V;C;S; 
464;464;ORTIGA CHAMPO;UNIDADES;21%;;;NORMAL;;V;C;S; 
667;667;pack pelo;UNIDADES;21%;;;NORMAL;;V;C;S; 
1061;1061;PAPEL DE COCINA;UNIDADES;10%;;;NORMAL;;V;C;S; 
1060;1060;papel higienico;UNIDADES;21%;;;NORMAL;;V;C;S; 
711;711;pastilla leche burra;UNIDADES;21%;;;NORMAL;;V;C;S; 
651;651;PIEDRA POMEZ;UNIDADES;21%;;;NORMAL;;V;C;S; 
1064;1064;salva slips bolsillo 24;UNIDADES;21%;;;NORMAL;;V;C;S; 
1063;1063;SALVA SLIPS MAXI 20;UNIDADES;21%;;;NORMAL;;V;C;S; 

ARTICULOS GENERAL;;;;;;;;;Pagina 59 ;;;;;Fecha : 03/02/2026;;;;;;;;
Codigo;Referencia;Articulo;Medida;IVA;;Seccion;Tipo;;V;C;S;F

001004 HIGIENE PERSONAL;;;;;;;;;;;;;;;;;;;;;;
1062;1062;salvaslipsultrafino 24;UNIDADES;21%;;;NORMAL;;V;C;S; 
721;721;servilletas;UNIDADES;21%;;;NORMAL;;V;C;S; 
598;598;SET VIAJE;UNIDADES;21%;;;NORMAL;;V;C;S; 
343;343;spray coco;UNIDADES;21%;;;NORMAL;;V;C;S; 
626;626;SPRAY DESNREDANTE;UNIDADES;21%;;;NORMAL;;V;C;S; 
344;344;spray romero;UNIDADES;21%;;;NORMAL;;V;C;S; 
476;476;SPRAY SOLAR;UNIDADES;21%;;;NORMAL;;V;C;S; 
475;475;spray solar niño;UNIDADES;21%;;;NORMAL;;V;C;S; 
474;474;SPRAY TE TREE;UNIDADES;21%;;;NORMAL;;V;C;S; 

001005 COSMETICA;;;;;;;;;;;;;;;;;;;;;;
657;657; balsamo labial 1;UNIDADES;21%;;;NORMAL;;V;C;S; 
1258;1258;ACEITE DE BAOBAB 100ML;UNIDADES;0%;;;NORMAL;;V;C;S; 
1259;1259;ACEITE DE BAOBAB 50ML;UNIDADES;0%;;;NORMAL;;V;C;S; 
1257;1257;ACEITE DE CARA 50ML;UNIDADES;0%;;;NORMAL;;V;C;S; 
1660;1660;aceite de comino negro;UNIDADES;0%;;;NORMAL;;V;C;S; 
1260;1260;ACEITE DE HIGO CHUMBO;UNIDADES;0%;;;NORMAL;;V;C;S; 
1264;1264;ACEITE DE MARULA 100ml;UNIDADES;0%;;;NORMAL;;V;C;S; 
1263;1263;ACEITE DE MARULA 50ML;UNIDADES;0%;;;NORMAL;;V;C;S; 
1262;1262;ACEITE DE RECINO 100ml;UNIDADES;0%;;;NORMAL;;V;C;S; 
1261;1261;ACEITE DE RECINO 50ML;UNIDADES;0%;;;NORMAL;;V;C;S; 
712;712;ACEITE FACIAL ELIXIR;UNIDADES;21%;;;NORMAL;;V;C;S; 
664;664;ACEITE LABIAL;UNIDADES;21%;;;NORMAL;;V;C;S; 
695;695;AGUA PERFUMADA;UNIDADES;21%;;;NORMAL;;V;C;S; 
918;918;ANTI MOSQUITOS;UNIDADES;21%;;;NORMAL;;V;C;S; 
647;647;antifaz relajante;UNIDADES;21%;;;NORMAL;;V;C;S; 
512;512;ARGAN CBD;UNIDADES;21%;;;NORMAL;;V;C;S; 
658;658;balsamo labial 2;UNIDADES;21%;;;NORMAL;;V;C;S; 
659;659;balsamo labial 3;UNIDADES;21%;;;NORMAL;;V;C;S; 
660;660;balsamo labial 4;UNIDADES;21%;;;NORMAL;;V;C;S; 
674;674;BALSAMO LABIAL KARITE;UNIDADES;21%;;;NORMAL;;V;C;S; 
458;458;BALSAMO SOLAR BEBE;UNIDADES;21%;;;NORMAL;;V;C;S; 
514;514;CASTOR CBD;UNIDADES;21%;;;NORMAL;;V;C;S; 
701;701;CEPILLO ADULTO;UNIDADES;21%;;;NORMAL;;V;C;S; 
681;681;cepillo masajeador;UNIDADES;21%;;;NORMAL;;V;C;S; 
1280;1280;clean yuzu gel;UNIDADES;21%;;;NORMAL;;V;C;S; 
919;919;colonia natural;UNIDADES;21%;;;NORMAL;;V;C;S; 
692;692;contorno anti age;UNIDADES;21%;;;NORMAL;;V;C;S; 
597;597;contorno ojos;UNIDADES;21%;;;NORMAL;;V;C;S; 
916;916;CREMA ANTI VERUGAS;UNIDADES;21%;;;NORMAL;;V;C;S; 
686;686;CREMA DE MANOS;UNIDADES;21%;;;NORMAL;;V;C;S; 
690;690;crema dia  anti age;UNIDADES;21%;;;NORMAL;;V;C;S; 
459;459;crema solar cara;UNIDADES;21%;;;NORMAL;;V;C;S; 
671;671;dent blanqueador;UNIDADES;21%;;;NORMAL;;V;C;S; 
669;669;dent encia sana;UNIDADES;21%;;;NORMAL;;V;C;S; 
672;672;DENT NIÑO FR;UNIDADES;21%;;;NORMAL;;V;C;S; 
673;673;dent pl;UNIDADES;21%;;;NORMAL;;V;C;S; 
346;346;desodorante rosas;UNIDADES;21%;;;NORMAL;;V;C;S; 
679;679;disco alg;UNIDADES;21%;;;NORMAL;;V;C;S; 
632;632;ESMALTE;UNIDADES;21%;;;NORMAL;;V;C;S; 
682;682;ESPONJA KONJAK;UNIDADES;21%;;;NORMAL;;V;C;S; 
655;655;fluido;UNIDADES;21%;;;NORMAL;;V;C;S; 

ARTICULOS GENERAL;;;;;;;;;Pagina 60 ;;;;;Fecha : 03/02/2026;;;;;;;;
Codigo;Referencia;Articulo;Medida;IVA;;Seccion;Tipo;;V;C;S;F

001005 COSMETICA;;;;;;;;;;;;;;;;;;;;;;
595;595;fluido facial vit c;UNIDADES;21%;;;NORMAL;;V;C;S; 
691;691;GEL DE NOCHE ANTI AGE;UNIDADES;21%;;;NORMAL;;V;C;S; 
688;688;GEL EXFOLIANTE;UNIDADES;21%;;;NORMAL;;V;C;S; 
687;687;gel limpiador;UNIDADES;21%;;;NORMAL;;V;C;S; 
656;656;GEL SOS;UNIDADES;21%;;;NORMAL;;V;C;S; 
511;511;JOJOBA CBD;UNIDADES;21%;;;NORMAL;;V;C;S; 
917;917;LIMPIADOR FACIAL;UNIDADES;21%;;;NORMAL;;V;C;S; 
713;713;locion c revitalizante;UNIDADES;21%;;;NORMAL;;V;C;S; 
348;348;locion coco;UNIDADES;21%;;;NORMAL;;V;C;S; 
1270;1270;LOCION ROSA;UNIDADES;21%;;;NORMAL;;V;C;S; 
685;685;manteca corporal;UNIDADES;21%;;;NORMAL;;V;C;S; 
684;684;MANTECA CORPORAL;UNIDADES;21%;;;NORMAL;;V;C;S; 
1278;1278;mascar vegan;UNIDADES;21%;;;NORMAL;;V;C;S; 
1277;1277;MASCARA EXTENSION;UNIDADES;21%;;;NORMAL;;V;C;S; 
1276;1276;mascara sensitive;UNIDADES;21%;;;NORMAL;;V;C;S; 
1275;1275;MASCARA VOLUME FRESH;UNIDADES;21%;;;NORMAL;;V;C;S; 
1272;1272;MASCARILLA CARBON;UNIDADES;21%;;;NORMAL;;V;C;S; 
375;375;PACK LAVANDA;UNIDADES;21%;;;NORMAL;;V;C;S; 
377;377;PACK LEMONGRASS;UNIDADES;21%;;;NORMAL;;V;C;S; 
376;376;pack rosa;UNIDADES;21%;;;NORMAL;;V;C;S; 
752;752;pañuelos faciales;UNIDADES;21%;;;NORMAL;;V;C;S; 
665;665;perfilador labial;UNIDADES;21%;;;NORMAL;;V;C;S; 
666;666;PERFILADOR LABIAL;UNIDADES;21%;;;NORMAL;;V;C;S; 
662;662;PINTA LABIOS 1;UNIDADES;21%;;;NORMAL;;V;C;S; 
661;661;pinta labios 2;UNIDADES;21%;;;NORMAL;;V;C;S; 
668;668;QUITAESMALTE;UNIDADES;21%;;;NORMAL;;V;C;S; 
652;652;rodillo;UNIDADES;21%;;;NORMAL;;V;C;S; 
513;513;ROSA MOS;UNIDADES;21%;;;NORMAL;;V;C;S; 
596;596;SERUM FACIAL VIT C;UNIDADES;21%;;;NORMAL;;V;C;S; 
1279;1279;SERUM PESTAÑAS;UNIDADES;21%;;;NORMAL;;V;C;S; 
654;654;tonico  facil;UNIDADES;21%;;;NORMAL;;V;C;S; 
663;663;voluminizador;UNIDADES;21%;;;NORMAL;;V;C;S; 

001006 REFRIGERADOS;;;;;;;;;;;;;;;;;;;;;;
531;531; YOGUR GRIEGO CIT 400G;UNIDADES;4%;;;NORMAL;;V;C;S; 
529;529; YOGUR GRIEGO N 400G;UNIDADES;4%;;;NORMAL;;V;C;S; 
530;530; YOGUR GRIEGO VAN 400G;UNIDADES;4%;;;NORMAL;;V;C;S; 
2852;2852;ABBOT GREEK NATURAL;UNIDADES;10%;;;NORMAL;;V;C;S; 
1152;1152;kefir de oveja;UNIDADES;4%;;;NORMAL;;V;C;S; 
1151;1151;KEFIR GRIEGO CABRA;UNIDADES;4%;;;NORMAL;;V;C;S; 
1153;1153;KEFIR UP FRESA;UNIDADES;4%;;;NORMAL;;V;C;S; 
1155;1155;KEFIR UP LIMON;UNIDADES;4%;;;NORMAL;;V;C;S; 
1154;1154;kefir up natural;UNIDADES;4%;;;NORMAL;;V;C;S; 
1158;1158;leche de cabra 1l;UNIDADES;0%;;;NORMAL;;V;C;S; 
532;532;queso 600g;UNIDADES;10%;;;NORMAL;;V;C;S; 
1159;1159;QUESO DE BURGOS;UNIDADES;2%;;;NORMAL;;V;C;S; 
1224;1224;queso de oveja nube;UNIDADES;0%;;;NORMAL;;V;C;S; 
979;979;SEITAN;UNIDADES;10%;;;NORMAL;;V;C;S; 
978;978;TEMPEH;UNIDADES;10%;;;NORMAL;;V;C;S; 
527;527;TOFU;UNIDADES;10%;;;NORMAL;;V;C;S; 
733;733;VEGUP BIO ARN;UNIDADES;10%;;;NORMAL;;V;C;S; 
734;734;VEGUP BIO COCO;UNIDADES;10%;;;NORMAL;;V;C;S; 

ARTICULOS GENERAL;;;;;;;;;Pagina 61 ;;;;;Fecha : 03/02/2026;;;;;;;;
Codigo;Referencia;Articulo;Medida;IVA;;Seccion;Tipo;;V;C;S;F

001006 REFRIGERADOS;;;;;;;;;;;;;;;;;;;;;;
735;735;VEGUP BIO MANGO;UNIDADES;10%;;;NORMAL;;V;C;S; 
528;528;YOGUR 250g;UNIDADES;10%;;;NORMAL;;V;C;S; 
1157;1157;YOGUR CABRA;UNIDADES;10%;;;NORMAL;;V;C;S; 
736;736;YOGUR CABRA BIFIDUS BIO;UNIDADES;10%;;;NORMAL;;V;C;S; 
737;737;YOGUR CABRA BIO;UNIDADES;10%;;;NORMAL;;V;C;S; 
739;739;yogur coco natural;UNIDADES;10%;;;NORMAL;;V;C;S; 
1162;1162;yogur de cabra coco;UNIDADES;4%;;;NORMAL;;V;C;S; 
1156;1156;yogur de oveja;UNIDADES;10%;;;NORMAL;;V;C;S; 
1161;1161;YOGUR MANGO P2;UNIDADES;4%;;;NORMAL;;V;C;S; 
740;740;YOGUR SOJA ALBARICOQUE;UNIDADES;10%;;;NORMAL;;V;C;S; 
741;741;yogur soja choco p4;UNIDADES;10%;;;NORMAL;;V;C;S; 
742;742;YOGUR SOJA FR;UNIDADES;10%;;;NORMAL;;V;C;S; 
743;743;YOGUR SOJA VAINILLA;UNIDADES;10%;;;NORMAL;;V;C;S; 

001007 DEPORTE;;;;;;;;;;;;;;;;;;;;;;
565;565;;UNIDADES;10%;;;NORMAL;;V;C;S; 
1180;1180;11FIT CEREZA COLA;UNIDADES;10%;;;NORMAL;;V;C;S; 
1176;1176;11FIT MANGO;UNIDADES;10%;;;NORMAL;;V;C;S; 
1177;1177;11fit piña;UNIDADES;10%;;;NORMAL;;V;C;S; 
1178;1178;11FIT PLATANO FRESA;UNIDADES;10%;;;NORMAL;;V;C;S; 
1175;1175;11fit tropical;UNIDADES;10%;;;NORMAL;;V;C;S; 
1219;1219;AMILOPECTINA;UNIDADES;10%;;;NORMAL;;V;C;S; 
1250;1250;amino arginina;UNIDADES;10%;;;NORMAL;;V;C;S; 
1249;1249;amino arginina COLA;UNIDADES;10%;;;NORMAL;;V;C;S; 
1248;1248;amino arginina mango;UNIDADES;10%;;;NORMAL;;V;C;S; 
1253;1253;APETISTOP;UNIDADES;10%;;;NORMAL;;V;C;S; 
1066;1066;ARTICULO 1066;UNIDADES;10%;;;NORMAL;;V;C;S; 
1181;1181;ARTILIFE PRO;UNIDADES;10%;;;NORMAL;;V;C;S; 
807;807;AVENA COOKIES;UNIDADES;10%;;;NORMAL;;V;C;S; 
806;806;AVENA CHOCO NUTS;UNIDADES;10%;;;NORMAL;;V;C;S; 
560;560;B&G KOJAC;UNIDADES;10%;;;NORMAL;;V;C;S; 
558;558;B&G SANDIA;UNIDADES;10%;;;NORMAL;;V;C;S; 
1004;1004;BAGELS;UNIDADES;10%;;;NORMAL;;V;C;S; 
1349;1349;bbq italian;UNIDADES;10%;;;NORMAL;;V;C;S; 
1366;1366;bedtime hot choco;UNIDADES;10%;;;NORMAL;;V;C;S; 
786;786;BOLERO BANANA;UNIDADES;10%;;;NORMAL;;V;C;S; 
783;783;bolero berry;UNIDADES;10%;;;NORMAL;;V;C;S; 
1170;1170;BOLERO BLUEBERRY;UNIDADES;10%;;;NORMAL;;V;C;S; 
1171;1171;bolero cereza;UNIDADES;10%;;;NORMAL;;V;C;S; 
1172;1172;BOLERO GUANABANA;UNIDADES;10%;;;NORMAL;;V;C;S; 
1173;1173;bolero ice te maracuya;UNIDADES;10%;;;NORMAL;;V;C;S; 
784;784;BOLERO MELC;UNIDADES;10%;;;NORMAL;;V;C;S; 
768;768;bolero pack 6;UNIDADES;10%;;;NORMAL;;V;C;S; 
785;785;bolero papaya;UNIDADES;10%;;;NORMAL;;V;C;S; 
787;787;bolero piña;UNIDADES;10%;;;NORMAL;;V;C;S; 
1618;1618;BOTELLA AZUL;UNIDADES;21%;;;NORMAL;;V;C;S; 
1616;1616;BOTELLA GRIS;UNIDADES;21%;;;NORMAL;;V;C;S; 
1615;1615;BOTELLA LILA;UNIDADES;21%;;;NORMAL;;V;C;S; 
1617;1617;BOTELLA NARANJA;UNIDADES;21%;;;NORMAL;;V;C;S; 
1613;1613;BOTELLA ROSA;UNIDADES;21%;;;NORMAL;;V;C;S; 
1290;1290;BURGER PRO;UNIDADES;10%;;;NORMAL;;V;C;S; 
801;801;burner;UNIDADES;10%;;;NORMAL;;V;C;S; 

ARTICULOS GENERAL;;;;;;;;;Pagina 62 ;;;;;Fecha : 03/02/2026;;;;;;;;
Codigo;Referencia;Articulo;Medida;IVA;;Seccion;Tipo;;V;C;S;F

001007 DEPORTE;;;;;;;;;;;;;;;;;;;;;;
1075;1075;CARNIBOOM;UNIDADES;10%;;;NORMAL;;V;C;S; 
1348;1348;CESAR;UNIDADES;10%;;;NORMAL;;V;C;S; 
536;536;CFM ISO ZERO choco negro  1KG;UNIDADES;10%;;;NORMAL;;V;C;S; 
535;535;CFM ISO ZERO LECHE CANELA1KG;UNIDADES;10%;;;NORMAL;;V;C;S; 
537;537;CFM ISO ZERO MOWGLY WHITE1KG;UNIDADES;10%;;;NORMAL;;V;C;S; 
1247;1247;CFM MEGATROCITOS;UNIDADES;10%;;;NORMAL;;V;C;S; 
589;589;cfm monodosis;UNIDADES;10%;;;NORMAL;;V;C;S; 
1365;1365;citrulina;UNIDADES;10%;;;NORMAL;;V;C;S; 
1282;1282;CITRULINA FRUIT;UNIDADES;10%;;;NORMAL;;V;C;S; 
1281;1281;CITRULINA GREEN;UNIDADES;10%;;;NORMAL;;V;C;S; 
1376;1376;CLEAR  PIÑA;UNIDADES;10%;;;NORMAL;;V;C;S; 
1379;1379;CLEAR CEREZA;UNIDADES;10%;;;NORMAL;;V;C;S; 
1375;1375;CLEAR LIMON;UNIDADES;10%;;;NORMAL;;V;C;S; 
1377;1377;CLEAR MELOCOTON;UNIDADES;10%;;;NORMAL;;V;C;S; 
1378;1378;CLEAR nuetro;UNIDADES;10%;;;NORMAL;;V;C;S; 
1283;1283;CLEAR PROTEIN WATER MELC500ML;UNIDADES;10%;;;NORMAL;;V;C;S; 
556;556;CLEAR PROTIEN kojac sandia750G;UNIDADES;10%;;;NORMAL;;V;C;S; 
1127;1127;cmf natillas;UNIDADES;10%;;;NORMAL;;V;C;S; 
1220;1220;CREABIG;UNIDADES;10%;;;NORMAL;;V;C;S; 
559;559;CREABIG KOJAC;UNIDADES;10%;;;NORMAL;;V;C;S; 
1068;1068;CREABIG KOJAC COLA;UNIDADES;10%;;;NORMAL;;V;C;S; 
561;561;CREABIG PIRULETA;UNIDADES;10%;;;NORMAL;;V;C;S; 
1065;1065;creabig smint limon;UNIDADES;10%;;;NORMAL;;V;C;S; 
1067;1067;creabig ultra pure;UNIDADES;10%;;;NORMAL;;V;C;S; 
1011;1011;CREAM SPECULOOS;UNIDADES;10%;;;NORMAL;;V;C;S; 
1012;1012;CREAM SPECULOOS CACAO;UNIDADES;10%;;;NORMAL;;V;C;S; 
1384;1384;CREAPURE 500G LOLIPOP;UNIDADES;10%;;;NORMAL;;V;C;S; 
1382;1382;CREAPURE COLA;UNIDADES;10%;;;NORMAL;;V;C;S; 
1383;1383;creapure lolipop 200 mesh;UNIDADES;10%;;;NORMAL;;V;C;S; 
1381;1381;creapure naranja 500g;UNIDADES;10%;;;NORMAL;;V;C;S; 
1385;1385;creatina 220 MESH;UNIDADES;10%;;;NORMAL;;V;C;S; 
1380;1380;CREATINA CREAPURE 500G;UNIDADES;10%;;;NORMAL;;V;C;S; 
795;795;creatina monohyd;UNIDADES;10%;;;NORMAL;;V;C;S; 
817;817;CREMA NUTPRO;UNIDADES;10%;;;NORMAL;;V;C;S; 
1010;1010;CREMA NUTPRO DUO;UNIDADES;10%;;;NORMAL;;V;C;S; 
816;816;crema speculoos;UNIDADES;10%;;;NORMAL;;V;C;S; 
1003;1003;CYCLO ENERGY GEL lim;UNIDADES;10%;;;NORMAL;;V;C;S; 
811;811;CHIOS PROTEIN;UNIDADES;10%;;;NORMAL;;V;C;S; 
814;814;chips protein;UNIDADES;10%;;;NORMAL;;V;C;S; 
815;815;CHIPS PROTEIN;UNIDADES;10%;;;NORMAL;;V;C;S; 
1620;1620;DETOX SALT;UNIDADES;21%;;;NORMAL;;V;C;S; 
1344;1344;dulce de leche;UNIDADES;10%;;;NORMAL;;V;C;S; 
796;796;ELEKTRO ACID APPLE;UNIDADES;10%;;;NORMAL;;V;C;S; 
1183;1183;ELEKTRO bubble cola;UNIDADES;10%;;;NORMAL;;V;C;S; 
799;799;ELEKTRO CANDY;UNIDADES;10%;;;NORMAL;;V;C;S; 
1185;1185;ELEKTRO FRUIT;UNIDADES;10%;;;NORMAL;;V;C;S; 
800;800;ELEKTRO SANDIA;UNIDADES;10%;;;NORMAL;;V;C;S; 
1184;1184;elektro ultra energy;UNIDADES;10%;;;NORMAL;;V;C;S; 
798;798;ELEKTRO ultra energy;UNIDADES;10%;;;NORMAL;;V;C;S; 
797;797;ELEKTRO ULTRA GREEN;UNIDADES;10%;;;NORMAL;;V;C;S; 
790;790;ELEVEN EXOTIC;UNIDADES;10%;;;NORMAL;;V;C;S; 

ARTICULOS GENERAL;;;;;;;;;Pagina 63 ;;;;;Fecha : 03/02/2026;;;;;;;;
Codigo;Referencia;Articulo;Medida;IVA;;Seccion;Tipo;;V;C;S;F

001007 DEPORTE;;;;;;;;;;;;;;;;;;;;;;
1179;1179;eleven fit papaya;UNIDADES;10%;;;NORMAL;;V;C;S; 
788;788;ELEVEN KIT-MIX;UNIDADES;10%;;;NORMAL;;V;C;S; 
792;792;ELEVEN PIÑA COLADA;UNIDADES;10%;;;NORMAL;;V;C;S; 
1001;1001;energy gel limon c;UNIDADES;10%;;;NORMAL;;V;C;S; 
1000;1000;ENERGY GEL tropical c;UNIDADES;10%;;;NORMAL;;V;C;S; 
1126;1126;ENERGY MIX 1KG;UNIDADES;10%;;;NORMAL;;V;C;S; 
1319;1319;ESPAGUETES DE TOMATE;UNIDADES;10%;;;NORMAL;;V;C;S; 
1217;1217;EVONATIVE CASEIN;UNIDADES;10%;;;NORMAL;;V;C;S; 
1362;1362;evowhey vanilla;UNIDADES;10%;;;NORMAL;;V;C;S; 
1335;1335;fetucine;UNIDADES;10%;;;NORMAL;;V;C;S; 
804;804;fit food cookeis choco dips 1,6KG;UNIDADES;10%;;;NORMAL;;V;C;S; 
803;803;FIT FOOD CHOCO MONKEY 1,6KG;UNIDADES;10%;;;NORMAL;;V;C;S; 
808;808;FIT FOOD CHOCO nuetra 1,6KG;UNIDADES;10%;;;NORMAL;;V;C;S; 
582;582;FLAPMAX COOKIE;UNIDADES;10%;;;NORMAL;;V;C;S; 
581;581;FLAPMAX CHOCO;UNIDADES;10%;;;NORMAL;;V;C;S; 
1133;1133;FOCUS LOLLIPOP;UNIDADES;10%;;;NORMAL;;V;C;S; 
1134;1134;FOCUS SANDIA;UNIDADES;10%;;;NORMAL;;V;C;S; 
1556;1556;GLUTA BIG 500G;UNIDADES;10%;;;NORMAL;;V;C;S; 
570;570;GOOD MONRNING CHOCO CREAM;UNIDADES;10%;;;NORMAL;;V;C;S; 
567;567;GOOD MORNING BROWNIE;UNIDADES;10%;;;NORMAL;;V;C;S; 
568;568;GOOD MORNING DONUT;UNIDADES;10%;;;NORMAL;;V;C;S; 
569;569;GOOD MORNING DONUTS;UNIDADES;10%;;;NORMAL;;V;C;S; 
571;571;GOOD MORNING NUTCHOC;UNIDADES;10%;;;NORMAL;;V;C;S; 
1374;1374;guantes;UNIDADES;21%;;;NORMAL;;V;C;S; 
1211;1211;HYDROLISADE CLEAR 1KG;UNIDADES;10%;;;NORMAL;;V;C;S; 
1007;1007;ICE DREAM COKIES;UNIDADES;10%;;;NORMAL;;V;C;S; 
1005;1005;ICE DREAM PEANUT BUTTER;UNIDADES;10%;;;NORMAL;;V;C;S; 
1006;1006;ICE DREAM VAINILLA;UNIDADES;10%;;;NORMAL;;V;C;S; 
1008;1008;INSTANT OAT BROWNIE;UNIDADES;10%;;;NORMAL;;V;C;S; 
1009;1009;INSTANT OAT COOKIES;UNIDADES;10%;;;NORMAL;;V;C;S; 
577;577;KETCHUP;UNIDADES;10%;;;NORMAL;;V;C;S; 
1291;1291;KIT CRUNCHY;UNIDADES;10%;;;NORMAL;;V;C;S; 
1255;1255;LIPO GUT;UNIDADES;10%;;;NORMAL;;V;C;S; 
579;579;MAX COOKIES D CH;UNIDADES;10%;;;NORMAL;;V;C;S; 
580;580;MAX COOLEIS W CH;UNIDADES;10%;;;NORMAL;;V;C;S; 
545;545;MICELL AR CASEIN CACAOLAT1KG;UNIDADES;10%;;;NORMAL;;V;C;S; 
544;544;MICELL AR CASEIN  CONGUITOSW1KG;UNIDADES;10%;;;NORMAL;;V;C;S; 
543;543;MICELL AR CASEIN CONGUITOS D1KG;UNIDADES;10%;;;NORMAL;;V;C;S; 
541;541;MICELL AR CASEIN MOWGLYCHOCO d 1KG;UNIDADES;10%;;;NORMAL;;V;C;S; 
542;542;MICELL AR CASEIN MOWGLYCHOCO w 1KG;UNIDADES;10%;;;NORMAL;;V;C;S; 
587;587;MICELLAR C monodosis;UNIDADES;10%;;;NORMAL;;V;C;S; 
1351;1351;micellar conguitos bl;UNIDADES;10%;;;NORMAL;;V;C;S; 
1350;1350;MICELLAR STRACCIATELLA;UNIDADES;10%;;;NORMAL;;V;C;S; 
770;770;moon citrus;UNIDADES;21%;;;NORMAL;;V;C;S; 
769;769;MOON TROPICAL;UNIDADES;21%;;;NORMAL;;V;C;S; 
1013;1013;muesli;UNIDADES;10%;;;NORMAL;;V;C;S; 
1288;1288;NAC LIFEPRO;UNIDADES;10%;;;NORMAL;;V;C;S; 
562;562;NITROSPEED LOLLIPOP;UNIDADES;10%;;;NORMAL;;V;C;S; 
1342;1342;NOCCO FRESA;UNIDADES;21%;;;NORMAL;;V;C;S; 
1343;1343;nocco limon;UNIDADES;21%;;;NORMAL;;V;C;S; 
1334;1334;NOODLES;UNIDADES;10%;;;NORMAL;;V;C;S; 

ARTICULOS GENERAL;;;;;;;;;Pagina 64 ;;;;;Fecha : 03/02/2026;;;;;;;;
Codigo;Referencia;Articulo;Medida;IVA;;Seccion;Tipo;;V;C;S;F

001007 DEPORTE;;;;;;;;;;;;;;;;;;;;;;
591;591;only w monodosis;UNIDADES;10%;;;NORMAL;;V;C;S; 
590;590;ONLY W monodosis;UNIDADES;10%;;;NORMAL;;V;C;S; 
550;550;ONLY WHEY CHOCO BELG 1KG;UNIDADES;10%;;;NORMAL;;V;C;S; 
547;547;ONLY WHEY MOWGLY D 1KG;UNIDADES;10%;;;NORMAL;;V;C;S; 
548;548;ONLY WHEY MOWGLY W 1KG;UNIDADES;10%;;;NORMAL;;V;C;S; 
1289;1289;P-SYNEPHRINE;UNIDADES;10%;;;NORMAL;;V;C;S; 
1254;1254;paek big;UNIDADES;10%;;;NORMAL;;V;C;S; 
820;820;pan proteico;UNIDADES;10%;;;NORMAL;;V;C;S; 
809;809;PANCAKE;UNIDADES;10%;;;NORMAL;;V;C;S; 
1251;1251;PRE CADIO;UNIDADES;10%;;;NORMAL;;V;C;S; 
1218;1218;pro leche sin sabor;UNIDADES;10%;;;NORMAL;;V;C;S; 
1341;1341;procao protein 1kg;UNIDADES;10%;;;NORMAL;;V;C;S; 
564;564;PROTEIN BAR CONGUITOS;UNIDADES;10%;;;NORMAL;;V;C;S; 
1074;1074;protein keto;UNIDADES;10%;;;NORMAL;;V;C;S; 
1364;1364;PROTEINA DE ARROZ;UNIDADES;10%;;;NORMAL;;V;C;S; 
1187;1187;PURE WAXY;UNIDADES;10%;;;NORMAL;;V;C;S; 
563;563;QUEMADOR DE GRASA;UNIDADES;10%;;;NORMAL;;V;C;S; 
1286;1286;RECOVERY PRO CHOCO;UNIDADES;10%;;;NORMAL;;V;C;S; 
1287;1287;RECOVERY PRO chocomonkey;UNIDADES;10%;;;NORMAL;;V;C;S; 
1285;1285;RECOVERY PRO vainilla;UNIDADES;10%;;;NORMAL;;V;C;S; 
802;802;rice chips;UNIDADES;10%;;;NORMAL;;V;C;S; 
1077;1077;SALSA CHINGONA;UNIDADES;10%;;;NORMAL;;V;C;S; 
1347;1347;salsa choco monky bl;UNIDADES;10%;;;NORMAL;;V;C;S; 
573;573;SALSA KENTUCKY;UNIDADES;10%;;;NORMAL;;V;C;S; 
574;574;SALSA PANCAKE;UNIDADES;10%;;;NORMAL;;V;C;S; 
1076;1076;salsa pedeja;UNIDADES;10%;;;NORMAL;;V;C;S; 
576;576;SALSA TIJUANA;UNIDADES;10%;;;NORMAL;;V;C;S; 
1346;1346;salsas chocomonky n;UNIDADES;10%;;;NORMAL;;V;C;S; 
1079;1079;SAZONADOR CHEDAR JALAPEÑOS;UNIDADES;10%;;;NORMAL;;V;C;S; 
1078;1078;sazonador cheder PEPPERONI;UNIDADES;10%;;;NORMAL;;V;C;S; 
1017;1017;spicy bbq;UNIDADES;10%;;;NORMAL;;V;C;S; 
1363;1363;sucralosa;UNIDADES;10%;;;NORMAL;;V;C;S; 
1332;1332;SUPER DESYUNO CACAO;UNIDADES;10%;;;NORMAL;;V;C;S; 
1331;1331;super vegan protein red b;UNIDADES;10%;;;NORMAL;;V;C;S; 
578;578;SYRUP CHOCOLATE;UNIDADES;10%;;;NORMAL;;V;C;S; 
1326;1326;tallarines espinacas;UNIDADES;10%;;;NORMAL;;V;C;S; 
818;818;tasty rice;UNIDADES;10%;;;NORMAL;;V;C;S; 
819;819;TASTY RICE;UNIDADES;10%;;;NORMAL;;V;C;S; 
1015;1015;TITAN CHOCO;UNIDADES;10%;;;NORMAL;;V;C;S; 
1386;1386;TITAN FRESA;UNIDADES;10%;;;NORMAL;;V;C;S; 
1014;1014;TITAN VAINILLA;UNIDADES;10%;;;NORMAL;;V;C;S; 
1337;1337;TORTILLAS PROTEIN;UNIDADES;10%;;;NORMAL;;V;C;S; 
1252;1252;TURBO;UNIDADES;10%;;;NORMAL;;V;C;S; 
1339;1339;ULTIMATE GREEN;UNIDADES;10%;;;NORMAL;;V;C;S; 
805;805;VAENA CHOKO MONKEY;UNIDADES;10%;;;NORMAL;;V;C;S; 
1246;1246;vegan amino +;UNIDADES;10%;;;NORMAL;;V;C;S; 
1072;1072;VEGAN+AMINO banana cramel;UNIDADES;10%;;;NORMAL;;V;C;S; 
1071;1071;VEGAN+AMINO COOKIES;UNIDADES;10%;;;NORMAL;;V;C;S; 
1073;1073;VEGAN+AMINO CHOCO MONKY;UNIDADES;10%;;;NORMAL;;V;C;S; 
1129;1129;WHEY BROWNIE;UNIDADES;10%;;;NORMAL;;V;C;S; 
1128;1128;WHEY COOKEIS;UNIDADES;10%;;;NORMAL;;V;C;S; 

ARTICULOS GENERAL;;;;;;;;;Pagina 65 ;;;;;Fecha : 03/02/2026;;;;;;;;
Codigo;Referencia;Articulo;Medida;IVA;;Seccion;Tipo;;V;C;S;F

001007 DEPORTE;;;;;;;;;;;;;;;;;;;;;;
1130;1130;WHEY CHOCO BLANCO;UNIDADES;10%;;;NORMAL;;V;C;S; 
1016;1016;WHEY CHOCO MONKY;UNIDADES;10%;;;NORMAL;;V;C;S; 
1131;1131;whey fresa;UNIDADES;10%;;;NORMAL;;V;C;S; 
1132;1132;WHEY ICE CREAM;UNIDADES;10%;;;NORMAL;;V;C;S; 
1070;1070;WHEY MINI DONA negro;UNIDADES;10%;;;NORMAL;;V;C;S; 
1069;1069;WHEY MINI DONA WHITE;UNIDADES;10%;;;NORMAL;;V;C;S; 
821;821;whey protein choco monky;UNIDADES;10%;;;NORMAL;;V;C;S; 
1245;1245;WHEY VAINILLA CREAM;UNIDADES;10%;;;NORMAL;;V;C;S; 
585;585;WOW CARAMEL;UNIDADES;10%;;;NORMAL;;V;C;S; 
583;583;WOW CHOCO;UNIDADES;10%;;;NORMAL;;V;C;S; 
584;584;WOW FRESA;UNIDADES;10%;;;NORMAL;;V;C;S; 
575;575;ZERONESA;UNIDADES;10%;;;NORMAL;;V;C;S; 

001008 CONGELADOS;;;;;;;;;;;;;;;;;;;;;;
876;876;ACAI;UNIDADES;10%;;;NORMAL;;V;C;S; 
882;882;ARANDANOS;UNIDADES;10%;;;NORMAL;;V;C;S; 
886;886;BROCOLI;UNIDADES;10%;;;NORMAL;;V;C;S; 
884;884;FRAMBUESAS;UNIDADES;10%;;;NORMAL;;V;C;S; 
885;885;FRESAS;UNIDADES;10%;;;NORMAL;;V;C;S; 
888;888;GUISANTES;UNIDADES;10%;;;NORMAL;;V;C;S; 
879;879;HELADO 6 MINISTECCHI;UNIDADES;10%;;;NORMAL;;V;C;S; 
880;880;HELADO 8MINI SORBETE;UNIDADES;10%;;;NORMAL;;V;C;S; 
875;875;HELADO ARANDANOS;UNIDADES;10%;;;NORMAL;;V;C;S; 
874;874;HELADO CHOCO;UNIDADES;10%;;;NORMAL;;V;C;S; 
881;881;HELADO DE FRAMBUESAS;UNIDADES;10%;;;NORMAL;;V;C;S; 
873;873;HELADO DE KEFIR;UNIDADES;10%;;;NORMAL;;V;C;S; 
889;889;HELADO DE YOGUR PACK3;UNIDADES;10%;;;NORMAL;;V;C;S; 
877;877;HELADO JUNIOR CHOCO;UNIDADES;10%;;;NORMAL;;V;C;S; 
878;878;HELDO CHOCO PACK 3;UNIDADES;10%;;;NORMAL;;V;C;S; 
887;887;JUDIAS;UNIDADES;10%;;;NORMAL;;V;C;S; 
883;883;MANGO;UNIDADES;10%;;;NORMAL;;V;C;S; 

001009 GRANEL;;;;;;;;;;;;;;;;;;;;;;
689;689;agua m anti age;UNIDADES;21%;;;NORMAL;;V;C;S; 
603;603;almendra natural;KILOS;0%;;;NORMAL;;V;C;S; 
608;608;anacardos;KILOS;0%;;;NORMAL;;V;C;S; 
199;199;ARTICULO 199;UNIDADES;10%;;;NORMAL;;V;C;S; 
285;285;ARTICULO 285;UNIDADES;10%;;;NORMAL;;V;C;S; 
334;334;ARTICULO 334;UNIDADES;10%;;;NORMAL;;V;C;S; 
379;379;ARTICULO 379;UNIDADES;10%;;;NORMAL;;V;C;S; 
479;479;ARTICULO 479;UNIDADES;10%;;;NORMAL;;V;C;S; 
763;763;ARTICULO 763;UNIDADES;10%;;;NORMAL;;V;C;S; 
826;826;ARTICULO 826;UNIDADES;10%;;;NORMAL;;V;C;S; 
846;846;ARTICULO 846;UNIDADES;10%;;;NORMAL;;V;C;S; 
847;847;ARTICULO 847;UNIDADES;10%;;;NORMAL;;V;C;S; 
848;848;ARTICULO 848;UNIDADES;10%;;;NORMAL;;V;C;S; 
850;850;ARTICULO 850;UNIDADES;10%;;;NORMAL;;V;C;S; 
852;852;ARTICULO 852;UNIDADES;10%;;;NORMAL;;V;C;S; 
604;604;avellana;KILOS;0%;;;NORMAL;;V;C;S; 
794;794;BCAA +GLUTAMINA;UNIDADES;10%;;;NORMAL;;V;C;S; 
179;179;ca;UNIDADES;10%;;;NORMAL;;V;C;S; 
700;700;CEPILLO ADULTO;UNIDADES;21%;;;NORMAL;;V;C;S; 
538;538;CFM  ISO ZERO CACAOLAT 1KG;UNIDADES;10%;;;NORMAL;;V;C;S; 

ARTICULOS GENERAL;;;;;;;;;Pagina 66 ;;;;;Fecha : 03/02/2026;;;;;;;;
Codigo;Referencia;Articulo;Medida;IVA;;Seccion;Tipo;;V;C;S;F

001009 GRANEL;;;;;;;;;;;;;;;;;;;;;;
540;540;CFM ISO ZERO  CONGUITOSDARK1KG;UNIDADES;10%;;;NORMAL;;V;C;S; 
539;539;CFM ISO ZERO  LACASITOS 1KG;UNIDADES;10%;;;NORMAL;;V;C;S; 
534;534;CFM ISO ZERO COOKIES CREAM1KG;UNIDADES;10%;;;NORMAL;;V;C;S; 
586;586;cfm monodosis;UNIDADES;10%;;;NORMAL;;V;C;S; 
557;557;CLEAR PROTIEN kojak cereza 750G;UNIDADES;10%;;;NORMAL;;V;C;S; 
572;572;CREMA DE AROZ LACASITOS;UNIDADES;10%;;;NORMAL;;V;C;S; 
810;810;chips protien;UNIDADES;10%;;;NORMAL;;V;C;S; 
894;894;chips vegetal;UNIDADES;10%;;;NORMAL;;V;C;S; 
791;791;ELEVEN CEREZA;UNIDADES;10%;;;NORMAL;;V;C;S; 
793;793;ELEVEN ICE TE;UNIDADES;10%;;;NORMAL;;V;C;S; 
789;789;ELEVEN maracuya;UNIDADES;10%;;;NORMAL;;V;C;S; 
653;653;GEL 3 EN 1;UNIDADES;21%;;;NORMAL;;V;C;S; 
872;872;HELADO DE PISTACHO;UNIDADES;10%;;;NORMAL;;V;C;S; 
609;609;MACADAMIA;KILOS;0%;;;NORMAL;;V;C;S; 
920;920;magdalenas;UNIDADES;10%;;;NORMAL;;V;C;S; 
612;612;mezcla  tostada;KILOS;0%;;;NORMAL;;V;C;S; 
611;611;mezcla c pasas;KILOS;0%;;;NORMAL;;V;C;S; 
546;546;MICELL AR CASEIN  LACASITOS1KG;UNIDADES;10%;;;NORMAL;;V;C;S; 
606;606;nuez;KILOS;0%;;;NORMAL;;V;C;S; 
607;607;nuez bracil;KILOS;0%;;;NORMAL;;V;C;S; 
84;84;OATLY 200ML;UNIDADES;10%;;;NORMAL;;V;C;S; 
566;566;OATMEAL 1,5K WHITA BIGCHOC;UNIDADES;10%;;;NORMAL;;V;C;S; 
551;551;ONLY WHEY cacaolat 1KG;UNIDADES;10%;;;NORMAL;;V;C;S; 
555;555;ONLY WHEY capuchino 1KG;UNIDADES;10%;;;NORMAL;;V;C;S; 
553;553;ONLY WHEY conguitos D 1KG;UNIDADES;10%;;;NORMAL;;V;C;S; 
554;554;ONLY WHEY CONGUITOS D 1KG;UNIDADES;10%;;;NORMAL;;V;C;S; 
549;549;ONLY WHEY choco avellana 1KG;UNIDADES;10%;;;NORMAL;;V;C;S; 
552;552;ONLY WHEY LACASITOS 1KG;UNIDADES;10%;;;NORMAL;;V;C;S; 
138;138;PAPEL DE ARROZ T S;UNIDADES;10%;;;NORMAL;;V;C;S; 
610;610;pasas;KILOS;0%;;;NORMAL;;V;C;S; 
18;18;PATATAS;UNIDADES;10%;;;PESO;;V;C;S; 
605;605;pistacho;KILOS;0%;;;NORMAL;;V;C;S; 
241;241;te kukicha bio;KILOS;10%;;;NORMAL;;V;C;S; 
401;401;TULSI CLEANSE;UNIDADES;10%;;;NORMAL;;V;C;S; 

001009000 GRANEL-A PESO;;;;;;;;;;;;;;;;;;;;;;
242;242;ARTICULO 242;UNIDADES;10%;;;NORMAL;;V;C;S; 

001009001 GRANEL-VARIOS;;;;;;;;;;;;;;;;;;;;;;
14;14;VARIOS 4%;UNIDADES;4%;;;NORMAL;;V;C;S; 
15;15;VARIOS 5%;UNIDADES;5%;;;NORMAL;;V;C;S; 

001009002 GRANEL-FRUTOS SECOS;;;;;;;;;;;;;;;;;;;;;;
854;854;MACADAMIA;UNIDADES;0%;;;PESO;;V;C;S; 
Articulos : 3361;;;;;;;;;;;;;;;;;;;;;;

ARTICULOS GENERAL;;;;;;;;;Pagina 67 ;;;;;Fecha : 03/02/2026;;;;;;;;
