id,product_id,ingredients,nutritional_info,usage_instructions,warnings,allergens,usage_tips,medical_disclaimer,legal_regulation,created_at,updated_at,product_slug
1,14,,,Cocer la pasta en abundante agua hirviendo con sal según el tiempo indicado en el paquete.,Revisar ingredientes y alérgenos en la etiqueta antes de consumir.,Contiene gluten,Ideal para combinar con salsas tradicionales y verduras.,,"Conservar en un lugar fresco y seco, protegido de la luz.",2026-07-07 12:29:17.523131+00,2026-07-07 12:46:00.455058+00,macarrones-de-trigo-castagno-500-g-500-g
2,30,,,Usar como ingrediente en recetas o para endulzar de forma natural.,Revisar ingredientes y alérgenos en la etiqueta antes de consumir.,No especificado por el fabricante. Revisar siempre la etiqueta antes de consumir.,Ideal para sustituir azúcares refinados y dar sabor natural a postres y platos.,,"Conservar en lugar fresco y seco, bien cerrado.",2026-07-07 12:31:11.470668+00,2026-07-07 16:25:25.858405+00,pasta-de-trigo-500g-500-g
3,1053,,,Consumir según preferencia o según las indicaciones del envase.,Revisar ingredientes y alérgenos en la etiqueta antes de consumir.,No especificado por el fabricante. Revisar siempre la etiqueta antes de consumir.,Usar como parte de una alimentación variada y equilibrada.,,"Conservar en lugar fresco, seco y protegido de la luz. Una vez abierto, seguir las indicaciones del envase.",2026-07-07 12:31:39.875427+00,2026-07-07 16:12:18.323399+00,macarrones-tricolor-castagno-500-g-500-g
8,1861,,"Los aceites esenciales de ESENTIAL’ARÔMS son productos de alta calidad, 100% puros y naturales por el proceso de selección de los mismos y por su forma de fabricación y control.  
Un aceite esencial A.E.B.B.D., es decir, Aceite Esencial Botánica y Bioquímicamente Definido. Se trata, en realidad, de un aceite esencial 100% puro y natural que procede de una destilación completa por arrastre de vapor (sin el uso de ningún producto químico para su extracción) y que ha seguido rigurosos controles de calidad. Tampoco se adicionan colorantes ni se aplican procesos de deterpenado, rectificado ni redes¬tilación.  

SELECCIÓN DE LOS ACEITES ESENCIALES (A.E.B.B.D.)  
Los aceites esenciales de Esential’Arôms se caracterizan por ser Aceites Esenciales Botánica y Bioquímicamente Definidos (A.E.B.B.D.). Esto significa que cada uno de ellos ha sido seleccionado en función de los siguientes parámetros:  
1. Especie botánica: las plantas utilizadas son clasificadas botánicamente. Por lo tanto, podemos informar sin ninguna duda acerca de la especie botánica según la nomenclatura latina internacional.  
2. Órgano productor (o. p.): no todas las partes de la planta tienen la misma composición. Por lo tanto, es necesario escoger el órgano (raíz, semilla, hojas…) que, una vez destilado, contendrá las sustancias características.  
3. Especificidad bioquímica (s. b.) o QUIMIOTIPO: una vez destilado el aceite esencial, es necesaria la verificación de su composición química, que caracterizará su utilización. La comprobación del correcto biotipo elegido se realiza a través de un control analítico por cromatografía gaseosa acoplada a la espectrofotometría de masas.  
4. Biotipo: en función del hábitat donde se desarrolla la especie botánica (tipo de terreno, altitud…), la composición del aceite esencial puede variar, de modo que la definición del quimiotipo resulta esencial.","1 gota de aceite esencial 1-3 veces al día mezclada en una cucharadita de café de aceite de oliva, miel, azúcar de caña o sobre un comprimido neutro específico (1 ml de aceite esencial de ravintsara contiene 35 gotas).  
¿CÓMO UTILIZAR LOS ACEITES ESENCIALES?  
· Todos los aceites esenciales están desaconsejados en mujeres embarazadas, durante la lactancia y en menores de 6 años, en algunas ocasiones menores de 12 años y en otras están reservados a adultos.  
· El modo de empleo general es el siguiente: 1 gota de aceite esencial de 1 a 3 veces al día mezclada en una cucharadita de postre de aceite de oliva. Seguir estrictamente el modo de empleo indicado en el estuche.  
· Pueden utilizarse como ingrediente culinario ajustando la cantidad, ya que pueden dar lugar a productos de sabor demasiado intenso.  
· No debe realizarse un uso interno de los aceites esenciales cosméticos.  
· No se aconseja tomar los aceites esenciales por vía interna de forma continuada.  
· En general, los aceites esenciales alimenticios también pueden ser utilizados con finalidades cosméticas.","1. Respetar la dosificación establecida en el modo de empleo.  
2. Este producto es un complemento alimenticio y no debe utilizarse como sustituto de una dieta equilibrada. Es importante seguir una dieta variada y equilibrada y un estilo de vida saludable.",Contiene limoneno y linalool.,Usar en pequeñas cantidades y ventilar adecuadamente el espacio si se utiliza en difusor.,Producto para uso en aromaterapia. No ingerir.,"Conservar en lugar fresco y oscuro, protegido de la luz y el calor.",2026-07-07 15:50:09.447391+00,2026-07-07 19:07:49.652914+00,aceite-esencial-ravintsara-5-ml
9,1988,Aceite vegetal virgen de semillas de rosa mosqueta de Chile · Selección (Rosa moschata Mill.).,No aplica,"Tomar de 1,5 ml (45 gotas) a 5 ml 1-2 veces al día. En niños mayores de 3 años, se recomienda la dosis mínima descrita en el modo de empleo. Tradicionalmente, el aceite de rosa mosqueta se ha utilizado para el cuidado de la piel. Contiene cucharilla dosificadora de 5 ml.",Este producto es un complemento alimenticio y no debe utilizarse como sustituto de una dieta equilibrada. Es importante seguir una dieta variada y equilibrada y un estilo de vida saludable. Respetar la dosificación establecida en el modo de empleo. Manten,Puede contener componentes aromáticos naturalmente presentes. Consultar etiqueta del fabricante.,Usar en pequeñas cantidades y ventilar adecuadamente el espacio si se utiliza en difusor.,Uso externo. Mantener fuera del alcance de los niños.,"Conservar en lugar fresco y seco, protegido de la luz solar directa.",2026-07-07 15:50:26.378368+00,2026-07-07 19:20:07.254551+00,lycorose-50-ml
10,2369,Ácido hialurónico de origen natural; Siempreviva; Hamamelis; Árnica,"Aqua, Glycerin, Helichrysum Italicum Extract*, Arnica Montana Flower Extract*, Xanthan Gum, Hamamelis Virginiana Leaf Water*, Helianthus Annuus Seed Oil*, Sodium Chloride, Benzyl Alcohol, Sodium Hydroxide, Helichrysum Italicum Flower Oil*, Salicylic Acid, Sorbic Acid, Potassium Sorbate, Hydrolyzed Hyaluronic Acid, Dehydroacetic Acid, Phytic Acid, Tocopherol, Limonene**, Linalool**. *Ingredientes procedentes de la Agricultura Ecológica. El 98% del total es de origen natural. El 10% del total de los ingredientes procede de la Agricultura Ecológica. **Naturalmente contenido en los ingredientes vegetales.","Aplicar realizando un suave masaje para favorecer su absorción. Evitar el contacto con heridas, microheridas, los ojos y las mucosas.","No ingerir. Mantener fuera del alcance de los niños. En caso de irritación, suspender su uso.",,,,,2026-07-07 15:50:43.887249+00,2026-08-04 12:27:34.595733+00,hidrogel-hematocure-100-ml
11,2523,Aceite esencial de citronela de Ceilán* (Cymbopogon nardus). *Procedente de la Agricultura Ecológica.,"Los aceites esenciales de ESENTIAL’ARÔMS son productos de alta calidad, 100% puros y naturales por el proceso de selección de los mismos y por su forma de fabricación y control.  
Un aceite esencial A.E.B.B.D., es decir, Aceite Esencial Botánica y Bioquímicamente Definido. Se trata, en realidad, de un aceite esencial 100% puro y natural que procede de una destilación completa por arrastre de vapor (sin el uso de ningún producto químico para su extracción) y que ha seguido rigurosos controles de calidad. Tampoco se adicionan colorantes ni se aplican procesos de deterpenado, rectificado ni redes¬tilación.  

SELECCIÓN DE LOS ACEITES ESENCIALES (A.E.B.B.D.)  
Los aceites esenciales de Esential’Arôms se caracterizan por ser Aceites Esenciales Botánica y Bioquímicamente Definidos (A.E.B.B.D.). Esto significa que cada uno de ellos ha sido seleccionado en función de los siguientes parámetros:  
1. Especie botánica: las plantas utilizadas son clasificadas botánicamente. Por lo tanto, podemos informar sin ninguna duda acerca de la especie botánica según la nomenclatura latina internacional.  
2. Órgano productor (o. p.): no todas las partes de la planta tienen la misma composición. Por lo tanto, es necesario escoger el órgano (raíz, semilla, hojas…) que, una vez destilado, contendrá las sustancias características.  
3. Especificidad bioquímica (s. b.) o QUIMIOTIPO: una vez destilado el aceite esencial, es necesaria la verificación de su composición química, que caracterizará su utilización. La comprobación del correcto biotipo elegido se realiza a través de un control analítico por cromatografía gaseosa acoplada a la espectrofotometría de masas.  
4. Biotipo: en función del hábitat donde se desarrolla la especie botánica (tipo de terreno, altitud…), la composición del aceite esencial puede variar, de modo que la definición del quimiotipo resulta esencial.",Aplicar en difusores de aroma o según indicación profesional.,"1. Respetar la dosificación establecida en el modo de empleo.  
2. Este producto es un complemento alimenticio y no debe utilizarse como sustituto de una dieta equilibrada. Es importante seguir una dieta variada y equilibrada y un estilo de vida saludable.","Contiene limoneno, linalool, citronelol, geraniol y metil isoeugenol (no debe superar el 0,002%. Utilizar en diluciones menores del 0,25%).","Ideal para crear ambientes frescos y naturales, ayudar a repeler insectos de forma natural.",Uso externo. Mantener fuera del alcance de los niños.,"Conservar en lugar fresco y seco, alejado de la luz directa.",2026-07-07 15:51:15.779678+00,2026-07-09 09:26:57.089389+00,aceite-esencial-de-citronella-10-ml
12,2940,,,Tomar según la dosis recomendada en el envase o según indicación de un profesional sanitario.,"Consulte a su médico antes de usar si está embarazada, lactando o tiene alguna condición médica.",No especificado por el fabricante. Revisar siempre la etiqueta antes de consumir.,Tomar de forma constante siguiendo las indicaciones del envase y dentro de una dieta equilibrada.,Este producto es un complemento alimenticio y no debe utilizarse como sustituto de una dieta equilibrada.,"Conservar en un lugar fresco y seco, protegido de la luz y la humedad.",2026-07-07 15:52:54.00774+00,2026-07-07 19:15:07.443639+00,probiotax-microbiota-coco-150-g
13,3644,"Berbevis® [Berberina en matriz de fosfolípidos: Extracto seco de Agracejo (Berberis aristata DC, raíz, 30% berberina), aislado de proteína de guisante, lecitina de Girasol (fosfolípidos), extracto de semilla de uva)], Extracto seco de Gymnema (Gymnema sylvestre, hojas, 75% ácido Gimnémico) cápsula [agente de recubrimiento (hidroxipropilmetilcelulosa)], antiaglomerantes (estearato magnésico y dióxido de silicio), Extracto seco de Pimienta negra (Piper nigrum L., fruto, 95% piperina) y picolinato de cromo.","Ingredientes activos por 2 cápsulas: Berbevis® 550 mg, berberina 165 mg, extracto de Gymnema 280 mg, ácidos gimnémicos 210 mg, extracto de pimienta negra 5,25 mg, piperina 5 mg y cromo 100 µg (250% VRN).","Tomar dos cápsulas al día, preferiblemente junto con las comidas principales, 30 minutos antes.","Los complementos alimenticios no deben utilizarse como sustitutos de una dieta variada, equilibrada y un modo de vida saludable. No superar la dosis diaria recomendada. Mantener fuera del alcance de los niños más pequeños. Conservar en un lugar fresco, seco y protegido de la luz.",No contiene alérgenos indicados en el anexo II del Reglamento (UE) 1169/2011.,Tomar de forma constante siguiendo las indicaciones del envase y dentro de una dieta equilibrada.,Este producto es un complemento alimenticio y no debe usarse como sustituto de una dieta equilibrada.,"Se certifica que el producto Berberina GLP-1 Booster es No GMO, ya que no contiene ingredientes procedentes de organismos modificados genéticamente y no está sometido al etiquetado de OMG de los Reglamentos (UE) 1829/2003 y 1830/2003. Está fabricado en la Unión Europea, es no ionizado porque no se usa radiación ionizante en ningún punto del proceso de fabricación conforme a las Directivas 1999/2/CE y 1999/3/CE, y está libre de cualquier riesgo de BSE/TSE según el Reglamento (CE) 999/2001.",2026-07-07 15:53:15.832792+00,2026-07-07 18:53:40.777247+00,berberina-60-c-psulas
14,3643,"Extracto seco de Trébol rojo titulado al 20% en isoflavonas (Trifolium pratense L.- parte aérea), proteína de cáñamo (Cannabis sativa – semilla), extracto seco de Ashawagandha titulado al 5% en whitanólidos (Whithania somnífera – raiz), extracto seco de Cimífuga titulado al 2,5% en glucósidos triterpénicos (Cimicifuga racemosa – rizoma), GABA (ácido gamma-aminobutírico), vitamina D3 microencapsulada (colecalciferol), melatonina, vitamina B6 (piridoxina HCl), vitamina B12 (cianocobalamina).

Cápsula vegetal: agente de recubrimiento(hidroxipropilmetilcelulosa).","Ingredientes activos por 1 cápsula: extracto seco de trébol rojo (Trifolium pratense, parte aérea) 200 mg, isoflavonas 40 mg, extracto seco de ashwagandha (Withania somnifera, raíz) 80 mg, witanólidos 4 mg, extracto seco de cimicífuga (Cimicifuga racemosa, rizoma) 70 mg, glucósidos triterpénicos 1,75 mg, GABA (ácido gamma-aminobutírico) 50 mg, melatonina 1,9 mg, vitamina B6 en forma de hidroclorato de piridoxina 2,8 mg (200% VRN), vitamina B12 en forma de cianocobalamina 5 μg (200% VRN) y vitamina D3 en forma de colecalciferol 15 μg (300% VRN).",Tomar una cápsula al día un poco antes de irse a dormir.,"Los complementos alimenticios no deben utilizarse como sustitutos de una dieta variada, equilibrada y un modo de vida saludable. No superar la dosis diaria recomendada. Mantener fuera del alcance de los niños más pequeños. Conservar en un lugar fresco, seco y protegido de la luz.",No contiene alérgenos de acuerdo con el Reglamento (UE) no 1169/2011.,Utilizar a diario. Adoptar un estilo de vida y una dieta saludables.,"Suplemento alimenticio. No sustituye una dieta equilibrada. Consultar con un profesional de la salud antes de su uso en caso de embarazo, lactancia o tratamiento médico.","Su comercialización es legal en toda Europa. Se certifica que el producto es No GMO, ya que no contiene ingredientes procedentes de organismos modificados genéticamente y no está sometido al etiquetado de OMG del Reglamento (UE) 1829/2003. También es no ionizado, ya que no se usa radiación ionizante en ningún punto del proceso de fabricación conforme a la Directiva 1999/2/CE. Está libre de cualquier riesgo de BSE/TSE según el Reglamento (CE) 999/2001 y está fabricado en la Unión Europea.",2026-07-07 15:53:51.51662+00,2026-07-07 18:54:09.834482+00,cannagym-menopausia-noche-45-c-psulas
15,3642,"Extracto seco de Berberis (Berberis aristata – raíz) 97% en berberina, extracto seco de alcachofa (Cynara scolymus – hoja) 10% en cinarina, levadura de arroz rojo (Monascus purpureus) 5% en monacolina K, agente de carga (celulosa microcristalina), policosanoles de caña de azúcar (Saccharum officinarum L), antiaglomerantes (Sales magnésicas de ácidos grasos y dióxido de silicio), coenzima Q10 (ubiquinona), vitamina B1 (Hidrocloruro de tiamina).","Ingredientes activos por 1 cápsula: extracto seco de trébol rojo (Trifolium pratense, parte aérea) 200 mg, isoflavonas 40 mg, extracto seco de ashwagandha (Withania somnifera, raíz) 80 mg, witanólidos 4 mg, extracto seco de cimicífuga (Cimicifuga racemosa, rizoma) 70 mg, glucósidos triterpénicos 1,75 mg, GABA (ácido gamma-aminobutírico) 50 mg, melatonina 1,9 mg, vitamina B6 en forma de hidroclorato de piridoxina 2,8 mg (200% VRN), vitamina B12 en forma de cianocobalamina 5 μg (200% VRN) y vitamina D3 en forma de colecalciferol 15 μg (300% VRN). VRN: Valor de Referencia de Nutrientes según el Reglamento (UE) 1169/2011.",Tomar una cápsula al día un poco antes de irse a dormir.,"Los complementos alimenticios no deben utilizarse como sustitutos de una dieta variada, equilibrada y un modo de vida saludable. No superar la dosis diaria recomendada. Mantener fuera del alcance de los niños más pequeños. Conservar en un lugar fresco, seco y protegido de la luz.",No contiene alérgenos de acuerdo con el Reglamento (UE) no 1169/2011.,Tomar de forma constante siguiendo las indicaciones del envase y dentro de una dieta equilibrada.,"La información proporcionada en este producto solo tiene fines informativos. No supone asesoramiento profesional, médico o legal.","Su comercialización es legal en toda Europa. Se certifica que el producto es No GMO, ya que no contiene ingredientes procedentes de organismos modificados genéticamente y no está sometido al etiquetado de OMG del Reglamento (UE) 1829/2003. También es no ionizado, ya que no se usa radiación ionizante en ningún punto del proceso de fabricación conforme a la Directiva 1999/2/CE. Está libre de cualquier riesgo de BSE/TSE según el Reglamento (CE) 999/2001 y está fabricado en la Unión Europea.",2026-07-07 15:54:10.896445+00,2026-07-07 18:55:08.106514+00,coraz-n-f-rmula-60-c-psulas
16,3645,"Cloruro de nicotinamida ribósido, Extracto seco de raíz de Polygonum cuspidatum (98% resveratrol), Extracto seco de brotes de flor de Sophora japonica (95% quercetina), antiaglomerantes (sales magnésicas del ácido esteárico y dióxido de silicio), vitamina B5 (Pantotenato cálcico), Agente de carga (celulosa microcristalina), Extracto de pimienta negra (Piper Nigrum L., fruto, 95% piperina), y vitamina B2 (Riboflavina).
Cápsula vegetal: agente de recubrimiento (hidroxipropilmetilcelulosa).","Ingredientes activos por 1 cápsula: cloruro de nicotinamida ribósido 300 mg, trans-resveratrol 100 mg, quercetina 50 mg, extracto seco de pimienta negra 4,21 mg, piperina 4 mg, ácido pantoténico 6 mg (100% VRN) y vitamina B2 2,8 mg (200% VRN).","Tomar 1 cápsula al día, preferiblemente por la mañana junto con el desayuno.","No superar la dosis diaria recomendada. Mantener fuera del alcance de los niños. Consultar con un médico antes de usar si está embarazada, lactando o bajo medicación.",No contiene alérgenos citados en el REGLAMENTO (UE) No 1169/2011.,Tomar 1 cápsula al día,"Este producto no está destinado a diagnosticar, tratar, curar ni prevenir ninguna enfermedad.","Complemento alimenticio. Su comercialización es legal en toda Europa. Se certifica que el producto NAD+ Resveratrol es No GMO, ya que no contiene ingredientes procedentes de organismos modificados genéticamente y no está sometido al etiquetado de OMG de los Reglamentos (UE) 1829/2003 y 1830/2003. También es no ionizado, ya que no se usa radiación ionizante en ningún punto del proceso de fabricación, conforme a las Directivas 1999/2/CE y 1999/3/CE. Está libre de cualquier riesgo de BSE/TSE según el Reglamento (CE) 999/2001 y está fabricado en la Unión Europea.",2026-07-07 15:55:20.635527+00,2026-07-07 18:48:28.227826+00,nad-300-mg-60-c-psulas
62,3641,Rosa moschata. Aceite vegetal virgen de primera presión en frío .,"Rosa Moschata Seed Oil, Tocopherol*. *El tocoferol es vitamina E y es de procedencia natural.","Puede utilizarse en aplicación facial y corporal. Rostro: aplicar unas gotas sobre la piel limpia, mañana y noche. Cuerpo: aplicar especialmente en zonas sensibles, como cuello, escote, pecho y parte interior de brazos y piernas, preferiblemente después de la ducha, con la piel húmeda. Utilizar, también, como loción después de tomar el sol.",,,,,,2026-07-07 19:01:14.04945+00,2026-07-09 09:27:18.229752+00,rosa-mosqueta-15-ml
63,3640,"Hidrolato de manzanilla romana.  
99,4% origen natural.  
Piel sensible. 
Agua floral de manzanilla romana procedente de la destilación al vapor de agua de las sumidades floridas de la planta fresca.","El agua floral o hidrolato es un producto totalmente natural que se obtiene a través de la destilación al vapor de agua de plantas aromáticas. Gracias a este método, contiene las moléculas y fitoactivos de dichas plantas, que le aportan su aroma y sus propiedades únicas para la piel.  
ATENCIÓN A LAS FALSIFICACIONES: se venden mal llamadas aguas florales que no son un producto auténtico. Son solamente agua destilada con aromas, muchas veces artificiales. Si utilizamos estos productos que no son naturales, no vamos a poder beneficiarnos de las propiedades que nos aporta un agua floral auténtica.","Vaporizar rostro, cuello y escote después de limpiar la piel, por la mañana y por la noche.",,,,,,2026-07-07 19:04:14.903105+00,2026-07-09 09:27:24.25003+00,hidrolato-de-manzanilla-romana-120-ml
69,3669,Azúcar de coco 100%,"Endulzante integral y mucho más nutritivo que el azúcar blanco.
-Ingredientes: Azúcar de coco*
(*) Procedentes de agricultura ecológica",,,,,,,2026-07-08 17:29:50.5019+00,2026-07-28 17:48:58.625532+00,az-car-de-coco-250-g
76,3107,"Composición: Agente de carga Erythritol (97%) y Glucósidos de Steviol.
El extracto de stevia empleado contiene un TGS (Total Glicósidos Steviol) del 97%.
Reb A 97 (3%).

Por 100g
Valor energético: 0 kJ/ 0 kcal
Grasas: 0 g
De las cuales saturadas: 0 g
Hidratos de carbono: 97 g
De los cuales azúcares: 0 g
Fibra alimentaria: 0 g
Proteína: 0 g
Sal: 0 g","Las stevias de Myconatur han sido todas formuladas con el objetivo primordial de ofrecer a nuestros clientes la máxima calidad y pureza. En nuestra formulación se han utilizado glucósidos de Steviol de la mayor pureza y máxima concentración (TGS 97%).

El Granulado de Stevia de Myconatur es un edulcorante de mesa cuyo estuche contiene 80 sobres de 1 g cada uno.

Es un edulcorante de cocina apto para diabéticos, ya que tiene un índice glucémico de 0.

Libre de alérgenos y sin gluten.
Apto para veganos y vegetarianos.
Producto libre de GMO.
Conservar en un lugar fresco, seco, alejado de la luz solar y de olores agresivos.","Añade un sobre a la infusión, café o bebida que se desee endulzar. El uso de un segundo sobre va en función del gusto de cada cual.

Un sobre de stevia granulado equivale a 1 cucharilla de azúcar (4-5 gramos).",,,,,,2026-07-08 18:06:34.868337+00,2026-07-16 18:40:50.19575+00,stevia-granulado-80-uds
77,978,,"Valor energético: 1867 kJ / 446 kcal. Fibra alimentaria: 9,3 g. Proteínas: 36,5 g. Sal: 0,005 g. Grasas: 19,90 g, de las cuales saturadas: 2,9 g. Hidratos de carbono: 30,2 g, de los cuales azúcares: 7,3 g.",,,Soja y derivados,Uso: Dejar en remojo durante unas horas. Cambiar el agua y cocer con un trozo de alga kombu durante 2 horas.,,Referencias específicas: EAN13: 1842390300047. U/c: 6.,2026-07-08 18:13:15.236792+00,2026-07-08 19:13:44.079976+00,soja-amarilla-ecol-gica-en-grano-500-g
79,2617,Xilitol (Azúcar de Abedul) 100%.,"Valor energético 1000kJ/240kcal
Hidratos de carbono 100 g
Azúcares: 0 g
Grasas 0 g
Saturadas: 0 g
Proteinas 0 g
Sal 0 g",,,,,,,2026-07-08 18:28:28.231967+00,2026-08-06 12:15:01.341189+00,xilitol-az-car-de-abedul-500-g
80,3427,"Quinoa real, cereal integral natural, ideal para una alimentación saludable y versátil en la cocina.","Minerales (mg): Calcio 24, Hierro 4, Zinc 3,1
Vitaminas (mg): C 3,5",2 partes de agua x 1 de quinoa Tiempo: 15min. a fuego medio.,,"Puede contener trazas de gluten, frutos de cáscara, cacahuete, soja, sésamo y leche y sus derivados.",,,,2026-07-09 08:56:32.691768+00,2026-07-09 09:23:33.574492+00,quinoa-real
82,3675,"-Ingredientes: Lentejas pardina*. 
*De agricultura biológica.","Análisis nutricional por 100g de producto

Valor energético: 1255 kJ/299 kcal
Grasas: 0,1 g
Acidos grasos saturados: 0 g
Hidratos de carbono: 49,68 g
Azúcares: 5,63 g
Fibra alimentaria: 12 g
Proteínas: 23,65 g
Sal: 0,02 g",-Uso: Las lentejas pardina no necesitan remojo previo. Poner a hervir con agua fría. El hervor durante la cocción debe ser suave y continuado. Tiempo de cocción 35-40 minutos.,,Alérgenos: Trazas : Altramuces y prod. a base de altramuces Trazas : Cacahuetes Trazas : Frutos secos con cáscara Trazas : Gluten Trazas : Sésamo y prod. a base de sésamo Trazas : Soja y derivados,-Conservación: Conservar en lugar fresco y seco.,,,2026-07-09 09:02:59.863768+00,2026-08-05 11:13:46.444416+00,lentejas-pardina-extra-500-g
84,246,Este producto no lleva ningún ingrediente modificado genéticamente.,,Lavar antes para que quede suelto. 2 partes de agua x 1 de arroz. Tiempo: 15 minutos (caldoso) 20 minutos (suelto).,,,,,,2026-07-09 09:13:13.105066+00,2026-07-09 09:13:13.105066+00,arroz-blanco-redondo-500-g
85,241,Este producto no lleva ningún ingrediente modificado genéticamente.,,Tostar sin aceite. 1 parte de agua x 2 de trigo. A fuego alto llevar a ebullición. 10 min. a fuego medio y 5-7 min. a fuego bajo. Dejar reposar 5 min.,,,,,,2026-07-09 09:19:02.702436+00,2026-07-09 09:19:08.278724+00,trigo-sarraceno-500-g
92,279,Este producto no lleva ningún ingrediente modificado genéticamente,,Remojo 4h. 3 partes de agua x 1 de lentejas llevar a ebullición y cocer durante 30 min. aprox. Añadir la sal al final de la cocción.,,,,,,2026-07-09 09:43:44.304221+00,2026-07-09 09:43:44.304221+00,lentejas-verdes-500-g
93,3674,"Quinua*.
*De agricultura biológica.","Análisis nutricional por 100g de producto Valor energético:1671 kJ/343 kcal Fibra alimentaria:8,80 g Proteínas:15 g Sal:0,01 g Grasas:7,80 g Hidratos de carbono:64 g",Limpiar con agua fría. Cocer tapado y sin remover 20 minutos a fuego lento. 2 partes de agua por 1 de quinua. Retirar y reposar 5 minutos.,,"trazas: Altramuces y prod. a base de altramuces, Cacahuetes, Frutos con cáscara, Gluten, Sésamo y prod. a base de sésamo, Soja y derivados",Conservar en lugar fresco y seco.,,,2026-07-09 09:49:00.215349+00,2026-08-05 11:19:05.953001+00,quinoa-real-500-g
94,1686,"Harina de trigo sarraceno*, azúcar de caña entera* (<2%), sal marina.
*Cultivado orgánicamente","Valores nutricionales medios por cada 100g Energía 1 631 kJ / 385 kcal Grasas 2,8 g de las cuales ácidos grasos saturados 0,6 g Hidratos de carbono 74,8 g de los cuales azúcares 2,6 g Fibra dietética 4,4 g Proteínas 13,0 g Sal 0,68 g",,,,,,,2026-07-09 10:04:34.602922+00,2026-07-10 08:52:58.233181+00,pan-crujiente-de-trigo-sarraceno-300-g
96,194,"Harina de trigo sarraceno*.
*Cultivado orgánicamente","Valores nutricionales medios por cada 100g Energía 1 642 kJ / 388 kcal Grasas 2,7 g de las cuales ácidos grasos saturados 0,6 g Hidratos de carbono 75,2 g de los cuales azúcares 1,7 g Fibra dietética 4,5 g Proteínas 13,4 g Sal 0,01 g",,,,,,,2026-07-09 10:13:13.209026+00,2026-07-09 17:08:30.885231+00,pan-crujiente-sarraceno-sin-az-cares-a-adidos-300-g
99,2248,"Harina de trigo sarraceno*.
*Cultivado orgánicamente","Valores nutricionales medios por cada 100g Energía 1 642 kJ / 388 kcal Grasas 2,7 g de las cuales ácidos grasos saturados 0,6 g Hidratos de carbono 75,2 g de los cuales azúcares 1,7 g Fibra dietética 4,5 g Proteínas 13,4 g Sal 0,01 g",,,,,,,2026-07-09 17:34:48.379368+00,2026-07-09 17:34:48.379368+00,pan-crujiente-sarraceno-sin-az-cares-a-adidos-150-g
100,329,"Harina de trigo sarraceno*, azúcar de caña entera* (<2%), sal marina.

*Cultivado orgánicamente","Valores nutricionales medios por cada 100g Energía 1 631 kJ / 385 kcal Grasas 2,8 g de las cuales ácidos grasos saturados 0,6 g Hidratos de carbono 74,8 g de los cuales azúcares 2,6 g Fibra dietética 4,4 g Proteínas 13,0 g Sal 0,68 g",,,,,,,2026-07-10 08:52:06.200545+00,2026-07-10 08:53:04.148436+00,pan-crujiente-de-trigo-sarraceno-150-g
104,248,,,,,"Puede contener trazas de gluten, frutos de cáscara, cacahuete, soja, sésamo y leche y sus derivados.",,,,2026-07-10 08:56:18.704631+00,2026-07-10 08:56:18.704631+00,arroz-rojo-500-g
105,3211,"Harina de arroz*, harina de castaña* (30%),
sal marina.
*procedentes de la agricultura ecológica.","Valores nutricionales medios por 100 g Valor energético 1616 kJ / 381 kcal Grasas 1,8 g de las cuales saturadas 0,5 g Hidratos de carbono 83 g de los cuales azúcares 6,5 g Fibra alimentaria 4,3 g Proteínas 6,7 g Sal 0,39 g",,,,,,,2026-07-10 09:02:45.622588+00,2026-07-10 09:02:45.622588+00,tostadas-crujientes-de-casta-a-300-g
106,1814,"Harina de arroz*, harina de castaña* (30%),

sal marina.

*procedentes de la agricultura ecológica.","Valores nutricionales medios por 100 g:
Energía 1 537 kJ / 363 kcal Grasas 2,0 g de las cuales ácidos grasos saturados 0,4 g Hidratos de carbono 76,1 g de los cuales azúcares 5,4 g Fibra alimentaria 5,4 g Proteínas 7,4 g Sal 0,69 g",,,,,,,2026-07-10 09:09:08.755459+00,2026-07-10 09:09:23.299613+00,tostadas-crujientes-de-casta-a-150-g
108,2608,Ingredientes: Pimienta Negra Molida.,,,,,,,,2026-07-10 09:17:36.773547+00,2026-07-10 09:17:36.773547+00,pimienta-negra-molida-38-g
109,2711,Ingredientes: Comino Molido.,,,,,,,,2026-07-10 09:20:17.682065+00,2026-07-10 09:20:17.682065+00,comino-molido-en-polvo-30-g
110,3334,"Ingredientes: Canela, Clavo, Pimentón dulce, Canela, Comino, Pimienta negra, Nuez moscada, Jengibre, Pimienta Blanca.",,Añadir a la masa de galletas o productos de repostería al gusto para potenciar el sabor.,Revisar ingredientes y alérgenos en la etiqueta antes de consumir.,No especificado por el fabricante. Revisar siempre la etiqueta antes de consumir.,Ideal para hornear en repostería casera. Ajusta la cantidad según preferencia de sabor.,,"Producto alimentario. Revisar siempre el etiquetado del fabricante, ingredientes, alérgenos, lote, fecha de consumo preferente y condiciones de conservación.",2026-07-10 10:07:16.365555+00,2026-07-10 10:35:06.424993+00,mezcla-de-especias-para-galletas-30-g
111,3670,"Ingredientes: Cayela Molida*.
*=de agricultura ecológica.",,Consumir según preferencia o según las indicaciones del envase.,Revisar ingredientes y alérgenos en la etiqueta antes de consumir.,No especificado por el fabricante. Revisar siempre la etiqueta antes de consumir.,Usar como parte de una alimentación variada y equilibrada.,,"Producto alimentario. Revisar siempre el etiquetado del fabricante, ingredientes, alérgenos, lote, fecha de consumo preferente y condiciones de conservación.",2026-07-10 10:20:46.184139+00,2026-07-10 11:57:45.585773+00,cayena-en-polvo-molida-35-g
112,2696,"Pimienta Negra* en Grano.
(*) Procedente de Agricultura Ecológica",,Usar el molinillo para añadir pimienta recién molida a tus alimentos según preferencia.,Revisar ingredientes y alérgenos en la etiqueta antes de consumir.,No especificado por el fabricante. Revisar siempre la etiqueta antes de consumir.,"Ideal para condimentar carnes, ensaladas, salsas y platos variados.",,"Producto alimentario. Revisar siempre el etiquetado del fabricante, ingredientes, alérgenos, lote, fecha de consumo preferente y condiciones de conservación.",2026-07-10 10:20:53.926155+00,2026-08-06 12:15:14.104779+00,molinillo-de-pimienta-en-grano-85-g
113,3010,"Ingredientes: Eritritol
(*) Procedente de cultura ecológica",,Modo de uso: emplear como endulzante para bebidas como el café o té,Revisar ingredientes y alérgenos en la etiqueta antes de consumir.,,,,,2026-07-10 10:21:00.751858+00,2026-07-10 10:48:26.796342+00,eritritol-500-g
114,2181,Trigo sarraceno integral* y sal marina.,,,Puede contener trazas de soja,No especificado por el fabricante. Revisar siempre la etiqueta antes de consumir.,Usar como parte de una alimentación variada y equilibrada.,,,2026-07-10 10:21:06.342448+00,2026-07-13 18:09:00.653221+00,tortitas-de-sarraceno-100-g
115,3337,cebolla ecologica granulada,,,,,"Ideal para sofritos, ensaladas y guisos.",,,2026-07-10 10:21:12.047164+00,2026-07-10 11:24:35.91091+00,cebolla-granulada-30-g
116,3105,"curcuma, cilantro, comino ,pimienta negra, canela, nuez moscada ,pimenton dulce ,jengibre, pimienta blanca.",,"Utilizar en guisos, carnes y platos exóticos para aportar sabor y aroma característico.",,,"Combina bien con carnes, arroces y verduras al estilo marroquí.",,,2026-07-10 10:21:18.4761+00,2026-07-10 11:37:15.933276+00,especias-de-ras-el-hanout-25-g
117,3673,"Ingredientes: Cayena Fruto*.
*=de agricultura ecológica.",,Agregar al gusto en comidas para aportar picante y sabor.,,,"Ideal para sazonar guisos, salsas y platos que requieren un toque picante.",,,2026-07-10 10:21:29.275232+00,2026-07-10 11:42:07.421783+00,cayena-frutos-15-g
118,3250,Ingredientes: Pimienta de Jamaica,,Utilizar como especia para condimentar platos al gusto.,,,"Combina bien con guisos, salsas y postres para un toque aromático.",,,2026-07-10 10:21:36.065787+00,2026-07-10 11:43:59.033659+00,pimienta-de-jamaica-25-g
119,2373,Ingredientes: Canela Molida.,,"Se utiliza molida o en rama, para aromatizar dulces y conservas de fruta, sobre todo en repostería, aunque también se utiliza en recetas de carne.",Revisar ingredientes y alérgenos en la etiqueta antes de consumir.,No especificado por el fabricante. Revisar siempre la etiqueta antes de consumir.,Combina bien con productos de repostería y bebidas calientes como café o infusiones.,,,2026-07-10 10:21:43.54809+00,2026-07-14 16:54:32.413656+00,canela-molida-70-g
120,2164,,,"Usar según necesidad para aromatizar infusiones, postres y platos culinarios.",Puede existir riesgo de trazas por manipulación a granel. Consultar alérgenos antes de consumir.,"Puede contener trazas de mostaza soja, sésamo y futos de cáscara.",,,,2026-07-10 10:21:49.383356+00,2026-07-10 11:53:33.049335+00,canela-en-rama-4-uds
121,3499,,,,Puede existir riesgo de trazas por manipulación a granel. Consultar alérgenos antes de consumir.,"

",Combina bien con verduras y especias para mejorar su sabor.,,,2026-07-10 10:21:55.239585+00,2026-07-10 12:01:35.482999+00,sopa-de-s-mola-con-verdura-250-g
122,3425,,"por cada 100g: 
Valor energético: 999 kJ/240 kcal Fibra alimentaria: 27,01 g Proteínas: 7,5 g Sal: 0,68 g Grasas: 1,83 g de las cuales saturadas: 0,35 g Hidratos de carbono: 44,7 g de los cuales azúcares: 26,4 g",Verter 15-20 grs. de sopa juliana en 1 litro de agua y llevar a ebullición. Dejar cocer durante 15 minutos a fuego lento. Sugerencia: se puede añadir caldo concentrado o un poco de aceite y sal marina.,,"Altramuces y prod. a base de altramuces, Apio y derivados, Cacahuetes, Frutos con cáscara, Gluten, Sésamo y prod. a base de sésamo, Soja y derivados",,,,2026-07-10 10:22:00.883071+00,2026-08-05 11:23:12.122819+00,sopa-juliana-125-g-2
123,2821,,,"Añadir al gusto en guisos, carnes o mariscos para potenciar el sabor picante y aromático.",Revisar ingredientes y alérgenos en la etiqueta antes de consumir.,No especificado por el fabricante. Revisar siempre la etiqueta antes de consumir.,Combina bien con recetas de cocina asiática y platos con curry.,,"Producto alimentario. Revisar siempre el etiquetado del fabricante, ingredientes, alérgenos, lote, fecha de consumo preferente y condiciones de conservación.",2026-07-10 10:22:06.051817+00,2026-07-10 10:22:06.051817+00,red-curry-artemis-bio-28-g
124,3339,Cúrcuma molida ecológica,,,,,,,,2026-07-10 10:22:11.525386+00,2026-07-14 17:47:14.799653+00,c-rcuma-85-g
125,1129,"Zanahoria* (41%), cebolla* (41%), apio* (8%), espinacas* (8%), perejil* (2%). *Procedente de cultivo ecológico.","por cada 100gr: 
Energía: 460kj/110kcal
Proteína: 5g
Grasa: 8,2g; de las cuales saturadas: 1,5g
Hidratos de carbono: 4,5g; de los cuales azúcares: 3,2g
Fibra: 65g
Sal: 1g","Se recomienda para 1 plato, poner a hervir 1/2 litro de agua, dos cucharadas de Sopa Juliana y dejar hervir durante 25 minutos. Sazonar al gusto. También pueden prepararse deliciosas sopas añadiendo arroz, pasta de sopa, etc.",,"Contiene apio. Puede contener trazas de gluten, soja, frutos secos y sésamo.",,,,2026-07-10 10:22:18.945184+00,2026-07-11 09:09:49.02062+00,sopa-juliana-125-g
126,877,Comino molido ecológico,,,,"contiene trazas de gluten, sésamo y mostaza",,,,2026-07-10 10:22:26.334412+00,2026-07-11 09:04:42.548458+00,comino-molido-75-g
128,3320,Ajo en polvo ecológico,,,,,,,,2026-07-10 10:22:41.510891+00,2026-07-11 08:56:24.471795+00,ajo-granulado-50-g
129,3099,"Eritritol, glucósidos de esteviol (28.8%), celulosa microscristalina, croscarmelosa sódica, L-Leucina.","Valor energético 297kJ/73kcal
Hidratos de carbono 43 g
Azúcares: 0 g
Grasas 0 g
Saturadas: 0 g
Proteinas 0 g
Sal 0,5 g",Añadir según el gusto para endulzar bebidas o alimentos.,,,,,,2026-07-10 10:22:47.535863+00,2026-08-06 12:15:20.576275+00,stevia-tabletas-250-uds-50-gratis
145,2372,"Ingredientes: Canela Ceylan Molida*.
*=de agricultura ecológica.",,,,,,,,2026-07-10 12:00:43.758787+00,2026-08-06 12:16:05.248035+00,canela-ceylan-molida-25-g
155,256,,,,,"Contiene sésamo. Puede contener trazas de gluten, frutos de cáscara, cacahuete, soja y leche y sus derivados.",,,,2026-07-13 09:28:03.712195+00,2026-07-16 18:49:47.559247+00,s-samo-natural-250-g
157,250,,,,,"Puede contener trazas de gluten, frutos de cáscara, cacahuete, soja, sésamo y leche y sus derivados.",,,,2026-07-13 09:39:48.191772+00,2026-08-10 19:26:02.255676+00,semillas-de-linaza-marr-n-250-g
158,254,,,,,"Puede contener trazas de gluten, frutos de cáscara, cacahuete, soja, sésamo y leche y sus derivados.",,,,2026-07-13 09:42:26.926056+00,2026-07-16 18:50:35.866462+00,semillas-de-calabaza-250-g
159,257,,,,,"Contiene sésamo. Puede contener trazas de gluten, frutos de cáscara, cacahuete, soja y leche y sus derivados.",,,,2026-07-13 09:45:50.715942+00,2026-07-16 18:48:59.530763+00,s-samo-tostado-250-g
160,2846,,,,,"Puede contener trazas de soja, gluten, frutos secos cacahuetes y altramuces",,,,2026-07-13 09:51:53.066695+00,2026-07-13 09:51:53.066695+00,s-samo-negro-250-g
161,3174,Semillas girasol pelado,"Análisis nutricional por 100 g de producto Valor energético: 2445 kJ/584 kcal Fibra alimentaria: 8,6 g Proteínas: 20,78 g Sal: 0,20 g Grasas: 51,46 g de las cuales saturadas: 4,46 g Hidratos de carbono: 20 g de los cuales azúcares: 2,62 g.","Las semillas de girasol se pueden tomar tal cual. En la cocina se suelen emplear para añadirlas a ensaladas, en batidos, con yogur o mueslis. También para preparar salsas, en panes y dulces. Las semillas de girasol pelado se pueden tostar en la sartén con tamari Biocop y luego salar ligeramente para servir como aperitivo. También se pueden caramelizar o emplear para condimentar ensaladas.",,"Altramuces y prod. a base de altramuces, Cacahuetes, Frutos con cáscara, Gluten, Sésamo y prod. a base de sésamo, Soja y derivados",Conservar en lugar fresco y seco,,,2026-07-13 09:58:05.40057+00,2026-08-05 10:31:41.07456+00,semillas-de-girasol-250-g
162,1885,,,,,"Puede contener trazas de otros frutos secos, cacahuete, sésamo y soja.",,,,2026-07-13 10:15:37.615099+00,2026-07-16 18:44:57.960485+00,harina-de-almendra-150-g
163,569,,,,,"Puede contener trazas de otros frutos secos, cacahuete, sésamo y soja",,,,2026-07-13 10:21:08.242166+00,2026-07-14 10:32:03.435179+00,almendra-laminada-100-g
164,2974,100% hojas de laurel* molidas. *Procedente de agricultura ecológica.,,,,Puede contener trazas de frutos de cáscara y mostaza.,,,,2026-07-13 10:30:27.762838+00,2026-07-16 18:41:21.049624+00,laurel-molido-50-g
165,253,,,,,"Puede contener trazas de gluten, frutos de cáscara, cacahuete, soja, sésamo y leche y sus derivados.",,,,2026-07-13 10:36:19.061375+00,2026-07-16 18:51:06.557263+00,semillas-de-amapola-150-g
166,1960,"Sal marina, manteca de Karité*, almidón de maíz*, carne de pollo deshidratada* 6.8%,azúcar de caña integral*, aroma natural de pollo, cebolla tostada*, grasa de pollo*1%, extracto de levadura, especias* (curcuma*, pimienta*), ajo*, romero*. *De agricultura biológica.","Análisis nutricional por 100 g de producto Valor energético: 1232 kJ / 296 kcal Fibra alimentaria: 0,4 g Proteínas: 5,0 g Sal: 49,79 g Grasas: 21,9 g de las cuales saturadas: 9,5 g Hidratos de carbono: 19,5 g de los cuales azúcares: 6,9 g","Modo de utilización: añadir 1 cubito en medio litro
de agua en ebullición y remover. Diluir al gusto.
Para una ración 1/2 cubito en 250 ml de agua.",,"Apio y derivados, Gluten, Huevos y prod.a base de huevos, Leche y derivados, Mostaza y derivados, Soja y derivados",,,,2026-07-13 15:57:50.193056+00,2026-07-16 18:44:20.879803+00,caldo-de-pollo-en-pastillas-6-uds
167,1848,,,,,"Puede contener trazas de soja, frutos de cáscara y sésamo.",,,,2026-07-13 16:00:34.802651+00,2026-08-06 12:13:51.311311+00,jengibre-en-polvo-80-g
168,3432,"Semillas girasol pelado*.
*De agricultura biológica.","Análisis nutricional por 100 g de producto Valor energético: 2445 kJ/584 kcal Fibra alimentaria: 8,6 g Proteínas: 20,78 g Sal: 0,20 g Grasas: 51,46 g de las cuales saturadas: 4,46 g Hidratos de carbono: 20 g de los cuales azúcares: 2,62 g","Las semillas de girasol se pueden tomar tal cual. En la cocina se suelen emplear para añadirlas a ensaladas, en batidos, con yogur o mueslis. También para preparar salsas, en panes y dulces. Las semillas de girasol pelado se pueden tostar en la sartén con tamari Biocop y luego salar ligeramente para servir como aperitivo. También se pueden caramelizar o emplear para condimentar ensaladas.",,"Altramuces y prod. a base de altramuces, Cacahuetes, Frutos con cáscara, Gluten, Sésamo y prod. a base de sésamo, Soja y derivados",,,,2026-07-13 16:04:41.302966+00,2026-08-05 11:21:47.638045+00,pipas-de-girasol-500-g
169,1836,100% Centeno en grano*. *Procedente de cultivo ecológico.,"Información Nutricional (por 100g)

Energía: 1430KJ/342Kcal
Proteína: 12g.
Grasa: 1.6g. De las cuales saturadas: 0.2g.
Hidratos de carbono: 69g. De los cuales azúcares: 1.1
Fibra: 6.4g.
Sal: 0.1g.",,,"Contiene gluten. Puede contener trazas de soja, frutos secos, sésamo y apio.",,,,2026-07-13 16:19:00.06454+00,2026-07-16 18:45:45.844592+00,centeno-en-grano-500-g
170,3273,,,,"Puede contener traas de otros frutos, cacahuete, sésamo y soja",,,,,2026-07-13 16:22:28.209277+00,2026-08-05 11:34:15.505219+00,almedra-repelada-150-g
173,1192,"Cantidad de nutrientes por dosis diaria recomendada (5 cápsulas): Cloruro de sodio: 1750 mg, del cual sodio: 700 mg. Extracto seco de granada: 500 mg, del cual punicalaginas: 150 mg. Óxido de magnesio: 333,33 mg, del cual magnesio: 200 mg (53,33% VRN*). Extracto seco de uva: 316 mg, del cual proantocianidinas: 300 mg. NewCaff™: 301,04 mg, del cual cafeína: 234,81 mg. Spectra™: 254 mg, del cual extracto de té verde: 31,04 mg y del cual (-)-3-galato de epigalocatequina (EGCG): 12,45 mg. Extracto seco de pino: 105,26 mg, del cual proantocianidinas: 100 mg. Vitamina C: 80 mg (100% VRN*). Cafeína anhidra: 65 mg.","Entre su amplio espectro de ingredientes destaca en primer lugar la cafeína, diseñada con un perfil de liberación bifásico al contener cafeína anhidra y cafeína de liberación sostenida NewCaff™, habitual en otros pre-entrenos de alta gama de BIG®, cuya combinación asegura una liberación constante de cafeína sin picos ni bajones que afecten al rendimiento durante el entreno.

En segundo lugar, TURRBO de BIG® contiene extractos naturales de más de 30 frutas, hierbas y hortalizas, combinados para producir diversos efectos vasodilatadores y protectores de la musculatura como son:

Efecto inhibidor de la ECA (enzima convertidora de la angiotensina), responsable de la vasoconstricción de los vasos sanguíneos, gracias al porte del extracto seco de granada que nos aporta punicalaginas, capaces de aumentar y sostener en el tiempo los niveles de óxido nítrico en sangre, favoreciendo la vasodilatación.
Efecto vasodilatador directo, gracias al aporte del extracto seco de uva y la corteza de pino, fuentes concentradas de polifenoles entre los que cabe destacar por su acción vasodilatadora las proantocianidinas, que no solo aumentan significativamente el nivel de óxido nítrico en sangre, sino que mejoran sustancialmente su biodisponibilidad.
Efecto antioxidante, resultante de la combinación de extractos naturales de la novedosa patente Spectra™ capaces de inhibir la acción de radicales libres, optimizando la actividad metabólica celular durante el entrenamiento y retrasando la aparición de la fatiga.
En tercer lugar, TURRBO de BIG® contiene dos minerales en su formulación: Magnesio, esencial en la liberación de prostaciclinas con efecto vasodilatador, a la vez que actúa sinérgicamente con el resto de componentes inhibidores de la ECA; y Sodio, cuya función es la de expandir el plasma sanguíneo y actuar como voluminizador a la vez que ayuda a bloquear levemente el retorno venoso, favoreciendo la calidad y duración de las congestiones.

Por último, una pequeña cantidad de vitamina C multiplica el efecto antioxidante del resto de componentes de la novedosa formulación TURRBO de BIG®, sin llegar a afectar negativamente a las adaptaciones del entreno o a la hipertrofia muscular.",,Contiene cafeína (299.81mg/dosis) por lo que no está recomendado para niños ni mujeres embarazadas.,,,"Este suplemento está indicado para personas con un estilo de vida activo y unas expectativas definidas en cuanto a incrementar la calidad y resultado de sus entrenos. No dudes en consultar la información que publicamos en nuestra sección de blog para conocer en profundidad los efectos positivos de TURRBO. Alternativamente, puedes consultar directamente con el equipo desarrollador de este suplemento a través de sus redes sociales.",,2026-07-13 17:50:42.247006+00,2026-07-14 10:37:11.478957+00,turbo-131-g
174,1878,"Maltodextrina, beta-alanina, L-arginina clorhidrato, monohidrato de creatina-Creapure®, regulador de acidez- ácido cítrico E-330, L-glutamina, taurina, fosfato tricálcico, extracto seco de guaraná (12 % de cafeína), L -tirosina, concentrado de proteína de suero hidrolizada- Hydrovon®, pH-regulator® (ciruela umeboshi exto. seco, citrato de potasio, citrato de calcio, citrato de sodio, citrato de magnesio), NewCAFF microcapsulas(Cafeína, mono y digliceridos de los ácidos grasos E-471(emulsionante), AstraGin™(Panax notoginseng (raices), Astragalus membranaceus (raices), dióxido de silicio - antiaglomerante, edulcorante – sucralosa (E-955), Vitamina B1 (tiamina) Vitamina B6 (piridoxina HCl), Vitamina B12 (cianocobalamina).","Valor energético  1017,8kj/ 243,5Kcal Grasas  1,3g De las cuales saturada  1,25g Hidratos de carbono  37,5g De los cuales azúcares  4,5g Fibra alimentaria  1g Proteínas 20g Sal  0,5g INFO NUTRICIONAL  20g Beta Alanina  2275mg L- Arginina HCL  2275mg Creatina Creapure®  1575mg L-glutamina  1045mg Fósfato tricálcico  675mg L- Taurina  525mg L tirosina  525mg Guaraná Exto seco  500mg de la cual cafeína  60mg pH Regulator®  250mg New Caff  150mg de la cual cafeína  109,5mg AstraGin  25mg Niacina  2mg VitaminaB6  0,46mg VitaminaB1  0,36mg VitaminaB12  0,83 ug.



Cantidad de nutrientes por dosis diaria recomendada (20 g): Beta Alanina: 2275 mg. L-Arginina HCL: 2275 mg. Creatina Creapure®: 1575 mg. L-Glutamina: 1045 mg. Fosfato tricálcico: 675 mg. L-Taurina: 525 mg. L-Tirosina: 525 mg. Extracto seco de Guaraná: 500 mg, de la cual cafeína: 60 mg. pH Regulator®: 250 mg. New Caff™: 150 mg, de la cual cafeína: 109,5 mg. AstraGin™: 25 mg. Niacina: 2 mg (12,5% VRN*). Vitamina B6: 0,46 mg (32,8% VRN*). Vitamina B1: 0,36 mg (32,7% VRN*). Vitamina B12: 0,83 µg (33,2% VRN*).",Añadir 1 porción (20gramos = 1medida) a 300ml de agua. Tomar 30 minutos antes del entrenamiento.,"Los complementos alimenticios no deben utilizarse como sustitutos de una dieta equilibrada. Una dieta variada y equilibrada y un estilo de vida saludable son importantes. No superar la dosis diaria expresamente recomendada. Mantener fuera del alcance de los niños más pequeños. Conservar en lugar fresco y seco. Procesado en una fábrica donde se procesa: leche, soja, huevo y gluten.",,Este suplemento está indicado para personas con un estilo de vida activo y unas expectativas definidas en cuanto a mejorar el rendimiento en sus sesiones de entrenamiento. No dudes en consultar la información que publicamos en nuestra sección de blog para conocer en profundidad los efectos positivos de MAMBO.,,,2026-07-13 18:02:54.630764+00,2026-07-13 18:02:54.630764+00,mambo-manzana-verde-400-g
180,526,"Beta-Alanina (Carnosyn®), L-Arginina (alfa ceto glutarato (AKG)), Citrulina malato, Aromas, Taurina, Ácido cítrico E-330 (corrector de acidez), Cafeína anhidra, Dextrosa, Glucuronolactona, Ácido L-ascórbico (Vitamina C), Bicarbonato de potasio, Fosfato potásico, Dióxido de silicio (antiaglomerante), Fosfato de magnesio, pH-regulator® (Ciruela umeboshi extracto seco, citrato de potasio, citrato de calcio, citrato de sodio, citrato de magnesio), Caseína (LECHE) hidrolizada (PeptoPro®), Sucralosa E-955 (edulcorante), Ácido nicotínico (Niacina), Clorhidrato de piridoxina (Vitamina B6), Colorantes (tartrazina E-102,  rojo Ponceau E-124 y azul brillante FCF E-133), Selenito de sodio, Cianocobalamina (Vitamina B12).","Información nutricional por 100 g (sabor Pump Flavor): Beta-alanina (Carnosyn®): 33,3 g. L-Arginina AKG: 16,6 g. Citrulina Malato: 12,5 g. Taurina: 8,3 g. Cafeína: 3,3 g. Glucuronolactona: 1,6 g. Ácido ascórbico: 1,6 g. Fosfato potásico: 1,5 g. Bicarbonato potásico: 1,5 g. Fosfato de magnesio: 0,8 g. Caseína hidrolizada (PeptoPro®): 0,4 g. Vitamina B3 (Niacina): 166 mg. Vitamina B6 (Clorhidrato de Piridoxina): 66,6 mg. Selenito de sodio: 0,45 mg. Vitamina B12: 0,08 mg.",Tomar 1 porción al día (6g) con 150-200mL de agua. Tomar 30 minutos antes de la práctica de actividad física,,"Leche y sus derivados. Procesado en una fábrica donde se procesa: leche, soja, huevo y gluten/",,,,2026-07-13 18:14:59.875585+00,2026-07-31 16:36:59.911703+00,nitrospeed-lollipop-350-g
181,2156,"L-citrulina 14%, beta alanina 13%, bitartrato de colina, gluconato de magnesio, clorhidrato de L-arginina 7,4%, agente de carga (polidextrosa), acidulante (ácido málico), aromas, sales potásicas de ácido ortofosfórico, sales cálcicas de ácido cítrico, citrato de sodio, cloruro de potasio, L-tirosina 2,3%, betaína, acidulante (ácido cítrico), antiaglomerante (dióxido de silicio), preparado de extracto de Ashwagandha [extracto de raíz de Ashwagandha (Withania somnifera) 0,79%, maltodextrina], ácido L-ascórbico, edulcorante (sucralosa), sal común, extracto de raíz de ginseng coreano (Panax ginseng) 0,18%, D-pantotenato cálcico, ácido nicotínico, colorantes (tartrazina, Rojo Allura AC)1, clorhidrato de piridoxina, cianocobalamina. 1Tartrazina, Rojo Allura AC: puede tener efectos negativos sobre la actividad y la atención de los niños.
Elaborado en una fábrica que produce alimentos que contienen leche, huevos, soja, cacahuete, nueces, apio, pescado, crustáceos, moluscos y dióxido de azufre.","Cantidad de nutrientes por dosis diaria (11 g): L-Citrulina: 1535 mg. Malato (ácido málico): 667 mg. Beta alanina: 1400 mg. Clorhidrato de L-arginina: 813 mg, del cual L-arginina: 673 mg. L-Tirosina: 250 mg. Niacina (ácido nicotínico): 40 mg (25% VRN*). Vitamina B6: 1,4 mg (100% VRN*). Vitamina C: 80 mg (100% VRN*). Extracto de Panax ginseng: 19,5 mg, del cual ginsenósidos: 3,9 mg. Betaína: 241 mg. Colina: 490 mg. Ácido pantoténico: 6,0 mg (100% VRN*). Vitamina B12: 2,5 µg (100% VRN*). Extracto de raíz de Ashwagandha: 87 mg, del cual withanólidos: 1,5 mg. Potasio: 405 mg (20% VRN*). Calcio: 120 mg (15% VRN*). Cloruro: 150 mg (19% VRN*). Magnesio: 60,0 mg (16% VRN*). Fósforo: 150 mg (15% VRN*). Sodio: 115 mg.",,,,,,,2026-07-13 18:21:41.168858+00,2026-07-16 11:03:42.440977+00,bebida-en-polvo-pump-caffeine-free-fruta-tropical-330-g
182,1903,"Ingredientes: Maltodextrina, L-citrulina-DL-malato 2:1, extracto seco de Amaranto Oxystorm® (Amaranthus hypochondriacus, hojas), antiaglomerante: dióxido de silicio, aroma, extracto seco de Rhodiola Rosea (Rhodiola Rosea L., raíz), extracto seco de Té verde (Camellia Sinensis (L.) Kuntze (L.) Kuntze., hojas) valorado en L-teanina, cloruro de sodio, cafeína anhidra, edulcorante: sucralosa, fenilcapsaicina microencapsulada aXivite® y extracto seco de Pimienta negra Bioperine® (Piper nigrum L., fruto) 95% de piperina.","Cantidad de nutrientes por servicio (25 g): Valor energético: 47 kcal. Grasas: 0 g, de las cuales saturadas: 0 g. Hidratos de carbono: 11 g, de los cuales azúcares: 1,5 g. Proteínas: 0,8 g. Fibra: 0,2 g. L-Citrulina-DL-Malato 2:1: 8 g. Extracto seco de Amaranto Oxystorm®: 4 g. Potasio: 560 mg. Nitratos: 360 mg. Extracto seco de Rhodiola rosea: 600 mg. Cafeína anhidra: 297,5 mg. Extracto seco de té verde: 500 mg, del cual 3-galato de epigalocatequina (EGCG): 2,5 mg y cafeína: 2,5 mg. L-Teanina: 200 mg. Sodio: 240 mg. Cloro: 360 mg (45% VRN*). Fenilcapsaicina Axivite®: 0,625 mg. Extracto seco de pimienta negra BioPerine®: 10,53 mg, del cual piperina: 10 mg.",Disolver 25 g (2 cazos) en 250 ml de agua o zumo. Tomar 1 hora antes del entrenamiento.,"Producto para uso en adultos. Los complementos alimenticios no deben utilizarse como sustitutos de una dieta equilibrada y un estilo de vida saludable. Este producto no está diseñado para diagnosticar, tratar o prevenir ninguna enfermedad. No superar la dosis diaria expresamente recomendada. Mantener fuera del alcance de los niños más pequeños. No debe consumirse una cantidad diaria de 800 mg o más de 3-galato de epigalocatequina. No debe consumirse si ya se consumen en el mismo día otros productos que contengan té verde. No debe ser consumido por mujeres embarazadas o en periodo de lactancia, ni por menores de 18 años. Tampoco debe tomarse con el estómago vacío.","Aunque este producto no contiene gluten, leche, pescado, sulfitos y soja, se fabrica en una instalación que procesa ingredientes que sí los contienen.","Se recomienda tomar un Life Pro Wild Pump, al ser un pre entreno con cafeína, en un periodo de tiempo antes del entrenamiento de entre 20 minutos a 1 hora, y tratando de evitarlo en horas cercanas al sueño (4 a 6 horas).

Life Pro Wild Pump aporta 300 mg de cafeína. Cada persona tiene una sensibilidad a la cafeína distinta. La dosis de cada persona puede variar. Consumir un pre entreno con cafeína horas cercanas al sueño puede interferir en la calidad del sueño y del descanso.",,,2026-07-13 18:28:46.756536+00,2026-07-16 17:45:31.733284+00,wild-pump-lim-n-400-g
183,3158,"Clorhidrato de L-arginina 24%, beta alanina 18%, taurina 13%, L-citrulina 11%, acidulante (ácido málico), monohidrato de creatina micronizado 11%, aromas, cafeína anhidra 2,1%, antiaglomerante (dióxido de silicio), edulcorantes (sucralosa, acesulfamo K), agente de carga (polidextrosa), gasificante (carbonatos de sodio), niacina (ácido nicotínico), óxido de zinc, correctores de la acidez (óxido de magnesio, citratos de calcio), colorantes (tartrazina1, indigotina), vitamina B6 (clorhidrato de piridoxina). 1Tartrazina: puede tener efectos negativos sobre la actividad y la atención de los niños.

Elaborado en una fábrica que produce alimentos que contienen leche, huevos, gluten, soja, crustáceos, dióxido de azufre y nueces.","Cantidad de nutrientes por dosis diaria (4,7 g): Clorhidrato de L-arginina: 1125 mg, del cual L-arginina: 930 mg. Beta alanina: 700 mg. L-Citrulina: 663 mg. Taurina: 590 mg. Malato (ácido málico): 511 mg. Monohidrato de creatina micronizado: 507 mg, del cual creatina: 446 mg. Cafeína anhidra: 100 mg. Niacina (ácido nicotínico): 5,0 mg (31% VRN*). Zinc: 3,0 mg (30% VRN*). Vitamina B6: 0,40 mg (29% VRN*).","Mezcla 9,4 g (2 cucharas dosificadoras rasas = 1 cucharada sopera rasa) de polvo en 200 ml de agua y consume 15 minutos antes del entrenamiento. Recomendamos utilizar una botella mezcladora. ¡No exceder la dosis diaria recomendada! Usa un shaker.","Alto contenido de cafeína. (200 mg de cafeína/ración, 100 mg de cafeína/100 ml de bebida lista para consumir) No se recomienda su uso a niños y mujeres embarazadas o en periodo de lactancia. No se recomienda su uso a personas que padecen de enfermedades cardiovasculares, incluida la hipertensión o a los sensibles a la cafeína. No se recomienda el consumo de este producto a personas que padecen de una enfermedad subyacente o toman medicación. ¡No consumir con ningún otro producto con cafeína en el mismo día! El producto no es un sustituto de una dieta variada y equilibrada, ni de un estilo de vida activo.",,,,,2026-07-13 18:32:11.154843+00,2026-07-15 18:11:00.336272+00,supernova-pera-manzana-282-g
184,3160,"Leucina (19,4%), clorhidrato de L-lisina (18,6%), cubierta de la cápsula [gelatina, agente de recubrimiento (goma laca), colorante (óxidos e hidróxidos de hierro), corrector de la acidez (hidróxido de amonio), corrector de la acidez (hidróxido de potasio)], valina (13%), L-fenilalanina (12,5%),  isoleucina (10%), L-treonina (7,5%), L-histidina hidroklorid (6%), L-metionina (5%), agente de carga (gel de celulosa), L-triptófano (2%), antiaglomerantes (sales magnésicas de ácidos grasos, dióxido de silicio).",Cantidad de nutrientes por dosis diaria (4 cápsulas): Leucina: 697 mg. L-Lisina: 535 mg. Valina: 465 mg. L-Fenilalanina: 447 mg. L-Isoleucina: 358 mg. L-Treonina: 268 mg. L-Metionina: 179 mg. L-Histidina: 160 mg. L-Triptófano: 72 mg.,Ingerir 4 veces 1 cápsula al día con un vaso grande de agua. No exceder la dosis recomendada.,Mantener fuera del alcance de los niños más pequeños. Los complementos alimenticios no deben utilizarse como sustitutos de una dieta equilibrada y variada y por un modo de vida sano.,"Elaborado en una fábrica que produce alimentos que contienen leche, huevos, gluten, soja, crustáceos, pescado, dióxido de azufre y nueces.",,,,2026-07-13 18:51:38.273819+00,2026-07-15 17:59:30.212971+00,eea-200-uds
185,3677,Ingredientes: sirope de agave* (Agave azul tequilana weber). Puede contener soja.,"Información nutricional por 100 g: Grasas: 0 g, de las cuales saturadas: 0 g. Hidratos de carbono: 76 g, de los cuales azúcares: 76 g. Fibra: 2,3 g. Proteínas: 0 g.",,,,,,,2026-07-14 11:03:21.215434+00,2026-08-06 12:14:04.243862+00,sirope-de-agave-360-g
186,3195,"Harina de Trigo Sarraceno* y Agua. Cocción 5-7 Min.
(*) Procedente de Agricultura Ecológica","Valor energético: 1523 kJ/360 kcal Hidratos de carbono: 68 g, de los cuales azúcares: 0,3 g. Grasas: 3,2 g, de las cuales saturadas: 0,7 g. Proteínas: 13 g. Fibra: 3,5 g. Sal: 0,002 g.",,,,,,,2026-07-14 11:13:58.700345+00,2026-07-16 18:39:06.185076+00,pasta-tagliatelle-de-trigo-sarraceno-250-g
187,1396,"masa de cacao*, manteca de cacao*, azúcar de flor de coco* 7 %

Sólidos de cacao: mínimo
92 % Puede contener componentes de frutos secos, leche y gluten.
*de agricultura
ecológica DE-ÖKO-013","Información nutricional por 100 g: Valor energético: 2733 kJ / 653 kcal. Grasas: 60 g, de las cuales saturadas: 37 g. Hidratos de carbono: 13 g, de los cuales azúcares: 7 g. Proteínas: 10 g. Sal: 0,03 g.",,,,,,,2026-07-14 11:46:48.031266+00,2026-07-14 16:36:42.210924+00,chocolate-negro-92-80-g
188,3684,"extracto seco de hojas y tallos de salvia (Salvia officinalis L.), cápsula vegetal: agente de recubrimiento (hidroxipropilmetilcelulosa), esteroles vegetales (de aceite de soja, 12820,5 mg/100 g), extracto seco de bulbo de  ajo (Allium sativum L.), ácido L-ascórbico (vitamina C), arroz fermentado con  levadura roja (Monascus purpureus), agente de carga (celulosa microcristalina), coenzima Q10 (ubiquinona), acetato de DL-alfa-tocoferilo (vitamina E), extracto seco de savia de caña de azúcar (Saccharum officinarum L.), D-pantotenato cálcico (ácido pantoténico-vitamina B5), nicotinamida (niacina - vitamina B3), antiaglomerantes (sales magnésicas de ácidos grasos, dióxido de silicio)","Cantidad de nutrientes por dosis diaria recomendada (1 cápsula): Extracto de Salvia: 150 mg, del cual ácido rosmarínico: 3,75 mg. Esteroles vegetales: 100 mg. Extracto de ajo: 100 mg, del cual aliína: 2 mg. Vitamina C: 80 mg (100% VRN*). Arroz de levadura roja: 50,87 mg, del cual monacolinas totales: 2,9 mg y monacolina K: 2,54 mg. Extracto de Astrágalo: 50 mg, del cual polisacáridos: 8 mg. Coenzima Q10: 12 mg. Vitamina E: 30 mg. Extracto de caña de azúcar: 20 mg, del cual policosanol: 19,6 mg y octacosanol: 2 mg. Niacina: 16 mg (100% VRN*).",Tomar 1 cápsula al día con un vaso de agua.,"Los complementos alimenticios no deben utilizarse como sustituto de una dieta variada y equilibrada y un modo de vida saludable. No superar la dosis diaria recomendada. Mantener fuera del alcance de los niños más pequeños. Complemento alimenticio destinado exclusivamente a personas que desean reducir su nivel de colesterol en sangre. Evitar un consumo superior a 3g/día de esteroles o estanoles vegetales añadidos. Consulte a su médico en caso de estar bajo tratamiento para reducir la colesterolemia. Este complemento alimenticio debe utilizarse como parte de una dieta equilibrada y variada que incluya el consumo regular de fruta y verdura para ayudar a mantener los niveles de carotenoides. No debe consumirse la cantidad diaria de 3 mg de monacolinas procedentes del arroz fermentado con levadura roja o más.No debe ser consumido por mujeres embarazadas o en período de lactancia, niños y adolescentes menores de 18 años ni adultos mayores de 70 años. Si experimenta algún problema de salud, consulte a su médico sobre el consumo de este producto. No debe consumirse junto con medicación para reducir el colesterol. No debe consumirse si ya se consumen otros productos que contienen arroz fermentado con levadura roja. No recomendado en personas bajo tratamiento anticoagulante ni en mujeres que tengan antecedentes personales de cáncer de mama. Conservar el envase bien cerrado en un lugar fresco y seco.",,,,,2026-07-14 11:55:03.948354+00,2026-07-15 07:57:26.218123+00,levadura-de-arroz-rojo-23-4-g
189,1455,,"por 100 g:
385 kcal (1627 kJ)
Proteinas 13,7 gr
Hidratos de carbono 65 gr
Azúcar 0,12 g.
Grasas 7,5 gr
Saturadas 3,2 g.
Fibra 7 gr
Sodio 0,2 g.
Colesterol inapreciable

por Biscote: 
32,7 kcal (138 kJ)
Proteinas 1,18 gr
Hidratos de carbono 5,6 gr
Azúcar 0,01 g.
Grasas 0,6 gr
Saturadas 0,28 g.
Fibra 0,6 gr
Sodio 0,02 g.
Colesterol inapreciable",,,,,,,2026-07-14 11:59:49.043732+00,2026-07-14 16:50:44.765321+00,pan-tostado-integral-con-lino-270-g
199,1452,"Harina de trigo espelta 100%
Aceite de Oliva Virgen Extra.
Levadura.
Sal marina.
SIN AZÚCAR AÑADIDO","383 kcal (1620 kJ)
Proteinas 11 gr
Hidratos de carbono 70 gr
Azúcar 3 g.
Grasas 6 gr
Saturadas 2 g.
Fibra 17 gr
Sodio 0,6 g.
Colesterol inapreciable",,,,,,,2026-07-14 16:47:55.869699+00,2026-07-14 16:51:49.707943+00,pan-tostado-espelta-270-g
200,1456,"Harina de trigo.
Harina de multicereales.
Semillas multicereales: cebada,avena,centeno,mijo,lino.
Aceite de Oliva Virgen Extra.
Gluten de trigo.
Levadura
SIN AZUCAR AÑADIDO","408 kcal (1726 kJ)
Proteinas 10 gr
Hidratos de carbono 75 gr
Azúcar 2 gr
Grasas 8 gr
Saturadas 2 g
Fibra 8 gr
Sodio 0,6 g
Colesterol inapreciable",,,,,,,2026-07-14 16:50:27.766707+00,2026-07-14 16:50:27.766707+00,pan-tostado-multicereales-270-g
203,1453,"Elaborado con harina integral ecológica, nuestro biscote es una excelente fuente de fibra, ayudando a una digestión equilibrada. Además, es rico en carbohidratos complejos, proporcionando energía sostenida sin picos de azúcar, ideal para comenzar el día con vitalidad.

Cultivados sin pesticidas ni químicos, respetando el medioambiente y tu bienestar. Su receta natural y equilibrada garantiza un alimento ligero y saludable.

Un tostado perfecto que realza su textura crujiente y su sabor inconfundible. Perfecto para veganos y personas que buscan una alimentación saludable.

Disfrútalo con mermeladas, aguacate, quesos o simplemente solo o como un snack saludable para niños y adultos a cualquier hora del día.

Su alto contenido en fibra ayuda a controlar el apetito, evitando antojos innecesarios.

Producido de forma sostenible, con envases reciclables y procesos responsables.","385 kcal (1627 kJ)
Proteinas 13,7 gr
Hidratos de carbono 65 gr
Azúcar 0,12 g.
Grasas 7,5 gr
Saturadas 3,2 g.
Fibra 7 gr
Sodio 0,2 g.
Colesterol inapreciable",,,,,,,2026-07-14 16:52:31.21871+00,2026-08-10 19:17:43.564757+00,pan-tostado-integral-270-g
208,3400,"Edulcorante (100% Eritritol* (E-968)).
*Procedente de agricultura ecológica.",,"Sustituto del azúcar para endulzar bebidas, postres o para hornear.
100 g de azucar equivalen aproximadamente a 130-140 g de eritritol.",,Puede contener trazas de frutos de cáscara y sésamo.,"Conservar en lugar fresco (por debajo de 18ºC), seco, protegido de la luz solar y aislado del
suelo. Consumir preferentemente antes de la fecha indicada en el envase.",,,2026-07-14 17:09:16.734474+00,2026-08-05 11:24:25.270585+00,eritritol-500-g-2
209,3680,"Polvo de algas kelp salvaje*.
*Procedente de agricultura ecológica","Información nutricional por 100 g: Valor energético: 1024 kJ / 244 kcal. Grasas: 2,9 g, de las cuales saturadas: 0,6 g. Hidratos de carbono: 8,7 g, de los cuales azúcares: 1,2 g. Fibra: 49 g. Proteínas: 5,7 g. Sal: 6,8 g. Vitamina E: 9,4 mg (78% VRN*). Ácido fólico (Vitamina B9): 90 µg (45% VRN*). Calcio: 1400 mg (175% VRN*). Hierro: 77,5 mg (557% VRN*). Magnesio: 710 mg (189% VRN*). Potasio: 2500 mg (125% VRN*). Yodo: 76,9 mg (51266% VRN*).

Nota: el valor de Yodo: 76,9 mg (51266% VRN) parece muy probablemente un error de la etiqueta. Lo habitual sería 76,9 µg, que equivaldría aproximadamente al 51% del VRN. Conviene comprobar el envase original.",,,Puede contener trazas de frutos de cáscara y sésamo.,,,,2026-07-14 17:13:56.227218+00,2026-08-05 11:10:53.85369+00,alga-kelp-en-polvo-100-g
210,3681,"Lentejas rojas*
*Procedente de agricultura ecológica.","Información nutricional por 100 g: Valor energético: 1515 kJ / 362 kcal. Grasas: 2,1 g, de las cuales saturadas: 0 g. Hidratos de carbono: 60 g, de los cuales azúcares: 1,5 g. Fibra alimentaria: 11 g. Proteínas: 26 g. Sal: 0 g.","1) Lavar las lentejas secas con un colador debajo del grifo y enjuagarlas bien.
2) Verter las lentejas rojas lavadas en una cacerola para cocinarlas y poner agua (2,5 o 3 tazas por cada taza de lentejas).
3) Hervir el agua, bajando el fuego cuando rompa hervir y cocinarlas a fuego lento, revolverlas de vez en cuando para que no se peguen.
4) Sacar las lentejas del fuego. Las lentejas rojas estarán cocinadas en aproximadamente 25 minutos. La manera de saber que están listas es cuando se convierten en un puré espeso.
5) Sazonar a gusto.
6) Servir en un plato que combine con lentejas rojas. Se suelen usar para complementar otros platos, pero se puede comer solo las lentejas.",,"Puede contener trazas de frutos de cáscara, gluten y sésamo.",,,,2026-07-14 17:17:11.370031+00,2026-08-05 11:09:54.176074+00,lentejas-rojas-a-mitades-500-g
213,3040,,,"Añade una cucharada al café, bebidas o utilízalo
como aderezo para tus ensaladas","Almacenar en un lugar fresco.Usar en crudo, nunca utilizar para cocinar",,,,,2026-07-14 17:21:38.893779+00,2026-07-15 08:00:50.257855+00,aceite-mct-coco-puro-100-500-ml
214,3678,"Ingredientes: Cáscara de cacao*, Algarroba tostada*, Te matcha*(20%) y Pistacho*.

*Procedente de la agricultura ecológica.",,,,,,,,2026-07-14 17:33:14.297235+00,2026-07-15 07:59:56.286744+00,t-de-matcha-dubai-75-g
218,75,"Acqua, acqua di cocco da concentrato* (40%), latte di cocco* (8%) (cocco* (4,8%), acqua, stabilizzante: gomma di guar*), stabilizzanti: gomma di guar*, gomma di gellano, aroma naturale di cocco, sale marino. (=*biologico)

Para celíacos. Para intolerantes a la lactosa y a las proteínas de vaca.","Información nutricional por 100 ml: Valor energético: 80 kJ / 19 kcal. Grasas: 1,3 g, de las cuales saturadas: 1,1 g. Hidratos de carbono: 1,7 g, de los cuales azúcares: 1,2 g. Fibra alimentaria: 1,3 g. Proteínas: <0,5 g. Sal: 0,1 g.",,,,,,,2026-07-14 17:52:26.973522+00,2026-07-15 08:02:23.382349+00,bebida-supreme-coco-1-l
219,3685,"Vinagre de vino y mosto concentrado* (100%)
*Ingredientes procedentes de la Agricultura Ecológica
«Este producto es elaborado en la misma línea de envasado que aceites de frutos secos, sésamo y soja.Contiene sulfitos»",,,,,,,,2026-07-14 17:55:52.384767+00,2026-07-15 08:59:03.235463+00,vinagre-bals-mico-250-ml
220,1901,"Ingredientes: Cúrcuma, Pimentón dulce. Romero, Sal, Ajo, Azafrán.",,,,,,,,2026-07-14 17:59:55.457136+00,2026-07-15 08:01:13.794348+00,sazonador-de-paella-35-g
221,899,Ingredientes: Pimienta Blanca.,,,,,,,,2026-07-14 18:03:33.422722+00,2026-07-15 08:01:38.154735+00,sazonador-barbacoa-45-g
222,3679,"Ingredientes: Remolacha*, Té Matcha* (30%) e Hibisco*.

*Procedente de la agricultura ecológica.",,,,,,,,2026-07-14 18:06:56.588846+00,2026-07-15 07:59:33.962241+00,t-de-matcha-roja-75-g
239,3159,"Clorhidrato de L-arginina 24%, beta alanina 18%, taurina 13%, L-citrulina 11%, acidulante (ácido málico), monohidrato de crea-tina micronizado 11%, aromas, cafeína anhidra 2,1%, antiaglomerante (dióxido de silicio), agente de carga (polidextrosa), edulcorantes (sucralosa, acesulfamo K), gasificante (carbonatos de sodio), niacina (ácido nicotínico), óxido de zinc, correctores de la acidez (óxido de magnesio, citratos de calcio), colorantes (tartrazina1, indigotina), vitamina B6 (clorhidrato de piridoxina). 1Tartrazina: puede tener efectos negativos sobre la actividad y la atención de los niños.

Elaborado en una fábrica que produce alimentos que contienen leche, huevos, gluten, soja, crustáceos, dióxido de azufre y nueces.","Cantidad de nutrientes por dosis diaria (4,7 g): Clorhidrato de L-arginina: 1125 mg, del cual L-arginina: 930 mg. Beta alanina: 700 mg. L-Citrulina: 663 mg. Taurina: 590 mg. Malato (ácido málico): 511 mg. Monohidrato de creatina micronizado: 507 mg, del cual creatina: 446 mg. Cafeína anhidra: 100 mg. Niacina (ácido nicotínico): 5,0 mg (31% VRN*). Zinc: 3,0 mg (30% VRN*). Vitamina B6: 0,40 mg (29% VRN*).","Mezcla 9,4 g (2 cucharas dosificadoras rasas = 1 cucharada sopera rasa) de polvo en 200 ml de agua y consume 15 minutos antes del entrenamiento. Recomendamos utilizar una botella mezcladora. ¡No exceder la dosis diaria recomendada! Usa un shaker.","ATENCIÓN: ***Alto contenido de cafeína. (200 mg de cafeína/ración, 100 mg de cafeína/100 ml de bebida lista para consumir) No se recomienda su uso a niños y mujeres embarazadas o en periodo de lactancia. No se recomienda su uso a personas que padecen de enfermedades cardiovasculares, incluida la hipertensión o a los sensibles a la cafeína. No se recomienda el consumo de este producto a personas que padecen de una enfermedad subyacente o toman medicación. ¡No consumir con ningún otro producto con cafeína en el mismo día! El producto no es un sustituto de una dieta variada y equilibrada, ni de un estilo de vida activo.",,,,,2026-07-15 18:08:08.906715+00,2026-07-15 18:10:26.943051+00,supernova-melocot-n-282-g
243,3691,"Péptido de glutamina (contiene trigo) 87%, cubierta de la cápsula [gelatina,agente de recubrimiento (goma laca), colorante (óxidos e hidróxidos de hierro), corrector dela acidez (hidróxido de amonio), corrector de la acidez (hidróxido de potasio)], antiaglomerantes(sales magnésicas de ácidos grasos, dióxido de silicio).
Elaborado en una fábrica que produce alimentosque contienen leche, huevos, gluten, soja, crustáceos, dióxido de azufre y nueces.",,Recomendación de uso: Consumir 3x3 cápsulas por día. ¡No pasar la cantidad diaria de consumo recomendada!,"ADVERTENCIAS: ¡Mantenga el producto fuera del alcance de niños pequeños! El complemento nutritivo no sustituye la alimentación equilibrada y variada, ni la forma de vida sana.",,,,,2026-07-15 18:21:23.53693+00,2026-07-15 18:21:23.53693+00,p-ptidos-de-glutamina-180-uds
244,3690,"Ácido D-aspártico 47,5%, L-carnitina-L-tartrato 12%, clorhidrato de L-arginina 9,7%, L-glutamina 7,9%, clorhidrato de L-lisina 7,9%, clorhidrato de L-ornitina 5,5%, aromas, agente de carga (polidextrosa), óxido de magnesio, edulcorante (sucralosa), antiaglomerante (dióxido de silicio), gasificante (carbonatos de sodio), vitamina B5 (D-pantotenato cálcico), óxido de zinc, colorantes (tartazina, Rojo Allura AC)1, vitamina B6 (clorhidrato de piridoxina). 1Tartrazina, Rojo Allura AC: Puede tener efectos negativos sobre la actividad y la atención de los niños.
Elaborado en una fábrica que produce alimentos que contienen leche, huevos, gluten, soja, cacahuete, nueces, apio, pescado, crustáceos, moluscos y dióxido de azufre.",,Uso recomendado: Mezcla una ración (6 g = 1 cuchara dosificadora colmada = 1 cucharada sopera) en 200 ml de agua y consúmela antes de acostarte. ¡No exceder la dosis recomendada! Usa un shaker.,ADVERTENCIAS: Mantener fuera del alcance de los niños más pequeños. El producto no debe utilizarse como sustituto de una dieta equilibrada y variada y por un modo de vida sano. Recomendado sólo para hombres mayores de 18 años. No recomendado para personas con afecciones médicas o que toman medicamentos. No superar la dosis diaria expresamente recomendada,,,,,2026-07-15 18:28:16.665703+00,2026-07-15 18:28:16.665703+00,tst-gh-bebida-de-polvo-naranja-300-g
245,3689,"Colágeno hidrolizado 29%, cloruro de potasio del sulfato de la glucosamina (crustáceos) 12%, MSM 12% [metilsulfonilmetano , antiaglomerante (dióxido de silicio)], sales cálcicas de ácido ortofosfórico, sulfato de condroitina 7,8%, acidulante (ácido cítrico), Chondractive® cartílago hidrolizado en polvo 5,8%, agente de carga (polidextrosa), extracto de raíz de Harpagophytum procumbens 2,9%, extracto de raíz de huevo en polvo 2,5%, aromas, extracto de resina de Boswellia serrata 1,4%, extracto de rizoma de Curcuma longa 1,2%, sal, ácido L-ascórbico, edulcorante (sucralosa), ácido hialurónico, colorantes (azorrubina1, negro brillante PN, indigotina), menaquinona K2VITAL®, preparado de vitamina D [almidón de maíz, espesante (goma arábiga), antiaglomerante (dióxido de silicio), antioxidantes (ascorbato sódico, extracto rico en tocoferoles), colecalciferol]. 1Puede tener efectos negativos sobre la actividad y la atención de los niños.
Elaborado en una fábrica que produce alimentos que contienen leche, huevos, gluten, soja, cacahuete, nueces, apio, pescado, crustáceos, moluscos y dióxido de azufre.",,"Uso recomendado: Tomar 1 ración (17 g = 3 dosificadores colmados = 2 cucharadas soperas colmadas) al día, diluida en 350 ml de agua en un bote mezclador. ¡No exceder la dosis diaria recomendada!","ADVERTENCIAS: El producto no debe utilizarse como sustituto de una dieta equilibrada y variada y por un modo de vida sano. No debe ser consumido mujeres embarazadas o en período de lactancia, ni por niños ni por personas con afecciones médicas o que toman medicamentos. No superar la dosis diaria expresamente recomendada.

Como todos los productos de BioTechUSA, Arthro Forte Drink Powder contiene ingredientes seguros y cuidadosamente seleccionados.",,,,,2026-07-15 18:36:04.736412+00,2026-07-15 18:36:06.987387+00,arthro-forte-bebida-en-polvo-grosella-negra-340-g
247,3688,"Dextrosa 62%, clorhidrato de L-arginina 8,8%, beta alanina 8,2%, L-citrulina 5,9%, acidulante (ácido cítrico), aromas, cafeína anhidra 1,2%, sales magnésicas de ácido cítrico, antiaglomerante (dióxido de silicio), sales cálcicas de ácido cítrico, L-leucina 0,4%, edulcorante (sucralosa), óxido de magnesio, L-isoleucina 0,2%, L-valina 0,2%, ácido nicotínico, fumarato ferroso, colorantes (tartrazina1, indigotina), óxido de zinc, clorhidrato de piridoxina, cloruro de cromo (III) y su hexahidrato. 1Tartrazina: puede tener efectos negativos sobre la actividad y la atención de los niños.
Elaborado en una fábrica que produce alimentos que contienen leche, huevos, gluten, soja, cacahuete, nueces, apio, pescado, crustáceos, moluscos y dióxido de azufre","Cantidad de nutrientes por dosis diaria (17 g): Clorhidrato de L-arginina: 1496 mg, del cual L-arginina: 1237 mg. Beta alanina: 1400 mg. L-Citrulina: 1000 mg. Cafeína anhidra: 200 mg. BCAAs: 136 mg, de los cuales L-Leucina: 68 mg, L-Isoleucina: 34 mg y L-Valina: 34 mg. Citrato: 219 mg. Fumarato: 4,5 mg. Dextrosa: 8,0 mg. Niacina (ácido nicotínico): 8,0 mg (50% VRN*). Vitamina B6: 0,21 mg (15% VRN*). Magnesio: 56,2 mg (15% VRN*). Hierro: 2,1 mg (15% VRN*). Zinc: 1,5 mg (15% VRN*). Cromo: 6,0 µg (15% VRN*).",Mezclar en un shaker 1 dosis del polvo (17 g = 1 cuchara medidora = 1 cucharada sopera colmada) con 250 ml de agua. Tomar 1 dosis 30 minutos antes del entrenamiento.,"ADVERTENCIAS: Mantener fuera del alcance de los niños más pequeños. Los complementos alimenticios no deben utilizarse como sustitutos de una dieta equilibrada y variada y por un modo de vida sano. Contenido elevado de cafeína [200 mg/dosis diaria (80 mg/100 ml)]. No recomendado para niños menores de 18 años, ni mujeres embarazadas o en período de lactancia. No recomendado para personas que padecen enfermedades cardiovasculares, hipertensión o sensibilidad a la cafeína. No recomendado para personas con una enfermedad subyacente conocida o que toman medicamentos. No superar la dosis diaria expresamente recomendada.",,,,,2026-07-15 18:42:30.366742+00,2026-07-15 18:44:49.892192+00,nitrox-therapy-bebida-en-polvo-melocoton-340-g
250,2155,"L-citrulina 14%, beta alanina 13%, bitartrato de colina, gluconato de magnesio, clorhidrato de L-arginina 7,4%, aromas, acidulante (ácido málico), sales potásicas de ácido ortofosfórico, sales cálcicas de ácido cítrico, agente de carga (polidextrosa), citrato de sodio, cloruro de potasio, L-tirosina 2,3%, betaína, acidulante (ácido cítrico), cáscara de limón en polvo 1,2%, antiaglomerante (dióxido de silicio), preparado de extracto de Ashwagandha [extracto de raíz de Ashwagandha (Withania somnifera) 0,79%, maltodextrina], colorante (caramelo amónico), ácido L-ascórbico, edulcorante (sucralosa), sal común, extracto de raíz de ginseng coreano (Panax ginseng) 0,18%, D-pantotenato cálcico, ácido nicotínico, clorhidrato de piridoxina, cianocobalamina.
Elaborado en una fábrica que produce alimentos que contienen leche, huevos, soja, cacahuete, nueces, apio, pescado, crustáceos, moluscos y dióxido de azufre.","Cantidad de nutrientes por dosis diaria (11 g): L-Citrulina: 1535 mg. Malato (ácido málico): 667 mg. Beta alanina: 1400 mg. Clorhidrato de L-arginina: 813 mg, del cual L-arginina: 673 mg. L-Tirosina: 250 mg. Niacina (ácido nicotínico): 40 mg (25% VRN*). Vitamina B6: 1,4 mg (100% VRN*). Vitamina C: 80 mg (100% VRN*). Extracto de Panax ginseng: 19,5 mg, del cual ginsenósidos: 3,9 mg. Betaína: 241 mg. Colina: 490 mg. Ácido pantoténico: 6,0 mg (100% VRN*). Vitamina B12: 2,5 µg (100% VRN*). Extracto de raíz de Ashwagandha: 87 mg, del cual withanólidos: 1,5 mg. Potasio: 405 mg (20% VRN*). Calcio: 120 mg (15% VRN*). Cloruro: 150 mg (19% VRN*). Magnesio: 60,0 mg (16% VRN*). Fósforo: 150 mg (15% VRN*). Sodio: 115 mg.",Uso recomendado: Mezcla 1 dosis del polvo (11 g = 3 cucharas medidoras rasas = 4 cucharadas de té rasas) con 400 ml de agua. Tomar 1 dosis diariamente 15 minutos antes del entrenamiento. No superar la dosis diaria expresamente recomendada. Usa un shaker,"ADVERTENCIAS: Mantener fuera del alcance de los niños más pequeños. El complemento alimenticio no debe utilizarse como sustituto de una dieta equilibrada y variada y por un modo de vida sano. No recomendado para personas menores de 18 años, ni por mujeres embarazadas o en período de lactancia. No se recomienda el consumo del producto a personas con una enfermedad subyacente conocida o que toman medicamentos o antidiabéticos. El producto no debe consumirse si ya se han consumido en el mismo día complementos alimenticios que contienen betaína añadida",,,,,2026-07-15 18:57:34.53615+00,2026-07-15 19:02:43.482484+00,bebida-en-polvo-pump-caffeine-free-t-fr-o-de-limi-n-330-g
256,3222,"33% L-leucina instantánea (L-leucina, emulgente: lecitinas, maltodextrina), 17% L-isoleucina, 17% L-valina, aromas, 8% L-glutamina, acidulante (ácido cítrico), antiaglomerante (dióxido de silicio), edulcorante (sucralosa), sal, clorhidrato de piridoxina, colorantes (tartrazina, Rojo Allura AC)*.
*Tartrazina, Rojo Allura AC: puede tener efectos negativos sobre la actividad y la atención de los niños.
Elaborado en una fábrica que produce alimentos que contienen leche, huevos, gluten, soja, crustáceos, dióxido de azufre y nueces.",,Uso recomendado: Mezclar 1 ración del polvo (9 g = 2 cucharas dosificadoras = 1 cucharada sopera) con 300 ml de agua en un bote. Consumir 15 minutos antes del entrenamiento. ¡No exceder la dosis recomendada! Usa un shaker.,Advertencias: ¡Mantener el producto fuera del alcance de los niños! Los suplementos dietéticos no deben utilizarse como sustitutos de una dieta equilibrada y variada ni de un modo de vida sano.,,,,,2026-07-15 19:09:35.848981+00,2026-07-15 19:09:38.981274+00,bcaa-zero-amino-cidos-en-polvo-mango-pi-a-360-g
258,3692,"Clorhidrato de L-arginina 18%, monohidrato de creatina micronizado 17%, L-citrulina 15%, beta alanina 12%, acidulante (ácido málico), L-leucina 6,2%, espesante (goma xantana), agente de carga (polidextrosa), L-tirosina, aromas, antiaglomerantes (sales magnésicas de ácidos grasos, dióxido de silicio), ácido L-ascórbico, L-isoleucina 1,5%, L-valina 1,5%, cafeína anhidra 1,5%, acidulante (ácido cítrico), edulcorantes (acesulfamo K, sucralosa), ácido nicotínico, colorantes (tartrazina, Rojo Allura AC)1, clorhidrato de piridoxina, mononitrato de tiamina. 1Rojo Allura AC, tartrazina: puede tener efectos negativos sobre la actividad y la atención de los niños.
Elaborado en una fábrica que produce alimentos que contienen leche, huevos, gluten, soja, cacahuete, nueces, apio, pescado, crustáceos, moluscos y dióxido de azufre.","Cantidad de nutrientes por dosis (20 g / 2 servicios): Energy Complex²: 463 mg. Tiamina: 2,4 mg (218% VRN*). Niacina (ácido nicotínico): 8,0 mg (50% VRN*). Vitamina B6: 2,5 mg (179% VRN*). Vitamina C: 450 mg (563% VRN*). Complejo Black Blood NOX: 10278 mg, compuesto por L-Citrulina: 3000 mg, Malato (ácido málico): 1250 mg, Clorhidrato de L-arginina: 3628 mg, del cual L-Arginina: 3000 mg, Beta alanina: 2400 mg, Monohidrato de creatina: 3411 mg, del cual creatina: 3000 mg. Complejo de aminoácidos: 2453 mg, compuesto por L-Tirosina: 600 mg, L-Leucina: 1235 mg, L-Isoleucina: 309 mg y L-Valina: 309 mg. Cafeína anhidra: 300 mg.",,,,,,,2026-07-16 10:01:17.103943+00,2026-07-16 10:07:43.738826+00,black-blood-nox-bebida-en-polvo-fruta-tropical-340-g
259,3687,"Clorhidrato de L-arginina 18%, monohidrato de creatina micronizado 17%, L-citrulina 15%, beta alanina 12%, acidulante (ácido málico), L-leucina 6,2%, espesante (goma xantana), agente de carga (polidextrosa), L-tirosina, aromas, antiaglomerantes (sales magnésicas de ácidos grasos, dióxido de silicio), ácido L-ascórbico, L-isoleucina 1,5%, L-valina 1,5%, cafeína anhidra 1,5%, acidulante (ácido cítrico), edulcorantes (acesulfamo K, sucralosa), colorantes (Rojo Allura AC, tartrazina)1, ácido nicotínico, clorhidrato de piridoxina, mononitrato de tiamina. 1Rojo Allura AC, tartrazina: puede tener efectos negativos sobre la actividad y la atención de los niños.
Elaborado en una fábrica que produce alimentos que contienen leche, huevos, gluten, soja, cacahuete, nueces, apio, pescado, crustáceos, moluscos y dióxido de azufre.","Cantidad de nutrientes por dosis (20 g / 2 servicios): Energy Complex²: 463 mg. Tiamina: 2,4 mg (218% VRN*). Niacina (ácido nicotínico): 8,0 mg (50% VRN*). Vitamina B6: 2,5 mg (179% VRN*). Vitamina C: 450 mg (563% VRN*). Complejo Black Blood NOX: 10278 mg, compuesto por L-Citrulina: 3000 mg, Malato (ácido málico): 1250 mg, Clorhidrato de L-arginina: 3628 mg, del cual L-Arginina: 3000 mg, Beta alanina: 2400 mg, Monohidrato de creatina: 3411 mg, del cual creatina: 3000 mg. Complejo de aminoácidos: 2453 mg, compuesto por L-Tirosina: 600 mg, L-Leucina: 1235 mg, L-Isoleucina: 309 mg y L-Valina: 309 mg. Cafeína anhidra: 300 mg.",,,,,,,2026-07-16 10:03:08.604408+00,2026-07-16 10:03:08.604408+00,black-blood-nox-bebida-en-polvo-naranja-sanguina-340-g
261,3696,"33% L-leucina instantánea (L-leucina, emulgente: lecitinas, maltodextrina), 17% L-isoleucina, 17% L-valina, aromas, 8% L-glutamina, acidulante (ácido cítrico), extracto de hoja de té negro instantáneo (Camellia sinensis), antiaglomerante (dióxido de silicio), edulcorante (sucralosa), sal, clorhidrato de piridoxina.",,Uso recomendado: Mezclar 1 ración del polvo (9 g = 2 cucharas dosificadoras = 1 cucharada sopera) con 300 ml de agua en un bote. Consumir 15 minutos antes del entrenamiento. ¡No exceder la dosis recomendada! Usa un shaker.,Advertencias: ¡Mantener el producto fuera del alcance de los niños! Los suplementos dietéticos no deben utilizarse como sustitutos de una dieta equilibrada y variada ni de un modo de vida sano.,"Elaborado en una fábrica que produce alimentos que contienen leche, huevos, gluten, soja, crustáceos, dióxido de azufre y nueces.",,,,2026-07-16 10:09:35.7357+00,2026-07-16 10:18:57.824487+00,bcaa-zero-amino-cidos-en-polvo-t-helado-de-melocot-n-360-g
263,3698,"33% L-leucina instantánea (L-leucina, emulgente: lecitinas, maltodextrina), 17% L-isoleucina, 17% L-valina, 8% L-glutamina, aromas, acidulante (ácido cítrico), antiaglomerante (dióxido de silicio), edulcorante (sucralosa), sal, clorhidrato de piridoxina, colorante (Rojo Allura AC)*.",,Uso recomendado: Mezclar 1 ración del polvo (9 g = 2 cucharas dosificadoras = 1 cucharada sopera) con 300 ml de agua en un bote. Consumir 15 minutos antes del entrenamiento. ¡No exceder la dosis recomendada! Usa un shaker.,Advertencias: ¡Mantener el producto fuera del alcance de los niños! Los suplementos dietéticos no deben utilizarse como sustitutos de una dieta equilibrada y variada ni de un modo de vida sano.,"Elaborado en una fábrica que produce alimentos que contienen leche, huevos, gluten, soja, crustáceos, dióxido de azufre y nueces.",,,,2026-07-16 10:24:26.719312+00,2026-07-16 10:24:26.719312+00,bcaa-zero-amino-cidos-en-polvo-sand-a-360-g
264,3699,"Agente de carga (polidextrosa), acidulante (ácido cítrico), L-leucina instantánea (L-leucina, emulgente: lecitinas, maltodextrina) 11%, L-glutamina 10,7%, clorhidrato de L-arginina 6,5%, L-isoleucina 5,4%, L-valina 5,4%, aromas, sales potásicas de ácido ortofosfórico, sales cálcicas de ácido cítrico, taurina, citrato de sodio, beta alanina, clorhidrato de L-lisina 2,2%, clorhidrato de L-histidina 2,2%, cloruro de potasio, L-tirosina 1,8%, extracto de hoja de té verde (Camellia sinensis), L-treonina 0,7%, L-metionina 0,7%, L-triptófano 0,7%, L-fenilalanina 0,7%, óxido de magnesio, cafeína deshidratada 0,61%, edulcorante (sucralosa), extracto de grano de café verde (Coffea canephora), clorhidrato de piridoxina, colorantes (tartrazina1, indigotina).
1Tartrazina: pueden tener efectos negativos sobre la actividad y la atención de los niños.","Cada envase contiene 25 dosis de 14 g. Cada dosis aporta 3.000 mg de BCAA en proporción 2:1:1 (1.500 mg de L-leucina, 750 mg de L-isoleucina y 750 mg de L-valina), además de 1.500 mg de L-glutamina, 750 mg de L-arginina, 500 mg de taurina, 350 mg de beta-alanina y aminoácidos esenciales como L-lisina, L-histidina, L-treonina, L-metionina, L-triptófano, L-fenilalanina y L-tirosina.

También contiene 100 mg de cafeína procedente de cafeína deshidratada, extracto de hoja de té verde, extracto de grano de café verde y extracto de hoja de té negro. La fórmula se completa con potasio, cloro, calcio, fósforo, sodio, magnesio y vitamina B6, además de extractos naturales de té negro, té verde y café verde. Los porcentajes de VRN se aplican únicamente a los nutrientes para los que existe un valor de referencia establecido.",Uso recomendado: Mezclar una ración de polvo (2 cucharas medidoras colmadas = 14 g = 2 cucharas de té colmadas) con 400 ml de agua en una botella mezcladora. Consumir una ración cada día. ¡No superar la dosis diaria recomendada!,"Advertencia: Alto contenido de cafeína {100 mg/ración (25 mg/100 ml)}. No se recomienda su uso a niños, a mujeres embarazadas o en periodo de lactancia. Mantener el producto fuera del alcance de los niños pequeños. No se recomienda su uso a personas que padecen de una enfermedad primaria o toman medicación, a niños, a mujeres embarazadas o en periodo de lactancia. El producto no es un sustituto de una dieta variada y equilibrada, ni de un estilo de vida saludable.",,,,,2026-07-16 10:41:44.742624+00,2026-07-16 18:52:51.750998+00,amino-energy-zero-con-electrolitos-lima-360-g
266,3693,"Agente de carga (polidextrosa), L-leucina instantánea (L-leucina, emulgente: lecitinas, maltodextrina) 11%, L-glutamina 10,7%, acidulante (ácido cítrico), clorhidrato de L-arginina 6,5%, aromas, L-isoleucina 5,4%, L-valina 5,4%, sales potásicas de ácido ortofosfórico, sales cálcicas de ácido cítrico, taurina, citrato de sodio, beta alanina, clorhidrato de L-lisina 2,2%, clorhidrato de L-histidina 2,2%, cloruro de potasio, L-tirosina 1,8%, extracto de hoja de té negro (Camellia sinensis), extracto de hoja de té verde (Camellia sinensis), L-treonina 0,7%, L-metionina 0,7%, L-triptófano 0,7%, L-fenilalanina 0,7%, óxido de magnesio, cafeína deshidratada 0,56%, edulcorante (sucralosa), extracto de grano de café verde (Coffea canephora), clorhidrato de piridoxina.","Cantidad de nutrientes por dosis diaria (14 g): BCAA (2:1:1): 3000 mg, de los cuales L-Leucina: 1500 mg, L-Isoleucina: 750 mg y L-Valina: 750 mg. L-Lisina: 250 mg. L-Histidina: 250 mg. L-Treonina: 100 mg. L-Metionina: 100 mg. L-Triptófano: 100 mg. L-Fenilalanina: 100 mg. L-Glutamina: 1500 mg. L-Arginina: 750 mg. L-Tirosina: 250 mg. Taurina: 500 mg. Beta alanina: 350 mg. Cafeína: 100 mg, procedente de cafeína deshidratada: 85 mg (78,75 mg de cafeína*), extracto de hoja de té verde: 10 mg (9,8 mg de cafeína*), extracto de grano de café verde: 6,45 mg y extracto de hoja de té negro: 5 mg. Potasio: 405 mg (20% VRN*). Cloro: 127 mg (16% VRN*). Calcio: 120 mg (15% VRN*). Fósforo: 105 mg (15% VRN*). Sodio: 100 mg. Magnesio: 60 mg (16% VRN*). Vitamina B6: 1,4 mg (100% VRN*). Extracto de hoja de té negro: 182 mg. Extracto de hoja de té verde: 150 mg. Extracto de grano de café verde: 50 mg.",,,,,,,2026-07-16 10:56:58.165983+00,2026-08-06 11:59:05.977888+00,amino-energy-zero-con-electrolitos-t-helado-de-melocot-n-360-g
267,3700,"Extracto de semilla de frenogreco (Trigonella foenum-graecum) 30,4%, clorhidrato de L-arginina 25,7%, cubierta de la cápsula [gelatina, agente de recubrimiento (goma laca), colorante (óxidos e hidróxidos de hierro), corrector de la acidez (hidróxido de amonio), corrector de la acidez (hidróxido de potasio)], beta-alanina, extracto de brécol [extracto de brécol (Brassica oleracea), maltodextrina] 7,5%, extracto de fruto de cardo mariano (Silybum marianum) 7%, antiaglomerantes (sales magnésicas de ácidos grasos, dióxido de silicio), calcio beta-hidroxi-beta-metilbutirato, extracto de hoja de espinaca (Spinacia oleracea) 4,7%, óxido de magnesio, ácido nicotínico, óxido de zinc, clorhidrato de piridoxina.
Elaborado en una fábrica que produce alimentos que contienen leche, huevos, gluten, soja, cacahuete, crustáceos, pescado, moluscos, dióxido de azufre y nueces.","Cada envase contiene 30 dosis, con una dosis diaria equivalente a 3 cápsulas. Cada dosis aporta 780 mg de extracto de semilla de fenogreco, 233 mg de extracto de brécol, 225 mg de extracto de fruto de cardo mariano, de los cuales 180 mg corresponden a silimarina, y 150 mg de extracto de hoja de espinaca, con 7,5 mg de beta-ecdisterona.

La fórmula se completa con 300 mg de beta-alanina, 682 mg de L-arginina y 150 mg de calcio beta-hidroxi-beta-metilbutirato (HMB), que aportan 126 mg de hidroxi-metilbutirato. Además, incorpora un complejo ZMB con zinc, magnesio y vitamina B6, proporcionando 5 mg de zinc (50 % VRN), 75 mg de magnesio (20 % VRN) y 1,5 mg de vitamina B6 (108 % VRN), junto con 7,5 mg de niacina (47 % VRN). Los porcentajes de VRN corresponden a los nutrientes para los que existe un valor de referencia establecido.","En días de entrenamiento, tomar 3 cápsulas antes del entrenamiento. En días de descanso, tomar 3 cápsulas por la mañana. No exceder la dosis diaria recomendada. Solo recomendado para hombres.",ADVERTENCIAS: Mantener fuera del alcance de los niños más pequeños. Los complementos alimenticios no deben utilizarse como sustitutos de una dieta equilibrada y variada y por un modo de vida sano. No recomendado para personas con afecciones médicas o que toman medicamentos. No superar la dosis diaria expresamente recomendada.,,,,,2026-07-16 10:59:31.983352+00,2026-07-17 18:12:12.795883+00,black-test-90-uds
269,3695,"L-glutamina (25,6%), L-leucina instantánea (L-leucina, emulgente: lecitinas, maltodextrina) (11,4%), clorhidrato de L-lisina (10,7%), acidulante (ácido cítrico), L-valina (7,4%), L-fenilalanina (7,1%), aromas, L-isoleucina (5,7%), L-treonina (4,3%), clorhidrato de L-histidina (3,5%), L-metionina (2,9%), extracto de hoja de té verde instantáneo (Camellia sinensis), L-triptófano (1,1%), extracto de hoja de té negro instantáneo (Camellia sinensis), edulcorante (sucralosa), sal.
Elaborado en una fábrica que produce alimentos que contienen leche, huevos, gluten, soja, crustáceos, dióxido de azufre y nueces.",Cantidad de nutrientes por dosis diaria (7 g): L-Glutamina: 1790 mg. L-Leucina: 780 mg. L-Lisina: 600 mg. L-Valina: 520 mg. L-Fenilalanina: 500 mg. L-Isoleucina: 400 mg. L-Treonina: 300 mg. L-Metionina: 200 mg. L-Histidina: 200 mg. L-Triptófano: 80 mg.,"Mezclar 1 servicio de polvo (14g = 2 cucharas medidoras colmadas = 1 cucharada sopera colmada) con 400 ml de agua. Tomar un servicio 15 minutos antes del entrenamiento. En días de descanso, tomar un servicio entre comidas. No exceder la dosis diaria recomendada.","ADVERTENCIAS: El producto no es un sustituto de una dieta variada y equilibrada, ni de un estilo de vida saludable.",,,,,2026-07-16 11:01:01.865288+00,2026-07-16 11:01:01.865288+00,eaa-zero-t-helado-lim-n-350-g
271,1222,"L-citrulina DL-malato, aroma, antiaglomerante: dióxido de silicio, edulcorante: sucralosa y colorante: rojo de remolacha",Tamaño de la porción 5 g. Porciones por envase 60. L-citrulina DL-malato 4 g.,Disuelva 5 g (1 cucharada) en 250 ml de agua o zumo. Tómelo 1 hora antes de entrenar.,"Producto para uso en adultos. Los complementos alimenticios no deben utilizarse como sustitutos de una dieta equilibrada y un estilo de vida saludable. Este producto no está destinado a diagnosticar, tratar ni prevenir ninguna enfermedad. No exceda la dosis diaria recomendada. Manténgase fuera del alcance de los niños pequeños.",Puede contener trazas de leche y soja.,,,,2026-07-16 17:29:50.748819+00,2026-07-16 17:30:21.061048+00,citrulina-malato-frutos-rojos-300-g
274,939,"L-leucina, L-isoleucina, l-valina y antiaglomerante: estearato de magnesio. Cápsula (agente de recubrimiento: hidroxipropilmetilcelulosa).",PERFIL DE AMINOÁCIDOS. Aminoácidos. por 4 caps. por 8 caps. BCAAs Ratio 8.1.1 AMINOBOOST. 4 g. 8 g. L-leucina. 3200 mg. 6400 mg. L-isoleucina. 400 mg. 800 g. L-valina. 400 mg. 800 g.,"Tomar 4 cápsulas después del entrenamiento y otras 4 cápsulas antes de acostarse, en total 8 capsulas diarias recomendadas","Producto para uso en adultos. Los complementos alimenticios no deben utilizarse como sustitutos de una dieta equilibrada. Este producto no está diseñado para diagnosticar, tratar o prevenir ninguna enfermedad. No superar la dosis diaria expresamente recomendada. Mantener fuera del alcance de los niños más pequeños.","Fabricado en una instalación que procesa proteínas de leche, pescado, soja, huevo, y gluten.",,,,2026-07-16 17:43:35.139224+00,2026-07-16 17:43:35.139224+00,bcaa-pro-8-1-1-400-uds
275,1221,"L-citrulina DL-malato, antiaglomerante: dióxido de silicio, aroma, edulcorante: sucralosa y colorantes: tartracina y azul brillante FCF.",Cantidad de nutrientes por servicio (5 g): L-Citrulina DL-Malato: 4 g.,Disolver 5 g (1 cazo) en 250 ml de agua o zumo. Tomar 1 hora antes de entrenar.,"Producto para uso en adultos. Los complementos alimenticios no deben utilizarse como sustitutos de una dieta equilibrada y un estilo de vida saludable. Este producto no está diseñado para diagnosticar, tratar o prevenir ninguna enfermedad. No superar la dosis diaria expresamente recomendada. Mantener fuera del alcance de los niños más pequeños. Tartrazina: Puede tener efectos negativos sobre la actividad y atencion de los niños",Puede contener trazas de leche y soja,,,,2026-07-16 17:45:14.329242+00,2026-07-16 17:46:07.867825+00,citrulina-malato-ultra-green-300-g
279,1143,https://www.hsnstore.com/media/catalog/product/cache/5a15c5988afb4929a2501169a37460ec/c/r/creatine-monohydrate-200-mesh-150g-front-v5-hsn_1_1.webp,Cantidad de nutrientes. Por dosis diaria. Monohidrato de creatina. 3412 mg. Creatina. 3000 mg.,"Mezclar 1/2 dosificador de 10ml (3,4g aprox.) en 200-250ml de agua, zumo o batido de proteínas. Tomar 1 vez al día.","Conservar en un lugar fresco (por debajo de 25ºC), seco y oscuro. No superar la dosis diaria expresamente recomendada. Mantener fuera del alcance de los niños más pequeños. Los complementos alimenticios no deben utilizarse como sustitutos de una dieta equilibrada. Las equivalencias dosificador/cantidad de producto (gramos o miligramos) son orientativas, ya que la densidad de los productos en polvo puede variar entre sabores y lotes. Recomendamos utilizar una báscula para aquellos casos que requieran de dosificaciones precisas. Es necesario mantener una dieta variada y equilibrada y un estilo de vida saludable.",,,,,2026-07-16 17:56:01.778409+00,2026-07-16 17:56:01.778409+00,creatina-monohidrato-en-polvo-150-g
280,3580,"Creatina Monohidrato, Azúcar Granulado, Jarabe de Glucosa, Agua, Pectina de Fruta, Aromatizantes, Recubrimiento (MCT 90%, Cera de Carnauba).",CREATINE GUMMIES 400 g. Nutritional Information. Serving Size 4 gummies. Servings per bag 20. Per 100 g. Per serving 4 gummies. Creatine monohydrate. 15000 mg. 3000 mg.,"Consume 4 gominolas de creatina al día. No excedas la dosis recomendada.
Este paquete está lleno por peso. Hay aproximadamente 80 gominolas por paquete.",Los suplementos alimenticios no deben utilizarse como sustituto de una dieta variada y equilibrada y un estilo de vida saludable. Mantener fuera del alcance de los niños. No utilizar si estás embarazada o en periodo de lactancia. Consulta a tu médico antes de usarlo si tienes alguna condición médica o tomas medicamentos regularmente.,"No contiene alérgenos comunes. Fabricado en una instalación que maneja leche, soya, huevos, pescado, gluten y sus derivados.",,,,2026-07-16 18:05:00.234725+00,2026-07-16 18:19:26.291841+00,gominolas-de-creatina-pura-coca-cola-400g
281,3582,"Creatina Monohidrato, Azúcar Granulado, Jarabe de Glucosa, Agua, Pectina de Fruta, Aromatizantes, Recubrimiento (MCT 90%, Cera de Carnauba).",CREATINE GUMMIES 400 g. Nutritional Information. Serving Size 4 gummies. Servings per bag 20. Per 100 g. Per serving 4 gummies. Creatine monohydrate. 15000 mg. 3000 mg.,"Consume 4 gominolas de creatina al día. No excedas la dosis recomendada.
Este paquete está lleno por peso. Hay aproximadamente 80 gominolas por paquete.",Los suplementos alimenticios no deben utilizarse como sustituto de una dieta variada y equilibrada y un estilo de vida saludable. Mantener fuera del alcance de los niños. No utilizar si estás embarazada o en periodo de lactancia. Consulta a tu médico antes de usarlo si tienes alguna condición médica o tomas medicamentos regularmente.,"No contiene alérgenos comunes. Fabricado en una instalación que maneja leche, soya, huevos, pescado, gluten y sus derivados.",,,,2026-07-16 18:12:41.357207+00,2026-07-16 18:20:54.585007+00,gominolas-de-creatina-pura-arandanos-400g
282,2268,"100% monohidrato de creatina micronizado (200 mesh).
Elaborado en una fábrica que produce alimentos que contienen leche, huevos, gluten, soja, crustáceos, dióxido de azufre y nueces.","Cantidad de nutrientes por dosis diaria (3,4 g): Monohidrato de creatina micronizado: 3,4 g, del cual creatina: 3 g.",,,,,,,2026-07-16 18:16:00.348148+00,2026-07-23 12:11:06.874515+00,100-creatina-monohidratada-sin-sabor-500-g
287,3581,"Creatina Monohidrato, Azúcar Granulado, Jarabe de Glucosa, Agua, Pectina de Fruta, Aromatizantes, Recubrimiento (MCT 90%, Cera de Carnauba).",CREATINE GUMMIES 400 g. Nutritional Information. Serving Size 4 gummies. Servings per bag 20. Per 100 g. Per serving 4 gummies. Creatine monohydrate. 15000 mg. 3000 mg.,"Consume 4 gominolas de creatina al día. No excedas la dosis recomendada.
Este paquete está lleno por peso. Hay aproximadamente 80 gominolas por paquete.",Los suplementos alimenticios no deben utilizarse como sustituto de una dieta variada y equilibrada y un estilo de vida saludable. Mantener fuera del alcance de los niños. No utilizar si estás embarazada o en periodo de lactancia. Consulta a tu médico antes de usarlo si tienes alguna condición médica o tomas medicamentos regularmente.,"No contiene alérgenos comunes. Fabricado en una instalación que maneja leche, soya, huevos, pescado, gluten y sus derivados.",,,,2026-07-16 18:20:35.268554+00,2026-07-16 18:20:35.268554+00,gominolas-de-creatina-pura-frambuesa-azul-400-g
289,2269,100% monohidrato de creatina micronizado (200 mesh).,"Cantidad de nutrientes por dosis diaria (3,4 g): Monohidrato de creatina micronizado: 3,4 g, del cual creatina: 3 g.","Mezclar 1 dosis (3,4 g = 1 cucharamedidora rasa = 1 cucharada de té) con 300 ml de algún líquido a su gusto. Tomar 1 dosis diariamente. Usa un shaker.",ADVERTENCIAS: Mantener fuera del alcance de los niños más pequeños. No recomendado para personas menores de 18 años ni mujeres embarazadas o en período de lactancia ni para personas que están bajo control médico. Los complementos alimenticios no deben utilizarse como sustitutos de una dieta equilibrada y variada y por un modo de vida sano. No superar la dosis diaria expresamente recomendada.,"Elaborado en una fábrica que produce alimentos que contienen leche, huevos, gluten, soja, crustáceos, dióxido de azufre y nueces.",,,,2026-07-16 18:25:43.901616+00,2026-07-16 18:25:43.901616+00,100-creatina-monohidratada-sin-sabor-300-g
291,1156,Monohidrato de creatina,Cantidad de nutrientes. Por dosis diaria. Monohidrato de creatina. 3412 mg. Creatina. 3000 mg.,"Mezclar 1/2 dosificador de 10ml (3,4g aprox.) en 200-250ml de agua, zumo o batido de proteínas, tomar 1 vez al día.","Conservar en un lugar fresco (por debajo de 25ºC), seco y oscuro. No superar la dosis diaria expresamente recomendada. Mantener fuera del alcance de los niños más pequeños. Los complementos alimenticios no deben utilizarse como sustitutos de una dieta equilibrada. Las equivalencias dosificador/cantidad de producto (gramos o miligramos) son orientativas, ya que la densidad de los productos en polvo puede variar entre sabores y lotes. Recomendamos utilizar una báscula para aquellos casos que requieran de dosificaciones precisas. Es necesario mantener una dieta variada y equilibrada y un estilo de vida saludable.",,,,,2026-07-16 18:27:44.329683+00,2026-07-16 18:27:44.329683+00,creatina-excell-150-g
304,3030,Monohidrato de creatina,"Dosis diaria 1 dosis (3,4 g). Dosis por envase 90. Principios activos. 3,4 g. Creapure (monohidrato de creatina). 3400 mg. Del cual creatina. 3000 mg.","Mezclar 1 dosis (3,4 g = ¾ cuchara medidora) con 300 ml de algún líquido a su gusto. Tomar 1 dosis diariamente. No superar la dosis diaria expresamente recomendada.","Mantener fuera del alcance de los niños más pequeños. Los complementos alimenticios no deben utilizarse como sustitutos de una dieta equilibrada y variada y por un modo de vida sano. No debe ser consumido por menores de 18 años, ni por personas con afecciones médicas o que toman medicamentos. No recomendado para mujeres embarazadas o en período de lactancia.","Elaborado en una fábrica que produce alimentos que contienen leche, huevos, gluten, soja, cacahuete, frutos de cáscara, apio, pescado, crustáceos y dióxido de azufre.",,,,2026-07-16 18:46:10.51576+00,2026-07-16 18:46:10.51576+00,mega-creatine-306-g
312,2152,"Concentrado de proteína de suero de leche instantánea 68% {concentrado de proteína de suero de leche, emulgente [lecitinas (soja)]}, inulina, harina de avena (gluten), glucomanano 3,5% (de tubérculo de Amorphophallus konjac) (dióxido de azufre), espesante (goma de celulosa), plátano liofilizado en polvo 1,8%, aromas, L-carnitina-L-tartrato 1%, emulgente [lecitinas (soja)], fibra cítrica, linaza en polvo, cáscara de semilla de psyllium en polvo, bayas de acai en polvo 0,6%, bayas de goji en polvo 0,6%, bromelina extraída de piña (1200 GDU/g) 0,5%, sales cálcicas de ácido ortofosfórico, sal, edulcorante (sucralosa), antiaglomerante (dióxido de silicio), cloruro de cromo (III) y su hexahidrato.","1 dosis 30 g. Dosis por envase 24. Dosis diaria 1 dosis (30 g). Información nutricional. 100 g. IR (100 g). 30 g. Valor energético. 1450 kJ/ 345 kcal. 17%. 435 kJ/ 103 kcal. Grasas. 5,2 g. 7%. 1,5 g. De las cuales saturadas. 2,9 g. 15%. 0,9 g. Hidratos de carbono. 14 g. 6%. 4,3 g. De los cuales azúcares. 8,1 g. 9%. 2,4 g. Fibra. 17 g. IR no establecido. 5,0 g. Proteínas. 52 g. 104%. 16 g. Sal. 1,4 g. 24%. 0,43 g. Minerales. 100 g. VRN (100 g). 30 g. Cromo. 60 μg. 150%. 18 μg. Calcio. 395 mg. 49%. 118 mg. Valores de referencia de nutrientes. Bajo contenido de grasa <1,5 g de grasa/100 ml del producto listo para consumir preparado con agua. Bajo contenido de azúcar <2,5 g de azúcar/100 ml del producto listo para consumir preparado con agua. Otros principios activos. 30 g. Glucomanano. 1050 mg. Inulina. 2700 mg. L-carnitina-L-tartrato. 320 mg. De la cual L-carnitina. 220 mg. Bromelina en polvo. 160 mg.",Mezclar en un shaker 1 dosis (30 g = 4 cucharadas soperas rasas) del producto con 300 ml de agua. Tomar 1 dosis diariamente.,El producto no debe utilizarse como sustituto de una dieta equilibrada y variada y por un modo de vida sano.,"Elaborado en una fábrica que produce alimentos que contienen huevos, cacahuete, nueces, apio, pescado y crustáceos.",,,,2026-07-16 18:54:38.802052+00,2026-07-16 19:10:49.122593+00,diet-shake-pl-tano-720-g
315,2154,"Concentrado de proteína de suero de leche instantánea 66% {concentrado de proteína de suero de leche, emulgente [lecitinas (soja)]}, inulina, harina de avena (gluten), glucomanano 3,5% (de tubérculo de Amorphophallus konjac) (dióxido de azufre), espesante (goma de celulosa), aromas, fresa en polvo 1,6%, acidulante (ácido cítrico), L-carnitina-L-tartrato 1%, emulgente [lecitinas (soja)], fibra cítrica, linaza en polvo, cáscara de semilla de psyllium en polvo, bayas de acai en polvo 0,6%, bayas de goji en polvo 0,6%, bromelina extraída de piña (1200 GDU/g) 0,5%, sales cálcicas de ácido ortofosfórico, sal, edulcorante (sucralosa), antiaglomerante (dióxido de silicio), colorante (Rojo Allura AC1), cloruro de cromo (III) y su hexahidrato.
1Rojo Allura AC: Puede tener efectos negativos sobre la actividad y la atención de los niños.
Elaborado en una fábrica que produce alimentos que contienen huevos, cacahuete, nueces, apio, pescado y crustáceos.","Información nutricional (por 30 g): Valor energético: 432 kJ / 103 kcal. Grasas: 1,5 g, de las cuales saturadas: 0,9 g. Hidratos de carbono: 4,3 g, de los cuales azúcares: 2,1 g. Fibra: 4,9 g. Proteínas: 15 g. Sal: 0,87 g.

Minerales (por 30 g): Cromo: 18 µg. Calcio: 118 mg.

Otros principios activos (por 30 g): Glucomanano: 1050 mg. Inulina: 2700 mg. L-Carnitina L-Tartrato: 320 mg, de la cual L-Carnitina: 220 mg. Bromelina en polvo: 160 mg.",Mezclar en un shaker 1 dosis (30 g = 4 cucharadas soperas rasas) del producto con 300 ml de agua. Tomar 1 dosis diariamente.,El producto no debe utilizarse como sustituto de una dieta equilibrada y variada y por un modo de vida sano.,,,,,2026-07-16 19:00:20.779744+00,2026-07-16 19:07:01.991847+00,diet-shake-caramelo-salado-720-g
318,2264,"Concentrado de proteína de suero de leche instantánea 64% {concentrado de proteína de suero de leche, emulgente [lecitinas (soja)]}, inulina, harina de avena (gluten), aromas (contiene cafeína), glucomanano 3,5% (de tubérculo de Amorphophallus konjac) (dióxido de azufre), espesante (goma de celulosa), virutas de chocolate {masa de cacao, edulcorante (maltitoles), manteca de cacao, cacao en polvo bajo en grasa, emulgente [lecitinas (soja)], aroma}, L-carnitina-L-tartrato 1%, emulgente [lecitinas (soja)], fibra cítrica, linaza en polvo, cáscara de semilla de psyllium en polvo, bayas de acai en polvo 0,6%, bayas de goji en polvo 0,6%, bromelina extraída de piña (1200 GDU/g) 0,5%, canela en polvo, sales cálcicas de ácido ortofosfórico, edulcorante (sucralosa), antiaglomerante (dióxido de silicio), cloruro de cromo (III) y su hexahidrato.
Elaborado en una fábrica que produce alimentos que contienen huevos, cacahuete, nueces, apio, pescado y crustáceos.","Información nutricional (por 30 g): Valor energético: 437 kJ / 104 kcal. Grasas: 1,8 g, de las cuales saturadas: 1,0 g. Hidratos de carbono: 4,9 g, de los cuales azúcares: 2,0 g. Fibra: 4,9 g. Proteínas: 15 g. Sal: 0,53 g.

Minerales (por 30 g): Cromo: 18 µg. Calcio: 115 mg.

Otros principios activos (por 30 g): Glucomanano: 1050 mg. Inulina: 2700 mg. L-Carnitina L-Tartrato: 320 mg, de la cual L-Carnitina: 220 mg. Bromelina en polvo: 160 mg.",Mezclar en un shaker 1 dosis (30 g = 4 cucharadas soperas rasas) del producto con 300 ml de agua. Tomar 1 dosis diariamente,ADVERTENCIAS: El producto no debe utilizarse como sustituto de una dieta equilibrada y variada y por un modo de vida sano. Un consumo excesivo puede causar malestar intestinal. Evitar el consumo junto con medicamentos y otros complementos alimenticios a base de fibra. Tomar el producto con mucha agua para asegurarse de que la sustancia llega al estómago. Se advierte de peligro de asfixia para personas con problemas de deglución. No ingerir justo antes de acostarse. Los pacientes con diabetes deben consultar con su médico antes de ingerir este producto alimenticio.,,,,,2026-07-16 19:04:31.564026+00,2026-07-16 19:06:43.413622+00,diet-shake-galletas-y-nata-720-g
319,2650,"Concentrado de proteína de suero de leche instantánea 61% {concentrado de proteína de suero de leche, emulgente [lecitinas (soja)]}, cacao en polvo bajo en grasa 10%, inulina, harina de avena (gluten), glucomanano 3,5% (de tubérculo de Amorphophallus konjac) (dióxido de azufre), espesante (goma de celulosa), aromas, L-carnitina-L-tartrato 1%, emulgente [lecitinas (soja)], fibra cítrica, linaza en polvo, cáscara de semilla de psyllium en polvo, bayas de acai en polvo 0,6%, bayas de goji en polvo 0,6%, sal, bromelina extraída de piña (1200 GDU/g) 0,5%, sales cálcicas de ácido ortofosfórico, edulcorante (sucralosa), antiaglomerante (dióxido de silicio), cloruro de cromo (III) y su hexahidrato.","1 dosis 30 g. Dosis por envase 24. Dosis diaria 1 dosis (30 g). Información nutricional. 100 g. IR (100 g). 30 g. Valor energético. 1425 kJ/ 339 kcal. 17%. 428 kJ/ 102 kcal. Grasas. 6,0 g. 9%. 1,8 g. De las cuales saturadas. 3,4 g. 17%. 1,0 g. Hidratos de carbono. 14 g. 6%. 4,3 g. De los cuales azúcares. 6,3 g. 7%. 1,9 g. Fibra. 16 g. IR no establecido. 4,7 g. Proteínas. 49 g. 98%. 15 g. Sal. 1,7 g. 29%. 0,52 g. Minerales. 100 g. VRN (100 g). 30 g. Cromo. 60 μg. 150%. 18 μg. Calcio. 384 mg. 48%. 115 mg. Valores de referencia de nutrientes diarios para adultos. Bajo contenido de grasa <1,5 g de grasa/100 ml del producto listo para consumir preparado con agua. Bajo contenido de azúcar <2,5 g de azúcar/100 ml del producto listo para consumir preparado con agua. Otros principios activos. 30 g. Glucomanano. 1050 mg. Inulina. 2025 mg. L-carnitina-L-tartrato. 320 mg. De la cual L-carnitina. 220 mg. Bromelina en polvo. 160 mg.",Mezclar en un shaker 1 dosis (30 g = 4 cucharadas soperas rasas) del producto con 300 ml de agua. Tomar 1 dosis diariamente.,El producto no debe utilizarse como sustituto de una dieta equilibrada y variada y por un modo de vida sano. Un consumo excesivo puede causar malestar intestinal. Evitar el consumo junto con medicamentos y otros complementos alimenticios a base de fibra. Tomar el producto con mucha agua para asegurarse de que la sustancia llega al estómago. Se advierte de peligro de asfixia para personas con problemas de deglución. No ingerir justo antes de acostarse. Los pacientes con diabetes deben consultar con su médico antes de ingerir este producto alimenticio.,,,,,2026-07-16 19:04:55.339583+00,2026-07-16 19:04:55.339583+00,diet-shake-chocolate-720-g
325,2153,"Concentrado de proteína de suero de leche instantánea 67% {concentrado de proteína de suero de leche, emulgente [lecitinas (soja)]}, inulina, harina de avena (gluten), aromas, glucomanano 3,5% (del tubérculo Amorphophallus konjac) (dióxido de azufre), espesante (goma de celulosa), L-carnitina-L-tartrato 1%, emulgente [lecitinas (soja)], fibra cítrica, linaza en polvo, cáscara de semilla de psyllium en polvo, bayas de acai en polvo 0,6%, bayas de goji en polvo 0,6%, bromelina extraída de piña (1200 GDU/g) 0,5%, sales cálcicas de ácido ortofosfórico, sal, edulcorante (sucralosa), antiaglomerante (dióxido de silicio), colorantes (tartrazina1, indigotina), cloruro de cromo (III) y su hexahidrato.
1Tartrazina: Puede tener efectos negativos sobre la actividad y la atención de los niños.
Elaborado en una fábrica que produce alimentos que contienen huevos, cacahuete, nueces, apio, pescado y crustáceos.","**Información nutricional (por 30 g):** Valor energético: 438 kJ / 104 kcal. Grasas: 1,5 g, de las cuales saturadas: 0,9 g. Hidratos de carbono: 4,6 g, de los cuales azúcares: 2,1 g. Fibra: 4,9 g. Proteínas: 15 g. Sal: 0,48 g.

**Minerales (por 30 g):** Cromo: 18 µg. Calcio: 118 mg.

**Otros principios activos (por 30 g):** Glucomanano: 1050 mg. Inulina: 2700 mg. L-Carnitina L-Tartrato: 320 mg, de la cual L-Carnitina: 220 mg. Bromelina en polvo: **1 mg** (tal y como aparece en el texto que has enviado; parece que el valor está incompleto y probablemente debería ser **160 mg**, como en las fichas anteriores).",,El producto no debe utilizarse como sustituto de una dieta equilibrada y variada y por un modo de vida sano. Un consumo excesivo puede causar malestar intestinal. Evitar el consumo junto con medicamentos y otros complementos alimenticios a base de fibra. Tomar el producto con mucha agua para asegurarse de que la sustancia llega al estómago. Se advierte de peligro de asfixia para personas con problemas de deglución. No ingerir justo antes de acostarse. Los pacientes con diabetes deben consultar con su médico antes de ingerir este producto alimenticio.,,,,,2026-07-16 19:09:05.127609+00,2026-07-16 19:10:34.424203+00,diet-shake-pistacho-720-g
330,3704,"Materiales: cobre 100% natural

Fabricación: hecho a mano en India por artesanos tradicionales",,Raspa tu lengua todos los días después de cepillarte los dientes. Raspa desde la base de la lengua hacia delante unas 7 veces o hasta que veas que no se eliminan más desechos.,,,,,,2026-07-17 19:12:21.555549+00,2026-07-17 19:12:31.197341+00,raspador-de-lengua-de-cobre
332,3263,"Maltodextrina 54%, concentrado de proteína de suero de leche, inulina 7%, almidón de maíz 5%, monohidrato de creatina micronizado 5%, caseinato de calcio (contiene leche), espesante (goma de celulosa), aromas, emulgente: lecitinas (soja), aislado de proteína de suero de leche, sal, edulcorante (sucralosa), colorante (tartrazina)¹.
¹Tartrazina, Rojo allura AC: pueden tener efectos negativos sobre la actividad y la atención de los niños.
Elaborado en una fábrica que produce alimentos que contienen leche, huevos, gluten, soja, crustáceos, dióxido de azufre y nueces.","Información nutricional (por 65 g): Valor energético: 1076 kJ / 254 kcal. Grasas: 1,4 g, de las cuales saturadas: 0,78 g. Hidratos de carbono: 38 g, de los cuales azúcares: 4,9 g. Fibra: 5,4 g. Proteínas: 20 g. Sal: 0,65 g.","Mezclar un servicio (65 g = 4 cucharadas soperas) de producto en un shaker con 450 ml de agua. En días de entrenamiento tomar 1 servicio directamente después del entrenamiento. En días de descanso tomar un servicio por la mañana y otro servicio por la tarde.


Envase: 65 g (1 dosis), 1000 g (15 dosis), 2270 g (34 dosis), 4000 g (61 dosis)","ADVERTENCIAS: El producto no es un sustituto de una dieta variada y equilibrada, ni de un estilo de vida saludable.",,,,,2026-07-20 11:36:04.114667+00,2026-07-23 12:06:53.10563+00,hyper-mass-vainilla-1-kg
333,3224,"Maltodextrina, harina de arroz pregelatinizada, almidón de maíz ceroso nativo (Waxy maize), Concentrado de proteína de suero de LECHE, aislado de proteína de SOJA, aroma, creatina monohidrato, L-glutamina, L-arginina, edulcorante: sucralosa y complejo multivitaminico [ácido L-ascórbico (vitamina C), maltodextrina, acetato de DL-alfa-tocoferilo (vitamina E), nicotinamida (niacina), acetato de retinilo (vitamina A), D-pantotenato cálcico (ácido pantoténico), colecalciferol (vitamina D), clorhidrato de piridoxina (vitamina B6), riboflavina (vitamina B2), mononitrato de tiamina (tiamina), fitomenadiona (vitamina K), cianocobalamina (vitamina B12), ácido pteroilmonoglutámico (ácido fólico) y D-biotina (biotina)].","Valores nutricionales por 100 gramos

La composición nutricional del producto ofrece un perfil energético elevado, pensado para cubrir las necesidades de quienes están en superávit calórico. Estos son los valores promedio por cada 100 g de producto:

Valor energético: 365 – 371 kcal
Proteínas: 12 – 13 g
Carbohidratos: 75 – 79 g
Azúcares: 4,4 – 4,5 g
Grasas: 0,7 – 1,3 g
Grasas saturadas: 0,4 – 0,7 g
Fibra alimentaria: hasta 1,9 g
Sal: 0,05 – 0,06 g
Además, contiene creatina (1,5 g), glutamina (0,5 g), arginina (0,5 g) y el 50 % de los valores de referencia nutricional en 13 vitaminas.","Disolver 100 g (2 cazos) en agua o leche desnatada (400 ml – 450 ml). Tomar 1-2 veces al día, preferiblemente en la comida y después del entrenamiento.",,Contiene leche y soja.,,,,2026-07-20 11:46:55.77217+00,2026-07-27 17:28:39.338768+00,mass-gainer-choco-hazelnut-3-kg
335,2272,"maltodextrina, dextrosa, sacarosa, fructosa,almidón de maíz, aroma, acidulante (ácido cítrico), sal, colorante (tartrazina**, indigotina).","Información nutricional (por 50 g): Valor energético: 807 kJ / 190 kcal. Grasas: 0 g, de las cuales saturadas: 0 g. Hidratos de carbono: 47 g, de los cuales azúcares: 29 g. Proteínas: 0 g. Sal: 0,15 g.","Mezclar 1 servicio (50 g = 3 cucharadas soperas colmadas) con 300 ml de agua, o, en el caso de Carbox sabor neutro, con cualquier líquido de tu elección. Consumir 1 servicio antes y durante el entrenamiento o la competición. Usa un shaker.","ADVERTENCIAS: El producto no es un sustituto de una dieta variada y equilibrada, ni de un estilo de vida saludable.",,,,,2026-07-23 11:19:15.076201+00,2026-07-23 11:19:15.076201+00,carbox-melocot-n-1-kg
336,3722,"Proteínas de suero de leche instantáneas 87% {concentrado de proteína de suero de leche [emulgente: lecitinas], aislado de proteína de suero de leche [emulgente: lecitinas (soja)]}, L-glutamina 4,7%, cacao en polvo bajo en grasa, aromas, L-arginina, café instantáneo 1%, espesante (goma de celulosa), sal, L-leucina 0,2%, edulcorante (sucralosa), L-isoleucina 0,1%, L-valina 0,1%, bromelina en polvo 0,04%.","Información nutricional (por 28 g): Valor energético: 454 kJ / 107 kcal. Grasas: 1,8 g, de las cuales saturadas: 0,6 g. Hidratos de carbono: 1,5 g, de los cuales azúcares: 1,0 g. Proteínas: 21 g. Sal: 0,24 g.

Perfil de aminoácidos (por 28 g): Aminoácidos esenciales: 9095 mg. Aminoácidos condicionalmente esenciales: 7666 mg. Aminoácidos no esenciales: 4238 mg. BCAA totales: 4328 mg.","Uso recomendado: Mezclar en un bote mezclador una ración de producto (28 gr = 2 cucharadas colmadas) con 250 ml de agua. Consumir una ración dentro de 45 minutos después del entrenamiento y una ración entre dos comidas. En días de descanso, consumir una ración en la mañana y una por la noche.",ADVERTENCIAS: El producto no deben utilizarse como sustituto de una dieta equilibrada y variada y por un modo de vida sano.,,,,,2026-07-23 11:24:26.280525+00,2026-07-23 11:24:26.280525+00,100-pure-whey-caramelo-capuchino-400-g
337,3716,"Maltodextrina 49%, concentrado de proteína de suero de leche, inulina 7%, almidón de maíz 5%, monohidrato de creatina micronizado 5%, caseinato de calcio (contiene leche), aromas, espesante (goma de celulosa), emulgente: lecitinas (soja), sal 0,93%, aislado de proteína de suero de leche, colorante (caramelo amónico), edulcorante (sucralosa).","Información nutricional (por 65 g): Valor energético: 1076 kJ / 254 kcal. Grasas: 1,4 g, de las cuales saturadas: 0,78 g. Hidratos de carbono: 38 g, de los cuales azúcares: 4,9 g. Fibra: 5,4 g. Proteínas: 20 g. Sal: 0,65 g.",Mezclar un servicio (65 g = 4 cucharadas soperas) de producto en un shaker con 450 ml de agua. En días de entrenamiento tomar 1 servicio directamente después del entrenamiento. En días de descanso tomar un servicio por la mañana y otro servicio por la tarde.,"El producto no es un sustituto de una dieta variada y equilibrada, ni de un estilo de vida saludabl",,,,,2026-07-23 11:27:47.529578+00,2026-07-23 11:27:47.529578+00,hyper-mass-caramelo-salado-1-kg
338,3711,"Monohidrato de creatina 43%, agente de carga (isomaltosa), concentrado alimentario con propiedades colorantes [maltodextrina, concentrado de remolacha, acidulante (ácido cítrico)], aromas, fresa en polvo 3,7%, antiaglomerantes (sales magnésicas de ácidos grasos, dióxido de silicio), acidulante (ácido cítrico), edulcorante (sucralosa).
Elaborado en una fábrica que produce alimentos que contienen leche, huevos, gluten, soja, cacahuete, frutos de cáscara, apio, pescado, crustáceos y dióxido de azufre.

CONSUMIR PREFERENTEMENTE ANTES DEL (día/mes/año): ver en el envase (LOT/EXP). Después de abrir no retire las bolsas de sílice.
Distribuido por: BioTech USA S.L., 1033 Budapest, Huszti út 60., Hungría.
Lugar de procedencia: UE (lugar de procedencia del ingrediente primario/de los ingredientes primarios: fuera de la UE).","Otros principios activos (por dosis diaria de 4 comprimidos masticables): Monohidrato de creatina: 3412 mg, del cual creatina: 3000 mg.",,,,,,,2026-07-23 11:32:33.480048+00,2026-07-23 11:32:33.480048+00,creatine-candy-frutos-del-bosque-240-uds
339,2331,"Aceite de pescado [triglicéridos (TG), 35% ácido eicosapentaenoico (EPA), 25% ácido docosahexaenoico (DHA)], gelatina, humectante (glicerina), D-alfa-tocoferol (vitamina E natural).","Aceite de pescado en perlas.
 350mg de EPA.
 250mg de DHA.
 Omega-3/TG (Triglicéridos de omega-3).
 Con certificado IFOS™.",,"Conservar en un lugar fresco (por debajo de 25ºC), seco y oscuro. No superar la dosis diaria expresamente recomendada. Mantener fuera del alcance de los niños más pequeños. Los complementos alimenticios no deben utilizarse como sustitutos de una dieta equilibrada. Es necesario mantener una dieta variada y equilibrada y un estilo de vida saludable.",,,,,2026-07-23 11:37:19.771201+00,2026-07-23 11:37:19.771201+00,ultra-omega-3-tg-120-uds
340,3714,"Monohidrato de creatina, cápsula vegetal [agente de recubrimiento (hidroxipropilmetilcelulosa)], antiaglomerante (sales magnésicas de ácidos grasos).",,"Tomar 1 cápsula vegetal, 3 veces al día.","Conservar en un lugar fresco (por debajo de 25ºC), seco y oscuro. No superar la dosis diaria expresamente recomendada. Mantener fuera del alcance de los niños más pequeños. Los complementos alimenticios no deben utilizarse como sustitutos de una dieta equilibrada. Es necesario mantener una dieta variada y equilibrada y un estilo de vida saludable.",,,,,2026-07-23 11:40:02.325699+00,2026-08-10 19:21:21.450293+00,creatine-excell-120-uds
341,3721,"Proteínas de suero de leche instantáneas 89% {concentrado de proteína de suero de leche [emulgente: lecitinas], aislado de proteína de suero de leche [emulgente: lecitinas (soja)]}, trozos de galleta 3%, [harina de arroz, azúcar, almidón de maíz, aceite refinado de coco, cacao en polvo bajo en grasa, jarabe de glucosa, sal, espesante (goma guar), gasificantes (hidrogenocarbonato de amonio, hidrogenocarbonato de sodio), aroma], L-glutamina 2,9%, espesante (goma de celulosa), aromas, L-arginina, sal, L-leucina 0,2%, edulcorante (sucralosa), L-isoleucina 0,1%, L-valina 0,1%, bromelina en polvo 0,04%.","Información nutricional (por 28 g): Valor energético: 456 kJ / 108 kcal. Grasas: 1,9 g, de las cuales saturadas: 0,7 g. Hidratos de carbono: 1,8 g, de los cuales azúcares: 1,3 g. Proteínas: 21 g. Sal: 0,33 g.","Uso recomendado: Mezclar en un bote mezclador una ración de producto (28 gr = 2 cucharadas colmadas) con 250 ml de agua. Consumir una ración dentro de 45 minutos después del entrenamiento y una ración entre dos comidas. En días de descanso, consumir una ración en la mañana y una por la noche.",El producto no deben utilizarse como sustituto de una dieta equilibrada y variada y por un modo de vida sano.,,,,,2026-07-23 11:48:46.529496+00,2026-07-23 11:48:46.529496+00,100-pure-whey-black-biscuit-454-g
343,3719,"Maltodextrina 53%, concentrado de proteína de suero de leche, inulina 7%, almidón de maíz 5%, monohidrato de creatina micronizado 5%, caseinato de calcio (contiene leche), espesante (goma de celulosa), aromas, acidulante (ácido cítrico), emulgente: lecitinas (soja), sal, aislado de proteína de suero de leche, edulcorante (sucralosa), colorante (Rojo allura AC)¹.
¹Tartrazina, Rojo allura AC: pueden tener efectos negativos sobre la actividad y la atención de los niños.
Elaborado en una fábrica que produce alimentos que contienen leche, huevos, gluten, soja, crustáceos, dióxido de azufre y nueces.",,Mezclar un servicio (65 g = 4 cucharadas soperas) de producto en un shaker con 450 ml de agua. En días de entrenamiento tomar 1 servicio directamente después del entrenamiento. En días de descanso tomar un servicio por la mañana y otro servicio por la tarde.,"El producto no es un sustituto de una dieta variada y equilibrada, ni de un estilo de vida saludable.",,,,,2026-07-23 11:57:52.078843+00,2026-07-23 19:09:19.575537+00,hyper-mass-fresa-1-kg
345,3718,"Maltodextrina 51%, concentrado de proteína de suero de leche, inulina 7%, cacao en polvo bajo en grasa, almidón de maíz 5%, monohidrato de creatina micronizado 5%, caseinato de calcio (contiene leche), espesante (goma de celulosa), aromas, emulgente: lecitinas (soja), aislado de proteína de suero de leche, sal, edulcorante (sucralosa).","Información nutricional (por 65 g): Valor energético: 1076 kJ / 254 kcal. Grasas: 1,4 g, de las cuales saturadas: 0,78 g. Hidratos de carbono: 38 g, de los cuales azúcares: 4,9 g. Fibra: 5,4 g. Proteínas: 20 g. Sal: 0,65 g.",Mezclar un servicio (65 g = 4 cucharadas soperas) de producto en un shaker con 450 ml de agua. En días de entrenamiento tomar 1 servicio directamente después del entrenamiento. En días de descanso tomar un servicio por la mañana y otro servicio por la tarde.,"El producto no es un sustituto de una dieta variada y equilibrada, ni de un estilo de vida saludable.",,,,,2026-07-23 12:02:10.977624+00,2026-07-23 19:09:40.02961+00,hyper-mass-chocolate-1-kg
348,3717,"Maltodextrina 47%, concentrado de proteína de suero de leche, inulina 7%, almidón de maíz 5%, monohidrato de creatina micronizado 5%, aromas (contiene cafeína), caseinato de calcio (contiene leche), espesante (goma de celulosa), chocolate en polvo [masa de cacao, manteca de cacao, cacao en polvo bajo en grasa, emulgente: lecitinas (soja), aroma], emulgente: lecitinas (soja), aislado de proteína de suero de leche, sal, canela, edulcorante (sucralosa).","Información nutricional (por 65 g): Valor energético: 1076 kJ / 254 kcal. Grasas: 1,4 g, de las cuales saturadas: 0,78 g. Hidratos de carbono: 38 g, de los cuales azúcares: 4,9 g. Fibra: 5,4 g. Proteínas: 20 g. Sal: 0,65 g.",Mezclar un servicio (65 g = 4 cucharadas soperas) de producto en un shaker con 450 ml de agua. En días de entrenamiento tomar 1 servicio directamente después del entrenamiento. En días de descanso tomar un servicio por la mañana y otro servicio por la tarde.,"ADVERTENCIAS: El producto no es un sustituto de una dieta variada y equilibrada, ni de un estilo de vida saludable.",,,,,2026-07-23 12:06:45.005524+00,2026-07-23 19:09:54.769607+00,hyper-mass-cookies-cream-1-kg
350,3720,"100% monohidrato de creatina micronizado (200 mesh).
Elaborado en una fábrica que produce alimentos que contienen leche, huevos, gluten, soja, crustáceos, dióxido de azufre y nueces.","Otros principios activos (por dosis diaria de 3,4 g): Monohidrato de creatina micronizado: 3,4 g, del cual creatina: 3 g.","Mezclar 1 dosis (3,4 g = 1 cucharamedidora rasa = 1 cucharada de té) con 300 ml de algún líquido a su gusto. Tomar 1 dosis diariamente. Usa un shaker.",ADVERTENCIAS: Mantener fuera del alcance de los niños más pequeños. No recomendado para personas menores de 18 años ni mujeres embarazadas o en período de lactancia ni para personas que están bajo control médico. Los complementos alimenticios no deben utilizarse como sustitutos de una dieta equilibrada y variada y por un modo de vida sano. No superar la dosis diaria expresamente recomendada.,,,,,2026-07-23 12:10:40.406052+00,2026-07-23 19:09:03.483752+00,100-creatina-monohidratada-sin-sabor-1-kg
352,3708,"Concentrado de proteína de suero de leche (100%).
Elaborado en una fábrica que produce alimentos que contienen leche, huevos, soja, crustáceos, dióxido de azufre y nueces.","Información nutricional (por 28 g): Valor energético: 481 kJ / 108 kcal. Grasas: 1,7 g, de las cuales saturadas: 1,1 g. Hidratos de carbono: 2,2 g, de los cuales azúcares: 2,2 g. Proteínas: 22 g. Sal: 0,13 g.

Perfil típico de aminoácidos/ 1 dosis (28 g): aminoácidos esenciales 9,7 g, aminoácidos condicionalmente esenciales 7,8 g, aminoácidos no esenciales 4,5 g. BCAA total 4,6 g.","Uso recomendado: Mezclar en un bote mezclador una ración de producto (28 gr = 2 cucharadas colmadas) con 200 ml de agua. En los días de entrenamiento, consumir una ración por la mañana y una ración inmediatamente después del ejercicio. En los días de descanso, consumir una ración en la mañana y una por la tarde.","ADVERTENCIAS: El producto no es un sustituto de una dieta variada y equilibrada, ni de un estilo de vida saludable.",,,,,2026-07-23 16:57:53.230186+00,2026-07-23 19:10:19.697942+00,100-pure-whey-sin-sabor-1-kg
353,3725,"Aislado de proteínas de suero de leche instantáneo {aislado de proteínas de suero de leche, emulgente [lecitinas (soja)]} 35%, concentrado de proteínas de suero de leche instantáneo {concentrado de proteínas de suero de leche, emulgente [lecitinas (soja)]} 34%, monohidrato de creatina micronizado 15%, cacao en polvo bajo en grasa, L-glutamina 3,5%, aromas, potenciador de cremosidad [aceite de coco totalmente hidrogenado, leche desnatada en polvo, emulgentes (E471, E472a), jarabe de glucosa, sacarosa, proteína de leche, estabilizante (fosfatos de potasio)], emulgente [lecitinas (soja)], espesantes (carragenanos, goma xantana), clorhidrato de L-arginina 0,85%, sal, antiaglomerante (dióxido de silicio), edulcorante (sucralosa), niacina (nicotinamida, ácido nicotínico).
Elaborado en una fábrica que produce alimentos que contienen huevos, cacahuetes, frutos de cáscara, apio, pescado, crustáceos y dióxido de azufre.

CONSUMIR PREFERENTEMENTE ANTES DEL (día/mes/año): ver en el envase (LOT/EXP). ALMACENAMIENTO: Almacenar bien cerrado, en lugar fresco y seco.
Lugar de procedencia: UE.
Distribuido por: BioTechUSA S.L., 1033 Budapest, Huszti út 60., Hungría.","Información nutricional (por 22,5 g): Valor energético: 389 kJ / 92 kcal. Grasas: 1,0 g, de las cuales ácidos grasos saturados: 0,5 g. Hidratos de carbono: 1,0 g, de los cuales azúcares: 0,7 g. Proteínas: 20 g. Sal: 0,24 g.

Vitaminas (por 22,5 g): Niacina: 3,0 mg.

Otros principios activos añadidos (por 22,5 g): Monohidrato de creatina micronizado: 3412 mg, del cual creatina: 3000 mg. L-Glutamina: 788 mg. Clorhidrato de L-arginina: 192 mg, del cual L-arginina: 159 mg.

Aminoácidos esenciales — EAA (por 22,5 g): L-Histidina: 339 mg. L-Isoleucina: 1040 mg. L-Leucina: 1911 mg. L-Lisina: 1662 mg. L-Metionina: 425 mg. L-Fenilalanina: 578 mg. L-Treonina: 1170 mg. L-Triptófano: 309 mg. L-Valina: 1006 mg. Total: 8440 mg.

Aminoácidos condicionalmente esenciales — CAA (por 22,5 g): L-Arginina: 740 mg. L-Cisteína: 577 mg. L-Glutamina y ácido L-glutámico: 4298 mg. L-Prolina: 999 mg. L-Tirosina: 538 mg. Total: 7152 mg.

Aminoácidos no esenciales — NAA (por 22,5 g): L-Alanina: 866 mg. L-Asparagina y ácido L-aspártico: 1935 mg. Glicina: 324 mg. L-Serina: 859 mg. Total: 3984 mg.","Instrucciones de uso: Mezclar 1 dosis (22,5 g = 1 cuchara medidora= 4 cucharadas soperas) con 200 ml de agua en un shaker.Para realizar medidas precisas utilice una báscula. Tomar 1 dosis diariamente.","ADVERTENCIAS: No debe ser consumido por menores de 18 años, ni por personas con afecciones médicas y/o que toman medicamentos. No debe ser consumido por mujeres embarazadas o en período de lactancia.",,,,,2026-07-23 18:36:21.883164+00,2026-07-23 18:44:43.476421+00,iso-whey-platinum-chocolate-454-g
354,3727,"Aislado de proteínas de suero de leche instantáneo {aislado de proteínas de suero de leche, emulgente [lecitinas (soja)]} 36%, concentrado de proteínas de suero de leche instantáneo {concentrado de proteínas de suero de leche, emulgente [lecitinas (soja)]} 36%, monohidrato de creatina micronizado 15%, L-glutamina 3,5%, aromas, potenciador de cremosidad [aceite de coco totalmente hidrogenado, leche desnatada en polvo, emulgentes (E471, E472a), jarabe de glucosa, sacarosa, proteína de leche, estabilizante (fosfatos de potasio)], acidulante (ácido cítrico), espesantes (carragenanos, goma xantana), clorhidrato de L-arginina 0,85%, emulgente [lecitinas (soja), antiaglomerante (dióxido de silicio), sal, edulcorante (sucralosa), niacina (nicotinamida, ácido nicotínico), colorante (Rojo Allura AC).
Rojo Allura AC: puede tener efectos negativos sobre la actividad y la atención de los niños. br>Elaborado en una fábrica que produce alimentos que contienen huevos, cacahuetes, frutos de cáscara, apio, pescado, crustáceos y dióxido de azufre.

CONSUMIR PREFERENTEMENTE ANTES DEL (día/mes/año): ver en el envase (LOT/EXP). ALMACENAMIENTO: Almacenar bien cerrado, en lugar fresco y seco.
Lugar de procedencia: UE.
Distribuido por: BioTechUSA S.L., 1033 Budapest, Huszti út 60., Hungría.","Información nutricional (por 22,5 g): Valor energético: 389 kJ / 92 kcal. Grasas: 1,0 g, de las cuales ácidos grasos saturados: 0,5 g. Hidratos de carbono: 1,0 g, de los cuales azúcares: 0,7 g. Proteínas: 20 g. Sal: 0,24 g.

Vitaminas (por 22,5 g): Niacina: 3,0 mg.

Otros principios activos añadidos (por 22,5 g): Monohidrato de creatina micronizado: 3412 mg, del cual creatina: 3000 mg. L-Glutamina: 788 mg. Clorhidrato de L-arginina: 192 mg, del cual L-arginina: 159 mg.

Aminoácidos esenciales — EAA (por 22,5 g): L-Histidina: 339 mg. L-Isoleucina: 1040 mg. L-Leucina: 1911 mg. L-Lisina: 1662 mg. L-Metionina: 425 mg. L-Fenilalanina: 578 mg. L-Treonina: 1170 mg. L-Triptófano: 309 mg. L-Valina: 1006 mg. Total: 8440 mg.

Aminoácidos condicionalmente esenciales — CAA (por 22,5 g): L-Arginina: 740 mg. L-Cisteína: 577 mg. L-Glutamina y ácido L-glutámico: 4298 mg. L-Prolina: 999 mg. L-Tirosina: 538 mg. Total: 7152 mg.

Aminoácidos no esenciales — NAA (por 22,5 g): L-Alanina: 866 mg. L-Asparagina y ácido L-aspártico: 1935 mg. Glicina: 324 mg. L-Serina: 859 mg. Total: 3984 mg.","Instrucciones de uso: Mezclar 1 dosis (22,5 g = 1 cuchara medidora= 4 cucharadas soperas) con 200 ml de agua en un shaker.Para realizar medidas precisas utilice una báscula. Tomar 1 dosis diariamente.","ADVERTENCIAS: No debe ser consumido por menores de 18 años, ni por personas con afecciones médicas y/o que toman medicamentos. No debe ser consumido por mujeres embarazadas o en período de lactancia.",,,,,2026-07-23 18:39:05.327076+00,2026-07-23 18:39:05.327076+00,iso-whey-platinum-fresa-454-g
355,3728,"Aislado de proteínas de suero de leche instantáneo {aislado de proteínas de suero de leche, emulgente [lecitinas (soja)]} 36%, concentrado de proteínas de suero de leche instantáneo {concentrado de proteínas de suero de leche, emulgente [lecitinas (soja)]} 36%, monohidrato de creatina micronizado 15%, L-glutamina 3,5%, aromas, potenciador de cremosidad [aceite de coco totalmente hidrogenado, leche desnatada en polvo, emulgentes (E471, E472a), jarabe de glucosa, sacarosa, proteína de leche, estabilizante (fosfatos de potasio)], emulgente [lecitinas (soja)], espesantes (carragenanos, goma xantana), clorhidrato de L-arginina 0,85%, acidulante (ácido málico), sal, antiaglomerante (dióxido de silicio), edulcorante (sucralosa), niacina (nicotinamida, ácido nicotínico), colorante (tartrazina). Tartrazina: puede tener efectos negativos sobre la actividad y la atención de los niños.
Elaborado en una fábrica que produce alimentos que contienen huevos, cacahuetes, frutos de cáscara, apio, pescado, crustáceos y dióxido de azufre.

CONSUMIR PREFERENTEMENTE ANTES DEL (día/mes/año): ver en el envase (LOT/EXP). ALMACENAMIENTO: Almacenar bien cerrado, en lugar fresco y seco.
Lugar de procedencia: UE.
Distribuido por: BioTechUSA S.L., 1033 Budapest, Huszti út 60., Hungría.","Información nutricional (por 22,5 g): Valor energético: 389 kJ / 92 kcal. Grasas: 1,0 g, de las cuales ácidos grasos saturados: 0,5 g. Hidratos de carbono: 1,0 g, de los cuales azúcares: 0,7 g. Proteínas: 20 g. Sal: 0,24 g.

Vitaminas (por 22,5 g): Niacina: 3,0 mg.

Otros principios activos añadidos (por 22,5 g): Monohidrato de creatina micronizado: 3412 mg, del cual creatina: 3000 mg. L-Glutamina: 788 mg. Clorhidrato de L-arginina: 192 mg, del cual L-arginina: 159 mg.

Aminoácidos esenciales — EAA (por 22,5 g): L-Histidina: 339 mg. L-Isoleucina: 1040 mg. L-Leucina: 1911 mg. L-Lisina: 1662 mg. L-Metionina: 425 mg. L-Fenilalanina: 578 mg. L-Treonina: 1170 mg. L-Triptófano: 309 mg. L-Valina: 1006 mg. Total: 8440 mg.

Aminoácidos condicionalmente esenciales — CAA (por 22,5 g): L-Arginina: 740 mg. L-Cisteína: 577 mg. L-Glutamina y ácido L-glutámico: 4298 mg. L-Prolina: 999 mg. L-Tirosina: 538 mg. Total: 7152 mg.

Aminoácidos no esenciales — NAA (por 22,5 g): L-Alanina: 866 mg. L-Asparagina y ácido L-aspártico: 1935 mg. Glicina: 324 mg. L-Serina: 859 mg. Total: 3984 mg.","Instrucciones de uso: Mezclar 1 dosis (22,5 g = 1 cuchara medidora= 4 cucharadas soperas) con 200 ml de agua en un shaker.Para realizar medidas precisas utilice una báscula. Tomar 1 dosis diariamente.","ADVERTENCIAS: No debe ser consumido por menores de 18 años, ni por personas con afecciones médicas y/o que toman medicamentos. No debe ser consumido por mujeres embarazadas o en período de lactancia.",,,,,2026-07-23 18:41:40.459912+00,2026-07-23 18:41:40.459912+00,iso-whey-platinum-coco-mango-454-g
356,3726,"Aislado de proteínas de suero de leche instantáneo {aislado de proteínas de suero de leche, emulgente [lecitinas (soja)]} 33%, concentrado de proteínas de suero de leche instantáneo {concentrado de proteínas de suero de leche, emulgente [lecitinas (soja)]} 33%, monohidrato de creatina micronizado 15%, aromas L-glutamina 3,5%, potenciador de cremosidad [aceite de coco totalmente hidrogenado, leche desnatada en polvo, emulgentes (E471, E472a), jarabe de glucosa, sacarosa, proteína de leche, estabilizante (fosfatos de potasio)], emulgente [lecitinas (soja], espesantes (carragenanos, goma xantana), clorhidrato de L-arginina 0,85%, sal, canela en polvo, antiaglomerante (dióxido de silicio), edulcorante (sucralosa), niacina (nicotinamida, ácido nicotínico).
Elaborado en una fábrica que produce alimentos que contienen huevos, cacahuetes, frutos de cáscara, apio, pescado, crustáceos y dióxido de azufre.

CONSUMIR PREFERENTEMENTE ANTES DEL (día/mes/año): ver en el envase (LOT/EXP). ALMACENAMIENTO: Almacenar bien cerrado, en lugar fresco y seco.
Lugar de procedencia: UE.
Distribuido por: BioTechUSA S.L., 1033 Budapest, Huszti út 60., Hungría.","Información nutricional (por 22,5 g): Valor energético: 389 kJ / 92 kcal. Grasas: 1,0 g, de las cuales ácidos grasos saturados: 0,5 g. Hidratos de carbono: 1,0 g, de los cuales azúcares: 0,7 g. Proteínas: 20 g. Sal: 0,24 g.

Vitaminas (por 22,5 g): Niacina: 3,0 mg.

Otros principios activos añadidos (por 22,5 g): Monohidrato de creatina micronizado: 3412 mg, del cual creatina: 3000 mg. L-Glutamina: 788 mg. Clorhidrato de L-arginina: 192 mg, del cual L-arginina: 159 mg.

Aminoácidos esenciales — EAA (por 22,5 g): L-Histidina: 339 mg. L-Isoleucina: 1040 mg. L-Leucina: 1911 mg. L-Lisina: 1662 mg. L-Metionina: 425 mg. L-Fenilalanina: 578 mg. L-Treonina: 1170 mg. L-Triptófano: 309 mg. L-Valina: 1006 mg. Total: 8440 mg.

Aminoácidos condicionalmente esenciales — CAA (por 22,5 g): L-Arginina: 740 mg. L-Cisteína: 577 mg. L-Glutamina y ácido L-glutámico: 4298 mg. L-Prolina: 999 mg. L-Tirosina: 538 mg. Total: 7152 mg.

Aminoácidos no esenciales — NAA (por 22,5 g): L-Alanina: 866 mg. L-Asparagina y ácido L-aspártico: 1935 mg. Glicina: 324 mg. L-Serina: 859 mg. Total: 3984 mg.","Instrucciones de uso: Mezclar 1 dosis (22,5 g = 1 cuchara medidora= 4 cucharadas soperas) con 200 ml de agua en un shaker.Para realizar medidas precisas utilice una báscula. Tomar 1 dosis diariamente.","ADVERTENCIAS: No debe ser consumido por menores de 18 años, ni por personas con afecciones médicas y/o que toman medicamentos. No debe ser consumido por mujeres embarazadas o en período de lactancia.",,,,,2026-07-23 18:44:07.841472+00,2026-07-23 18:44:07.841472+00,iso-whey-platinum-cookies-cream-454-g
363,3744,"Harina integral de avena (gluten), aromas, colorante: rojo de remolacha y edulcorante: sucralosa.","Información nutricional (por 100 g): Valor energético: 365 kcal. Grasas: 5,9 g, de las cuales saturadas: 1,2 g. Hidratos de carbono: 62 g, de los cuales azúcares: 1,1 g. Proteínas: 11 g. Fibra: 9,4 g. Sal: 0 g.","Mezclar 100 g con agua, leche o zumo de frutas (cantidad según preferencia). Tomar de 1 a 3 veces al día o tal y como sea necesario.",,"Puede contener trazas de leche, soja, huevos, pescado, sulfitos, apio y gluten.",,,,2026-07-24 19:03:05.485203+00,2026-07-27 17:19:48.413711+00,instant-oats-premium-strawberry-cheescake-1-6-kg
364,3748,"Harina pregelatinizada de arroz (87,9%), cacaos desgrasados alcalinizados en polvo, aromas y edulcorante: sucralosa.","Información nutricional (por 100 g): Valor energético: 352 kcal. Grasas: 1,5 g, de las cuales saturadas: 0,9 g. Hidratos de carbono: 74 g, de los cuales azúcares: 0,8 g. Proteínas: 8,8 g. Fibra: 3,1 g. Sal: 0,13 g.","Disolver 50 g en 250 ml de agua o leche (se puede añadir más líquido, según la textura deseada). Agitar constantemente o utilizar batidora.",Producto para uso en adultos.,Puede contener trazas de leche y soja.,,,,2026-07-24 19:16:33.435268+00,2026-07-27 16:36:36.866065+00,tasty-rice-chocolate-dubai-1-kg
366,3750,"Harina pregelatinizada de arroz (98,42%), aroma y edulcorante: sucralosa.","Información nutricional (por 100 g): Valor energético: 359 kcal. Grasas: 0,5 g, de las cuales saturadas: 0,3 g. Hidratos de carbono: 81 g, de los cuales azúcares: 0,6 g. Proteínas: 7,5 g. Fibra: 0,5 g. Sal: 0 g.","Disolver 50 g en 250 ml de agua o leche (se puede añadir más líquido, según la textura deseada). Agitar constantemente o utilizar batidora.",Producto para uso en adultos,Aunque este producto no contiene leche y soja se fabrica en una instalación que procesa ingredientes que sí los contienen.,,,,2026-07-27 16:39:15.767812+00,2026-07-27 17:09:18.669477+00,tasty-rice-white-chocolate-1-kg
368,3752,"Información nutricional (por 100 g): Valor energético: 353 kcal. Grasas: 1,5 g, de las cuales saturadas: 0,9 g. Hidratos de carbono: 75 g, de los cuales azúcares: 0,8 g. Proteínas: 8,7 g. Fibra: 1,5 g. Sal: 0,07 g.","Harina pregelatinizada de arroz (90,22%), cacaos desgrasados alcalinizados en polvo, aromas y edulcorante: sucralosa.","Disolver 50 g en 250 ml de agua o leche (se puede añadir más líquido, según la textura deseada). Agitar constantemente o utilizar batidora.",Producto para uso en adultos.,Aunque este producto no contiene leche y soja se fabrica en una instalación que procesa ingredientes que sí los contienen.,,,,2026-07-27 16:43:03.389276+00,2026-07-27 16:43:03.389276+00,tasty-rice-procao-1-kg
371,3751,"Harina pregelatinizada de arroz (91,8%), aromas, cacao desgrasado alcalinizado en polvo y edulcorante: sucralosa.","Información nutricional (por 100 g): Valor energético: 363 kcal. Grasas: 1,4 g, de las cuales saturadas: 0,5 g. Hidratos de carbono: 78 g, de los cuales azúcares: 0,8 g. Proteínas: 8,1 g. Fibra: 2,5 g. Sal: 0 g.",,,"Puede contener trazas de leche, soja y pescado.",,,,2026-07-27 16:48:32.348894+00,2026-07-27 16:48:32.348894+00,tasty-rice-choco-good-cookies-1-kg
375,3747,"Harina integral de avena (gluten), pepitas de chocolate (2%) [azúcar, pasta de cacao, manteca de cacao, cacao desgrasado en polvo, agente de recubrimiento (E-553b), emulgente (E-322) y aroma], aroma y edulcorante: sucralosa.","Información nutricional (por 100 g): Valor energético: 369 kcal. Grasas: 6,3 g, de las cuales saturadas: 1,5 g. Hidratos de carbono: 62 g, de los cuales azúcares: 2,1 g. Proteínas: 11 g. Fibra: 9,5 g. Sal: 0 g.","Mezclar 100 g con 250 ml de agua, leche o zumo de frutas.",,"Aunque este producto no contiene gluten, leche, pescado, sulfitos, apio y soja, se fabrica en una instalación que procesa ingredientes que sí los contienen.",,,,2026-07-27 17:02:20.562531+00,2026-08-10 19:20:37.603523+00,instant-oats-cookies-choco-chips-1-6-kg
376,771,Harina pregelatinizada de arroz.,"Información nutricional (por 100 g): Valor energético: 371 kcal. Grasas: 0,8 g, de las cuales saturadas: 0,2 g. Hidratos de carbono: 83 g, de los cuales azúcares: 0,5 g. Proteínas: 7,5 g. Fibra: 1 g. Sal: 0 g.","Disolver 50 g en 250 ml de agua o leche (se puede añadir más líquido, según la textura deseada). Agitar constantemente o utilizar batidora.",,"Puede contener trazas de leche, soja, pescado, sulfitos, apio y gluten.",,,,2026-07-27 17:05:43.838953+00,2026-07-27 17:05:43.838953+00,tasty-rice-sin-sabor-1-kg
378,3749,"Harina pregelatinizada de arroz (95,1%), cacao desgrasado alcalinizado en polvo, aromas y edulcorante: sucralosa.","Información nutricional (por 100 g): Valor energético: 367 kcal. Grasas: 1,2 g, de las cuales saturadas: 0,4 g. Hidratos de carbono: 80 g, de los cuales azúcares: 1,0 g. Proteínas: 7,9 g. Fibra: 1,1 g. Sal: 0 g.","Disolver 50 g en 250 ml de agua o leche (se puede añadir más líquido, según la textura deseada). Agitar constantemente o utilizar batidora.",,Aunque este producto no contiene leche y soja se fabrica en una instalación que procesa ingredientes que sí los contienen.,,,,2026-07-27 17:09:06.363879+00,2026-07-27 17:09:06.363879+00,tasty-rice-choco-peanut-1-kg
380,3745,"Harina de integral avena (GLUTEN), aroma y edulcorante: sucralosa.","Información nutricional (por 100 g): Valor energético: 380 kcal. Grasas: 7,8 g, de las cuales saturadas: 1,4 g. Hidratos de carbono: 59 g, de los cuales azúcares: 1,9 g. Proteínas: 14 g. Fibra: 9,3 g. Sal: 0 g.","Mezclar 100 g con 250 ml de agua, leche o zumo de frutas.",Producto para adultos,"Aunque este producto no contiene leche, pescado y soja, se fabrica en una instalación que procesa ingredientes que sí los contienen.",,,,2026-07-27 17:13:57.710122+00,2026-07-27 17:13:57.710122+00,instant-oats-premium-chocolate-blanco-1-6-kg
382,3746,"Harina integral de avena (GLUTEN), aroma y edulcorante: sucralosa.","Información nutricional (por 100 g): Valor energético: 380 kcal. Grasas: 7,7 g, de las cuales saturadas: 1,4 g. Hidratos de carbono: 60 g, de los cuales azúcares: 1,8 g. Proteínas: 14 g. Fibra: 9,1 g. Sal: 0 g.","Mezclar 100 g con 250 ml de agua, leche o zumo de frutas.",Producto para adultos,"Aunque este producto no contiene leche y soja, se fabrica en una instalación que procesa ingredientes que sí los contienen.",,,,2026-07-27 17:16:14.930263+00,2026-07-27 17:16:14.930263+00,instant-oats-croissant-1-6-kg
384,760,Harina integral de avena (gluten).,"Información nutricional (por 100 g): Valor energético: 367 kcal. Grasas: 6 g, de las cuales saturadas: 1,2 g. Hidratos de carbono: 62 g, de los cuales azúcares: 1,0 g. Proteínas: 12 g. Fibra: 9,6 g. Sal: 0 g.","Mezclar 100 g con 250 ml de agua, leche o zumo de frutas.",,"Puede contener trazas de leche, soja, huevos, pescado, sulfitos, apio y gluten.",,,,2026-07-27 17:19:37.552641+00,2026-07-27 17:19:37.552641+00,instant-oats-premium-sin-sabor-1-6-kg
386,755,"Harina integral de avena (gluten), galleta Lotus Biscoff (2,6%) [harina de trigo (gluten), azúcar, aceites vegetales (palma*, colza), jarabe de azúcar moreno, gasificante: bicarbonato sódico, sal y canela], cacao desgrasado alcalinizado en polvo, aroma y edulcorante: sucralosa. *Aceite de palma de plantaciones sostenibles y certificadas.","Información nutricional (por 100 g): Valor energético: 371 kcal. Grasas: 7,4 g, de las cuales saturadas: 1,6 g. Hidratos de carbono: 59 g, de los cuales azúcares: 2,1 g. Proteínas: 12 g. Fibra: 9,6 g. Sal: 0,03 g.","Mezclar 100 g con 250 ml de agua, leche o zumo de frutas.",Producto para adultos,Contiene gluten. Puede contener trazas de leche y soja,,,,2026-07-27 17:22:14.272292+00,2026-07-27 17:22:14.272292+00,instant-oats-choco-monky-1-6-kg
388,3223,"Maltodextrina, harina de arroz pregelatinizada, almidón de maíz ceroso nativo (Waxy maize), Concentrado de proteína de suero de LECHE, aislado de proteína de SOJA, aroma, creatina monohidrato, L-glutamina, L-arginina, edulcorante: sucralosa y complejo multivitaminico [ácido L-ascórbico (vitamina C), maltodextrina, acetato de DL-alfa-tocoferilo (vitamina E), nicotinamida (niacina), acetato de retinilo (vitamina A), D-pantotenato cálcico (ácido pantoténico), colecalciferol (vitamina D), clorhidrato de piridoxina (vitamina B6), riboflavina (vitamina B2), mononitrato de tiamina (tiamina), fitomenadiona (vitamina K), cianocobalamina (vitamina B12), ácido pteroilmonoglutámico (ácido fólico) y D-biotina (biotina)].","Información nutricional (por 100 g): Valor energético: 372 kcal. Grasas: 0,8 g, de las cuales saturadas: 0,4 g. Hidratos de carbono: 79 g, de los cuales azúcares: 4,4 g. Proteínas: 12 g. Fibra: 0,3 g. Sal: 0,06 g.

Vitaminas (por 100 g): Vitamina A: 400 µg. Vitamina D: 2,5 µg. Vitamina E: 6 mg. Vitamina K: 12,5 µg. Vitamina C: 40 mg. Tiamina (Vitamina B1): 0,6 mg. Riboflavina (Vitamina B2): 0,7 mg. Niacina (Vitamina B3): 8 mg. Vitamina B6: 0,7 mg. Vitamina B12: 1,3 µg. Biotina: 25 µg. Ácido fólico: 100 µg. Ácido pantoténico: 3 mg.

Otros principios activos (por 100 g): Creatina monohidrato: 1,5 g. L-Glutamina: 0,5 g. L-Arginina: 0,5 g.

Perfil de aminoácidos (por 100 g): L-Alanina: 0,54 g. Ácido L-Aspártico: 1,31 g. L-Cisteína: 0,30 g. Ácido L-Glutámico: 2,59 g. Glicina: 0,32 g. L-Prolina: 0,64 g. L-Serina: 0,61 g. L-Tirosina: 0,38 g. L-Leucina: 1,12 g. L-Isoleucina: 0,60 g. L-Valina: 0,61 g. L-Lisina: 0,92 g. L-Metionina: 0,21 g. L-Treonina: 0,66 g. L-Fenilalanina: 0,43 g. L-Triptófano: 0,20 g. L-Histidina: 0,28 g. L-Arginina: 1,06 g.","Disolver 100 g (2 cazos) en agua o leche desnatada (400 ml – 450 ml). Tomar 1-2 veces al día, preferiblemente en la comida y después del entrenamiento.",Producto para uso en adultos. Mantener fuera del alcance de los niños más pequeños.,Contiene leche y soja.,,,,2026-07-27 17:25:52.038077+00,2026-07-27 17:25:52.038077+00,mass-gainer-speculoos-cream-3-kg
390,3754,"Maltodextrina, harina de arroz pregelatinizada, almidón de maíz ceroso nativo (Waxy maize), Concentrado de proteína de suero de LECHE, aislado de proteína de SOJA, cacao alcalinizado desgrasado en polvo, aromas, creatina monohidrato, L-glutamina, L-arginina, edulcorante: sucralosa y complejo multivitamínico [ácido L-ascórbico (vitamina C), maltodextrina, acetato de DL-alfa-tocoferilo (vitamina E), nicotinamida (niacina), acetato de retinilo (vitamina A), D-pantotenato cálcico (ácido pantoténico), colecalciferol (vitamina D), clorhidrato de piridoxina (vitamina B6), riboflavina (vitamina B2), mononitrato de tiamina (tiamina), fitomenadiona (vitamina K), cianocobalamina (vitamina B12), ácido pteroilmonoglutámico (ácido fólico) y D-biotina (biotina)].","Información nutricional (por 100 g): Valor energético: 366 kcal. Grasas: 1,4 g, de las cuales saturadas: 0,7 g. Hidratos de carbono: 75 g, de los cuales azúcares: 4,2 g. Proteínas: 13 g. Fibra: 1,8 g. Sal: 0,05 g.

Vitaminas (por 100 g): Vitamina A: 400 µg. Vitamina D: 2,5 µg. Vitamina E: 6 mg. Vitamina K: 12,5 µg. Vitamina C: 40 mg. Tiamina (Vitamina B1): 0,6 mg. Riboflavina (Vitamina B2): 0,7 mg. Niacina (Vitamina B3): 8 mg. Vitamina B6: 0,7 mg. Vitamina B12: 1,3 µg. Biotina: 25 µg. Ácido fólico: 100 µg. Ácido pantoténico: 3 mg.

Otros principios activos (por 100 g): Creatina monohidrato: 1,5 g. L-Glutamina: 0,5 g. L-Arginina: 0,5 g.

Perfil de aminoácidos (por 100 g): L-Alanina: 0,46 g. Ácido L-Aspártico: 1,14 g. L-Cisteína: 0,26 g. Ácido L-Glutámico: 2,33 g. Glicina: 0,29 g. L-Prolina: 0,56 g. L-Serina: 0,51 g. L-Tirosina: 0,33 g. L-Leucina: 0,97 g. L-Isoleucina: 0,51 g. L-Valina: 0,53 g. L-Lisina: 0,78 g. L-Metionina: 0,18 g. L-Treonina: 0,51 g. L-Fenilalanina: 0,38 g. L-Triptófano: 0,17 g. L-Histidina: 0,25 g. L-Arginina: 1,01 g.","Disolver 100 g (2 cazos) en agua o leche desnatada (400 ml – 450 ml). Tomar 1-2 veces al día, preferiblemente en la comida y después del entrenamiento.",Producto para uso en adultos. Mantener fuera del alcance de los niños más pequeños.,Contiene leche y soja.,,,,2026-07-27 17:28:26.985135+00,2026-07-27 17:28:26.985135+00,mass-gainer-chocomonky-3-kg
392,3740,"Creatina monohidrato, corrector de acidez: ácido cítrico, aroma, edulcorante: sucralosa y colorante: rojo de remolacha.","Otros principios activos (por servicio de 3 g): Creatina monohidrato: 2,56 g.","Días de entrenamiento: La dosis recomendada básica son 3 gramos (1 cazo) disueltos en 250 ml de agua, antes del entrenamiento. Días de NO entrenamiento: Se puede descansar o continuar con la misma dosis.","Producto para uso en adultos. Los complementos alimenticios no deben utilizarse como sustitutos de una dieta equilibrada y un estilo de vida saludable. Este producto no está diseñado para diagnosticar, tratar o prevenir ninguna enfermedad. No superar la dosis diaria expresamente recomendada. Mantener fuera del alcance de los niños más pequeños.","Aunque este producto no contiene leche y soja, se fabrica en una instalación que procesa ingredientes que sí los contienen.",,,,2026-07-27 17:32:25.627033+00,2026-07-28 11:46:28.211157+00,creatina-monohidratada-lollipop-500-g
393,3739,"Creatina monohidrato Creapure®, corrector de acidez: ácido cítrico, aroma, edulcorante: sucralosa y colorante: rojo de remolacha.","Otros principios activos (por servicio de 3 g): Creatina monohidrato Creapure®: 2,56 g.","Días de entrenamiento: La dosis recomendada básica son 3 gramos (1 cazo) disueltos en 250 ml de agua, antes del entrenamiento. Días de NO entrenamiento: Se puede descansar o continuar con la misma dosis.","Producto para uso en adultos. Los complementos alimenticios no deben utilizarse como sustitutos de una dieta equilibrada y un estilo de vida saludable. Este producto no está diseñado para diagnosticar, tratar o prevenir ninguna enfermedad. No superar la dosis diaria expresamente recomendada. Mantener fuera del alcance de los niños más pequeños.","Aunque este producto no contiene leche y soja, se fabrica en una instalación que procesa ingredientes que sí los contienen.",,,,2026-07-27 17:35:00.504322+00,2026-07-27 17:35:00.504322+00,creatina-monohidratada-lollipop-250-g
395,3741,Creatina monohidrato.,Otros principios activos (por servicio de 3 g): Creatina monohidrato: 3 g.,"La dosis recomendada básica son 3 gramos (1 cazo) disueltos en 250 ml de agua, antes del entrenamiento. Días de NO entrenamiento: Se puede descansar o continuar con la misma dosis.","Producto para uso en adultos. Los complementos alimenticios no deben utilizarse como sustitutos de una dieta equilibrada y un estilo de vida saludable. Este producto no está diseñado para diagnosticar, tratar o prevenir ninguna enfermedad. Mantener fuera del alcance de los niños más pequeños.","Aunque este producto no contiene leche y soja, se fabrica en una instalación que procesa ingredientes que sí los contienen.",,,,2026-07-27 17:38:58.875951+00,2026-07-27 17:38:58.875951+00,creatina-monohidratada-sin-sabor-500-g
397,3742,Creatina monohidrato.,Otros principios activos (por servicio de 3 g): Creatina monohidrato: 3 g.,"La dosis recomendada básica son 3 gramos (1 cazo) disueltos en 250 ml de agua, antes del entrenamiento. Días de NO entrenamiento: Se puede descansar o continuar con la misma dosis.","Producto para uso en adultos. Los complementos alimenticios no deben utilizarse como sustitutos de una dieta equilibrada y un estilo de vida saludable. Este producto no está diseñado para diagnosticar, tratar o prevenir ninguna enfermedad. Mantener fuera del alcance de los niños más pequeños.","Aunque este producto no contiene leche y soja, se fabrica en una instalación que procesa ingredientes que sí los contienen.",,,,2026-07-28 11:43:26.648598+00,2026-07-28 11:43:26.648598+00,creatina-monohidratada-mel-n-500-g
399,3738,"Creatina monohidrato Creapure®, correctores de acidez: ácido cítrico y ácido málico, aroma, edulcorante: sucralosa y colorantes: tartrazina y azul brillante FCF.","Otros principios activos (por servicio de 3 g): Creatina monohidrato Creapure®: 2,65 g.","Días de entrenamiento: La dosis recomendada básica son 3 gramos (1 cazo) disueltos en 250 ml de agua, antes del entrenamiento. Días de NO entrenamiento: Se puede descansar o continuar con la misma dosis.","Producto para uso en adultos. Los complementos alimenticios no deben utilizarse como sustitutos de una dieta equilibrada y un estilo de vida saludable. Este producto no está diseñado para diagnosticar, tratar o prevenir ninguna enfermedad. No superar la dosis diaria expresamente recomendada. Mantener fuera del alcance de los niños más pequeños.","Aunque este producto no contiene leche y soja, se fabrica en una instalación que procesa ingredientes que sí los contienen.",,,,2026-07-28 11:46:09.155984+00,2026-07-28 11:46:09.155984+00,creatina-monohidratada-lima-250-g
401,87,"Arroz integral*, SÉSAMO* 5% y sal marina.
*De agricultura biológica.","Información nutricional (por 100 g): Valor energético: 1688 kJ / 399 kcal. Grasas: 5,5 g, de las cuales saturadas: 0,9 g. Hidratos de carbono: 77 g, de los cuales azúcares: 0,9 g. Proteínas: 8,4 g. Fibra alimentaria: 3,8 g. Sal: 0,28 g.","Uso: Tentempié sano y ligero. Para comer a cualquier hora, o como desayuno o merienda. Ligeras, pueden llevarse a cualquier parte.",,Alérgenos: Sésamo y prod. a base de sésamo,,,,2026-07-28 11:49:24.018852+00,2026-07-28 11:49:24.018852+00,tortitas-de-arroz-s-samo-200-g
402,3743,Maltodextrina,"Información nutricional (por 100 g): Valor energético: 384 kcal. Grasas: 0 g, de las cuales saturadas: 0 g. Hidratos de carbono: 96 g, de los cuales azúcares: 6,4 g. Proteínas: 0 g. Sal: 0 g.","Disolver 30g en 500ml de agua. Es perfecto para reponer los depósitos de glucógeno después del entrenamiento, o bien, proporcionar energía lista para ser usada antes o durante en el ejercicio.","Producto para uso en adultos. Los complementos alimenticios no deben utilizarse como sustitutos de una dieta equilibrada. Este producto no está diseñado para diagnosticar, tratar o prevenir ninguna enfermedad. No superar la dosis diaria expresamente recomendada. Mantener fuera del alcance de los niños más pequeños.",Puede contener trazas de leche y soja.,,,,2026-07-28 11:52:35.15711+00,2026-07-28 11:52:35.15711+00,malto-dextrin-sin-sabor-800-g
403,1253,"harina integral de trigo espelta*, harina de arroz*, margarina vegetal* (aceite de girasol*, manteca de karité*, agua, aroma natural de té verde), eritritol*, canela*, carbonatos de sodio, carbonatos de amonio, inulina*
*Agricultura biológica","Información nutricional (por 100 g): Valor energético: 1613 kJ / 385 kcal. Grasas: 16,2 g, de las cuales saturadas (AGS): 4,4 g. Hidratos de carbono: 61,4 g, de los cuales azúcares: 0,6 g. Fibra: 6,2 g. Proteínas: 8,3 g. Sal: 0,03 g. Manganeso: 0 g. Fósforo: 0 g. Magnesio: 0 g. Vitamina B6: 0 g. Tiamina: 0 g.",,,"El producto contiene: Gluten. El producto puede contener trazas de: Frutos de cáscara, Mostaza, Semillas de sésamo, Soja.",,,,2026-07-28 11:58:02.343274+00,2026-07-28 11:58:02.343274+00,galletas-de-espelta-canela-250-g
404,2284,"Almidón de maíz* 30%, agua, harina de maíz* 13%, masa madre natural de arroz* (harina de arroz*, agua), aceite de girasol*, cáscaras de semillas de psyllium*, proteína de guisante*, harina de semilla*, dextrosa*, sal marina, crema de tártaro en polvo* (almidón de maíz*, ácido: tartrato potásico, agente de fermentación: bicarbonato de sodio), salvado de manzana*, espesantes: goma guar*, goma xantana, especias*, extracto de limón*
* de cultivo ecológico controlado, DE-ÖKO-003","Información nutricional (por 100 g): Valor energético: 952 kJ / 226 kcal. Grasas: 4,8 g, de las cuales ácidos grasos saturados: 0,5 g. Hidratos de carbono: 39 g, de los cuales azúcares: 1,5 g. Fibra dietética: 6,5 g. Proteínas: 3,5 g. Sal: 1,1 g.","Según la receta, no contiene alérgenos
Libre de gluten y lactosa (lactosa <0,1g/100g).
Puede contener trazas de semillas de sésamo, soja, lupino y huevo.",,,,,,2026-07-28 12:05:41.935678+00,2026-07-28 12:05:44.366485+00,base-de-pizza-140-g
406,976,"Ingredientes: Harina de TRIGO ESPELTA* 52%, agua, Harina de TRIGO ESPELTA integral* 9%, aceite de oliva virgen extra* 5% sal, levadura, aroma natural de romero.* De agricultura biológica.","Información nutricional (por 100 g): Valor energético: 1163 kJ / 276 kcal. Grasas: 6,2 g, de las cuales saturadas: 0,9 g. Hidratos de carbono: 45 g, de los cuales azúcares: 1,2 g. Proteínas: 8,1 g. Fibra alimentaria: 3,9 g. Sal: 1,8 g.","Uso: Colocar la base de pizza en una sartén, poner los ingredientes encima al gusto, tapar y calentar entre 3 y 5 minutos a fuego medio. La pizza estará lista para tomar en el momento que los ingredientes estén calientes, si se usa queso, cuando éste esté fundido.",,"Gluten
Trazas: Mostaza y derivados, Soja y derivados",Conservación: Mantener en lugar fresco y seco.,,,2026-07-28 16:37:14.79824+00,2026-07-28 16:37:14.79824+00,base-de-piza-trigo-de-espelta-390-g-3-x-130-g
407,3758,"Ingredientes: Harina de TRIGO*,crema de CACAHUETE *30%, azúcar de caña de comercio justo**,emulsionante: lecitinas*, gasificante :carbonato de amonio, sal , antioxidante: extracto de romero*. *De agricultura biológica. **De comercio justo.","Información nutricional (por 100 g): Valor energético: 2023 kJ / 483 kcal. Grasas: 22 g, de las cuales saturadas: 3,4 g. Hidratos de carbono: 53 g, de los cuales azúcares: 27 g. Proteínas: 16 g. Fibra alimentaria: 4,5 g. Sal: 0,47 g.","Uso: Para consumir en cualquier momento del día, para desayuno y merienda o entre horas.",,"Alérgenos: Cacahuetes, Gluten

Trazas: Altramuces y prod. a base de altramuces, Dióxido de azufre y sulfitos, Frutos con cáscara, Huevos y prod.a base de huevos, Leche y derivados, Mostaza y derivados, Sésamo y prod. a base de sésamo, Soja y derivados",,,,2026-07-28 16:40:59.61408+00,2026-08-05 10:40:20.518331+00,galletas-crujientes-cacahuete-125-g
408,3756,"farina di grano tenero*, crema al gusto cioccolato fondente* (zucchero di canna*, olio di girasole alto oleico*, cacao magro in polvere* 25%, farina di riso*, emulsionante: lecitine di girasole*), margarina vegetale* (olio di girasole*, burro di karitè*, acqua), zucchero di canna*, cacao*, sciroppo di riso*, carbonati di sodio, emulsionante: lecitine di girasole*
*da Agricoltura Biologica","Información nutricional (por 100 g): Valor energético: 2109 kJ / 505 kcal. Grasas: 26 g, de las cuales saturadas (AGS): 6 g. Hidratos de carbono: 57 g, de los cuales azúcares: 22 g. Fibra: 5,3 g. Proteínas: 8 g. Sal: 0 g. Manganeso: 0 g. Fósforo: 0 g. Magnesio: 0 g. Vitamina B6: 0 g. Tiamina: 0 g.",,,"El producto contiene: Gluten, Frutos de cáscara.

El producto puede contener trazas de: Mostaza, Semillas de sésamo, Altramuz, otros frutos secos, Soja.",,,,2026-07-28 16:49:12.471646+00,2026-07-28 16:54:05.783346+00,galleta-de-crema-chocolate-negro-200-g
409,3763,"farina di grano tenero*, crema al cocco* (zucchero di canna*, cocco essiccato* 22%, olio di girasole*, farina di riso*, olio di cocco*, emulsionante: lecitine di girasole*), margarina vegetale* (olio di girasole*, burro di karitè*, acqua), zucchero di canna*, cacao*, sciroppo di riso*, carbonati di sodio, emulsionante: lecitine di girasole*
*da Agricoltura Biologica","Información nutricional (por 100 g): Valor energético: 2145 kJ / 513 kcal. Grasas: 26 g, de las cuales saturadas (AGS): 9,4 g. Hidratos de carbono: 61 g, de los cuales azúcares: 26 g. Fibra: 4 g. Proteínas: 6,7 g. Sal: 0 g. Manganeso: 0 g. Fósforo: 0 g. Magnesio: 0 g. Vitamina B6: 0 g. Tiamina: 0 g.",,,"El producto contiene: Gluten, Frutos de cáscara.

El producto puede contener trazas de: Mostaza, Semillas de sésamo, Altramuz, otros frutos secos, Soja.",,,,2026-07-28 16:52:44.368191+00,2026-07-28 16:52:44.368191+00,galleta-de-crema-coco-200-g
411,3755,"seca arándanos*(60,00%), jarabe de manzana*(39,00%), aceite de girasol*",,"Ideal como aperitivo, en muesli, postres, salsas, tanto para repostería como en platos salados.",,,,,,2026-07-28 16:58:49.279874+00,2026-07-28 16:59:01.657007+00,ar-ndanos-rojos-250-g
413,2422,"Ingredientes: Cereales tostados* 87% (CENTENO*, CEBADA* malteada, CEBADA*), achicoria* tostada 12%, higos* tostados 1%.
*De agricultura biológica.",,"Uso: Mezclar una cucharada de postre de cereales solubles con 100ml de agua, leche o bebida vegetal caliente o fría.",,,,,,2026-07-28 17:05:37.789732+00,2026-07-28 17:05:37.789732+00,bebida-instat-nea-cereales-solubles-con-achicoria-e-higos-100-g
414,1247,"Aceitunas verdes, agua, sal, regulador de acidez: ácido cítrico.",,,,,,,,2026-07-28 17:11:26.210841+00,2026-07-28 17:11:26.210841+00,olivas-verdes-gigantes-550-g
415,2423,Ingredientes: Algarroba en polvo*,"Información nutricional (por 100 g): Valor energético: 1199 kJ / 287 kcal. Grasas: <0,5 g, de las cuales saturadas: 0,13 g. Hidratos de carbono: 44,5 g, de los cuales azúcares: 36,7 g. Proteínas: 4,4 g. Fibra alimentaria: 44 g. Sal: 0,014 g.","Uso: Ideal en la elaboración de postres, batidos, desayunos o meriendas.",,,,,,2026-07-28 17:14:58.338557+00,2026-07-28 17:14:58.338557+00,algarroba-en-polvo-250-g
416,3761,"ciruelas, agua. Sin azúcares añadidos.",,,,,,,,2026-07-28 17:21:25.309699+00,2026-07-28 17:21:25.309699+00,ciruelas-sin-hueso-200-g
417,997,"Ingredientes: Harina de maíz*, harina de arroz*,almidón de maíz*, almidón de tapioca*, corrector de acidez: ácido cítrico gasificante: bicarbonato de sodio,aroma natural de vainilla.","Información nutricional (por 100 g): Valor energético: 1527 kJ / 360 kcal. Grasas: 0,7 g. Hidratos de carbono: 84 g. Proteínas: 3,6 g. Fibra alimentaria: 1,5 g. Sal: <0,01 g.",Uso: Mezcla lista para elaborar exquisitos postres sin gluten. Ver receta sugerida en el envase.,,,,,,2026-07-28 17:32:22.148429+00,2026-07-28 17:33:02.296305+00,mezcla-para-postres-500-g
419,3760,"Ingredientes: Girasol* 50%, SÉSAMO tostado* 25%, calabaza* 15%, lino marrón* 10%.
*De agricultura biológica.","Información nutricional (por 100 g): Valor energético: 2357 kJ / 560 kcal. Grasas: 48 g. Hidratos de carbono: 20,75 g. Proteínas: 21,75 g. Fibra alimentaria: 11,5 g.","Uso: Para condimentar platos y espolvorear sobre panes, galletas o ensaladas.",,"Alérgenos: Sésamo y prod. a base de sésamo
Trazas: Altramuces y prod. a base de altramuces, Cacahuetes, Frutos con cáscara, Gluten, Soja y derivados",,,,2026-07-28 17:36:34.467882+00,2026-08-06 11:56:36.813212+00,mezcla-de-semillas-250-g
420,3764,"Copos de avena entera* 46%, jarabe de tapioca*, avellanas* 11%, copos de maíz* (maíz*, jarabe de maíz*, sal marina, emulsionante: lecitina de soja*), aceite de girasol*, azúcar de remolacha* 7,4%, espelta (tipo trigo)*copos de coco inflados*","Información nutricional (por 100 g): Valor energético: 2016 kJ / 481 kcal. Grasas: 21 g, de las cuales ácidos grasos saturados: 3,7 g. Hidratos de carbono: 61 g, de los cuales azúcares: 11 g. Fibra: 6,8 g. Proteínas: 8,7 g. Sal: 0,23 g.",,,"Contiene gluten, avellanas y soja. Puede contener restos de otros frutos secos, cacahuetes, sésamo y leche.",,,,2026-07-28 17:41:12.620631+00,2026-07-28 17:41:12.620631+00,crunchy-muesli-avellanas-500-g
421,3737,"Péptidos de colágeno, N-acetil L-cisteína, agente de carga: celulosa microcristalina, sulfato de condroitina, acetato de DL-alfa tocoferilo (vitamina E), sulfato de glucosamina, oleorresina rica en astaxantina del alga Haematococcus pluvialis, bisglicinato de zinc, antiaglomerante: sales magnésicas de ácidos grasos, hialuronato de sodio, colecalciferol (vitamina D3), D-biotina (biotina), riboflavina (vitamina B2), L-metil folato cálcico (folato) y cianocobalamina (vitamina B12). Cápsula (agente de recubrimiento: hidroxipropilmetilcelulosa).
El zinc y la biotina contribuyen al mantenimiento del cabello en condiciones normales.","Vitaminas y minerales (por servicio de 3 cápsulas): Vitamina E: 10 mg α-TE (83% VRN). Vitamina B2: 1,5 mg (107% VRN). Vitamina D: 12,5 µg (250% VRN). Biotina: 2500 µg (5000% VRN). Folato: 200 µg (100% VRN). Vitamina B12: 2,4 µg (96% VRN). Zinc: 10 mg (100% VRN).

Otros principios activos (por servicio de 3 cápsulas): Péptidos de colágeno: 325 mg. N-acetil L-cisteína: 299 mg. Sulfato de condroitina: 150 mg. Sulfato de glucosamina: 135 mg. Glucosamina: 80 mg. Oleorresina rica en astaxantina del alga Haematococcus pluvialis: 120 mg. Astaxantina: 6 mg. Ácido hialurónico: 5 mg.",Tomar 3 cápsulas al día.,"Producto para uso en adultos. Los complementos alimenticios no deben utilizarse como sustitutos de una dieta equilibrada y un estilo de vida saludable. Este producto no está diseñado para diagnosticar, tratar o prevenir ninguna enfermedad. No superar la dosis diaria expresamente recomendada. Mantener fuera del alcance de los niños más pequeños. No debe ser consumido si en le mismo día se consumen otros complementos alimenticios que contengan ésteres de astaxantina. No debe ser consumido por lactantes, niños ni adolescentes menores de 14 años.",Puede contener trazas de leche y soja.,,,,2026-07-28 17:44:45.292296+00,2026-07-28 17:44:45.292296+00,blooming-up-90-uds
422,3757,"Ingredientes: Harina de TRIGO ESPELTA* 47 %, aceite de semillas de girasol*, azúcar de caña*, harina de trigo sarraceno* 10 %, coco rallado* 6 %, coco en polvo* 4 %, jarabe de glucosa*, gasificantes:
( bicarbonato de amonio, bicarbonato de sodio), sal,aroma natural de coco.* De agricultura biológica.","Información nutricional (por 100 g): Valor energético: 2017 kJ / 482 kcal. Grasas: 23 g, de las cuales saturadas: 5,9 g. Hidratos de carbono: 60 g, de los cuales azúcares: 18 g. Proteínas: 7,8 g. Fibra alimentaria: 4,5 g. Sal: 0,53 g.","Uso: Para cosumir a cualquier hora del día, como desayuno o merienda. También entre horas o para acompañar el café.",,"Alérgenos: Gluten

Trazas: Frutos con cáscara, Huevos y prod.a base de huevos, Leche y derivados, Mostaza y derivados, Soja y derivados",,,,2026-07-28 17:48:46.816807+00,2026-08-04 17:38:40.728607+00,galletas-de-trigo-espelta-trigo-sarraceno-y-coco-220-g
424,3762,"Agua, harina de girasol* 23%, quinoa* inflada, semillas de girasol* 11%, vinagre de manzana*, semillas de chía* (Salvia hispanica), linaza*, concentrado de zumo de manzana*, sal marina, cáscaras de psyllium* molidas, semillas de sésamo*, harina de arroz*","Información nutricional (por 100 g): Valor energético: 1059 kJ / 254 kcal. Grasas: 12 g, de las cuales saturadas: 1,2 g. Hidratos de carbono: 16 g, de los cuales azúcares: 3,2 g. Fibra: 11 g. Proteínas: 15 g. Sal: 1,5 g.

Vitaminas y minerales (por 100 g): Magnesio: 206 mg (55% VRN). Zinc: 4,5 mg (45% VRN). Ácido fólico: 53,3 µg (27% VRN). Hierro: 3,9 mg (28% VRN)",,,"Alérgenos contenidos
Contiene semillas de sésamo
Puede contener trazas de soja, lupino y huevo.
Libre de gluten y lactosa (lactosa <0,1 g/100 g)","Tostada tostada a tu gusto o disfrútala directamente del paquete. Una vez abierto, guárdalo en la nevera y consume en un plazo de 2 días.",,,2026-07-28 17:53:46.425307+00,2026-08-01 12:00:29.875069+00,tostadas-high-protein-170-g
425,3759,"Ingredientes: Alcaparras*, agua, vinagre de vino* 2,5%, sal, regulador de acidez: ácido láctico.
*de agricultura biologica","Información nutricional (por 100 g): Valor energético: 97 kJ / 23 kcal. Grasas: 0,42 g, de las cuales saturadas: 0,00 g. Hidratos de carbono: 1,4 g, de los cuales azúcares: 1,0 g. Proteínas: 1,90 g. Fibra alimentaria: 3,3 g. Sal: 5,85 g.","Uso: Ideal como aperitivo o como condimento para ensaladas, bruschetta, pizzas, primer y segundo corse a base de carne o pescado.",,,,,,2026-07-28 18:00:55.475392+00,2026-08-05 10:41:18.834512+00,alcaparras-en-vinagre-140-g
426,2240,"raíz de jengibre*(56,00%), azúcar de caña*",,,,,,,,2026-07-28 18:05:09.696405+00,2026-07-28 18:05:09.696405+00,palitos-de-jengibre-caramelizados-75-g
427,3782,"Ingredientes: Concentrado de proteína de suero de LECHE Lacprodan® SP-8011V Instant (contiene lecitina de SOJA como emulgente) 97.77%, Aromas, edulcorantes (Glucósidos de esteviol procedentes de estevia, Sucralosa), TolerasaTM L 100,000 ALU/g.","Información nutricional (por 30 g): Valor energético: 498,13 kJ / 119,17 kcal. Grasas: 1,79 g, de las cuales saturadas: 1,14 g. Hidratos de carbono: 2,24 g, de los cuales azúcares: 2,24 g. Fibra: 0,12 g. Proteínas: 23,47 g. Sal: 0,11 g.

Perfil de aminoácidos (por 100 g de producto): L-Leucina: 10,85 g. L-Isoleucina: 6,45 g. L-Valina: 5,96 g. BCAA totales: 23,27 g. Ácido L-Aspártico: 11,24 g. Ácido L-Glutámico: 17,89 g. L-Serina: 5,48 g. Glicina: 1,86 g. L-Histidina: 1,86 g. L-Arginina: 2,54 g. L-Treonina: 7,92 g. L-Alanina: 5,38 g. L-Prolina: 6,16 g. L-Tirosina: 3,03 g. L-Metionina: 2,15 g. L-Cisteína: 2,35 g. L-Fenilalanina: 3,23 g. L-Lisina: 9,68 g. L-Triptófano: 1,86 g.","Modo de empleo: Disolver 30g (1 servicio) mezclados en agua o leche desnatada (200-250ml). Tomar 1-2 servicios al día, preferiblemente 1 batido en el desayuno y 1 batido después del entrenamiento.","Advertencias: Los complementos alimenticios no deben utilizarse como sustitutos de una dieta variada y equilibrada ni de un modo de vida sano. Este producto no está diseñado para diagnosticar, tratar o prevenir ninguna enfermedad. No superar la dosis diaria expresamente recomendada. Mantener fuera del alcance de los niños más pequeños. Una dieta variada y equilibrada y un estilo de vida saludables son importantes. Producto para uso en adultos. Puede contener trazas de gluten, pescado, cacahuete y frutos de cáscara (avellana).",,,,,2026-07-31 15:55:38.825435+00,2026-07-31 16:44:08.426998+00,only-whey-protein-zero-cookies-ice-cream-1-kg
428,1185,"Only Whey Zero, sabor Vanilla Cream. Complemento alimenticio a base de proteínas con edulcorantes.

Ingredientes: Concentrado de proteína de suero de LECHE Lacprodan® SP-8011V Instant (contiene lecitina de SOJA como emulgente) 97.75%, Aromas, edulcorantes (Glucósidos de esteviol procedentes de estevia, Sucralosa), TolerasaTM L 100,000 ALU/g.","Valor energético: 1667.96 kJ / 399.03 kcal (100 g), 500.44 kJ / 119.72 kcal (30 g). Grasas: 5.97 g (100 g), 1.79 g (30 g), de las cuales saturadas: 3.82 g (100 g), 1.14 g (30 g). Hidratos de carbono: 8.12 g (100 g), 2.44 g (30 g), de los cuales azúcares: 6.26 g (100 g), 1.88 g (30 g). Fibra: 0.02 g (100 g), 0.01 g (30 g). Proteínas: 78.2 g (100 g), 23.46 g (30 g). Sal: 0.39 g (100 g), 0.11 g (30 g).","Modo de empleo: Disolver 30g (1 servicio) mezclados en agua o leche desnatada (200-250ml). Tomar 1-2 servicios al día, preferiblemente 1 batido en el desayuno y 1 batido después del entrenamiento.","Advertencias: Los complementos alimenticios no deben utilizarse como sustitutos de una dieta variada y equilibrada ni de un modo de vida sano. Este producto no está diseñado para diagnosticar, tratar o prevenir ninguna enfermedad. No superar la dosis diaria expresamente recomendada. Mantener fuera del alcance de los niños más pequeños. Una dieta variada y equilibrada y un estilo de vida saludables son importantes. Producto para uso en adultos. Puede contener trazas de gluten, pescado, cacahuete y frutos de cáscara (avellana).",,,,,2026-07-31 15:56:19.584876+00,2026-07-31 15:59:12.220736+00,only-whey-protein-zero-vainilla-cream-1kg
434,3780,"Ingredientes: Concentrado de proteína de suero de LECHE Lacprodan® SP-8011V Instant (contiene lecitina de SOJA como emulgente) 89,75%, Cacao desgrasado en polvo 6%, Aromas, edulcorantes (Glucósidos de esteviol procedentes de estevia, Sucralosa), TolerasaTM L 100,000 ALU/g.","Información nutricional (por 30 g): Valor energético: 486,23 kJ / 116,32 kcal. Grasas: 1,87 g, de las cuales saturadas: 1,19 g. Hidratos de carbono: 2,57 g, de los cuales azúcares: 2,11 g. Fibra: 0,58 g. Proteínas: 22,01 g. Sal: 0,10 g.

Otros principios activos (por 30 g): Lacprodan® SP-8011V (concentrado de proteína de suero lácteo): 26,93 g. Tolerase® L (enzima lactasa): 22,5 mg (2250 ALU).

Perfil de aminoácidos (por 100 g de producto): L-Leucina: 9,96 g. L-Isoleucina: 5,92 g. L-Valina: 5,47 g. BCAA totales: 21,36 g. Ácido L-Aspártico: 10,32 g. Ácido L-Glutámico: 16,42 g. L-Serina: 5,03 g. Glicina: 1,71 g. L-Histidina: 1,71 g. L-Arginina: 2,33 g. L-Treonina: 7,27 g. L-Alanina: 4,94 g. L-Prolina: 5,65 g. L-Tirosina: 2,78 g. L-Metionina: 1,97 g. L-Cisteína: 2,15 g. L-Fenilalanina: 2,96 g. L-Lisina: 8,89 g. L-Triptófano: 1,71 g.","Modo de empleo: Disolver 30g (1 servicio) mezclados en agua o leche desnatada (200-250ml). Tomar 1-2 servicios al día, preferiblemente 1 batido en el desayuno y 1 batido después del entrenamiento.","Advertencias: Los complementos alimenticios no deben utilizarse como sustitutos de una dieta variada y equilibrada ni de un modo de vida sano. Este producto no está diseñado para diagnosticar, tratar o prevenir ninguna enfermedad. No superar la dosis diaria expresamente recomendada. Mantener fuera del alcance de los niños más pequeños. Una dieta variada y equilibrada y un estilo de vida saludables son importantes. Producto para uso en adultos. Puede contener trazas de gluten, pescado, cacahuete y frutos de cáscara (avellana).",,,,,2026-07-31 16:02:12.221647+00,2026-07-31 16:02:12.221647+00,only-whey-protein-zero-brownie-1-kg
435,513,"Only Whey Zero, sabor Choco Hazelnut. Complemento alimenticio a base de proteínas con edulcorantes.

Ingredientes: Concentrado de proteína de suero de LECHE Lacprodan® SP-8011V Instant (contiene lecitina de SOJA como emulgente) 90.53%, Cacao desgrasado en polvo 5%, Aromas, sal, edulcorante (Sucralosa), TolerasaTM L 100.000 ALU/g, edulcorante (Glucósidos de esteviol procedentes de estevia).","Valor energético: 1637.38 kJ / 391.72 kcal (100 g), 491.26 kJ / 117.53 kcal (30 g). Grasas: 6.11 g (100 g), 1.83 g (30 g), de las cuales saturadas: 3.9 g (100 g), 1.17 g (30 g). Hidratos de carbono: 9.56 g (100 g), 2.87 g (30 g), de los cuales azúcares: 5.94 g (100 g), 1.78 g (30 g). Fibra: 1.81 g (100 g), 0.54 g (30 g). Proteínas: 73.72 g (100 g), 22.12 g (30 g). Sal: 0.56 g (100 g), 0.16 g (30 g).","Modo de empleo: Disolver 30g (1 servicio) mezclados en agua o leche desnatada (200-250ml). Tomar 1-2 servicios al día, preferiblemente 1 batido en el desayuno y 1 batido después del entrenamiento.","Advertencias: Los complementos alimenticios no deben utilizarse como sustitutos de una dieta variada y equilibrada ni de un modo de vida sano. Este producto no está diseñado para diagnosticar, tratar o prevenir ninguna enfermedad. No superar la dosis diaria expresamente recomendada. Mantener fuera del alcance de los niños más pequeños. Una dieta variada y equilibrada y un estilo de vida saludables son importantes. Producto para uso en adultos. Puede contener trazas de gluten, pescado, cacahuete y frutos de cáscara (avellana).",,,,,2026-07-31 16:05:29.561654+00,2026-07-31 16:19:08.536388+00,only-whey-protein-zero-choco-avellana-1-kg
437,3783,"Caseína Micelar, sabor Chocolate Delight with triple chocolate bits. Alimento en polvo a base de proteínas con azúcar y edulcorante.

Ingredientes: Aislado de caseína micelar natural Lacprodan MicelPure® (LECHE) (58.85%), Concentrado de proteína de suero de LECHE Lacprodan® SP-8011V Instant (contiene lecitina de SOJA, como emulgente) (20%), cacao alcalino desgrasado (6%), Trocitos planos de chocolate negro (azúcar, pasta de cacao, manteca de cacao, cacao desgrasado en polvo, agente de recubrimiento (E-553b), emulgente (E-322) y aroma natural (vainilla)) (4%), Trocitos planos de chocolate blanco (azúcar, manteca de cacao, LECHE entera en polvo, agente de recubrimiento (E-553b), emulgente (E-322) y aroma natural)(4%),Trocitos planos de chocolate con LECHE (azúcar, manteca de cacao, LECHE entera en polvo, pasta de cacao, LECHE desnatada en polvo, agente de recubrimiento (E-553b), emulgente (E-322), aroma natural) (4%), Aromas, edulcorante (Sucralosa), espesante (goma xantana), sal.","Valor energético: 1567.62 kJ / 375.03 kcal (100 g), 470.33 kJ / 112.52 kcal (30 g). Grasas: 6.3 g (100 g), 1.89 g (30 g), de las cuales saturadas: 3.99 g (100 g), 1.2 g (30 g). Hidratos de carbono: 11.34 g (100 g), 3.4 g (30 g), de los cuales azúcares: 9.36 g (100 g), 3.11 g (30 g). Fibra: 2.23 g (100 g), 0.67 g (30 g). Proteínas: 67.12 g (100 g), 20.14 g (30 g). Sal: 0.43 g (100 g), 0.13 g (30 g).","Modo de empleo: Añadir 1 cacito (30g) y mezclar con 300-350ml de agua o leche desnatada (para un batido más espeso utilice menos líquido, para uno más ligero use más). Para mejores resultados vierta primero el líquido y a continuación el producto en un agitador o mezclador. Tomar inmediatamente tras la preparación. Consumir antes de dormir.","Advertencias: Puede contener trazas de gluten, pescado, cacahuete y frutos de cáscara (avellana). Producto para uso en adultos.",,,,,2026-07-31 16:07:52.197527+00,2026-08-01 13:05:39.385543+00,big-creabig-creatina-neutra-300g-choco-delight-con-topping-de-3-chocolates-1-kg
438,3778,"Ingredientes: Aislado de caseína micelar natural Lacprodan MicelPure® (LECHE) (71.95%), Concentrado de proteína de suero de LECHE Lacprodan® SP-8011V Instant (contiene lecitina de SOJA, como emulgente) (20%), cacao desgrasado (5%), aromas, espesante (goma xantana), sal, Edulcorantes (glucosidos de esteviol procedentes de la estevia, sucralosa).","Información nutricional (por 30 g): Valor energético: 445,04 kJ / 106,47 kcal. Grasas: 0,76 g, de las cuales saturadas: 0,48 g. Hidratos de carbono: 1,43 g, de los cuales azúcares: 1,26 g. Fibra: 0,54 g. Proteínas: 23,21 g. Sal: 0,11 g.

Perfil de aminoácidos (por 100 g de producto): L-Leucina: 9,13 g. L-Isoleucina: 4,99 g. L-Valina: 5,97 g. BCAA totales: 20,09 g. Ácido L-Aspártico: 7,62 g. Ácido L-Glutámico: 19,86 g. L-Serina: 5,51 g. Glicina: 1,75 g. L-Histidina: 2,47 g. L-Arginina: 3,18 g. L-Treonina: 4,86 g. L-Alanina: 3,40 g. L-Prolina: 8,53 g. L-Tirosina: 4,58 g. L-Metionina: 2,60 g. L-Cisteína: 0,84 g. L-Fenilalanina: 4,33 g. L-Lisina: 7,88 g. L-Triptófano: 1,32 g.","Modo de empleo: Añadir 1 cacito (30g) y mezclar con 300-350ml de agua o leche desnatada (para un batido más espeso utilice menos líquido, para uno más ligero use más). Para mejores resultados vierta primero el líquido y a continuación el producto en un agitador o mezclador. Tomar inmediatamente tras la preparación. Consumir antes de dormir.","Advertencias: Puede contener trazas de gluten, pescado, cacahuete y frutos de cáscara (avellana). Producto para uso en adultos.",,,,,2026-07-31 16:16:06.695352+00,2026-07-31 16:55:57.674719+00,caseina-micellar-natilla-vainilla-cinamon-1-kg
446,3776,"Ingredientes: Lacprodan® SP-8011V Instant: Concentrado de proteína de suero de LECHE (Emulgente (Lecitina de SOJA)) 97,75%, Aromas, Colorante (Carotenos), Sal, Edulcorantes (Sucralosa, Glucósidos de esteviol procedentes de estevia), Enzima Lactasa-Tolerase™ L 100,000 ALU/g.","Valor energético: 1651,98 kJ / 395,21 kcal (100 g), 495,64 kJ / 118,57 kcal (30 g). Grasas: 5,96 g (100 g), 1,79 g (30 g), de las cuales saturadas: 3,81 g (100 g), 1,14 g (30 g). Hidratos de carbono: 7,18 g (100 g), 2,15 g (30 g), de los cuales azúcares: 6,31 g (100 g), 1,89 g (30 g). Fibra alimentaria: 0 g (100 g), 0 g (30 g). Proteínas: 78,21 g (100 g), 23,46 g (30 g). Sal: 0,59 g (100 g), 0,17 g (30 g).",Modo de empleo: Disolver 30g (1 servicio) mezclados en agua o leche desnatada sin lactosa (200-250ml). Tomar 1 servicio al día.,"Advertencias: Los complementos alimenticios no deben utilizarse como sustitutos de una dieta variada y equilibrada ni de un modo de vida sano. No superar la dosis diaria expresamente recomendada. Mantener fuera del alcance de los niños más pequeños. Una dieta variada y equilibrada y un estilo de vida saludables son importantes. Puede contener trazas de gluten, pescado, cacahuete y frutos de cáscara (avellana). Conservar en lugar fresco y seco",,,,,2026-07-31 16:23:26.17728+00,2026-07-31 16:43:09.003247+00,only-whey-protein-zero-natillas-1-kg
448,3777,"Ingredientes: Aislado de caseína micelar natural Lacprodan MicelPure® (LECHE) (58.85%), Concentrado de proteína de suero de LECHE Lacprodan® SP-8011V Instant (contiene lecitina de SOJA, como emulgente) (20%), cacao alcalino desgrasado (6%), Trocitos planos de chocolate negro (azúcar, pasta de cacao, manteca de cacao, cacao desgrasado en polvo, agente de recubrimiento (E-553b), emulgente (E-322) y aroma natural (vainilla)) (4%), Trocitos planos de chocolate blanco (azúcar, manteca de cacao, LECHE entera en polvo, agente de recubrimiento (E-553b), emulgente (E-322) y aroma natural)(4%),Trocitos planos de chocolate con LECHE (azúcar, manteca de cacao, LECHE entera en polvo, pasta de cacao, LECHE desnatada en polvo, agente de recubrimiento (E-553b), emulgente (E-322), aroma natural) (4%), Aromas, edulcorante (Sucralosa), espesante (goma xantana), sal.","Información nutricional (por 30 g): Valor energético: 470,33 kJ / 112,52 kcal. Grasas: 1,89 g, de las cuales saturadas: 1,2 g. Hidratos de carbono: 3,4 g, de los cuales azúcares: 3,11 g. Fibra: 0,67 g. Proteínas: 20,14 g. Sal: 0,13 g.

Perfil de aminoácidos (por 100 g de producto): L-Leucina: 7,87 g. L-Isoleucina: 4,32 g. L-Valina: 5,10 g. BCAA totales: 17,3 g. Ácido L-Aspártico: 6,65 g. Ácido L-Glutámico: 16,90 g. L-Serina: 4,71 g. Glicina: 1,50 g. L-Histidina: 2,09 g. L-Arginina: 2,70 g. L-Treonina: 4,27 g. L-Alanina: 2,98 g. L-Prolina: 7,20 g. L-Tirosina: 3,86 g. L-Metionina: 2,21 g. L-Cisteína: 0,77 g. L-Fenilalanina: 3,66 g. L-Lisina: 6,81 g. L-Triptófano: 1,15 g.","Modo de empleo: Añadir 1 cacito (30g) y mezclar con 300-350ml de agua o leche desnatada (para un batido más espeso utilice menos líquido, para uno más ligero use más). Para mejores resultados vierta primero el líquido y a continuación el producto en un agitador o mezclador. Tomar inmediatamente tras la preparación. Consumir antes de dormir.","Advertencias: Puede contener trazas de gluten, pescado, cacahuete y frutos de cáscara (avellana). Producto para uso en adultos.",,,,,2026-07-31 16:25:18.441558+00,2026-07-31 16:50:58.869472+00,caseina-micellar-choco-delight-con-topping-de-3-chocolates-1-kg-2
450,3779,"Caseína Micelar, sabor Pink Cake with white choco bits. Alimento en polvo a base de proteínas con azúcar y edulcorante.

Ingredientes: Aislado de caseína micelar natural Lacprodan MicelPure® (LECHE) (67.82%), Concentrado de proteína de suero de LECHE Lacprodan® SP-8011V Instant (contiene lecitina de SOJA, como emulgente) (20%), Trocitos planos de chocolate blanco (azúcar, manteca de cacao, LECHE entera en polvo, agente de recubrimiento (E-553b), emulgente (E-322) y aroma natural) (8%), Aromas, colorante rojo remolacha, edulcorante (Sucralosa), espesante (goma xantana), sal.","Valor energético: 1557.74 kJ / 372.66 kcal (100 g), 467.37 kJ / 111.81 kcal (30 g). Grasas: 4.78 g (100 g), 1.43 g (30 g), de las cuales saturadas: 3.02 g (100 g), 0.91 g (30 g). Hidratos de carbono: 9.29 g (100 g), 2.79 g (30 g), de los cuales azúcares: 6.4 g (100 g), 1.92 g (30 g). Fibra: 0.03 g (100 g), 0.01 g (30 g). Proteínas: 73.12 g (100 g), 21.94 g (30 g). Sal: 0.33 g (100 g), 0.1 g (30 g).","Modo de empleo: Añadir 1 cacito (30g) y mezclar con 300-350ml de agua o leche desnatada (para un batido más espeso utilice menos líquido, para uno más ligero use más). Para mejores resultados vierta primero el líquido y a continuación el producto en un agitador o mezclador. Tomar inmediatamente tras la preparación. Consumir antes de dormir.","Advertencias: Puede contener trazas de gluten, pescado, cacahuete y frutos de cáscara (avellana). Producto para uso en adultos.",,,,,2026-07-31 16:28:08.99485+00,2026-07-31 16:29:38.223556+00,only-whey-protein-zero-pink-cake-1-kg
453,1070,"Only Whey Zero, sabor White Chocolate. Complemento alimenticio a base de proteínas con edulcorantes.

Ingredientes: Concentrado de proteína de suero de LECHE Lacprodan® SP-8011V Instant (contiene lecitina de SOJA como emulgente) 98.83%, Aromas, edulcorante (Sucralosa), sal, TolerasaTM L 100,000 ALU/g, edulcorante (Glucósidos de esteviol procedentes de estevia).","Valor energético: 1664.6 kJ / 398.23 kcal (100 g), 499.43 kJ / 119.48 kcal (30 g). Grasas: 6.03 g (100 g), 1.81 g (30 g), de las cuales saturadas: 3.85 g (100 g), 1.16 g (30 g). Hidratos de carbono: 6.93 g (100 g), 2.08 g (30 g), de los cuales azúcares: 6.93 g (100 g), 2.08 g (30 g). Fibra: 0 g (100 g), 0 g (30 g). Proteínas: 79.06 g (100 g), 23.72 g (30 g). Sal: 0.5 g (100 g), 0.14 g (30 g).","Modo de empleo: Disolver 30g (1 servicio) mezclados en agua o leche desnatada (200-250ml). Tomar 1-2 servicios al día, preferiblemente 1 batido en el desayuno y 1 batido después del entrenamiento.","Advertencias: Los complementos alimenticios no deben utilizarse como sustitutos de una dieta variada y equilibrada ni de un modo de vida sano. Este producto no está diseñado para diagnosticar, tratar o prevenir ninguna enfermedad. No superar la dosis diaria expresamente recomendada. Mantener fuera del alcance de los niños más pequeños. Una dieta variada y equilibrada y un estilo de vida saludables son importantes. Producto para uso en adultos. Puede contener trazas de gluten, pescado, cacahuete y frutos de cáscara (avellana).",,,,,2026-07-31 16:34:13.915302+00,2026-07-31 16:37:52.421051+00,only-whey-protein-zero-choco-blanco-1-kg
461,1290,"aseína Micelar, sabor Stracciatella. Alimento en polvo a base de proteínas con azúcar y edulcorantes.

Ingredientes: Aislado de caseína micelar natural Lacprodan MicelPure® (LECHE) (71.30%), Concentrado de proteína de suero de LECHE Lacprodan® SP-8011V Instant (contiene lecitina de SOJA, como emulgente) (20%), Trocitos planos de chocolate negro (azúcar, pasta de cacao, manteca de cacao, cacao desgrasado en polvo, agente de recubrimiento (E-553b), emulgente (E-322) y aroma natural (vainilla)) (8%), Aromas, espesante (goma xantana), edulcorante (glucósidos de esteviol procedentes de estevia), sal, edulcorante (Sucralosa).","Valor energético: 1540.74 kJ / 368.6 kcal (100 g), 462.27 kJ / 110.59 kcal (30 g). Grasas: 3.86 g (100 g), 1.16 g (30 g), de las cuales saturadas: 2.39 g (100 g), 0.72 g (30 g). Hidratos de carbono: 7.29 g (100 g), 2.19 g (30 g), de los cuales azúcares: 6.74 g (100 g), 2.02 g (30 g). Fibra: 0.33 g (100 g), 0.1 g (30 g). Proteínas: 76.0 g (100 g), 22.8 g (30 g). Sal: 0.36 g (100 g), 0.11 g (30 g)","Modo de empleo: Añadir 1 cacito (30g) y mezclar con 300-350ml de agua o leche desnatada (para un batido más espeso utilice menos líquido, para uno más ligero use más). Para mejores resultados vierta primero el líquido y a continuación el producto en un agitador o mezclador. Tomar inmediatamente tras la preparación. Consumir antes de dormir.","Advertencias: Puede contener trazas de gluten, pescado, cacahuete y frutos de cáscara (avellana). Producto para uso en adultos.",,,,,2026-07-31 16:42:31.55895+00,2026-07-31 16:56:21.049167+00,caseina-micellar-stracciatella-1-kg
468,1497,"SWEET DREAM. Complemento alimenticio a base de proteínas y L-Triptófano con edulcorantes.

Ingredientes: Aislado de caseína micelar natural Lacprodan MicelPure® (leche) (72.28%), Concentrado de proteína de suero de leche Lacprodan® SP-8011V Instant (contiene lecitina de soja, como emulgente) (20%), Aromas, canela en polvo (Cinnamomum zeylanicum), L-Triptófano, espesante (goma xantana), edulcorantes (glucósidos de esteviol procedentes de estevia, Sucralosa).","Valor energético: 1486.39 kJ / 355.59 kcal (100 g), 445.96 kJ / 106.69 kcal (30 g). Grasas: 1.97 g (100 g), 0.59 g (30 g), de las cuales saturadas: 1.22 g (100 g), 0.37 g (30 g). Hidratos de carbono: 7.29 g (100 g), 2.19 g (30 g), de los cuales azúcares: 2.25 g (100 g), 0.68 g (30 g). Fibra alimentaria: 0.03 g (100 g), 0.01 g (30 g). Proteínas: 77.15 g (100 g), 23.15 g (30 g). Sal: 0.23 g (100 g), 0.07 g (30 g). L-triptófano: 687 mg (100 g), 206 mg (30 g).","Modo de empleo: Añadir 2 cacitos (30g) y mezclar con aproximadamente 300-350 ml de agua o leche desnatada (para un batido más espeso utilice menos líquido, para uno más ligero, añada más). Para mejores resultados, vierta primero el líquido y a continuación el polvo en un agitador o mezclador. Una vez mezclado tomar inmediatamente. Tomar preferiblemente antes de dormir.","Advertencias: Los complementos alimenticios no deben utilizarse como sustitutos de una dieta variada y equilibrada ni de un modo de vida sano. No superar la dosis diaria expresamente recomendada. Mantener fuera del alcance de los niños más pequeños. Puede contener trazas de cereales que contienen gluten, huevo y pescado. Conservar en lugar fresco y seco. Consumir preferentemente antes del fin de: ver lote o base del envase.",,,,,2026-07-31 16:52:05.339459+00,2026-07-31 16:54:51.253775+00,sweet-dream-caseina-micellar-speculoos-1-kg
476,3735,"Ammonium Lauryl Sulfate, Aqua, Lavandula Angustifolia (Lavender) Flower Water*, Cocamidopropyl Betaine, Caprylyl/Capryl Glucoside, Betaine, Lauryl Glucoside, Glycerin, Alpha-glucan Oligosaccharide, Sodium Chloride, Melaleuca Alternifolia (Tea Tree) Leaf Oil*, Propanediol, Cymbopogon Martinii Oil*, Citric Acid, Potassium Sorbate, Sodium Dehydroacetate, Lavandula Hybrida Oil, Zinc PCA, Ziziphus Joazeiro Bark Extract, Aloe Barbadensis Leaf Extract*, Arctium Lappa Root Extract*, Azadirachta Indica Bark Extract*, Camellia Sinensis Leaf Extract*, Iris Germanica Root Extract*, Sodium Benzoate, Geraniol**, Linalool**, Limonene**. *Ingredientes procedentes de la Agricultura Ecológica. 98% del total es de origen natural. El 11% del total de los ingredientes procede de la Agricultura Ecológica. **Naturalmente contenido en el aceite esencial.",,"Aplicar sobre el cabello mojado, masajear suavemente el cabello y el cuero cabelludo y aclarar con abundante agua. Evitar el contacto con los ojos y las mucosas.",,,,,,2026-08-03 17:09:39.325985+00,2026-08-03 17:46:16.242834+00,champ-scalpurify-200-ml
479,3734,"Ammonium Lauryl Sulfate, Aqua, Lavandula Angustifolia (Lavender) Flower Water*, Cocamidopropyl Betaine, Caprylyl/Capryl Glucoside, Betaine, Lauryl Glucoside, Glycerin, Alpha-glucan Oligosaccharide, Sodium Chloride, Melaleuca Alternifolia (Tea Tree) Leaf Oil*, Propanediol, Cymbopogon Martinii Oil*, Citric Acid, Potassium Sorbate, Sodium Dehydroacetate, Lavandula Hybrida Oil, Zinc PCA, Ziziphus Joazeiro Bark Extract, Aloe Barbadensis Leaf Extract*, Arctium Lappa Root Extract*, Azadirachta Indica Bark Extract*, Camellia Sinensis Leaf Extract*, Iris Germanica Root Extract*, Sodium Benzoate, Geraniol**, Linalool**, Limonene**. *Ingredientes procedentes de la Agricultura Ecológica. 98% del total es de origen natural. El 11% del total de los ingredientes procede de la Agricultura Ecológica. **Naturalmente contenido en el aceite esencial.",,"Aplicar sobre el cabello mojado, masajear suavemente el cabello y el cuero cabelludo y aclarar con abundante agua. Evitar el contacto con los ojos y las mucosas.",,,,,,2026-08-03 17:16:23.986772+00,2026-08-03 17:46:32.258318+00,champ-scalpurify-400-ml
480,3788,"Olus (Vegetable) Oil, Butyrospermum Parkii (Shea) Butter, Stearyl Stearate, Helianthus Anuus Seed Oil, Tocopherol, Copernicia Cerifera Cera, Rhus Verniciflua Peel Cera. 100% del total es de origen natural.",,Aplicar sobre las zonas de mayor sequedad realizando un suave masaje hasta su total absorción. Evitar el contacto con ojos y mucosas.,Evitar el contacto con ojos y mucosas.,,,,,2026-08-03 17:21:24.274726+00,2026-08-03 18:30:05.361665+00,vaselina-natural-100-ml
481,3393,"Butyrospermum Parkii (Shea) Butter, Prunus Amygdalus Dulcis (Sweet Almond) Oil, Stearyl Stearate, Euphorbia Cerifera (Candelilla) Wax, Simmondsia Chinensis (Jojoba) Seed Oil*, Copernicia Cerifera (Carnauba) Wax, Citrus Nobilis (Red Mandarin) Peel Oil*, Rhus Verniciflua Peel Cera, Punica Granatum Flower Extract, Helianthus Annuus (Sunflower) Seed Oil, Tocopherol, Polyglyceryl-3 Diisostearate, Limonene**, Linalool**, Citral**, Camphor**, Citronellol**, Pinene**, Terpineol**, Terpinolene**. *Ingredientes procedentes de la Agricultura Ecológica. El 100% del total es de origen natural. El 8% del total de los ingredientes procede de la Agricultura Ecológica.",,Aplicar sobre los labios varias veces al día.,,,,,,2026-08-03 17:26:36.879947+00,2026-08-03 17:46:50.809001+00,balsamo-labial-pro-collagen-5-g
482,3392,"Neroli; Camelia; Aguacate; Babasú; Incienso; Centella asiática; Ácido hialurónico de origen natural  
Aqua, Anthemis Nobilis Flower Water*, Citrus Aurantium Amara (Bitter Orange) Flower Water*, Hydrogenated Ethylhexyl Olivate, Betaine, Cetyl Palmitate, Glycerin, Coco-Caprylate/Caprate, Silybum Marianum Seed Oil, Cetearyl Olivate, Glyceryl Stearate, Sorbitan Olivate, Olea Europaea (Olive) Oil Unsaponifiables, Isostearyl Alcohol, Camellia Japonica Seed Oil, Crambe Abyssinica Seed Oil Phytosterol Esters, Oryza Sativa (Rice) Starch, Persea Gratissima (Avocado) Oil*, Simmondsia Chinensis (Jojoba) Seed Oil*, Butylene Glycol, Parfum, Porphyra Umbilicalis Extract, Benzyl Alcohol, Adansonia Digitata Seed Oil*, Sorbitan Palmitate, Hydrolyzed Hyaluronic Acid, Hydrogenated Olive Oil Unsaponifiables, Boswellia Serrata Gum, Xanthan Gum, Aloe Barbadensis Leaf Extract*, Algae Extract, Centella Asiatica Extract, Salicylic Acid, Orbignya Oleifera Seed Oil, Camellia Sinensis Leaf Extract, Glycyrrhiza Glabra (Licorice) Root Extract, Polygonum Cuspidatum Root Extract, Scutellaria Baicalensis Root Extract, Helianthus Annuus (Sunflower) Seed Oil, Tocopherol, Sorbic Acid, Sodium Benzoate, Chamomilla Recutita (Matricaria) Flower Extract, Rosmarinus Officinalis (Rosemary) Leaf Extract, Citric Acid, Potassium Sorbate, Phytic Acid, Citronellol**, Linalool**, Geraniol**, Limonene**, Benzyl Benzoate**.",,Aplicar sobre la piel limpia del contorno de los ojos y los párpados realizando un suave masaje desde el centro de los ojos hacia las sienes.,,,,,,2026-08-03 17:40:34.62328+00,2026-08-03 17:47:43.948152+00,contorno-de-ojos-pro-collagen-15-ml
484,3789,"Aqua, Rosa Damascena Flower Water*, Olea Europaea (Olive) Oil Unsaponifiables, Cetyl Palmitate, Glycerin, Coco-Caprylate/Caprate, Olus (Vegetable) Oil, Silybum Marianum Seed Oil, Cetearyl Olivate, Glyceryl Stearate, Sorbitan Olivate, Isostearyl Alcohol, Camellia Japonica Seed Oil, Crambe Abyssinica Seed Oil Phytosterol Esters, Oryza Sativa (Rice) Starch, Betaine, Parfum, Hydrogenated Ethylhexyl Olivate, Persea Gratissima (Avocado) Oil*, Simmondsia Chinensis (Jojoba) Seed Oil*, Porphyra Umbilicalis Extract, Benzyl Alcohol, Propanediol, Sorbitan Palmitate, Hydrolyzed Hyaluronic Acid, Adansonia Digitata Seed Oil*, Boswellia Serrata Gum, Xanthan Gum, Algae Extract, Aloe Barbadensis Leaf Extract*, Salicylic Acid, Hydrogenated Olive Oil Unsaponifiables, Orbignya Oleifera Seed Oil, Biosaccharide Gum-1, Helianthus Annuus (Sunflower) Seed Oil, Tocopherol, Ficus Carica (Fig) Fruit Extract, Ginkgo Biloba Nut extract, Morus Alba Fruit Extract, Punica Granatum Fruit Extract, Sodium Levulinate, Sorbic Acid, Glyceryl Caprylate, Sodium Benzoate, Sodium Anisate, Citric Acid, Potassium Sorbate, Phytic Acid, Linalool**, Limonene**, Eugenol**, Benzyl Benzoate**, Farnesol**, Citronellol**, Geraniol**, Benzyl Salicylate**, Citral**. *Ingredientes procedentes de la Agricultura Ecológica. El 99% del total es de origen natural. El 20% del total de los ingredientes procede de la Agricultura Ecológica. **Naturalmente contenido en el perfume y el agua floral.",,"Aplicar sobre la piel limpia del rostro, a diario, como crema de día.",,,,,,2026-08-03 17:43:18.907816+00,2026-08-03 17:43:18.907816+00,crema-de-d-a-antiedad-pro-collagen-50-ml
485,3390,"Saponaria; Caléndula; Amapola; Aloe vera  
Ir al contenido

Sobre Nosotros
Productos
Blog
PROFESIONALES
Contacto
Español
Buscar:
Inicio / Productos / FAMILIAS / PRO-COLLAGEN / LECHE LIMPIADORA Pro-Collagen CLEANSER
🔍
Leche limpiadora Pro-Collagen Cleanser
CN 218192.2  
PRO-COLLAGEN
LECHE LIMPIADORA Pro-Collagen CLEANSER
Frasco de 100 ml con dosificador  
Desmaquillante específico para el cuidado del contorno de los ojos. Suave, hidratante y de acción calmante. Permite eliminar los restos de maquillaje, incluso el resistente al agua (waterproof).  
Suave  
Hidratante  
Calmante  
BENEFICIOS
Nº 1 en tratamientos antiaging con ácido hialurónico natural  
Limpia, calma e hidrata la piel, ¡dejándola fresca y radiante!  
Testado bajo control dermatológico  
<div>Tiene un efecto tensor  </div>%
<div>Reduce los signos de la edad  </div>%
<div>Hidrata y calma  </div>%
MODO DE EMPLEO
INGREDIENTES
COMPOSICIÓN
Aqua, Rosa Damascena Flower Water*, C13-15 Alkane, Cetearyl Alcohol, Glycerin, Glyceryl Stearate, Betaine, Sodium Lauroyl Glutamate, Stearic Acid, Tetrasodium Glutamate Diacetate, Anthemis Nobilis Flower Water*, Centaurea Cyanus Flower Water*, Benzyl Alcohol, Parfum, Xanthan Gum, Galactaric Acid, Quillaja Saponaria Bark Extract, Dehydroacetic Acid, Lavandula Angustifolia Oil*, Aloe Barbadensis Leaf Extract*, Sodium Hydroxide, Helianthus Annuus (Sunflower) Seed Oil, Tocopherol, Linum Usitatissimum Seed Extract, Plantago Lanceolata Leaf Extract, Potassium Sorbate, Calendula Offcinalis Flower Extract*, Lavandula Angustifolia Flower Extract*, Papaver Rhoeas Seed Extract*, Anthemis Nobilis Flower Oil, Sodium Benzoate, Citric Acid, Linalool**, Citronellol**, Geraniol**, Camphor**, Linalyl Acetate**. *Ingredientes procedentes de la Agricultura Ecológica. **Naturalmente contenido en el aceite esencial.  
PRODUCTOS RELACIONADOS
También te puede interesar…
Ver todos los productos

Instagram
 Youtube
 Facebook
 Pinterest
 X-twitter
Intersa Labs
Sobre Nosotros
Nuestro compromiso
Sostenibilidad
Instalaciones
Laboratorio
Profesional
Área profesionales
Atención al cliente
Contacto
Canal de Denuncias
FAQs
Legal

Aviso legal
Política de Privacidad
Política de Cookies
Plan de Igualdad y LGTBI
Ejercicio de derecho

Laboratorio ecológico
crueltyfree
Ecocert Cosmos Organic
Ecocert Cosmos Natural",,"Aplicar con un algodón sobre los ojos cerrados, evitando que entre en contacto con las mucosas.",,,,,,2026-08-03 17:45:31.828975+00,2026-08-03 17:45:31.828975+00,leche-limpiadora-pro-collagen-100-ml
492,3198,"Aqua, Anthemis Nobilis Flower Extract*, Citrus Aurantium Amara (Bitter Orange) Flower Water*, Propanediol, Glycerin, Betaine, Cetyl Palmitate, Coco-Caprylate/Caprate, Glyceryl Stearate, Cetearyl Olivate, Olea Europaea (Olive) Oil Unsaponifiables, Isostearyl Alcohol, Sorbitan Olivate, Camellia Japonica Seed Oil, Oryza Sativa (Rice) Starch Persea Gratissima (Avocado) Oil*, Simmondsia Chinensis (Jojoba) Seed Oil*, Adansonia Digitata Seed Oil*, Hydrogenated Ethylhexyl Olivate, Porphyra Umbilicalis Extract, Benzyl Alcohol, Sorbitan Palmitate, Lavandula Angustifolia Oil*, Xanthan Gum, Boswellia Serrata Gum, Aloe Barbadensis Leaf Extract*, Salicylic Acid, Hydrogenated Olive Oil Unsaponifiables, Tocopherol, Helianthus Annuus (Sunflower) Seed Oil, Calendula Officinalis Flower Extract*, Lavandula Angustifolia Flower Extract*, Papaver Rhoeas Seed Extract*, Sorbic Acid, Sodium Benzoate, Anthemis Nobilis Flower Oil, Citric Acid, Phytic Acid, Tilia Tomentosa Bud Extract*, Potassium Sorbate, Linalool**, Limonene**, Geraniol**. *Ingredientes procedentes de la Agricultura Ecológica. El 99% del total de los ingredientes es de origen natural. El 19,4% del total de los ingredientes procede de la Agricultura Ecológica. **Naturalmente contenido en el perfume y el agua floral.",,"Aplicar sobre la piel limpia del rostro, a diario, como crema de día.",,,,,,2026-08-03 17:52:12.626706+00,2026-08-05 16:34:37.033718+00,dd-crema-de-d-a-harmony-50-ml
493,3197,"Aqua, Rosa Damascena Flower Water*, Glycerin, Olea Europaea (Olive) Oil Unsaponifiables, Cetyl Palmitate, Coco-Caprylate/Caprate, Olus (Vegetable) Oil, Silybum Marianum Seed Oil, Glyceryl Stearate, Cetearyl Olivate, Sorbitan Olivate, Camellia Japonica Seed Oil, Oryza Sativa (Rice) Starch, Betaine, Prunus Armeniaca (Apricot) Kernel Oil*, Hydrogenated Ethylhexyl Olivate, Parfum, Porphyra Umbilicalis Extract, Benzyl Alcohol, Sorbitan Palmitate, Persea Gratissima (Avocado) Oil*, Simmondsia Chinensis (Jojoba) Seed Oil*, Adansonia Digitata Seed Oil*, Xanthan Gum, Algae Extract, Salicylic Acid, Hydrogenated Olive Oil Unsaponifiables, Biosaccharide Gum-1, Helianthus Annuus (Sunflower) Seed Oil, Tocopherol, Aloe Barbadensis Leaf Extract*, Althaea Officinalis Leaf Extract*, Gossypium Herbaceum (Cotton) Extract*, Urtica Dioica Extract*, Viola Odorata Extract*, Sodium Benzoate, Citric Acid, Tilia Tomentosa Bud Extract*, Sodium Levulinate, Sorbic Acid, Glyceryl Caprylate, Potassium Sorbate, Sodium Anisate, Phytic Acid, Limonene**, Linalool**, Benzyl Salicylate**, Geraniol**, Benzyl Benzoate**, Farnesol**, Citronellol**, Citral**. *Ingredientes procedentes de la Agricultura Ecológica. El 98,9% del total de los ingredientes es de origen natural. El 19% del total de los ingredientes procede de la Agricultura Ecológica. **Naturalmente contenido en el perfume y el agua floral.",Defensa Diaria. Crema de día. Protección antimanchas. 12 h ultrahidratación.,"Aplicar sobre la piel limpia del rostro, a diario, como crema de día.",,,,,,2026-08-03 17:56:44.426099+00,2026-08-05 16:35:16.83726+00,dd-crema-de-d-a-comfort-50-ml
494,3549,"99% Pure Tranexamic Acid (TXA), Niacinamide 5%, Alpha-Arbutin & Glutathione",,,,,,,,2026-08-03 18:02:22.881875+00,2026-08-03 18:02:22.881875+00,txa-niacinamida-55-g
495,2563,"Té verde-HA™: El ingrediente exclusivo de BOJ hidrata, ayuda a calmar y ofrece beneficios antioxidantes.
Pantenol (vitamina B5): Mejora la hidratación y apoya la barrera de humedad.","Cómo usarlo

- Echa unas gotas de suero en manos limpias.
- Da palmadas suaves para ayudar a la absorción y luego aplica tu hidratante favorito.
- Hecho para tus rutinas de cuidado de la piel por la mañana y la noche.
- Consejo profesional de BOJ: Para mantener la fórmula higiénica, no recomendamos dejar que el cuentagotas toque directamente la piel",,,,,,,2026-08-03 18:09:36.883111+00,2026-08-06 12:13:22.971881+00,suero-de-barrera-calmante-30-ml
496,3555,"Agua, dibutilo adipato, propanediol,
Triazona etilhexil, polimetilsilsesquioxano, dieth
Ylamino Hidroxibenzoilo Hexil Benzoato, Niacinam
ide, Drometrizole Trisiloxano, Metileno Bis-Benzotr
iazolil tetrametilbutilfenol, coco-caprilato/ca
prate, Caprylyl Methicone, Glicerina, 1,2-Hexanediol,
Butilenglicol, extracto de Centella Asiatica, Dioscorea
Extracto de raíz japonica, extracto de laminaria japonica, U
Extracto de raíz de lmus davidiana, hoja de aloe barbadensis
Extracto, extracto de flor de Viola Mandshurica, Salicorni
un extracto de Herbacea, extracto de hoja de Corchorus olitorius
, extracto de fruto Adansonia digitata, Bambusa vulgari
extracto de brote de s, extrac de hoja/tallo de Bambusa vulgaris
t, extracto de Angelica Keiskei, raíz de Nelumbo Nucifera
Extracto, extracto de fruta Hibiscus esculentus, Mentha Aq
Extracto de uatica, extracto de Anastatica Hierochuntica, césped
ium Hyaluronate, Bambusa Vulgaris Water, Pentylen
e Glicol, Alcohol behenilo, Poli C10-30 Alquilo Acrila
te, copolímero VP/eicoseno, poligliceril-3 metilglu
costeato cos, decilo glucósido, trometamina, ca
rbomer, cruz de acrilatos/C10-30 de acrilato alquilo
mer, estearoil glutamato sódico, cruce con poliacrilato
polímero-6, etilhexiglicerina, adenosina, xantana G
eh, t-Alcohol butílico, inositol, tocoferol, pantenol,
Ácido Hialurónico Hidrolizado, Tríglia Caprílica/Cáprica
ceriuro, glucósido de glicerilo, isomerato de sacárido, D
Ipropilenglicol, citrato de sodio, ácido cítrico, tremolo
Polisacárido de ella Fuciformis",,"Como último paso del cuidado de la piel,
Aplica una capa generosa y completa antes del sol 
Exposición y reaplicar regularmente.",,,,,,2026-08-03 18:20:03.927726+00,2026-08-05 16:49:45.36332+00,cica-regen-protector-solar-100-ml
501,3368,"El hidrolato de espino amarillo incluido en la composición del cosmético mejora el tono de la piel y alivia la irritación y la inflamación. La adición de niacinamida tonifica la piel, hace que los efectos nocivos de los radicales libres sean inofensivos y reduce la decoloración. La alfa-arbutina, junto con la vitamina C y cinco de sus derivados, proporciona un aclaramiento de la piel. La gluconolactona mejora el contenido de humedad de la piel y mejora el efecto reafirmante de la crema.",,,,,,,,2026-08-03 18:54:45.081122+00,2026-08-04 12:23:59.443843+00,crema-con-c-psulas-deep-vitamina-c-55-g
502,3540,"Agua, dipropilenglicol, butilenoglicol, glicerina, propanediol, 1,2-hexanediol, niacinamida, coco-caprilato/capato, escualano, poligliceril-3 destearato, isosorbo de dimetilo, pentileno glicol, pantenol, 4-t-butilciclohexanol, fragancia (perfume), lecitina hidrogenada, copolímero de hidroxietila acrilato/acrilildimetil taurato de sodio, acrilatos/C10-30 acrilato de alquilo acrilato, sacarosa-palmato, caprílico/capríco, hidroxipinacolona retinoato, dietilhexilo Siringilidenemalonato, trometamina, etilhexilglicerina, citrato estearato de glicerilo, alantoína, goma biosacárida-1, glicirriza dipotásica, goma xantana, aceite de semilla de macadamia integrifolia, aceite de fruta olea europaea (oliva), aceite de semilla de Simmondsia chinensis (jojoba), aceite de semilla de vitis vinifera (uva), adenosina, aceite de semilla de macadamia ternifolia, retinal, hialuronato sódico, EDTA disódico, retinol, bakuchiol, palmato de retinilo, esteroles de Brassica campestris (colza), ácido linoleico, colesterol, Poligliceril-10 Laurato, Ceramida NP, PPG-13-Deciltetradecenteto-24, Retinil-linoleato, Fitosterilo/Behenilo/Octildodecil-Lauroylglutato, Beta-glucano, estearato de aluminio/hidróxido de magnesio, Pentaerythrityl Tetra-di-t-butil Hidroxihidrocinamato, Fosfato de cetilo potásico, Distearato de metilglucosa poligliceril-3, sílice, isopropil lauroilo sarcosinato, Tocoferol, Colágeno hidrolizado, Retinoato de retinilo, Quitosano, extracto de Centella Asiatica, extracto de hoja de Centella Asiatica, Centella Asiatica Extracto de raíz, tris (tetrametilhidroxipiperidinol) citrato, benzotrizolilo dodecil p-cresol",,"1. Prueba el tamaño de un guisante hasta la zona de arrugas, pecas e imperfecciones cada dos días en la fase sérica de la rutina de cuidado nocturno.
2. Después de usarlo durante dos semanas, aumenta gradualmente la cantidad y aplícala de forma fina por toda la cara cada noche.",,,,,,2026-08-04 11:39:00.910462+00,2026-08-04 11:39:00.910462+00,s-rum-deep-vitamina-a-retinol-30-ml
503,3389,"Caprylic/Capric Triglyceride, Simmondsia Chinensis (Jojoba) Seed Oil*, Isopropyl Isostearate, Parfum, Copaifera Officinalis (Balsam Copaiba) Resin, Crambe Abyssinica Seed Oil Phytosterol Esters, Sunflower Seed Oil, Pongamia Glabra Seed Oil, Squalane, Haematococcus Pluvialis Extract, Melaleuca Alternifolia (Tea Tree) Leaf Oil*, Tocopherol, Helianthus Annuus (Sunflower) Seed Oil, Citrus Aurantium Amara (Bitter Orange) Leaf/Twig Oil*, Dunaliella Salina Extract, Linalool**, Limonene**, Geraniol**, Citral**, Citronellol**. *Ingredientes procedentes de la Agricultura Ecológica. El 100% del total es de origen natural. El 11% del total de los ingredientes procede de la Agricultura Ecológica. **Naturalmente contenido en los aceites esenciales y el perfume natural.",,"Aplicar en rostro, cuello y escote antes de acostarse.",,,,,,2026-08-04 11:42:49.091633+00,2026-08-10 19:14:13.661643+00,s-rum-phytos-rum-purificante-30-ml
505,3388,"Caprylic/Capric Triglyceride, Helianthus Annuus (Sunflower) Seed Oil, Adansonia Digitata Seed Oil*, Isotearyl Isostearate,Crambe Abyssinica Seed Oil Phytosterol Esters, Pongamia Glabra Seed Oil, Calendula Oficinalis Flower Extract *, Squalane, Lavandula Angustifolia Oil*, Anthemis Nobilis Flower Oil, Haematococcus Pluvialis Extract, Olibanum (Boswellia Serrata) Oil*, Tocopherol, Dunaliella Salina Extract, Chamomilla Recutita (Matricaria) Flower Oil, Linalool**, Limonene**, Geraniol**. *Ingredientes procedentes de la Agricultura Ecológica. El 100% del total es de origen natural. El 11,4% del total de los ingredientes procede de la Agricultura Ecológica. **Naturalmente contenido en los aceites esenciales y el perfume natural.",,"Aplicar en rostro, cuello y escote antes de acostarse.",,,,,,2026-08-04 11:46:03.614415+00,2026-08-04 11:50:49.324379+00,s-rum-pythos-rum-calmante-30-ml
506,3387,"Caprylic/Capric Triglyceride, Adansonia Digitata Seed Oil*, Isostearyl Isostearate, Prunus Armeniaca (Apricot) Kernel Oil*, Helianthus Annuus (Sunflower) Seed Oil, Camellia Japonica Seed Oil, Crambe Abyssinica Seed Oil Phytosterol Esters, Pongamia Glabra Seed Oil, Parfum, Squalane, Anthemis Nobilis Flower Oil, Haematococcus Pluvialis Extract, Citrus Sinensis Peel Oil*, Santalum Album (Santalwood) Oil, Tocopherol, Dunaliella Salina Extract, Limonene**, Linalool**, Benzyl Salicylate**, Benzyl Benzoate**, Geraniol**, Farnesol**. *Ingredientes procedentes de la Agricultura Ecológica. El 100% del total es de origen natural. El 10,9% del total de los ingredientes procede de la Agricultura Ecológica. **Naturalmente contenido en los aceites esenciales y el perfume natural.",,"Aplicar en rostro, cuello y escote antes de acostarse.",,,,,,2026-08-04 11:48:21.197692+00,2026-08-04 11:51:11.163045+00,s-rum-phytos-rum-hidratante-30-ml
514,3044,"Proteína de guisante, proteína de arroz, proteína de cáñamo (cannabis sativa-semilla), cacao desgrasado en polvo, aroma, mezcla enzimática Digezyme ® (amilasa, proteasa, celulasa, lactasa y lipasa), mezcla de microorganismos (Lactobacilus acidófilos, Bifidobacterias), cloruro sódico, edulcorante (glucósidos de esteviol), piridoxina HCl (vitamina B6).","Información nutricional (por 32 g): Valor energético: 493 kJ / 118 kcal. Grasas: 1,5 g, de las cuales saturadas: 0,6 g, monoinsaturadas: 0,5 g, poliinsaturadas: 0,3 g, Omega 3: 0 g y Omega 6: 0,1 g. Hidratos de carbono: 3,3 g, de los cuales azúcares: 0 g. Fibra alimentaria: 1,0 g. Proteínas: 22,1 g. Sal: 0,95 g. Vitamina B6 (Piridoxina): 0,21 mg (15% VRN).

Otros principios activos (por 32 g): Lactobacillus acidophilus: 1,00E+09 UFC. Bifidobacterium bifidum: 1,00E+08 UFC. DigeZyme® (enzimas digestivas): 200 mg.

Perfil de aminoácidos (por 100 g): Ácido L-Glutámico: 13,09 g. Ácido L-Aspártico: 7,26 g. L-Leucina: 6,77 g. L-Arginina: 6,71 g. L-Lisina: 4,88 g. L-Fenilalanina: 3,73 g. L-Valina: 3,52 g. L-Serina: 3,29 g. L-Isoleucina: 3,27 g. L-Alanina: 3,01 g. L-Prolina: 2,80 g. Glicina: 2,69 g. L-Tirosina: 2,61 g. L-Treonina: 2,45 g. L-Histidina: 1,64 g. L-Cistina: 0,99 g. L-Metionina: 0,95 g. L-Triptófano: 0,69 g.",Añadir los 32g (aproximadamente 3 cacitos rasos) en 150-200ml de agua fresca y agitar hasta su completa disolución.,Los complementos alimenticios no deben utilizarse como sustituto de una dieta equilibrada. No superar la dosis diaria expresamente recomendada. Mantener fuera del alcance de los niños más pequeños. Conservar bien cerrado en lugar fresco y seco.,"No contiene alérgenos de acuerdo con el reglamento (UE) N° 1169/2011. Se trata de un producto apto para veganos, sin gluten y sin lactosa.",Complementar con una dieta equilibrada.,"La información proporcionada en este producto solo tiene fines informativos. No supone asesoramiento profesional, médico o legal.","No GMO: no contiene ningún ingrediente que provenga de Organismos Modificados Genéticamente, por lo que no está sometido al etiquetado de los OMG de los Reglamentos (EU) 1829/2003 y 1830/2003.
Fabricado en la EU: proteína vegana fabricada en la Unión Europea.Proteína vegana: sin gluten, sin lactosa, sin azúcar y sin edulcorantes artificiales.",2026-08-04 12:07:39.065056+00,2026-08-04 12:07:47.730008+00,prote-na-vegana-chocolate-768-g
516,2366,Almendras dulces; Manzanilla romana,"Prunus Amygdalus Dulcis (Sweet Almond) Oil, Anthemis Nobilis Oil, Helianthus Annuus (Sunflower) Seed Oil, Tocopherol*, Limonene**. 100% du total est d’origine naturelle. / El 100% del total es de origen natural. / 100% do total é de origem natural. / 100% natural origin of total. *El tocoferol es vitamina E y es de procedencia natural. **Naturalmente contenido en el perfume natural.","Aplicar unas gotas sobre el rostro, extender el producto y retirarlo con un algodón desde la línea central (entrecejo, nariz, ojos y labios) hacia los lados (sienes, orejas y cuello). Evitar el contacto con las mucosas.",,,,,,2026-08-04 12:12:10.971675+00,2026-08-04 12:12:21.916259+00,loci-n-limpiadora-manzanilla-100-ml
518,2367,"Rico en O3, O6, O7 y O9","Macadamia Ternifolia Seed Oil, Persea Gratissima Oil*, Simmondsia Chinensis Seed Oil, Adansonia Digitata Seed Oil*, Borago Officinalis Seed Oil*, Helianthus Annuus Seed Oil*, Dextrin Palmitate, Punica Granatum Seed Oil, Hippophae Rhamnoides Fruit Oil, Calophyllum Inophyllum Seed Oil*, Butylene Glycol, Aqua, Tocopherol, Parfum, Centella Asiatica Extract, Polygonum Cuspidatum Root Extract, Scutellaria Baicalensis Root Extract, Daucus Carota Sativa Root Extract*, Glycyrrhiza Glabra Root Extract, Camellia Sinensis Leaf Extract, Melaleuca Alternifolia Leaf Oil*, Anthemis Nobilis Flower Oil, Rosmarinus Officinalis Leaf Extract, Chamomilla Recutita Flower Extract, Lavandula Angustifolia Oil. Amyl Cinnamal**, Beta-Cariophyllene**, Limonene**, Linalool**, Linalyl Acetate**, Pinene**, Terpineol**, Terpinolene**, Vainillin**. *Ingredientes procedentes de la Agricultura Ecológica. El 100% del total de los ingredientes es de origen natural. El 47,5% del total de los ingredients procede de la Agricultura Ecológica. **Naturalmente contenido en los ingredientes de origen vegetal.",Aplicar sobre la piel limpia de zonas localizadas del cuerpo y/o del rostro realizando un suave masaje hasta su completa absorción. Frecuencia: dos veces al día. Aplicando 2-4 dosificaciones por uso puede durar entre 50 y 100 días.,,,,,,2026-08-04 12:15:28.585234+00,2026-08-04 12:15:28.585234+00,b-lsamo-a-topic-natur-100-ml
524,3589,Ácido hialurónico y aloe vera.,"Caprylic/capric Triglyceride, Aloe barbadensis Leaf Juice*, Titanium Dioxide, Aqua, Sesamum Indicum Seed Oil*, Coco-caprylate, Propanediol, Aluminum Hydroxide, Polyglyceryl-2 Dipolyhydroxystearate, Stearic Acid, Mica, Zinc Oxide, Polyglyceryl-3 Diisostearate, Glycerin, Bisabolol, Cetearyl Olivate, Tocopherol, Glyceryl Caprylate, Sorbitan Olivate, Silica, Persea Gatrissima oil, Simmondsia chinensis Seed Oil*, Xanthan Gum, Glyceryl Undecylenate, Rubus idaeus Seed Oil*, Sodium Hyaluronate, Centella Asiatica Extract*, Zizyphus jujuba Seed Extract, Phytoecdysteroids, Phytic Acid, Benzyl Alcohol, Potassium Sorbate, Sodium Benzoate, Parfum, Linalyl Acetate, Pogostemon Cablin Oil, Terpineol, Vanillin. *Ingredientes procedentes de la Agricultura Ecológica. El 99,5% del total es de origen natural. El 21,5% del total de los ingredientes procede de la Agricultura Ecológica.","Aplicar el producto antes de la exposición solar repartiendo una cantidad suficiente para cubrir toda la superficie de la piel expuesta al sol. Para mantener la protección, repetir con frecuencia su aplicación, especialmente tras transpirar, bañarse o secarse con una toalla.",La exposición excesiva al sol es un peligro importante para la salud. Mantener los bebés y los niños pequeños fuera de la luz solar directa.,,,,,2026-08-04 13:21:05.358618+00,2026-08-10 19:22:15.381482+00,protector-solar-esential-sun-100-ml
526,3795,"Extracto de propóleo
Revitaliza y nutre inmediatamente la piel opaca y cansada.

Extracto de jalea real
Ayuda a proteger la piel de los radicales libres y a que la piel se sienta más rellena.","Agua, butilenglicol, aceite vegetal, poligliceril-3 metilglucosa destearato, niacinamida, 1,2-hexanediol, amonio acrildimetiltaurato/copolímero Vp, aceite de semilla de camelia japonica, ácido ascórbico 3-O-etil, glicerina, extracto de propópolis, dipropilenglicol, extracto de hoja de Eclipta prostrata, extracto de hoja de Laminaria japonica, hidroxiacetofenona, alcohol, aceite de cítricos aurantium dulcis (naranja), etilhexilglicerina, agua de flor de rosa centifolia, propanediol, extracto de fruto de hipofas rhamnoides, sodio Hialuronato, adenosina, fructooligosacáridos, lecitina hidrogenada, aceite de cáscara de cítricos nobilis (mandarina de mandanda), beta-glucano, extracto de centella asiática, estearoilglutato de sodio, aceite de semilla de helianthus annuus (girasol), extracto de fruta de ficus carica (higo), aceite de fruta de litsea cubeba, extracto de acmella oleracea, ácido hialurónico hidrolizado, extracto de corteza de amurense de felodendro, extracto de portulaca oleracea, dextrina, extracto de semilla de Theobroma cacao (cacao), extracto de flor de chamomila recutita (matricaria),  Extracto de hoja de Rosmarinus Officinalis (romero), Ceramida Np, Extracto de jalea real, Extracto de Hamamelis Virginiana (Hamamelis (Hamamel), Fenoxietanol, Extracto de semilla de Lupinus Albus, Tocoferol",,,,,,,2026-08-04 13:31:00.466086+00,2026-08-04 19:34:33.723097+00,crema-royal-vita-propolis-33-50-g
527,3797,"Extracto de fruta de Chaenomeles sinensis, gliceret-26, niacinamida, 1,2-hexanediol, arginina, carbómero, etilhexiglicerina, caprylylglycol",,"Aplica la cantidad adecuada cuidadosamente sobre la cara y el cuello, luego alisa suavemente para una mejor absorción. Recomiendo aplicar la loción después de usar piel o tónico.",,,,,,2026-08-04 13:37:48.958168+00,2026-08-05 17:42:33.992121+00,s-rum-de-niacinamida-chaenomeles-sinensis-30-ml
528,3800,"vitamina C, vitamina E, cafeína, pantenol, aceite de jojoba, cúrcuma, adenosina , ingredientes fermentados, alantoína, glicerina, aminoácidos, ácido ferúlico",,"Aplica una cantidad adecuada del sérum en la piel del rostro y da golpecitos pequeños con las puntas de los dedos hasta que se absorba. Utiliza en el rostro, cuello y escote. El sérum se puede utilizar bajo la crema de día/noche, o por separado.",,,,,,2026-08-04 13:42:00.742369+00,2026-08-10 19:10:41.160301+00,s-rum-facial-age-r-vitamina-c-pro-20-ml
530,3553,"Agua, agua de Bambusa vulgaris, isononilo isononanoato, propanediol, salicilato de butiloctilo, etilhexil triazona, polimetilsilsesquioxano, dibutilo adipato, dietilamino, hidroxibenzoilo hexil benzoato, niacinamida, drometrizol trisilo, metileno-bis-benzotriazilo tetrametilbutilfenol, 1,2-hexanediol, pentilenoglicol, poliglicerilo-3 metilglucosa distearato, gliceret-26, pantenol, alcohol behenílico, trometamina, decilo glucósido, caprilila meteticona, aceite de ricino/sebácico hidrogenado/sebácico Copolímero ácido, carbómero, cruzamiento de acrilatos/C10-30 acrilato de alquilo, distearato de poligliceril-6, polímero cruzado de poliacrilato-6, trimetilsiloxisilicatos, etilhexilglicerina, ésteres de poligliceril-3 de canadela/jojoba/salvado de arroz, estearoil glutamato de sodio, adenosina, glicerina, hialuronato de sodio, goma xantana, ceramida NP, tocoferol, butilenoglicol, extracto de Caulerpa lentilífera, ADN sódico",,"1. Aplica unos dos dedos de protector solar durante 15 minutos antes de salir. Usar suficiente protector solar es clave para una protección eficaz.
2. Reaplica a lo largo del día para proteger la piel de los rayos UV.",,,,,,2026-08-04 13:42:52.470915+00,2026-08-04 13:42:52.470915+00,protector-solar-aqua-glowing-45-ml
531,3792,"Ingredientes: Agua/Aqua, ácido 3-O-etil ascórbico, triglicérido caprílico/cáprico, glicerina, propanodiol, poliacriloildimetil taurato de amonio, alcohol cetearílico, pentilenglicol, alcoholes C14-22, 1,2-hexanodiol, celulosa, estearato de glicerilo, bisabolol, citrato de estearato de glicerilo, laurato de hexilo, sílice, alquil glucósido C12-20, celulosa microcristalina, goma xantana, tocoferol, aceite de fruta de Hippophae rhamnoides, extracto de fermento de Sphingomonas, etilhexilglicerina, adenosina, trometamina, fitato de sodio, ácido cítrico, niacinamida, citrato de sodio, glutatión, ácido ascórbico",,"Modo de uso : Aplicar una cantidad adecuada sobre el rostro como último paso de la rutina de cuidado. Masajear suavemente hasta su completa absorción. Se puede usar por la mañana y por la noche. Durante el día, aplicar protector solar tras su uso.",,,,,,2026-08-04 13:45:29.033423+00,2026-08-04 13:45:29.033423+00,crema-vitamina-c-30-ml
532,3794,"Extracto de propóleo
Revitaliza y nutre inmediatamente la piel opaca y cansada.

Extracto de jalea real
Ayuda a proteger la piel de los radicales libres y a que la piel se sienta más rellena.","Agua, butilenglicol, pantenol, agua de flor de rosa centifolia, extracto de Portulaca oleracea, niacinamida, propilenglicol, 1,2-hexanediol, extracto de fruta de Hippophae rhamnoides, ácido ascórbico 3-O-etilo, extracto de propópolis, carbómero, arginina, fenoxietanol, hidroxietilcelulosa, glicirrizado dipotásico, adenosina, hialuronato sódico, extracto de centella asiática, extracto de hamamelis virginna (hamamelis), extracto de jalea real, extracto de Spirodela polyrhiza",,,,,,,2026-08-04 13:48:56.036027+00,2026-08-04 19:32:52.954629+00,royal-vita-propolis-33-ampoule-15-ml
533,3556,"ácido hialurónico, pantenol, ceramidas, niacinamida, péptidos, centella asiatica, betaína, PDRN",,"Aplica sobre la piel limpia y masajea con movimientos circulares hasta que se absorba. Aplica en el rostro, cuello y escote.",,,,,,2026-08-04 13:50:48.498698+00,2026-08-10 19:22:50.571751+00,crema-hidratante-aha-pdrn-pink-50-ml
535,3550,"Agua (agua), glicerina, agua de hoja de Centella Asiatica, pantenol, butilglicol, éter dicaprilílico, 1,2-hexanediol, vinil dimeticona, caprilila meticona, polideceno hidrogenado, pentileno glicol, carbonato de dicaprililo, copolímero de hidroxietilo acrilato/taurato de sodio acrilildimetilo, ADN sódico, dimeticonol, acrilatos/C10-30 acrilato alquilato cruzado, cetearil olivato, aminometil propanediol, sorbitano olivato, glicerilacrilato y copolímero de ácido acrílico, goma xantana, etilhexilglicerina, sodio Fermentan el hialuronato, ácido hialurónico, ácido hialurónico hidrolizado, fitato sódico, tocoferol, Aureobasidium pullulans, triglicéridos caprílicos/cápricos, beta-sitosterol, lecitina hidrogenada, caprato de poligliceril-4, caprilato de poligliceril-6, sh-oligopéptido-1",,"1. Lava tu cara con un limpiador suave adaptado a tu tipo de piel.
2. Aplica una cantidad adecuada de la crema PDRN Reju 5000 como último o semifinal en tu rutina de cuidado de la piel.
3. Ponte capas en las zonas que necesiten más calma.",,,,,,2026-08-04 14:02:38.25438+00,2026-08-04 14:02:38.25438+00,crema-pdrn-reju-5000-20-g
536,3554,"Aqua, Collagen Water, Dipropylene Glycol, C13-15 Alkane, Ricinus Communis Seed Oil, Glyceryeth-26, 1,2-Hexanediol, Niacinamide, Sodium Chloride, Sorbitol, Hydroxyethyl Urea, Butylene Glycol, Helianthus Annuus Seed Oil, Parfum, Ethylhexylgly cerin, Eclipta Prostrata Extract, Adenosine, Sodium DNA, Melia Azadirachta Leaf Extract, Glutathione, Paeonia Lactiflora Root Extract, Moringa Oleifera Seed Oil, Candida Bombicola/Glucose/Methyl Rapeseedate Ferment, Rosa Damascena Flower Water, Biotin, Hexapeptide-2, Biotinoyl Tripeptide-1, Acetyl Hexapeptide-8, Tripeptide-1, Tripeptide-3, Myristoyl Pentapeptide-17, Hexapeptide-9",,"Antes de nada, agita bien el envase para mezclar la fase acuosa y oleosa. Pulveriza el sérum sobre el rostro de manera uniforme a una distancia adecuada y deja que se absorba. Puedes realizar suaves toques con las manos para una mejor absorción.

Puedes utilizar este sérum tanto en tu rutina de mañana como en la de noche después de la limpieza para preparar la piel para el resto de la rutina o en el paso del sérum. También puedes usarla como bruma en cualquier momento del día para un toque extra de skincare, cuando notes la piel más seca o apagada.",,,,,,2026-08-04 14:07:41.058397+00,2026-08-05 16:51:19.457491+00,s-rum-pdrn-pink-glutathione-mist-100-ml
537,2560,"Water, Glacier Water, Butylene Glycol, 1,2-Hexanediol, Sodium Hyaluronate.",,"Con la cara limpia, utilizar una cantidad suficiente en un disco de algodón y pasarlo por toda la cara.",,,,,,2026-08-04 14:09:09.619661+00,2026-08-10 19:14:40.722264+00,s-rum-facial-aha-y-agua-glaciar-300-ml
538,3796,"Kombucha: : El té negro fermentado contiene abundantes probióticos, vitamina B y diversas nutriciones, ayudando a liberar toxinas y fortalecendo el sistema inmunológico. 
Bakuchiol:  Retinol derivado de la planta que imita el 99% de la eficacia del retinol sin preocuparse por efectos secundarios, excelente para la recuperación de la piel y efectos luminosos.","Agua, glicerina, mantequilla de butirospermo Parkii, aceite de cocos nucifera, palma etilhexila
tate, coco-caprilato/capato, butilenoglicol, alcohol cetearílico, po hidrogenado
ly (C6-14 Olefina), Aceite de semilla de Macadamia Integrifolia, Niacinamida, Alcoh Araquilo
ol, metilpropanediol, poligliceril-3 destearato, 1,2-hexanediol, alcohol behenílico,
Copolímero de acrilato hidroxietil/taurato de acrilildimetil sodio, Hidroxiaceto
Fenonas, sílice, escualano, poligliceril-10 laurato, aceite de fruta Olea Europaea, sodio
umstearoil glutamato, glucósido araquil, estearato de glicerilo, ésteres de jojoba, cam
Extracto de hoja de ellia sinensis, Saccharomyces Filtrado de fermentación, Carbómero, Helianthus A
Cera de semillas de nnuus, trometamina, agua de hojas de Camellia sinensis, dipropilenglicol,
Extracto de hoja de Eclipta Prostrata, Citrato de estearato de glicerilo, Extracto de Laminaria japonica,
Aceite de oliva hidrogenado no saponificables, adenosina, dextrina, teogroma cacao S
Extracto de eed, Isosotearato de Sorbitano, EDTA disódico, Aceite de Abies Sibirica, Laura Sódica
te, Bakuchiol, fructooligosacáridos, aceite de semilla de Helianthus annuus Unsaponifiable
s, Lecitina hidrogenada, Poliglicerina-3, Beta-glucano, ácido láurico, Rosmarinus Of
Aceite de hoja de Ficinalis, Aceite de Salvia Sclarea, Extracto de Centella Asiatica, Fruto de Ficus Carica
tracto, glucosa, Pelargonium graveolens Flower Oil, Schisandra chinensis Fruit Extr
acto, ácido hialurónico hidrolizado, aceite de hoja de Eugenia Caryophyllus, tocoferol, anth
Aceite de flores de Emis Nobilis, Parque Nacional de Ceramida, Aceite de Flores de Chamomilla Recutita, Enebro 
Aceite mexicano, Pogostemon Cablin Oil","Después de la limpieza, aplica una cantidad generosa en la piel y masátala suavemente. Para una mejor absorción, úsalo solo para la rutina de cuidado facial nocturno.",,,,,,2026-08-04 14:11:23.379744+00,2026-08-04 17:41:31.778691+00,mascarilla-para-dormir-t-de-kombucha-vegana-100-g
539,3798,"Extracto
de caracol Rico en propiedades regenerativas, la mucina de caracol apoya el proceso natural de curación de la piel, dejándola clara, suave y revitalizada.

Complejo
de Superalimentos Negro Infusionado con antocianinas negras ricas en antioxidantes y nutrientes de semillas de café, arroz negro, sésamo negro, algas y berenjenas para energizar la piel y promover una tez juvenil y saludable.

Centella Asiatica Leaf
Water calma rápidamente la piel irritada y apoya la recuperación de las zonas dañadas, ofreciendo un cuidado suave para la piel sensible y estresada.",,"Después del tónico, aplica la cantidad adecuada a lo largo de la textura de la piel y da palmitas suaves para una mejor absorción.",,,,,,2026-08-04 14:14:12.259399+00,2026-08-06 11:54:45.29325+00,s-rum-restaurador-de-caracol-negro-50-ml
540,3803,"Hippophae Rhamnoides Water, Centella Asiatica Leaf Water, Niacinamida, Butylen Glucol, 1,2-hexanediol, Dipropileno Glicol, Agua, Metil Gluceth-20, Metilpropanediol, Betaína, Ácido tranexámico, Glicerina, Pentilenglicol, Propanidiol, Hidroxietil urea, Extracto de Laminaria japonica, Extracto de hoja de Eclipta Prostrata, Ficus Carica (Higo), Extracto de Centella Asiatica, Lecitina hidrogenada, Hialuronato de sodio, Gósmero, 3-O-etílico ácido ascórbico, C12-14 Pareth-12, Amonio Copolímero de acriloildimetiltaurato/Vp, goma xantana, trometamina, pantenol, etilhexilglicerina, adenosina, edta disódico, fructooligosacáridos, beta-glucano, ácido ascórbico, ácido hialurónico hidrolizado, ceramida np, alfa-arbutina, tocoferol, lisato fermentado de bífida, bisabolol, ubiquinona, ubiquinona ubiquinona hidroxidecil, hialuronato",,"1. Después de la limpieza, aplica el tónico para preparar e hidratar.
2. Aplicar el sérum de forma uniforme y extraer para la absorción.
3. Durante el día, termina con el protector solar. Aunque la vitamina C proporciona cierta protección, es esencial proteger tu piel de los dañinos rayos UV.",,,,,,2026-08-04 14:16:50.975279+00,2026-08-04 14:17:05.656369+00,s-rum-vitamina-c-boosting-30-ml
542,3545,"Extracto fermentado de soja – Fortalece la función barrera de la piel mientras equilibra la producción de humedad y sebo.
Extractos fermentados de pera, granada y cebada – aportan antioxidantes, actúan como exfoliantes suaves y mejoran la textura de la piel.
Aceite de soja, jojoba y girasol – Proporciona nutrición profunda y deja la piel suave y flexible.
Glicerina y filtrado fermentado – hidratan intensamente, calman la piel y ayudan a mantener el equilibrio de la humedad.
Tocoferol (Vitamina E) – Un potente antioxidante que protege y cuida la piel de manera efectiva.",,"Aplica 2–3 gotas del producto sobre la piel seca y limpia.
Masajea suavemente con movimientos circulares durante aproximadamente 60 segundos para disolver eficazmente el maquillaje y las impurezas.
Añade un poco de agua para emulsionar el aceite en una consistencia ligera y lechosa. Enjuaga bien con agua tibia.
Finaliza con una limpieza a base de agua para dejar la piel limpia, equilibrada y sedosa.",,,,,,2026-08-04 14:20:43.676607+00,2026-08-10 19:23:26.639933+00,aceite-limpiador-bean-100-ml
543,3799,"Hortensia de Jeju
La hortensia Tamrasan, que crece alrededor del monte Halla de la isla de Jeju, es una atemporal lucha contra las arrugas de la piel.

Prosperando en una variedad de climas y terrenos, la hortensia Jeju proporciona una energía nutritiva potente que ayuda a retrasar y reducir la apariencia de las arrugas, resultando en una piel más suave y firme.

Retinol
El retinol es un tipo de vitamina A que es un gran agente sulfurizante para la piel, ayudando a reducir la apariencia de las arrugas y mejorar la elasticidad de la piel. También ayuda a mantener la piel suave, radiante y radiante.

Bakuchiol
El bakuchiol reduce la apariencia de las arrugas sin irritación, dejando la piel más firme y joven.

*La descripción anterior se limita a las características de las materias primas.","agua, triglicéridos caprílicos/capricos, glicerina, alcohol cetearílico, propanediol, tetraetilhexanoato penteritritilo, butiloglicol, extracto de hoja de hortensia macrophylla, bakuchiol, ácido hialurónico, extracto de hoja de camelia sinensis, hialuronato de sodio, retinol (1.000 ppm), alantoína, alcohol aracílico, estearato de gliceril, tocoferol, alcohol behenílico, carbómero, copolímero de acrilato de sodio/taurato de acrilildimetil de sodio, trometamina, glucósido cetearílico, caprilglicol, poliisobuteno, araquilo glucósido, hidroxiacetofenona, pentilenoglicol, copolímero de acrilato hidroxietil/taurato de acrilildimetil sodio, glicirrizado dipotásico, poligliceril-10 laurato, extracto de bulbo de Allium sativum (ajo), estearato de gliceril SE, estearato de sorbitano, 1,2-hexanediol, etilhexilglicerina, adenosina, EDTA dissódico, glucosido caprylyl/capryl, oleato de sorbitano, rutina, extracto de raíz de curcuma longa (cúrcuma), extracto de vid de Vitis vinifera (uva), isostearato de sorbitano, extracto de raíz de Paeonia suffruticosa, Glucosa, chicle de esclerotio, goma xantana","Envejecimiento temprano del pozo
Después de tu rutina nocturna de cuidado de la piel, aplica una pequeña cantidad en las zonas que te preocupan y golpea hasta que se absorba. Empieza a usarlo día sí sí y ve aumentando el uso poco a poco.

Para el endurecimiento de la piel y los efectos contra las arrugas, recomendamos usarlo en combinación con el sérum Timeless Bloom Bakuchiol.

El secreto desvelado por la noche
El retinol es sensible a la luz y al calor, por lo que recomendamos usar este producto por la noche. Después del uso nocturno, aplica protector solar durante el día para proteger tu piel.

*Recomendamos realizar una prueba de parche cuando se use retinol por primera vez.

Cuidado de las arrugas más eficaz
Para obtener el máximo resultado, aplica suavemente en dirección contraria a la arruga, luego masajea la piel hacia arriba y finalmente da unas palmaditas suaves para absorber.",,,,,,2026-08-04 14:20:46.635772+00,2026-08-04 14:21:43.371902+00,crema-para-manchas-timeless-bloom-retinol-30-ml
546,3793,"Extracto de Centella Asiatica, Gluconolactona, Betaína, Ácido cítrico, Hialuronato de sodio, Aceite de fruta de cítricos Aurantium bergamia (bergamota), Aceite de semilla de Helianthus annuus (girasol), Aceite de fruta de Olea europaea (olivo), Aceite de semilla de Simmondsia chinensis (Jojoba), Trehalosa, NP de Ceramida, Colesterol


Agua de Ampolla Centella

Agua, glicerina, butilenglicol, extracto de Centella asiatica, 1,2-hexanodiol, goma de celulosa, etilhexilglicerina.

Tónico de Centella

Agua, dipropilenglicol, extracto de Centella asiatica, 1,2-hexanodiol, niacinamida, citrato de sodio, gluconolactona, etilhexilglicerina, adenosina, EDTA disódico, glicirrizato dipotásico, betaína, ácido hialurónico, carbómero, trometamina.

Espuma Limpiadora de Centella

Isoetionato de cocoilo sódico, glicerina, taurato de metil cocoilo sódico, coco-betaína, extracto de Centella asiatica, glicinato de cocoilo potásico, 1,2-hexanodiol, cocoato de potasio, benzoato de potasio, policuaternio-67, ácido cítrico, cloruro de sodio, gluconato de sodio, dextrina, extracto de cacao (Theobroma cacao), EDTA disódico, acetato de sodio, bicarbonato de sodio, extracto de raíz de Coptis chinensis, hialuronato de sodio, extracto de fruto de Coccinia indica, extracto de Eclipta prostrata.

Aceite Limpiador Ligero de Centella

Estearato de etilhexilo, etilhexanoato de cetilo, tetraoleato de Sorbeth-30, triglicéridos caprílicos/cápricos, aceite de fruto de bergamota (Citrus aurantium bergamia), extracto de Centella asiatica, aceite de semilla de jojoba (Simmondsia chinensis), aceite de fruto de oliva (Olea europaea), aceite de semilla de girasol (Helianthus annuus), etilhexilglicerina, aceite de flor de geranio (Pelargonium graveolens), aceite de flor de rosa damascena (Rosa damascena), limoneno, linalool.

Crema de Centella

Agua, glicerina, propanodiol, dipropilenglicol, ciclopentasiloxano, extracto de Centella asiatica, 1,2-hexanodiol, ciclohexasiloxano, trehalosa, caprilil meticona, C12-14 Pareth-12, carbómero, trometamina, C30-45 alquil cetearil dimeticona crosspolymer, copolímero de acriloildimetiltaurato de amonio/VP, butilenglicol, goma xantana, extracto de raíz de jengibre (Zingiber officinale), extracto de hoja de menta (Mentha piperita), etilhexilglicerina, glicirrizato dipotásico, ácido tranexámico, dextrina, extracto de semilla de cacao (Theobroma cacao), filtrado de fermentación de raíz de Leuconostoc/Rábano, goma biosacárida-1, EDTA disódico, hialuronato de sodio, beta-glucano, lecitina hidrogenada, extracto de raíz de Coptis chinensis, alcohol cetearílico, ácido esteárico, ceramida NP, ceramida NG, colesterol, fitoesfingosina, ceramida AS, ceramida AP y ceramida EOP.","Ampolla

Centella - La ampolleta característica de SKIN1004 ayuda a proporcionar hidratación, apoya la barrera natural de la piel y ofrece un cuidado calmante con ingredientes ricos en antioxidantes.
- Ayuda a calmar e hidratar la piel sensible.

Tónico

tonificante de Centella - Un tónico exfoliante suave con textura ligera y
acuosa - Un tónico de uso cotidiano infusionado con extracto de Centella Asiatica y PHA, un exfoliante
suave - PHA, un ingrediente exfoliante suave, se activa gradualmente en la piel para eliminar suavemente el sebo y las células
muertas - Certificado para un aspecto más luminoso y cuidado de líneas finas para un aspecto
más claro y elástico - Prueba no comedogénica completa, segura para piel con aspecto problemático y todos los demás

tipos de piel Espuma

de ampolla Centella - Un limpiador rico y espumoso con un pH ideal de 5 elimina eficazmente el maquillaje y las impurezas sin despojar la piel
- Poder de limpieza avanzado elimina hasta el 92,69% del polvo fino - Ultra
- El polvo de bicarbonato ultra fino se une al sebo y a las impurezas en los poros para eliminarlos
Tensioactivos derivados del coco que limpian suavemente mientras mantienen la piel hidratada
- Contiene ampolla Centella que ayuda a calmar y equilibrar la piel Centella Light Cleansing Oil

- Un limpiador ligero a base de aceite que derrite suavemente maquillaje, suciedad, aceites y protector solar, suave incluso en la zona
de los ojos - Formulado con aceite de Centella (Centella extraído de MCT) y seis aceites botánicos


- El aceite micelar limpiador permite eliminar el exceso de grasa y maquillaje sin eliminar aceites
saludables - Textura ligera similar al agua, adecuada para quienes se inician en los
limpiadores con aceite - No comedogénica; Ayuda a disolver el sebo y mantener los poros limpios

. Crema

calmante Centella - Sensibilidad refrescante que ayuda a suavizar el aspecto del
enrojecimiento - Un potente cuidado calmante ayuda a calmar la piel sensible y apoya la barrera natural de la
piel - Contiene tres componentes esenciales para firmar la piel: Ceramida, colesterol y ácidos grasos
- Ayuda a mantener el equilibrio natural de la piel con un pH similar al de
aspecto saludable - Contiene extracto de Centella Asiatica de Madagascar
- Textura gel ligera y no pegajosa que se desliza suavemente sobre la piel",,,,,,,2026-08-04 14:28:29.765898+00,2026-08-04 19:30:56.955237+00,kit-de-viaje-5-uds
547,2594,,,Aplicar una cantidad generosa por toda la cara y enjuagar con abundante agua.,,,,,,2026-08-04 14:39:56.015913+00,2026-08-10 19:24:33.830697+00,centella-cleansing-foam
549,2568,"Palmitato de etilhexilo, tetraoleato de sorbeth-30, sesquioleato de sorbitano, triglicéridos caprílicos/cápricos, aguacatado de butílico, fragancia, aceite de semilla de helianthus annuus (girasol), aceite de semilla de macadamia ternifolia, aceite de fruta olea europaea (oliva), aceite de semilla de Simmondsia chinensis (jojoba), aceite de semilla de Vitis vinifera (uva), caprilicol, etilhexiglicerina, extracto de raíz de curcuma longa (cúrcuma), extracto de flor de Melia azadirachta, tocoferol, extracto de hoja de Melia azadirachta, extracto de Houttuynia cordata, Extracto de Corallina officinalis, extracto de corteza de Melia Azadirachta, aceite de semilla de Moringa oleifera, extracto de hoja de Ocimum sanctum",,"(1) Dispensar 2~3 bombas en las manos.
(2) Masajear suavemente la cara seca con movimientos circulares.
(3) Emulsionar con agua hasta que el maquillaje y la suciedad se derritan.
(4) Enjuaga bien con agua tibia.
(5) Doble limpieza con un limpiador a base de agua.",,,,,,2026-08-04 14:45:59.746936+00,2026-08-04 14:45:59.746936+00,aceite-limpiador-para-poros-200-ml
550,3539,,,"Modo de uso: Aplicar sobre la piel limpia después del tónico y antes de la crema hidratante y/o solar.

Apto: todo tipo de pieles, especialmente pieles sensibles y deshidratadas",,,,,,2026-08-04 14:51:46.559692+00,2026-08-04 14:51:46.559692+00,p-ptido-cica-hyalshot-50-ml
552,3736,,,"USO EN MOJADO: aplicar el champú y masajear el cuero cabelludo con movimientos circulares suaves durante 1–2 minutos.
USO CON ACEITE: aplicar unas gotas de aceite sobre el cuero cabelludo seco y distribuir por secciones. Utilizar el masajeador realizando movimientos circulares suaves durante 5–10 minutos.",,,,,,2026-08-04 14:57:53.956606+00,2026-08-04 14:57:53.956606+00,masajeador-capilar
553,3391,"Hinojo marino; Sal marina
Todo tipo de pieles",,Aplicar sobre la piel limpia del rostro por la noche una vez a la semana.,,,,,,2026-08-04 15:00:26.493367+00,2026-08-04 15:00:26.493367+00,exfoliante-facial-antiedad-40-g
554,3199,"Aqua, Propanediol, Citrus Aurantium Amara (Bitter Orange) Flower Water*, Lavandula Angustifolia (Lavender) Flower Water*, Coco-Caprylate/Caprate, Glycerin, Cetyl Palmitate, Simmondsia Chinensis (Jojoba) Seed Oil*, Adansonia Digitata Seed Oil*, Glyceryl Stearate, Cetearyl Olivate, Olea Europaea (Olive) Oil Unsaponifiables, Sorbitan Olivate, Camellia Japonica Seed Oil, Oryza Sativa (Rice) Starch, Betaine, Copaifera Officinalis (Balsam Copaiba) Resin*, Hydrogenated Ethylhexyl Olivate, Parfum, Porphyra Umbilicalis Extract, Benzyl Alcohol, Sorbitan Palmitate, Xanthan Gum, Carapa Guaianensis Seed Oil*, Euterpe Oleracea Fruit Oil*, Salicylic Acid, Hydrogenated Olive Oil Unsaponifiables, Helianthus Annuus (Sunflower) Seed Oil, Tocopherol, Arctium Lappa Root Extract*, Azadirachta Indica Bark Extract*, Camellia Sinensis Leaf Extract*, Iris Germanica Root Extract*, Salvia Sclarea (Clary) Extract*, Sorbic Acid, Sodium Benzoate, Potassium Sorbate, Citric Acid, Phytic Acid, Linalool**, Limonene**, Citral**. *Ingredientes procedentes de la agricultura ecológica. El 98,9% del total de los ingredientes es de origen natural. El 20,3% del total de los ingredientes procede de la agricultura ecológica. **Naturalmente contenido en el perfume y el agua floral.",,"Aplicar sobre la piel limpia del rostro, a diario, como crema de día.",,,,,,2026-08-04 15:05:38.717887+00,2026-08-10 19:24:02.685463+00,dd-crema-de-d-a-purifying-50-ml
555,3546,"Agua/Aqua, aceite de semilla de helianthus annuus (girasol), glicerina, butilenglicol, dipropilenglicol, propanediol, niacinamida, aceite de semilla Simmondsia chinensis (jojoba), 1,2-hexanediol, cloruro de sodio, hidroxiacetofenona, adenosina, etilhexiglicerina, edta disódico, tocoferol, aceite de soja, extracto de grano de Zea Mays (maíz), extracto de fermentación de lactobacillus/soja, ácido hialurónico, ácido hialurónico hidrolizado, hialuronato de sodio, extensina hidrolizada, fermentación de lactobacillus/zumo de pera Filtrado, Extracto de fermentación de fruta Lactobacillus/Punica granatum, Filtrado de fermentación de Saccharomyces/Semilla de cebada, Filtrado de fermentación de raíz de Lactobacillus/Panax Ginseng, Fermentación de lactobacillus/arroz, filtrado de fermentación de semillas Lacryma-Jobi Ma-Yuen de Saccharomyces/Coix, filtrado de fermentación de Saccharomyces/Extracto de patata, Fructano, glucosa, extracto de Centella Asiatica",,"Agita bien la niebla para difuminar las capas, luego mantenla a unos 20 cm de la cara y rocía de forma uniforme. Da suaves palmadas a la piel con las yemas de los dedos para ayudar a que el producto se absorba completamente. Esta niebla refrescante proporciona hidratación en cualquier momento, perfecta para usar en casa o fuera de casa.",,,,,,2026-08-04 15:06:35.393761+00,2026-08-04 15:06:35.393761+00,spray-bean-balancing-100-ml
556,3551,"Filtro de aire patentado - Enfría / Matifica / Controla la producción
de sebo Extracto fermentado de brotes de bambú - Ilumina / Calma la piel / Hidrata
COSMOS Betaína - Hidrata / Previene la pérdida de humedad / Reduce el daño
por UVA Niacinamida - Ilumina / Proporciona cuidado de la pigmentación / Controla la producción de sebo / Hidrata
adenosina - Reduce las líneas finas y arrugas / Mejora la elasticidad de la piel

Libre de:

aditivos
tóxicos OGM
Ftalatos
7 tipos de parabenos
11 ingredientes
nocivos Sulfatos
Aceite
mineral Alcohol secante
Colorantes
sintéticos Fragancia",,,,,,,,2026-08-04 15:12:25.030167+00,2026-08-04 15:12:25.030167+00,protector-solar-spf50-20-g
557,3790,,,"Para obtener los mejores resultados, aplique una pequeña cantidad del Dr. Althea To Be Youthful Eye Serum en el área del contorno de ojos, utilizando la yema de los dedos para masajear suavemente hasta su completa absorción. Se recomienda su uso diario, tanto por la mañana como por la noche. La fórmula incluye ingredientes como:

Niacinamida: Ilumina y mejora la textura de la piel.
Ácido Hialurónico: Hidrata profundamente y mejora la elasticidad.
Adenosina: Calma y mejora la elasticidad, reduciendo ojeras e hinchazón.
Extracto de Centella Asiatica: Calma y suaviza la piel.
Extracto de Aloe Vera: Alivia la irritación y mejora la salud de la piel.
Con su uso regular, este sérum promete una mirada más joven y revitalizada, convirtiéndose en un aliado esencial en tu rutina de cuidado facial.",,,,,,2026-08-04 15:18:48.887703+00,2026-08-04 19:35:51.313582+00,s-rum-de-ojos-to-be-youthful-25-ml
558,3787,"&alpha;, &beta;, &gamma;, &delta;-tocoferol
Tocopherol, Helianthus Annuus Seed Oil. 100% del total es de origen natural.","Favorece la función barrera de la piel. Tiene propiedades reparadoras de la piel y antioxidantes que neutralizan los daños causados por los radicales libres en la piel. Recomendado para cuidar la piel seca, irritada. Ayuda en el caso de pieles sensibles, muy sensibles e intolerantes. Indicado para el cuidado del pezón durante la lactancia, para proteger los labios y la mucosa bucal y para la sequedad peribucal y perianal en el adulto y el niño.","Aplicar una pequeña cantidad (1-2 gotas) sobre la zona a tratar al menos dos veces al día.  
NO COMEDOGÉNICO. GRADO ALIMENTARIO",,,,,,2026-08-04 15:22:05.933518+00,2026-08-04 15:22:05.933518+00,vitamina-e-e-oleum-20-ml
559,2370,Ácido hialurónico de origen natural; Centella asiatica; Scutellaria; Manzanilla azul,"Aqua, Glycerin, Sodium Chloride, Sodium Hyaluronate, Benzyl Alcohol, Sodium Hydroxide, Butylene Glycol, Salicylic Acid, Sorbic Acid, Centella Asiatica Extract, Camellia Sinensis Leaf Extract, Glycyrrhiza Glabra Root Extract, Polygonum Cuspidatum Root Extract, Scutellaria Baicalensis Root Extract, Phytic Acid, Chamomilla Recutita Flower/Leaf/Stem Extract, Rosmarinus Officinalis Leaf Extract. El 99% del total es de origen natural.",,,,,,,2026-08-04 15:35:38.935029+00,2026-08-04 15:35:38.935029+00,hidrogel-hialuronic-1-50-ml
560,3548,"(Ácido Hialurónico, Hialuronato de Sodio, Polímero Cruzado de Hialuronato de Sodio, Hialuronato de Hidroxipropiltrimonio, Hialuronato acetilado de sodio, Ácido hialurónico hidrolizado, Hialuronato de Dimetilsilanol, Hialuronato de hidroxipropilonio, Hialuronato de sodio, Dimetilsilanol, Hialuronato de Potasio)
Infunde una hidratación intensa y profunda en la piel.  Forma una barrera de hidratación en la superficie de la piel al aplicarse, evitando la pérdida de humedad y, al mismo tiempo, protegiendo la piel de la estimulación externa.",,"Aplícalo en la fase de hidratación, al menos 30 minutos antes de la exposición al sol.",,,,,,2026-08-04 15:40:13.016866+00,2026-08-05 16:53:50.558502+00,protector-solar-hyal-reyouth-50-ml
561,3538,"Agua/Agua/Agua, Glicerina, Triglicéridos Caprílicos/Capricos, Poliisobuteno Hidrogenado, Distearato de Poligliceril-3,
Co-glicéridos Hidrogenados, Aceite de semilla de Limnanthes Alba (espuma de prado), ButileneGlicol, Malato de Diisostearyl
, Dimeticona de Vinilo, Alcohol Cetearílico, Ácido esteárico, Copolímero de Hidroxietilo Acrilato/Copolímero de Acrilildimetil Taurato de Sodio, Estearato de Glicerilo, Hidroxiacetofenona, Sorbi
tanIsostearato, Citrato estearato de gliceril, carbómero, Trometamina, Pantenol, Glicirriza dipotásica, Lecitina hidrogenada,
Propanodil, Etilhexilglicerina, Adenosina, Extracto de flor de Melia Azadirachta, Extracto de Eclipta Prostrata, Extracto de Coccinia indica, EDTA disódico, Poliacrilato sódico, Extracto de hoja de Ocimum Sanctum, Extracto de hoja de Melia Azadirach
ta, Extracto de raíz de Curcuma Longa (cúrcuma), Extracto de Corallina Officinalis, La
ctobacillus/extracto de fermentación de soja, extracto de fermentación de fruta de lactobacillus/punica granatum, filtrado de fermentación de semillas de cebada sacaromyces/cebada, fermentación de lactobacillus/zumo de pera para fermentar el
tratado, ácido palmítico, aceite de fruta de cítricos aurantium bergamia (bergamota), ácido oleico, lavandula angustifolia",,"Después de la limpieza, refina la textura de la piel con tónico. En el último paso de tu rutina de cuidado de la piel, aplica la crema suavemente por todo el rostro y deja que se absorba.

Para un extra de hidratación, aplica 2 o 3 veces las que necesites para conseguir una sensación más firme e hidratada.",,,,,,2026-08-04 15:43:09.331074+00,2026-08-04 15:43:16.83755+00,crema-de-frijol-50-ml
563,2596,"Filtrado de fermento de Galactomyces, butilenglicol",,"Úselo después de limpiar y tonificar. Aplique unas gotas en todo el rostro con las manos o un disco de algodón. Dé suaves palmaditas hasta su completa absorción.

Orden recomendado por Mixsoon para la rutina de esencias de 3 capas para una piel radiante:
1.ª capa: Esencia de fermento de Galactomyces
2.ª capa: Esencia de fermento de Bifida
3.ª capa: Esencia de Centella Asiática

Repita esta rutina diariamente y acérquese un paso más a su piel radiante.",,,,,,2026-08-04 15:59:56.794572+00,2026-08-04 16:00:05.744083+00,galactomyces-ferment-essence-100-ml
565,2597,"Agua/Aqua, Glicerina, Etilhexanoato de cetilo, Dipropilenglicol, Filtrado de fermento de Galactomyces, Butilenglicol, Niacinamida, 1,2-Hexanodiol, Betaína, Hidroxiacetofenona, Pantenol, Diestearato de poligliceril-3 metilglucosa, Trehalosa, Estearato de glicerilo, Carbómero, Arginina, Estearato de sorbitán, Goma xantana, Sesquioleato de sorbitán, Etilhexilglicerina, Adenosina, Manteca de Butyrospermum Parkii (karité), EDTA disódico, Triglicérido caprílico/cáprico, Cocoato de sacarosa, Ceramida NP, Lecitina hidrogenada, Fitoesfingosina, Extracto de fermento de Lactobacillus/soja, Fermento de Lactobacillus/arroz, Lactobacillus/Raíz de Panax Ginseng Filtrado de fermento, filtrado de fermento de semillas de Saccharomyces/Coix Lacryma-Jobi Ma-yuen, filtrado de fermento de extracto de Saccharomyces/patata, colesterol, proteína de soja hidrolizada, fitoesteroles, extracto de hoja de Mentha Rotundifolia, extracto de hoja de Camellia Sinensis, extracto de hoja de Thymus Vulgaris (tomillo), colágeno soluble, glucosa, manosa, glutatión, oligopéptido-29, oligopéptido-32, palmitoil pentapéptido-4",,"Aplicar después de la limpieza, con las manos o un disco de algodón.

- Para una hidratación extra:
Dispensar una cantidad adecuada en la palma de la mano y aplicar directamente sobre el rostro. Para una mejor absorción, aplicar 2 o 3 capas. -

Usar como mascarilla:
Aplicar una cantidad generosa en un disco de algodón y colocarlo sobre las zonas que necesiten un cuidado intensivo para una mascarilla rápida y sencilla.

- Personalizar con productos en polvo:
Usar junto con los productos en polvo de Mixsoon para personalizar la rutina de cuidado facial según las necesidades de la piel.",,,,,,2026-08-04 16:04:01.664266+00,2026-08-05 16:23:21.263637+00,s-rum-de-leche-de-soja-50-ml
580,3547,"Bio-Spicule y EGF: Tecnologías avanzadas que actúan en sinergia para mejorar el efecto lifting y el volumen en la zona del contorno de ojos, promoviendo la regeneración cutánea y potenciando la elasticidad para lograr un aspecto revitalizado.",,"Coloca una cantidad muy pequeña de producto (aproximadamente 0,2 g) sobre la espátula y aplícalo con 2 o 3 pasadas suaves únicamente en la zona de las bolsas debajo de los ojos. Si lo utilizas durante el día y vas a salir, deja actuar el producto durante 20 minutos; después, lava el rostro y aplica el maquillaje. Para obtener mejores resultados, también puede utilizarse como tratamiento nocturno, aplicándolo antes de acostarte.",,,,,,2026-08-05 11:12:03.322798+00,2026-08-05 16:12:44.17561+00,crema-para-contorno-de-ojos-10-g
590,3543,"agua, dipropilenglicol, polideceno hidrogenado, triglicéridos caprílicos/capricos, glicerina, tetraetilhexanoato de pentaritil, estearato de gliceril, ciclohexasiloxano, niacinamida, alcohol cetílico, distearato de poligliceril-6, vinil dimeticona, éter dicaprilílico, poligliceril-10 laurato, alcohol estearyl, ésteres de jojoba, cera de abeja, pantenol, 1,2-hexanediol, estearoil glutamato sódico, ácido madecásico, asiticóside, xilitilglucosido, copolímero de hidroxietilo acrilato/taurato de acrildimetil de sodio, Aceite de fruta Olea europaea (Oliva), Hidroxiacetofenona, Anhidroxilitol, Extracto de hoja de Centella Asiatica, Ácido asiático, Glicoproteínas, Butiglicol, Cera de Abejas de Poligliceril-3, Xilitol, Aceite de Centella Asiatica, Metilpropanediol, Anantoína, Propanodiol, Fermentación de Candida bombicola/Glucosa/Metil-Colza, Aceite de Aurantium Dulcis (Naranja), Goma de Xantina, Cera de semilla de Helianthus annuus (girasol), Etilhexilglicerina, Etoxidiglycol, Aceite de cáscara de Citrus Nobilis (mandarina de mandana), Glucosa, EDTA disódico, Adenosina, isostearato de sorbitano, aceite de lavandula angustifolia (lavanda), laurato sódico, ciclodextrina, ácido hialurónico hidrolizado, aceite de fruta cítrico aurantium bergamia (bergamota), aceite de cáscara cítrica aurantium dulcis (naranja), aceite de hoja de rosmarinus officinalis (romero), aceite de fruta de litsea cubeba, aceite de semilla de macadamia ternifolia, poliglicerina-3, copolímero pvm/ma, ácido láurico, poliacrilato sódico, octildodecanol, aceite de soja de glicina (soja), lecitina hidrogenada, glicolípidos, cafeína, madecassósida, Extracto de Centella Asiatica, C12-13 Pareth-9, aminoácidos de colágeno, NP de ceramida, resina Copaifera officinalis (Copaiba de bálsamo), aceite de cáscara de cítricos grandis (pomelo), aceite de enebro virginia, extracto de raíz de Cimicifuga racemosa, extracto de Silybum Marianum, resveratrol, arginina, taurina, glucógeno, elastina hidrolizada, ectoína, aceite de corteza de cedro atlantica, retinol, extracto de raíz de Lepidium meyenii, maltodextrina, ácido ascórbico, proteína vegetal hidrolizada, aceite de flor de pelargonium graveoles, Fitoesfingosina, Tocoferol, Destearato de Sacarosa, Hialuronato de sodio, ADN sódico, Aceite de Officinale de Jazmín (Jazmín), Sorbato de Potasio, Fenoxietanol, Extracto de Artemisia absinthium, Aceite de Mirto communis, Aceite de flor de rosa, Extracto de fruto planifolio de vainilla, Cianocobalamina, Ácido aspártico, Aceite de resina de Ferula Galbaniflua (Galbanum), Glicina, Ácido Glutámico, Limoneno, Linalool, Cítrico, Alcanfor*, Beta-Cariofileno*, Aceite/Extracto de cedro atlántico*, Aceite de cáscara de aurancio cítrico*, Cáscara de Aurantium bergamia cítrica Aceite*, Aceite/Extracto de Lavandula*, Acetato de Linalilo*, Piñeno*",,,,,,,,2026-08-05 16:21:13.709992+00,2026-08-05 16:21:58.764822+00,madeca-cream-time-reverse-50-ml
593,2570,"Extracto de arroz al 30%: Rico en vitaminas B, C y E, así como en aminoácidos y minerales, este ingrediente ayuda a hidratar.
Extractos de grano fermentados: Actúa de forma sinérgica con el extracto de arroz para suavizar, calmar e hidratar la piel.","AQUA, DIBUTYL ADIPATE, PROPANEDIOL, DIETHYLAMINO HYDROXYBENZOYL HEXYL BENZOATE, POLYMETHYLSILSESQUIOXANE, ETHYLHEXYL TRIAZONE, METHYLENE BIS-BENZOTRIAZOLYL TETRAMETHYLBUTYLPHENOL (NANO), NIACINAMIDE, COCO-CAPRYLATE/CAPRATE, CAPRYLYL METHICONE, DIETHYLHEXYL BUTAMIDO TRIAZONE, GLYCERIN, 1,2-HEXANEDIOL, BUTYLENE GLYCOL, PENTYLENE GLYCOL, BEHENYL ALCOHOL, POLY C10-30 ALKYL ACRYLATE, POLYGLYCERYL-3 METHYLGLUCOSE DISTEARATE, DECYL GLUCOSIDE, ORYZA SATIVA (RICE) EXTRACT, TROMETHAMINE, CARBOMER, ACRYLATES/C10-30 ALKYL ACRYLATE CROSSPOLYMER, SODIUM STEAROYL GLUTAMATE, POLYACRYLATE CROSSPOLYMER-6, ETHYLHEXYLGLYCERIN, ADENOSINE, XANTHAN GUM, T-BUTYL ALCOHOL, TOCOPHEROL, ORYZA SATIVA (RICE) GERM EXTRACT, CAMELLIA SINENSIS LEAF EXTRACT, SACCHARUM OFFICINARUM (SUGARCANE) EXTRACT, MACROCYSTIS PYRIFERA (KELP) EXTRACT, LACTOBACILLUS/PUMPKIN FERMENT EXTRACT, BACILLUS/SOYBEAN FERMENT EXTRACT, ASPERGILLUS FERMENT, COCOS NUCIFERA (COCONUT) FRUIT EXTRACT, PANAX GINSENG ROOT EXTRACT, MONASCUS/RICE FERMENT, LACTOBACILLUS/RICE FERMENT, SACCHAROMYCES/RICE FERMENT FILTRATE",Aplíquelo generosamente como último paso de su rutina matutina. Vuelva a aplicarlo cada 2-3 horas para mantener la protección solar.,,,,,,2026-08-05 16:32:28.008603+00,2026-08-06 12:13:31.408135+00,crema-solar-arroz-y-probi-ticos-psf50-50-ml
614,2038,"Sesamum Indicum Seed Oil*, Argania Spinosa Kernel Oil, Cedrus Deodara Wood Oil, Simmondsia Chinensis Seed Oil, Calendula Officinalis Extract, Tocopherol, Daucus Carota Sativa Seed Oil, Hibiscus Rosa-Sinensis Flower Extract, Onosma Echoides Root Extract, Rosa Canina Fruit Oil, Salvia Sclarea Oil, Trigonella Foenum-Graecum Fruit Extract, Linalool**, Citral**, Geraniol**, Limonene**

* Procedente de cultivo ecológico
** Componentes del aceite esencial natural",,Uso externo. No ingerir. Mantener fuera del alcance de los niños.,,,,,,2026-08-06 12:12:44.728486+00,2026-08-06 12:12:44.728486+00,aceite-capilar-smooth-glossy-100-ml
624,2932,"Bisglicinato de magnesio, extracto seco de Griffonia (Griffonia simplicifolia – semillas) 30% L-5- hidroxitriptófano, extracto Seco de Valeriana (Valeriana officinalis – raíz), extracto de Ashwagandha (Witania somnífera -raíz) 10% witanólidos, L-teanina, extracto seco de Pasiflora (Passiflora incarnata – partes aéreas) 2% flavonoides, antiaglomerantes (sales magnésicas del ácido esteárico y dióxido de silicio), agente de carga (celulosa microcristalina), proteína de cáñamo (Cannabis sativa – semillas), vitamina B6 (piridoxal 5´-fosfato) y melatonina. Cápsula vegetal: agente de recubrimiento (hidroxipropilmetilcelulosa).","Extracto seco de Griffonia simplicifolia 250 mg (de los cuales 5-HTP 75 mg), extracto seco de valeriana 200 mg, extracto seco de ashwagandha 100 mg (de los cuales witanólidos 10 mg), extracto seco de pasiflora 50 mg (de los cuales flavonoides 1 mg), L-teanina 40 mg, melatonina 1,9 mg, magnesio 62,5 mg (16,8 % VRN), vitamina B6 1,5 mg (107,2 % VRN) y proteína de cáñamo 10 mg.",Tomar dos cápsulas al día un poco antes de irse a dormir.,"Los complementos alimenticios no deben utilizarse como sustitutos de una dieta variada, equilibrada y un modo de vida saludable. No superar la dosis diaria recomendada. Mantener fuera del alcance de los niños más pequeños. No recomendado en caso de embarazo, lactancia, enfermedades inflamatorias o autoinmunes. Consultar con un profesional de la salud antes de su uso. Evitar antes de realizar actividades que requieran una mayor atención, debido al riesgo de somnolencia. Se recomienda un uso puntual. Conservar en un lugar fresco, seco y protegido de la luz.",No contiene alérgenos citados en el REGLAMENTO (UE) No 1169/2011.,Dosis diaria recomendada: dos cápsulas.,"La información proporcionada en este producto solo tiene fines informativos. No supone asesoramiento profesional, médico o legal.","Complemento Alimenticio. Su comercialización es legal en toda Europa.

Certificado

No GMO: no contiene ningún ingrediente que provenga de Organismos Modificados Genéticamente,
por lo que no está sometido al etiquetado de los OMG de los Reglamentos (EU) 1829/2003 y
1830/2003.
No ionizado: no se usa radiación ionizante en ningún punto durante el proceso de fabricación del
producto conforme con Directivas 1999/2/EC y 1999/3/EC.
BSE / TSE: está libre de cualquier riesgo de BSE / TSE según Reglamento (CE) 999/2001.
Fabricado en la EU: es fabricado en la Unión Europea.",2026-08-10 10:55:02.340348+00,2026-08-10 11:18:49.824051+00,calmia-forte-60-uds
625,3486,"Aceite de pescado Golden Omega® (40% EPA y 30% DHA), D-alfa-tocoferol (Vitamina E natural). Cápsula blanda: agente de recubrimiento (gelatina bovina), humectante (glicerina) y agua.","Aceite de pescado 1000 mg, omega-3 totales 800 mg (de los cuales EPA 400 mg y DHA 300 mg) y vitamina E 6,7 mg α-TE (55,8 % VRN) por perla. Por 2 perlas: aceite de pescado 2000 mg, omega-3 totales 1600 mg (EPA 800 mg y DHA 600 mg) y vitamina E 13,4 mg α-TE (114,1 % VRN). Por 3 perlas: aceite de pescado 3000 mg, omega-3 totales 2400 mg (EPA 1200 mg y DHA 900 mg) y vitamina E 20,10 mg α-TE (167,5 % VRN).","Se recomienda tomar entre 1 y 3 cápsulas al día, preferiblemente junto con las comidas principales del día.",Los complementos alimenticios no deben utilizarse como sustituto de una dieta equilibrada. No superar la dosis diaria expresamente recomendada. Mantener fuera del alcance de los niños más pequeños. Conservar bien cerrado en lugar fresco y seco.,Contiene pescado. Libre de gluten y de lactosa.,Acompañar junto a una dieta variada y actividad física diaria.,"La información proporcionada en este producto solo tiene fines informativos. No supone asesoramiento profesional, médico o legal.","Se certifica que el producto FÓMULA OMEGA 3:
• No GMO: no contiene ningún ingrediente que provenga de Organismos Modificados Genéticamente, por lo que no está sometido al etiquetado de los OMG de los Reglamentos (EU) 1829/2003 y 1830/2003.
• Fabricado en la EU: es fabricado en la Unión Europea.
• No ionizado: No se usa radiación ionizante en ningún punto durante el proceso de fabricación del producto conforme con Directivas 1999/2/EC y 1999/3/EC.
• BSE / TSE: está libre de cualquier riesgo de BSE / TSE según Reglamento (CE) 999/2001.",2026-08-10 11:06:18.369208+00,2026-08-10 11:06:18.369208+00,omega-3-90-uds
626,2931,"Bisglicinato de magnesio Albion® (Magnesio), dimagnesio malato Albion® (Magnesio), agente de carga (fosfato bicalcico), citrato de magnesio hidrato (Magnesio), antiaglomerantes (sales magnésicas de ácidos grasos y dióxido de silicio), clorhidrato de piridoxina (Vitamina B6). Cápsula vegetal: agente de recubrimiento (hidroxipropilmetilcelulosa).","Bisglicinato de magnesio Albion® 800 mg (18 % de magnesio, aportando 144 mg de Mg), dimagnesio malato Albion® 460 mg (20 % de magnesio, aportando 92 mg de Mg), citrato de magnesio 97 mg (14,5 % de magnesio, aportando 14 mg de Mg), total de magnesio elemental 250 mg (66,67 % VRN) y vitamina B6 6 mg (428,57 % VRN), por 2 cápsulas.",Tomar dos cápsulas al día. Adoptar ciertos hábitos saludables puede favorecer la acción del producto y mejorar su eficacia.,"Los complementos alimenticios no debe utilizarse como sustitutos de una dieta variada y equilibrada ni un modo de vida saludable. No superar la dosis diaria expresamente recomendada. Mantener fuera del alcance de los niños más pequeños. Conservar en un lugar fresco, seco y al abrigo de la luz.",No contiene alérgenos de acuerdo con el Reglamento (UE) no 1169/2011.,Uso diario y continuado. Dosis diaria recomendada: 2 cápsulas.,"La información proporcionada en este producto solo tiene fines informativos. No supone asesoramiento profesional, médico o legal.","Complemento Alimenticio. Su comercialización es legal en toda Europa.

CERTIFICADO

• No GMO: no contiene ningún ingrediente que provenga de Organismos Modificados Genéticamente, por lo que no está sometido al etiquetado de los OMG del Reglamento (EU) 1829/2003.
• No ionizado: No se usa radiación ionizante en ningún punto durante el proceso de fabricación del producto conforme con la Directiva 1999/2/EC.
• BSE / TSE: está libre de cualquier riesgo de BSE / TSE según Reglamento (CE) 999/2001.
• Fabricado en la UE: es fabricado en la Unión Europea.",2026-08-10 11:16:18.169705+00,2026-08-10 11:16:18.169705+00,triple-magnesio-60-uds
628,3045,"Bisglicinato de magnesio, vitamina D3 (Colecalciferol), antiaglomerantes (estearato magnésico y dióxido de silicio) y Vitamina K2 (Menaquinona).

Cápsula vegetal: agente de recubrimiento (hidroxipropilmetilcelulosa).","Vitamina D3 100 μg (4000 UI) (2000 % VRN), vitamina K2 75 μg (100 % VRN) y magnesio elemental 80 mg (21,3 % VRN), por cápsula.",Tomar una cápsula al día. Adoptar ciertos hábitos saludables puede favorecer la acción del producto y mejorar su eficacia.,"Los complementos alimenticios no deben utilizarse como sustitutos de una dieta variada y equilibrada ni un modo de vida saludable. No superar la dosis diaria expresamente recomendada. Mantener fuera del alcance de los niños más pequeños. Conservar en un lugar fresco, seco y al abrigo de la luz.",No contiene alérgenos de acuerdo con el Reglamento (UE) nº 1169/2011.,Uso diario y continuado. Dosis diaria recomendada: 1 cápsula.,"La información proporcionada en este producto solo tiene fines informativos. No supone asesoramiento profesional, médico o legal.","Complemento Alimenticio. Su comercialización es legal en toda Europa.

CERTIFICADO

No GMO: no contiene ningún ingrediente que provenga de Organismos Modificados Genéticamente, por lo que no está sometido al etiquetado de los OMG del Reglamento (EU) 1829/2003.
Metales pesados: el producto cumple con Reglamento (CE) nº 333/2007 y sus modificaciones y Reglamento CE Nº629/2008 y sus modificaciones.
Contaminantes: Cumple el Reglamento (UE) 2023/915 y sus modificaciones, Reglamento (UE) 2021/1323, Reglamento (UE) 2015/1933.
Plaguicidas: cumple con el Reglamento (CE) nº 396/2005 y sus modificaciones.
Fabricado en la EU: es fabricado en la Unión Europea.",2026-08-10 12:00:14.745345+00,2026-08-10 19:19:25.01613+00,d3-k2-60-uds
631,2936,"Extracto seco de Ashwagandha Shoden® (Withania somnífera-raíz seca y hojas) 35% de witanólidos, proteína de cáñamo, L-triptófano, extracto seco de Rhodiola rosea (Rhodiola rosea-raíz), extracto seco de Azafrán (Crocus sativus-estigmas), agente de carga (celulosa microcristalina), agente antiaglomerante (estearato de magnesio) y clorhidrato de piridoxina (vitamina B6).

Cápsula: agente de recubrimiento (hidroxipropilmetilcelulosa)","Ashwagandha Shoden (Withania somnifera, raíz y hojas) 120 mg, de los cuales witanólidos (35 %) 42 mg, L-triptófano 75 mg, proteína de cáñamo (Cannabis sativa, semilla) 100 mg, extracto seco de Rhodiola rosea (raíz) 50 mg, extracto seco de azafrán (Crocus sativus, estigmas) 15 mg y vitamina B6 0,85 mg (61 % VRN), por cápsula.","Tomar 1 o 2 cápsulas al día. Con el desayuno y/o con la cena.

Tomar mínimo durante 2 meses, los primeros efectos se empiezan a notar en las dos primeras semanas.","Los suplementos alimenticios no deben utilizarse como sustitutos en una dieta equilibrada. No superar la dosis diaria expresamente recomendada. Mantener fuera del alcance de los niños más pequeños. No debe ser consumido por mujeres embarazadas, ni por aquellas personas que estén siendo tratadas con antidepresivos o que padezcan insuficiencia renal. Conservar bien cerrado en un lugar fresco y seco.","Aunque este producto no contiene alérgenos, se fabrica en una instalación que procesa ingredientes que sí los contienen. Por lo que puede contener trazas de gluten, leche, huevos, pescado, apio y soja.","Puedes combinarlo con Calmia Noche -> Una cápsula de Calmia Día en el desayuno y una de Calmia Noche media hora antes de dormir. O con Calmia Noche Spray Sublingual.

Dosis diaria recomendada: 1- 2 cápsulas","La información proporcionada en este producto solo tiene fines informativos. No supone asesoramiento profesional, médico o legal.","Complemento Alimenticio. Su comercialización es legal en toda Europa.

Se certifica que el producto CALMIA DIA:

No GMO: no contiene ningún ingrediente que provenga de Organismos Modificados Genéticamente, por lo que no está sometido al etiquetado de los OMG de los Reglamentos (EU) 1829/2003 y 1830/2003.
No ionizado: No se usa radiación ionizante en ningún punto durante el proceso de fabricación del producto conforme con Directivas 1999/2/EC y 1999/3/EC.
BSE / TSE: está libre de cualquier riesgo de BSE / TSE según Reglamento (CE) 999/2001.
Fabricado en la UE: es fabricado en la Unión Europea",2026-08-10 12:07:35.051715+00,2026-08-10 12:07:35.051715+00,calmia-dia-60-uds
632,2934,"Colágeno marino hidrolizado*(muy bajo peso molecular), citrato de magnesio, extracto seco de acerola (Malpighia Punicifolia – fruta), extracto seco de cúrcuma (Curcuma longa – raíz), extracto seco de bambú (Bambusa vulgaris – tallo), proteína de cáñamo (Cannabis sativa – semilla), megaflora Evo**, ácido hialurónico, aroma, gluconato de cobre, extracto seco de pimienta negra (Piper nigrum – fruto).

* origen pescado y crustáceos.
** Almidón y maltodextrina de maíz, fructooligosacáridos (FOS), inulina, dextrina de maíz, cloruro de potasio (estabilizador), proteína hidrolizada vegetal, sulfato de magnesio, probióticos (Lactobacillus acidophilus W22, Lactobacillus plantarum W21, Lactobacillus plantarum W1, Lactobacillus paracasei W20, Lactobacillus salivarius W24, Lactococcus lactis W19, Bifidobacterium lactis W51, Bifidobacterium lactis W52 y Enterococcus faecium W54), enzima (amilasa) y sulfato de manganeso.","Colágeno marino hidrolizado: 9 g. Magnesio: 202,5 mg (54% VRN). Extracto de acerola (50% vitamina C): 160 mg, del cual vitamina C: 80 mg (100% VRN). Extracto de cúrcuma (95% curcumina): 120 mg, del cual curcumina: 114 mg. Extracto de bambú (85% sílice): 100 mg, del cual sílice: 85 mg. Proteína de cáñamo: 50 mg. Megaflora Evo (pre y probióticos, 80.000.000 de bacterias): 40 mg. Ácido hialurónico: 30 mg. Cobre: 1 mg (100% VRN). Extracto seco de pimienta negra (95% piperina): 2,12 mg, del cual piperina: 2 mg. Aroma de vainilla: c.s.p.","Mezclar 2 cacitos dosificadores (aprox. 11g) en agua, zumo o cualquier otra bebida y remover bien. Tomar una vez al día, preferiblemente con el desayuno.",Los complementos alimenticios no deben utilizarse como sustituto de una dieta equilibrada. No superar la dosis diaria expresamente recomendada. Mantener fuera del alcance de los niños más pequeños. Se aconseja a las mujeres embarazadas o lactantes que consulten a su médico antes de tomar cualquier suplemento. Conservar bien cerrado en lugar fresco y seco.,Contiene pescado y crustáceos. Libre de gluten y lactosa.,Complementar con una dieta equilibrada. Puedes combinarlo con Marinecol Beauty.,"La información proporcionada en este producto solo tiene fines informativos. No supone asesoramiento profesional, médico o legal.","Complemento Alimenticio. Su comercialización es legal en toda Europa.

CERTIFICADO

No GMO: no contiene ningún ingrediente que provenga de Organismos Modificados Genéticamente, por lo que no está sometido al etiquetado de los OMG de los Reglamentos (EU) 1829/2003 y 1830/2003.
Fabricado en la EU: colágeno marino fabricado en la Unión Europea.
No ionizado: No se usa radiación ionizante en ningún punto durante el proceso de fabricación del producto conforme con Directivas 1999/2/EC y 1999/3/EC.
BSE / TSE: está libre de cualquier riesgo de BSE / TSE según Reglamento (CE) 999/2001.Producto sin gluten, sin lactosa, sin azúcares añadidos y sin edulcorantes artificiales.",2026-08-10 18:40:31.738347+00,2026-08-10 18:49:46.453734+00,col-geno-mobility-275-g
634,2941,"Mezcla de fermentos lácticos (Megaflora® Evo**: Lactobacillus acidophilus W22, L. plantarum W21/W1, L. paracasei W20, L. salivarius W24, actococcus lactis W19, Bifidobacterium lactis W51/W52, Enterococcus faecium W54), L-glutamina, extracto seco de melena de león (Hericium erinaceus, cuerpo fructífero, 30% polisacáridos), gluconato de zinc, fibras ecológicas INAVEATM de pulpa de baobab (Adansonia digitada L.) y goma de acacia (Acacia seyal Delile) extracto seco de jengibre (Zingiber officinale, raíz, 5% gingeroles). Cápsula vegetal: agente de recubrimiento (hidroxipropilmetilcelulosa).

** Almidón y maltodextrina de maíz, fructooligosacáridos (FOS), inulina, dextrina de maíz, cloruro de potasio (estabilizador), proteína hidrolizada vegetal, sulfato de magnesio, probióticos, enzima (amilasa) y sulfato de manganeso.","Megaflora® Evo (1.200.000.000 de bacterias): 600 mg. L-Glutamina: 200 mg. Melena de León: 180 mg, de los cuales polisacáridos: 54 mg. INAVEA™ Baobab Acacia: 100 mg. Extracto seco de jengibre: 30 mg, del cual gingeroles: 1,5 mg. Zinc: 20 mg (200% VRN*).","Tomar dos cápsulas al día, preferiblemente en ayunas, antes del desayuno.",Los complementos alimenticios no deben utilizarse como sustituto de una dieta equilibrada. No superar la dosis diaria expresamente recomendada. Mantener fuera del alcance de los niños más pequeños. Conservar bien cerrado en lugar fresco y seco.,No contiene alérgenos indicados en el anexo II del Reglamento (UE) 1169/2011.,Complementar con una dieta equilibrada.,"La información proporcionada en este producto solo tiene fines informativos. No supone asesoramiento profesional, médico o legal.","Complemento Alimenticio. Su comercialización es legal en toda Europa.

CERTIFICADO

No GMO: no contiene ningún ingrediente que provenga de Organismos Modificados Genéticamente, por lo que no está sometido al etiquetado de los OMG de los Reglamentos (EU) 1829/2003 y 1830/2003.
Fabricado en la EU: es fabricado en la Unión Europea.
No ionizado: No se usa radiación ionizante en ningún punto durante el proceso de fabricación del producto conforme con Directivas 1999/2/EC y 1999/3/EC.
BSE / TSE: está libre de cualquier riesgo de BSE / TSE según Reglamento (CE) 999/2001.
Producto sin gluten, sin lactosa, sin azúcares añadidos y sin edulcorantes artificiales.",2026-08-10 19:00:59.611648+00,2026-08-10 19:01:04.517281+00,probotanix-microbiota-60-uds
636,2933,"N-acetil-L-cisteína (NAC), glicina, vitamina C (ácido-L-ascórbico), levadura enriquecida en selenio y gluconato de manganeso.
Cápsula vegetal: agente de recubrimiento (hidroxipropilmetilcelulosa).","N-acetilcisteína: 500 mg. Glicina: 500 mg. Selenio: 100 µg (182% VRN*). Vitamina C: 250 mg (312,5% VRN*). Manganeso: 3 mg (150% VRN*).","Dosis recomendada: 2 cápsulas al día, preferiblemente con una comida.

Adoptar ciertos hábitos saludables puede favorecer la acción del producto y mejorar su eficacia.","Los complementos alimenticios no debe utilizarse como sustitutos de una dieta variada y equilibrada ni un modo de vida saludable. No superar la dosis diaria expresamente recomendada. Mantener fuera del alcance de los niños más pequeños. Conservar en un lugar fresco, seco y al abrigo de la luz.",No contiene alérgenos de acuerdo con el Reglamento (UE) nº 1169/2011.,Uso diario y continuado. Dosis diaria recomendada: 2 cápsulas.,"La información proporcionada en este producto solo tiene fines informativos. No supone asesoramiento profesional, médico o legal.","Complemento Alimenticio. Su comercialización es legal en toda Europa.

CERTIFICADO

• No GMO: no contiene ningún ingrediente que provenga de Organismos Modificados Genéticamente, por lo que no está sometido al etiquetado de los OMG del Reglamento (EU) 1829/2003.
• No ionizado: No se usa radiación ionizante en ningún punto durante el proceso de fabricación del producto conforme con la Directiva 1999/2/EC.
• BSE / TSE: está libre de cualquier riesgo de BSE / TSE según Reglamento (CE) 999/2001.
• Fabricado en la UE: es fabricado en la Unión Europea.",2026-08-10 19:10:15.863352+00,2026-08-10 19:10:15.863352+00,glynac-60-uds
645,2935,"Colágeno marino hidrolizado*(muy bajo peso molecular), aceite de onagra microencapsulado (Oenothera biennis – semillas), ácido hialurónico, jugo concentrado de grosellero negro (Ribes Nigrum – fruto), vitamina C (ácido L-ascórbico), coenzima Q10, proteína de cáñamo (Cannabis sativa – semilla), megaflora Evo**, aroma, zumo concentrado deshidratado rojo remolacha, vitamina H (biotina).

* origen pescado y crustáceos

** Almidón y maltodextrina de maíz, fructooligosacáridos (FOS), inulina, dextrina de maíz, cloruro de potasio (estabilizador), proteína hidrolizada vegetal, sulfato de magnesio, probióticos (Lactobacillus acidophilus W22, Lactobacillus plantarum W21, Lactobacillus plantarum W1, Lactobacillus paracasei W20, Lactobacillus salivarius W24, Lactococcus lactis W19, Bifidobacterium lactis W51, Bifidobacterium lactis W52 y Enterococcus faecium W54), enzima (amilasa) y sulfato de manganeso.","Colágeno marino hidrolizado: 9 g. Aceite de onagra microencapsulado: 150 mg. Ácido hialurónico: 100 mg. Jugo concentrado de grosellero negro: 100 mg. Vitamina C (L-ácido ascórbico): 80 mg (100% VRN*). Coenzima Q10: 50 mg. Proteína de cáñamo: 50 mg. Megaflora Evo (pre y probióticos, 80.000.000 de bacterias): 40 mg. Vitamina H (Biotina): 0,1 mg (100% VRN*). Zumo de remolacha: c.s.p. Aroma de frutos del bosque: c.s.p.","Mezclar 2 cacitos dosificadores rasos (aprox. 10 g) en agua, zumo o cualquier otra bebida y remover bien. Tomar una vez al día, preferiblemente con el desayuno.",Los complementos alimenticios no deben utilizarse como sustituto de una dieta equilibrada. No superar la dosis diaria expresamente recomendada. Mantener fuera del alcance de los niños más pequeños. Se aconseja a las mujeres embarazadas o lactantes que consulten a su médico antes de tomar cualquier suplemento. Conservar bien cerrado en lugar fresco y seco.,Contiene pescado y crustáceos. Libre de gluten y lactosa.,Complementar con una dieta equilibrada. Puedes combinarlo con Marinecol Mobility.,"La información proporcionada en este producto solo tiene fines informativos. No supone asesoramiento profesional, médico o legal.","Complemento Alimenticio. Su comercialización es legal en toda Europa.

CERTIFICADO

No GMO: no contiene ningún ingrediente que provenga de Organismos Modificados Genéticamente, por lo
que no está sometido al etiquetado de los OMG de los Reglamentos (EU) 1829/2003 y 1830/2003.
Fabricado en la EU: es fabricado en la Unión Europea.
No ionizado: No se usa radiación ionizante en ningún punto durante el proceso de fabricación del producto
conforme con Directivas 1999/2/EC y 1999/3/EC.
BSE / TSE: está libre de cualquier riesgo de BSE / TSE según Reglamento (CE) 999/2001.Producto sin gluten, sin lactosa, sin azúcares añadidos y sin edulcorantes artificiales.",2026-08-10 19:21:21.617555+00,2026-08-10 19:23:29.458713+00,col-geno-beauty-250-g
655,3487,"Bisglicinato de magnesio Albion® (Magnesio), dimagnesio malato Albion® (Magnesio), agente de carga (fosfato bicalcico), citrato de magnesio hidrato (Magnesio), antiaglomerantes (sales magnésicas de ácidos grasos y dióxido de silicio), clorhidrato de piridoxina (Vitamina B6). Cápsula vegetal: agente de recubrimiento (hidroxipropilmetilcelulosa).","Ingredientes activos (por 2 cápsulas): Bisglicinato de magnesio Albion® (18% de magnesio): 800 mg, de los cuales magnesio: 144 mg (38,4% VRN*). Dimagnesio malato Albion® (20% de magnesio): 460 mg, de los cuales magnesio: 92 mg (24,53% VRN*). Citrato de magnesio (14,5% de magnesio): 97 mg, de los cuales magnesio: 14 mg (3,73% VRN*). Total magnesio elemental: 250 mg (66,67% VRN)**. Vitamina B6: 6 mg (428,57% VRN).",Tomar dos cápsulas al día. Adoptar ciertos hábitos saludables puede favorecer la acción del producto y mejorar su eficacia.,"Los complementos alimenticios no debe utilizarse como sustitutos de una dieta variada y equilibrada ni un modo de vida saludable. No superar la dosis diaria expresamente recomendada. Mantener fuera del alcance de los niños más pequeños. Conservar en un lugar fresco, seco y al abrigo de la luz.",No contiene alérgenos de acuerdo con el Reglamento (UE) no 1169/2011.,Uso diario y continuado. Dosis diaria recomendada: 2 cápsulas.,"La información proporcionada en este producto solo tiene fines informativos. No supone asesoramiento profesional, médico o legal.","Complemento Alimenticio. Su comercialización es legal en toda Europa.

CERTIFICADO

• No GMO: no contiene ningún ingrediente que provenga de Organismos Modificados Genéticamente, por lo que no está sometido al etiquetado de los OMG del Reglamento (EU) 1829/2003.
• No ionizado: No se usa radiación ionizante en ningún punto durante el proceso de fabricación del producto conforme con la Directiva 1999/2/EC.
• BSE / TSE: está libre de cualquier riesgo de BSE / TSE según Reglamento (CE) 999/2001.
• Fabricado en la UE: es fabricado en la Unión Europea.",2026-08-11 08:32:15.168033+00,2026-08-11 08:32:15.168033+00,triple-magnesio-f-rmula-120-uds
656,1772,"Concentrado de proteína de suero de LECHE Lacprodan® SP-8011V Instant (contiene lecitina de SOJA como emulgente) 95.7%, Aromas, colorante rojo remolacha, edulcorante (sucralosa), sal, TolerasaTM L 100,000 ALU/g, edulcorante (glucósidos de esteviol procedentes de estevia).","Información nutricional (por 30 g): Valor energético: 495,9 kJ / 118,64 kcal. Grasas: 1,75 g, de las cuales saturadas: 1,12 g. Hidratos de carbono: 2,75 g, de los cuales azúcares: 1,84 g. Fibra: 0,01 g. Proteínas: 22,96 g. Sal: 0,16 g.

Ingredientes activos (por 30 g): Lacprodan® SP-8011V Instant (concentrado de proteína de suero lácteo): 28,7 g. Tolerase® L (enzima lactasa): 22,5 mg (2250 ALU).

Perfil de aminoácidos (por 100 g de producto): L-Leucina: 10,62 g. L-Isoleucina: 6,31 g. L-Valina: 5,84 g. BCAA totales: 22,77 g. Ácido L-Aspártico: 11,9 g. Ácido L-Glutámico: 17,51 g. L-Serina: 5,36 g. L-Glicina: 1,82 g. L-Histidina: 1,82 g. L-Arginina: 2,49 g. L-Treonina: 7,75 g. L-Alanina: 5,26 g. L-Prolina: 6,03 g. L-Tirosina: 2,97 g. L-Metionina: 2,1 g. L-Cisteína: 2,3 g. L-Fenilalanina: 3,16 g. L-Lisina: 9,47 g. L-Triptófano: 1,82 g.","Presentación: polvo en container de 1kg, 33 tomas de 30g (máxima dosis diaria recomendada: 2 tomas de 30g).

Modo de empleo: Disolver 30g (1 servicio) mezclados en agua o leche desnatada (200-250ml). Tomar 1-2 servicios al día, preferiblemente 1 batido en el desayuno y 1 batido después del entrenamiento.","Advertencias: Los complementos alimenticios no deben utilizarse como sustitutos de una dieta variada y equilibrada ni de un modo de vida sano. Este producto no está diseñado para diagnosticar, tratar o prevenir ninguna enfermedad. No superar la dosis diaria expresamente recomendada. Mantener fuera del alcance de los niños más pequeños. Una dieta variada y equilibrada y un estilo de vida saludables son importantes. Producto para uso en adultos. Puede contener trazas de gluten, pescado, cacahuete y frutos de cáscara (avellana).",,,,,2026-08-11 08:36:59.943103+00,2026-08-11 08:36:59.943103+00,only-whey-protein-zero-pink-cake-1-kg-2
657,476,"D-Biotina, Citrato de Zinc, Selenito de Sodio, Acetato D, L-Alfa-tocoferilo (Vitamina E), Colecalciferol (Vitamina D3), Agentes de Carga: celulosa microcristalina, Carbonato de Calcio.","Vitaminas y minerales: Biotina: 12.000 µg (24.000% VRN*). Zinc: 15 mg (150% VRN*). Selenio: 60 µg (109,09% VRN*). Vitamina D3: 50 µg (1.000% VRN*). Vitamina E: 25 mg (208,33% VRN*).",1 comprimido al día,"No superar la dosis diaria recomendada. Los complementos alimenticios no deben utilizarse como sustitutos de una dieta equilibrada. No utilizar durante el embarazo o la lactancia. Si se están tomando medicamentos, es oportuno consultar con su médico. Mantener fuera del alcance de los niños más pequeños. Solo para adultos. Conservar en un lugar fresco y seco.",,,,,2026-08-11 08:37:09.348383+00,2026-08-11 08:51:01.203683+00,biotina-complex-400-uds
658,3600,"Sirope de glucosa, azúcar, fosfato tricálcico, agua, gelificante (pectina), acidulante (ácido cítrico), Vitamina D3 (colecalciferol vegano), regulador de acidez (citrato trisódico), aromas naturales, Vitamina K2 (menaquinona), aceite vegetal (coco), antiaglomerante (cera de carnauba).","Vitaminas y minerales: Calcio: 200 mg (25% VRN*). Vitamina D3: 50 µg (1000% VRN*). Vitamina K2: 37,5 µg (50% VRN*).",2 gominolas por dosis diaria.,"Los complementos alimenticios no deben utilizarse como sustitutos de una dieta equilibrada y variada ni de un estilo de vida saludable. Si está tomando medicamentos, es recomendable consultar con el médico. No recomendado para personas en tratamiento con anticoagulantes. No utilizar durante el embarazo o la lactancia. No superar la dosis diaria recomendada. Mantener fuera del alcance de los niños más pequeños. Conservar en un lugar fresco y seco.",,,,,2026-08-11 08:42:33.118554+00,2026-08-11 08:55:11.867149+00,d3k2-calcio-gummies-yogur-120-uds
660,3369,"**Ingredientes activos:** Aceite de onagra: 2000 mg, de los cuales GLA (ácido gamma-linolénico): 200 mg.","Aceite de onagra (Oenothera biennis), cápsula blanda: gelatina, glicerina y agua.",2 cápsulas por dosis diaria.,"No superar la dosis diaria recomendada. Los complementos alimenticios no deben utilizarse como sustitutos de una dieta equilibrada. Si se están tomando medicamentos, es oportuno consultar con el médico. No utilizar durante el embarazo o la lactancia. Mantener fuera del alcance de los niños más pequeños. Conservar en un lugar fresco y seco.",,,,,2026-08-11 08:49:22.122007+00,2026-08-11 08:56:01.760789+00,aceite-de-onagra-200-uds
667,3370,"Aceite de orégano (Origanum Vulgare), aceite de oliva, gelatina, humectante: glicerina, agua.","Ingredientes activos: Aceite de orégano: 200 mg, de los cuales carvacrol: 160 mg.",1 cápsula por dosis diaria.,Los complementos alimenticios no deben utilizarse como sustitutos de una dieta equilibrada y variada ni de un estilo de vida saludable. No utilizar durante el embarazo o la lactancia. No superar la dosis diaria recomendada. Mantener fuera del alcance de los niños más pequeños. Solo para adultos. Conservar en lugar fresco y seco.,,,,,2026-08-11 08:56:51.377457+00,2026-08-11 08:56:51.377457+00,aceite-de-oregano-200-uds
668,3116,"Jarabe de glucosa, azúcar, agua, vitamina C (ácido L-ascórbico), vitamina E (acetato de DL-alfa-tocoferilo), gelificante (pectina), acidulante (ácido cítrico), maltodextrina, vitamina A (acetato de retinilo), D-biotina, corrector de acidez (citrato trisódico), ácido pantoténico (D-pantotenato cálcico), citrato de zinc, colorante (antocianinas), aromas naturales, vitamina B12 (cianocobalamina), yoduro de potasio, vitamina D (ergocalciferol), vitamina B6 (clorhidrato de piridoxina), aceite de coco, folato (ácido pteroilmonoglutámico), antiaglomerante (cera de carnauba), selenito de sodio.","Vitaminas y minerales: Vitamina A: 800 µg (100% VRN*). Vitamina B5: 6 mg (100% VRN*). Vitamina B6: 1,4 mg (100% VRN*). Vitamina B12: 2,5 µg (100% VRN*). Biotina: 10.000 µg (20.000% VRN*). Vitamina C: 40 mg (50% VRN*). Vitamina D: 5 µg (100% VRN*). Vitamina E: 12 mg (100% VRN*). Ácido fólico: 200 µg (100% VRN*). Yodo: 22,5 µg (15% VRN*). Selenio: 55 µg (100% VRN*). Zinc: 1,5 mg (15% VRN*).",1 gominola por dosis diaria.,Los complementos alimenticios no deben utilizarse como sustitutos de una dieta equilibrada y variada ni de un estilo de vida saludable. No superar la dosis diaria recomendada. Mantener fuera del alcance de los niños más pequeños.,,,,,2026-08-11 09:02:37.314239+00,2026-08-11 09:02:37.314239+00,biotina-gummies-cereza-120-uds
669,1853,"Extracto seco de raíz de maca negra 20:1 (Lepidium mayenii walp.), cápsula vegetal (agente de recubrimiento: Hidroxipropilmetilcelulosa), L-arginina, Vitamina C (ácido ascórbico), extracto seco de bambú, L-leucina, citrato de zinc, agente de carga: celulosa microcristalina, Vitamina B6 (clorhidrato de piridoxina), Vitamina B12 (cianocobalamina).","Ingredientes activos: Extracto de maca negra 20:1: 437,5 mg, equivalente a planta: 8750 mg. L-Arginina: 87,5 mg. Vitamina C: 20 mg (25% VRN*). Zinc: 2,5 mg (25% VRN*). Vitamina B6: 0,35 mg (25% VRN*). Vitamina B12: 0,625 µg (25% VRN*).",,Los complementos alimenticios no deben utilizarse como sustitutos de una dieta equilibrada y variada ni de un estilo de vida saludable. No utilizar durante el embarazo o la lactancia. No superar la dosis diaria recomendada. Mantener fuera del alcance de los niños más pequeños. Conservar en lugar fresco y seco.,,,,,2026-08-11 09:21:21.438603+00,2026-08-11 09:21:28.086465+00,maca-negra-200-uds
671,468,"Extracto de Cardo Mariano (Silybum marianum (L.) Gaertn.), Extracto de Alcachofa, Extracto de Curcuma Longa, Cápsula de origen vegetal (Agente de recubrimiento: Hidroxipropilmetilcelulosa, Extracto de raíz de Diente de León raíz, Extracto de Desmodium.",**Ingredientes activos:** Cardo mariano: 250 mg. Extracto de alcachofa: 200 mg. Extracto de cúrcuma: 125 mg. Extracto de diente de león: 75 mg. Extracto de desmodio: 25 mg.,,"No superar la dosis diaria recomendada. Los complementos alimenticios no deben utilizarse como sustitutos de una dieta equilibrada. No utilizar durante el embarazo o la lactancia. Mantener fuera del alcance de los niños. En caso de alteraciones de la función hepática o biliar o de cálculos biliares no se recomienda su uso. No usar por períodos prolongados sin consultar a su médico. Si está tomando algún medicamento, debe buscar el consejo de su médico. Conservar en un lugar fresco y seco.",,,,,2026-08-11 09:31:03.2939+00,2026-08-11 09:31:03.2939+00,cardo-mariano-150-uds
672,3294,"Aceite vegetal, aceite de Haematococcus Pluvialis, gelatina, humectante: glicerina, agua.","**Ingredientes activos:** Oleorresina rica en astaxantina del alga *Haematococcus pluvialis*: 160 mg, de los cuales astaxantina: 8 mg.",,"Los complementos alimenticios no deben utilizarse como sustitutos de una dieta equilibrada y variada ni de un estilo de vida saludable. No superar la dosis diaria recomendada. Mantener fuera del alcance de los niños más pequeños. Conservar en lugar fresco y seco. No debe ser consumido por mujeres embarazadas, lactantes, niños ni adolescentes menores de 14 años ni si ese mismo día se consumen otros complementos alimenticios que contengan ésteres de astaxantina.",,,,,2026-08-11 09:37:29.336536+00,2026-08-11 09:37:29.336536+00,astaxantina-120-uds
673,466,"Polvo de cúrcuma ecológica (Curcuma longa L., rizoma), Cápsula de origen vegetal (Agente de recubrimiento: Hidroxipropilmetilcelulosa), Polvo de Jengibre ecológico (Zingiber Officinalle Roscoe, rizoma), Pimienta Negra ecológica en polvo (Piper nigrum L.), Mix de probióticos (Lactobacillus acidophilus LMG 8151, Bifidobacterium longum LMG 26652, Bifidobacterium bifidum LMG 25628, Bifidobacterium lactis LMG 18314).",Ingredientes activos: Cúrcuma ecológica: 1360 mg. Jengibre ecológico: 60 mg. Pimienta negra ecológica: 20 mg. Mix de probióticos: 2 × 10⁸ UFC.,,"No superar la dosis recomendada. Los complementos alimenticios no deben utilizarse como sustitutos de una dieta equilibrada. Se desaconseja el uso del producto en caso de alteraciones de la función hepática, biliar o de cálculos en las vías biliares. Si se están tomando medicamentos, es oportuno consultar con el médico. No utilizar durante el embarazo o la lactancia. Mantener fuera del alcance de los niños. Conservar en un lugar fresco y seco.",,,,,2026-08-11 17:06:15.650545+00,2026-08-12 11:34:49.326583+00,c-rcuma-250-uds
675,1852,"Agente de carga: Celulosa Microcristalina, Bisglicinato de Zinc.",Zinc: 25 mg (250% VRN*).,,Los complementos alimenticios no deben utilizarse como sustitutos de una dieta equilibrada y variada ni de un estilo de vida saludable. Solo para adultos. No utilizar durante el embarazo o la lactancia. Se recomienda no tomar ningún otro complemento alimenticio que contenga zinc. No superar la dosis diaria recomendada. Mantener fuera del alcance de los niños más pequeños. Conservar en lugar fresco y seco.,,,,,2026-08-11 17:18:25.865741+00,2026-08-11 17:18:38.486406+00,zinc-500-uds
679,469,"Agente de carga (celulosa microcristalina), levadura roja fermentada de arroz (5% monacolina k), fostato bicálcico dihidrato (agente de carga), coenzima Q10.","52 mg de levadura de arroz rojo (2,99 mg de Monacolinas totales y 2,60 mg de Monacolina K).
10 mg de Coenzima Q10.",Tomar 1 comprimido al día con agua.,"No debe ser consumido por mujeres embarazadas o lactantes, menores de 18 años ni mayores de 70 años. Producto vegano, reciclado y reciclable. No contiene plásticos. Fabricado en España. No GMO.",,,"Los complementos alimenticios no deben utilizarse como sustitutos de una dieta variada y equilibrada. No superar la dosis diaria expresamente recomendada. Mantener fuera del alcance de los niños más pequeños.

La información contenida en nuestra web tiene carácter informativo y no puede ser considerada como sustitutiva de la prescripción, diagnóstico o tratamiento médico. Los resultados de los complementos nutricionales pueden variar en función de la persona, y el tiempo para obtener los beneficios indicados dependerá de cada caso.",,2026-08-12 11:42:29.272506+00,2026-08-12 11:42:31.258563+00,levadura-de-arroz-rojo-400-uds
681,1854,"Sulfato de glucosamina, sulfato de condroitina (Pescado), carbonato de calcio, metilsulfonilmetano, agente de carga (celulosa microcristalina), L-leucina, extracto seco de bambú, citrato de zinc, colágeno hidrolizado, Vitamina D3 (colecalciferol), hialuronato sódico.","Por 2 comprimidos: Glucosamina 1000mg, Condroitina 500mg, MSM 250mg, Calcio 120mg, Colágeno hidrolizado 20mg, Zinc 10mg, Ácido hialurónico 1mg, Vitamina D3 5mcg.",Se recomienda tomar 2 comprimidos al día con agua.,"Los complementos alimenticios no deben utilizarse como sustitutos de una dieta equilibrada y variada ni de un estilo de vida saludable. No utilizar durante el embarazo o la lactancia, ni por niños, ni por adolescentes Solo para adultos. No superar la dosis diaria recomendada. Mantener fuera del alcance de los niños más pequeños.",,,,,2026-08-12 11:52:59.324971+00,2026-08-12 11:53:03.331787+00,glucosamina-200-uds
683,3293,"Sirope de glucosa, azúcar, agua, gelificante (pectina), extracto de cúrcuma (Cúrcuma longa L.), acidulante (ácido citrico), regulador de acidez (citrato trisódico), aromas naturales, Lactobacillus paracasei, aceite vegetal (coco), extracto de jengibre (Zingiber officinale Roscoe), antiaglomerante (cera de carnauba), extracto de pimienta negra (Piper nugrum).","Por 2 gominolas: Extracto de cúrcuma 50:1 50mg (equivalente a planta 2500mg), Extracto de jengibre 4mg, Extracto de pimienta negra 0,5mg, Lactobacillus paracasei 1x10(9) UFC.",Tomar 2 gominolas al día.,"Los complementos alimenticios no deben utilizarse como sustitutos de una dieta equilibrada y variada ni de un estilo de vida saludable. Si se están tomando medicamentos, es oportuno consultar con el médico. Se desaconseja el uso del producto en caso de alteraciones de la función hepática, biliar o de cálculos en las vías biliares. No superar la dosis diaria recomendada. Mantener fuera del alcance de los niños más pequeños. Solo para adultos.
Esta información puede sufrir modificaciones. Consultar el envase del producto.",,,,,2026-08-12 11:57:51.107194+00,2026-08-12 12:06:34.027951+00,c-rcuma-gummies-mango-120-uds
685,1104,"Jarabe de glucosa, azúcar, agua, gelificante (pectina), acidulante (ácido cítrico), vitamina E (acetato de DL-alfa-tocoferilo), vitamina C (ácido L-ascórbico), maltodextrina, colorante (antocianinas), corrector de acidez (citrato trisódico),citrato de zinc, aceite de coco, aromas naturales, vitamina A (acetato de retinilo), yoduro de potasio, ácido pantoténico (D-pantotenato cálcico), vitamina D (ergocalciferol), antiaglomerante (cera de carnauba), vitamina B6 (clorhidrato de piridoxina), vitamina B12 (cianocobalamina), folato (ácido pteroilmonoglutámico), D-biotina, bitartrato de colina.","Por 2 gominolas:

Vitamina C (24 mg), Vitamina E (10 mg), Zinc (3 mg), Vitamina B5 (2,5 mg), Vitamina B6 (0,58 mg), Vitamina A (666,67 µg), Ácido Fólico (166,67 µg), Yodo (62,5 µg), Biotina (41,67 µg), Vitamina D (4,17 µg), Vitamina B12 (2,08 µg), Colina (0,02 µg).",Se recomienda tomar dos gominolas al día.,Los complementos alimenticios no deben utilizarse como sustitutos de una dieta equilibrada y variada ni de un estilo de vida saludable. No superar la dosis diaria recomendada. Solo recomendado para adultos. Mantener fuera del alcance de los niños más pequeños.,,,,,2026-08-12 12:05:56.12246+00,2026-08-12 12:05:56.12246+00,multivitaminas-gummies-mora-120-uds
688,2890,"Citrato de Magnesio, Cápsula de origen vegetal (Agente de recubrimiento: Hidroxipropilmetilcelulosa), Agente de carga: celulosa microcristalina.","Ingredientes activos: Citrato de magnesio: 735 mg, del cual magnesio elemental: 220 mg (58,50% VRN*).",,"No superar la dosis diaria recomendada. Los complementos alimenticios no deben utilizarse como sustitutos de una dieta equilibrada. Si se están tomando medicamentos, es oportuno consultar con el médico. No utilizar durante el embarazo o la lactancia. Mantener fuera del alcance de los niños más pequeños. Solo para adultos. Conservar en un lugar fresco y seco.",,,,,2026-08-12 14:55:02.762978+00,2026-08-12 14:55:02.762978+00,citrato-de-magnesio-250-uds
689,475,"Citrato de Magnesio, Cápsula de origen vegetal (Agente de recubrimiento: Hidroxipropilmetilcelulosa), Agente de carga: celulosa microcristalina, Vitamina C, Polvo de bambú (Bambusa vulgaris), ácido pantoténico (Vitamina B5) y Vitamina B6.","Citrato de magnesio: 1500 mg, del cual magnesio elemental: 450 mg (120% VRN*). Vitamina C: 80 mg (100% VRN*). Vitamina B5: 6 mg (100% VRN*). Vitamina B6: 1,4 mg (100% VRN*).",2 cápsulas por dosis diaria.,"No superar la dosis diaria recomendada. Los complementos alimenticios no deben utilizarse como sustitutos de una dieta equilibrada. Si se están tomando medicamentos, es oportuno consultar con el médico. No utilizar durante el embarazo o la lactancia. Mantener fuera del alcance de los niños más pequeños. Conservar en un lugar fresco y seco.",,,,,2026-08-12 15:05:54.047806+00,2026-08-12 15:05:54.047806+00,magnesio-200-uds