Handle,Title,Body (HTML),Vendor,Product Category,Type,Tags,Published,Option1 Name,Option1 Value,Option1 Linked To,Option2 Name,Option2 Value,Option2 Linked To,Option3 Name,Option3 Value,Option3 Linked To,Variant SKU,Variant Grams,Variant Inventory Tracker,Variant Inventory Qty,Variant Inventory Policy,Variant Fulfillment Service,Variant Price,Variant Compare At Price,Variant Requires Shipping,Variant Taxable,Unit Price Total Measure,Unit Price Total Measure Unit,Unit Price Base Measure,Unit Price Base Measure Unit,Variant Barcode,Image Src,Image Position,Image Alt Text,Gift Card,SEO Title,SEO Description,advertencias (product.metafields.custom.advertencias),alergenos (product.metafields.custom.alergenos),aviso_medico (product.metafields.custom.aviso_medico),bio (product.metafields.custom.bio),consejos_uso (product.metafields.custom.consejos_uso),expiration_date (product.metafields.custom.expiration_date),firesoft_codigo (product.metafields.custom.firesoft_codigo),firesoft_referencia (product.metafields.custom.firesoft_referencia),firesoft_sync_enabled (product.metafields.custom.firesoft_sync_enabled),gluten_free (product.metafields.custom.gluten_free),informacion_nutricional (product.metafields.custom.informacion_nutricional),Ingredientes (product.metafields.custom.ingredientes),instrucciones_uso (product.metafields.custom.instrucciones_uso),isgood (product.metafields.custom.isgood),is_discontinued (product.metafields.custom.is_discontinued),lactose_free (product.metafields.custom.lactose_free),recargo_rate (product.metafields.custom.recargo_rate),regulacion_legal (product.metafields.custom.regulacion_legal),supplier_name (product.metafields.custom.supplier_name),vat_rate (product.metafields.custom.vat_rate),vegan (product.metafields.custom.vegan),Variant Image,Variant Weight Unit,Variant Tax Code,Cost per item,Status
bebida-supreme-coco-1-l,Bebida Supreme Coco,Coco Supreme de Isola Bio: una bebida refrescante y aromática de coco para empezar el día con energía y exotismo. Ideal para rehidratarse y recargar energías después del estudio o el ejercicio. Simplemente supremo.,Isola Bio,,Alimentos,"Bio, Vegano, Sin gluten, 1 L",TRUE,Title,Default Title,,,,,,,,96,,shopify,9,deny,manual,3.45,,TRUE,TRUE,,,,,8023678728269,https://www.isolabio.com/wp-content/uploads/2019/10/bevande_cocco_supreme_es-600x600.png,1,Bebida Supreme Coco - Isola Bio,FALSE,Bebida Supreme Coco,Coco Supreme de Isola Bio: una bebida refrescante y aromática de coco para empezar el día con energía y exotismo. Ideal para rehidratarse y recargar energías después del estudio o el ejercicio. Simplemente supremo.,,,,TRUE,,2027-04-07,96,96,TRUE,TRUE,"Información nutricional por 100 ml: Valor energético: 80 kJ / 19 kcal. Grasas: 1,3 g, de las cuales saturadas: 1,1 g. Hidratos de carbono: 1,7 g, de los cuales azúcares: 1,2 g. Fibra alimentaria: 1,3 g. Proteínas: <0,5 g. Sal: 0,1 g.","Acqua, acqua di cocco da concentrato* (40%), latte di cocco* (8%) (cocco* (4,8%), acqua, stabilizzante: gomma di guar*), stabilizzanti: gomma di guar*, gomma di gellano, aroma naturale di cocco, sale marino. (=*biologico)

Para celíacos. Para intolerantes a la lactosa y a las proteínas de vaca.",,TRUE,FALSE,FALSE,1.40,,,10.00,TRUE,,,,1.93,active
tortitas-de-arroz-s-samo-200-g,Tortitas de Arroz,,Biocop,,Alimentos,"Sin gluten, Sésamo, 200 g",TRUE,Title,Default Title,,,,,,,,109,200,shopify,12,deny,manual,2.95,,TRUE,TRUE,,,,,8423903044490,https://www.biocop.es/1578160-superlarge_default/TORTITASARROZSESAMOBIOCOP200G.jpg,1,Tortitas de Arroz - Biocop,FALSE,Tortitas de Arroz,,,Alérgenos: Sésamo y prod. a base de sésamo,,FALSE,,2027-04-14,109,109,TRUE,TRUE,"Información nutricional (por 100 g): Valor energético: 1688 kJ / 399 kcal. Grasas: 5,5 g, de las cuales saturadas: 0,9 g. Hidratos de carbono: 77 g, de los cuales azúcares: 0,9 g. Proteínas: 8,4 g. Fibra alimentaria: 3,8 g. Sal: 0,28 g.","Arroz integral*, SÉSAMO* 5% y sal marina.
*De agricultura biológica.","Uso: Tentempié sano y ligero. Para comer a cualquier hora, o como desayuno o merienda. Ligeras, pueden llevarse a cualquier parte.",TRUE,FALSE,FALSE,1.40,,Biocop,10.00,FALSE,,g,,1.57,active
pan-crujiente-sarraceno-sin-azucares-anadidos,Pan crujiente Sarraceno Sin Azúcares añadidos,"¡La galleta salada original sin gluten de Pain des Fleurs, sin sal ni azúcar añadidos! Una receta crujiente, 100% de trigo sarraceno.",Le Pain des fleurs,,Alimentos,"Bio, Vegano, Sin gluten, Sin lactosa, 300 g",TRUE,Variante,300 g,,,,,,,,218,300,shopify,6,deny,manual,6.98,,TRUE,TRUE,,,,,3380380089800,https://www.lepaindesfleurs.com/app/uploads/2025/08/lpdf-9298-sarrasin-sans-sel-scan.png,1,Pan crujiente Sarraceno Sin Azúcares añadidos - Le Pain des fleurs,FALSE,Pan crujiente Sarraceno Sin Azúcares añadidos,"¡La galleta salada original sin gluten de Pain des Fleurs, sin sal ni azúcar añadidos! Una receta crujiente, 100% de trigo sarraceno.",,,,TRUE,,2026-12-09,218,218,TRUE,TRUE,"Valores nutricionales medios por cada 100g Energía 1 642 kJ / 388 kcal Grasas 2,7 g de las cuales ácidos grasos saturados 0,6 g Hidratos de carbono 75,2 g de los cuales azúcares 1,7 g Fibra dietética 4,5 g Proteínas 13,4 g Sal 0,01 g","Harina de trigo sarraceno*.
*Cultivado orgánicamente",,TRUE,FALSE,TRUE,1.40,,Biocop,10.00,TRUE,https://www.lepaindesfleurs.com/app/uploads/2025/08/lpdf-9298-sarrasin-sans-sel-scan.png,g,,4.51,active
pan-crujiente-sarraceno-sin-azucares-anadidos,,,,,,,,Variante,150 g,,,,,,,,2327,150,shopify,20,deny,manual,3.45,,TRUE,TRUE,,,,,3380380036637,,,,,,,,,,,,,,,,,,,,,,,,,,,,https://www.lepaindesfleurs.com/app/uploads/2025/08/lpdf-9298-sarrasin-sans-sel-scan.png,g,,2.45,active
trigo-sarraceno-500-g,Trigo Sarraceno,"Lleno de virtudes
Muy apreciado en Asia por sus innumerables virtudes, el trigo sarraceno se considera un cereal aunque es una semilla. Se consume muy a menudo en forma de harina.",eco BASICS,,Alimentos,500 g,TRUE,Title,Default Title,,,,,,,,267,500,shopify,1,deny,manual,2.95,,TRUE,TRUE,,,,,8411058001512,https://www.eco-basics.com/wp-content/uploads/2018/08/Trigo-Sarraceno-Photoroom.png,1,Trigo Sarraceno - eco BASICS,FALSE,Trigo Sarraceno,"Lleno de virtudes
Muy apreciado en Asia por sus innumerables virtudes, el trigo sarraceno se considera un cereal aunque es una semilla. Se consume muy a menudo en forma de harina.",,,,FALSE,,2026-09-28,267,267,TRUE,FALSE,,Este producto no lleva ningún ingrediente modificado genéticamente.,Tostar sin aceite. 1 parte de agua x 2 de trigo. A fuego alto llevar a ebullición. 10 min. a fuego medio y 5-7 min. a fuego bajo. Dejar reposar 5 min.,TRUE,FALSE,FALSE,1.40,,,10.00,FALSE,,g,,1.62,active
arroz-blanco-redondo-500-g,Arroz Blanco Redondo,"Versátil y absorbente
De grano redondo y excelente calidad, al cocinarlo aumenta su tamaño hasta un 60% en longitud y grosor. Permanece firme y absorbe hasta 3 partes de caldo por una de arroz en paellas y platos similares. Se recomienda este tipo de arroz tanto para comerlo hervido, como para paellas, guisos o potajes.",eco BASICS,,Alimentos,"Bio, Vegano, Sin gluten, Sin lactosa, 500 g",TRUE,Title,Default Title,,,,,,,,272,500,shopify,5,deny,manual,2.75,,TRUE,TRUE,,,,,8411058000409,https://www.eco-basics.com/wp-content/uploads/2018/08/Arroz_Redondo_Blanco_Bio_-removebg-preview.png,1,Arroz Blanco Redondo - eco BASICS,FALSE,Arroz Blanco Redondo,"Versátil y absorbente
De grano redondo y excelente calidad, al cocinarlo aumenta su tamaño hasta un 60% en longitud y grosor. Permanece firme y absorbe hasta 3 partes de caldo por una de arroz en paellas y platos similares. Se recomienda este tipo de arroz tanto para comerlo hervido, como para paellas, guisos o potajes",,,,TRUE,,2026-12-28,272,272,TRUE,TRUE,,Este producto no lleva ningún ingrediente modificado genéticamente.,Lavar antes para que quede suelto. 2 partes de agua x 1 de arroz. Tiempo: 15 minutos (caldoso) 20 minutos (suelto).,TRUE,FALSE,TRUE,1.40,,,10.00,TRUE,,g,,1.71,active
arroz-rojo-500-g,Arroz Rojo,"Aromático y nutritivo El arroz rojo es cultivado en el suelo volcánico mineralizado de la región de Tasikmalaya, en Indonesia. Con un sabor anuezado y terroso, es un arroz sabroso y aromático y mantiene el salvado intacto. El arroz rojo dará un toque de color y sabor a sus platos, es muy adecuado para ensaladas y pilafs. Muy indicado para mezclar con otros arroces integrales. Este producto no lleva ningún ingrediente modificado genéticamente. 2 partes de agua x 1 de arroz. Tiempo: de 40 minutos",eco BASICS,,Alimentos,"Bio, Vegano, Sin lactosa, 500 g",TRUE,Title,Default Title,,,,,,,,274,500,shopify,10,deny,manual,3.95,,TRUE,TRUE,,,,,8411058000485,https://www.eco-basics.com/wp-content/uploads/2018/08/Arroz-Rojo-Photoroom.png,1,Arroz Rojo - eco BASICS,FALSE,Arroz Rojo,"Aromático y nutritivo El arroz rojo es cultivado en el suelo volcánico mineralizado de la región de Tasikmalaya, en Indonesia. Con un sabor anuezado y terroso, es un arroz sabroso y aromático y mantiene el salvado intacto. El arroz rojo dará un toque de color y sabor a sus platos, es muy adecuado para ensaladas y pilaf",,"Puede contener trazas de gluten, frutos de cáscara, cacahuete, soja, sésamo y leche y sus derivados.",,TRUE,,2027-01-28,274,274,TRUE,FALSE,,,,TRUE,FALSE,TRUE,1.40,,ecoplaza,10.00,TRUE,,g,,1.84,active
semillas-de-linaza-dorada-250-g,Semillas de Linaza Dorada,,eco BASICS,,Alimentos,250 g,TRUE,Title,Default Title,,,,,,,,275,250,shopify,16,deny,manual,2.25,,TRUE,TRUE,,,,,8411058000607,https://www.eco-basics.com/wp-content/uploads/2018/08/Linaza-Dorada-Photoroom.png,1,Semillas de Linaza Dorada - eco BASICS,FALSE,Semillas de Linaza Dorada,,,,,FALSE,,2026-12-28,275,275,TRUE,FALSE,,,,TRUE,FALSE,FALSE,1.40,,ecoplaza,10.00,FALSE,,g,,1.13,active
semillas-de-linaza-marr-n-250-g,Semillas de Linaza Marrón,"Para ensaladas, postres o lo que te pase por la cabeza. Ideal para personas que limitan su ingesta de almidones y azúcares. Este producto no lleva ningún ingrediente modificado genéticamente.",eco BASICS,,Alimentos,"Bio, Vegano, Sin lactosa, 250 g",TRUE,Title,Default Title,,,,,,,,276,250,shopify,22,deny,manual,2.25,,TRUE,TRUE,,,,,8411058000621,https://www.eco-basics.com/wp-content/uploads/2018/08/Linaza-Marr%C3%B3n-Photoroom.png,1,Semillas de Linaza Marrón - eco BASICS,FALSE,Semillas de Linaza Marrón,"Para ensaladas, postres o lo que te pase por la cabeza. Ideal para personas que limitan su ingesta de almidones y azúcares. Este producto no lleva ningún ingrediente modificado genéticamente.",,"Puede contener trazas de gluten, frutos de cáscara, cacahuete, soja, sésamo y leche y sus derivados.",,TRUE,,2026-11-28,276,276,TRUE,FALSE,,,,TRUE,FALSE,TRUE,1.40,,ecoplaza,10.00,TRUE,,g,,0.92,active
semillas-de-amapola-150-g,Semillas de Amapola,"Para ensaladas, postres o lo que te pase por la cabeza. Se usa de hace más de 4000 años. Se utiliza entera o molida, en pasteles y pan, también en salsas y dulces. Este producto no lleva ningún ingrediente modificado genéticamente.",eco BASICS,,Alimentos,"Bio, Vegano, Sin lactosa, 150 g",TRUE,Title,Default Title,,,,,,,,279,150,shopify,1,deny,manual,2.65,,TRUE,TRUE,,,,,8411058001499,https://www.eco-basics.com/wp-content/uploads/2018/08/Semillas-de-Amapola-Bio-Photoroom.png,1,Semillas de Amapola - eco BASICS,FALSE,Semillas de Amapola,"Para ensaladas, postres o lo que te pase por la cabeza. Se usa de hace más de 4000 años. Se utiliza entera o molida, en pasteles y pan, también en salsas y dulces. Este producto no lleva ningún ingrediente modificado genéticamente.",,"Puede contener trazas de gluten, frutos de cáscara, cacahuete, soja, sésamo y leche y sus derivados.",,TRUE,,2026-03-29,279,279,TRUE,FALSE,,,,TRUE,FALSE,TRUE,1.40,,ecoplaza,10.00,TRUE,,g,,1.29,active
semillas-de-calabaza-250-g,Semillas de Calabaza,"Para ensaladas, postres o lo que te pase por la cabeza. ¿Cómo tomarlas? Son ideales como aperitivo, ensaladas o vinagretas y también como ingrediente del pan o repostería. Este producto no lleva ningún ingrediente modificado genéticamente.",eco BASICS,,Alimentos,"Bio, Vegano, Sin lactosa, 250 g",TRUE,Title,Default Title,,,,,,,,280,250,shopify,2,deny,manual,3.95,,TRUE,TRUE,,,,,8411058000904,https://www.eco-basics.com/wp-content/uploads/2018/08/Post-de-Instagram-Vertical-Carrusel-Maderoterapia-Abstracto-Marr%C3%B3n-3-Photoroom-1.png,1,Semillas de Calabaza - eco BASICS,FALSE,Semillas de Calabaza,"Para ensaladas, postres o lo que te pase por la cabeza. ¿Cómo tomarlas? Son ideales como aperitivo, ensaladas o vinagretas y también como ingrediente del pan o repostería. Este producto no lleva ningún ingrediente modificado genéticamente.",,"Puede contener trazas de gluten, frutos de cáscara, cacahuete, soja, sésamo y leche y sus derivados.",,TRUE,,2026-09-28,280,280,TRUE,FALSE,,,,TRUE,FALSE,TRUE,1.40,,ecoplaza,10.00,TRUE,,g,,1.95,active
semillas-de-ch-a-250-g,Semillas de Chía,,Sin marca,,Alimentos,250 g,TRUE,Title,Default Title,,,,,,,,281,250,shopify,12,deny,manual,2.95,,TRUE,TRUE,,,,,8411058001666,https://uayblnybdrhhmumudbea.supabase.co/storage/v1/object/public/productos/semillas%20de%20chia%20bio%20basics.jpg,1,Semillas de Chía - Sin marca,FALSE,Semillas de Chía,,,,,FALSE,,2026-08-28,281,281,TRUE,FALSE,,,,TRUE,FALSE,FALSE,1.40,,ecoplaza,10.00,FALSE,,g,,1.44,active
s-samo-natural-250-g,Sésamo Natural,,eco BASICS,,Alimentos,"Bio, Vegano, Sin lactosa, 250 g",TRUE,Title,Default Title,,,,,,,,282,250,shopify,18,deny,manual,2.65,,TRUE,TRUE,,,,,8411058000669,https://www.eco-basics.com/wp-content/uploads/2018/08/Post-de-Instagram-Vertical-Carrusel-Maderoterapia-Abstracto-Marr%C3%B3n-4-Photoroom-1.png,1,Sésamo Natural - eco BASICS,FALSE,Sésamo Natural,,,"Contiene sésamo. Puede contener trazas de gluten, frutos de cáscara, cacahuete, soja y leche y sus derivados.",,TRUE,,2027-01-28,282,282,TRUE,FALSE,,,,TRUE,FALSE,TRUE,1.40,,ecoplaza,10.00,TRUE,,g,,1.43,active
s-samo-tostado-250-g,Sésamo Tostado,"Para ensaladas, postres o lo que te pase por la cabeza. El sésamo es originario de Oriente Medio. Excelente complemento nutritivo para los que están sometidos a una gran actividad mental. Este producto no lleva ningún ingrediente modificado genéticamente.",eco BASICS,,Alimentos,"Bio, Vegano, Sin lactosa, 250 g",TRUE,Title,Default Title,,,,,,,,283,250,shopify,25,deny,manual,2.95,,TRUE,TRUE,,,,,8411058001383,https://www.eco-basics.com/wp-content/uploads/2018/08/Post-de-Instagram-Vertical-Carrusel-Maderoterapia-Abstracto-Marr%C3%B3n-2-Photoroom.png,1,Sésamo Tostado - eco BASICS,FALSE,Sésamo Tostado,"Para ensaladas, postres o lo que te pase por la cabeza. El sésamo es originario de Oriente Medio. Excelente complemento nutritivo para los que están sometidos a una gran actividad mental. Este producto no lleva ningún ingrediente modificado genéticamente.",,"Contiene sésamo. Puede contener trazas de gluten, frutos de cáscara, cacahuete, soja y leche y sus derivados.",,TRUE,,2026-12-28,283,283,TRUE,FALSE,,,,TRUE,FALSE,TRUE,1.40,,q,10.00,TRUE,,g,,1.69,active
lentejas-verdes-500-g,Lentejas Verdes,Ideal para guisos y cremas La lenteja verde desprende un olor fresco y con un ligero aroma a frutos secos.,eco BASICS,,Alimentos,"Bio, Vegano, Sin gluten, Sin lactosa, 500 g",TRUE,Title,Default Title,,,,,,,,306,500,shopify,9,deny,manual,2.95,,TRUE,TRUE,,,,,8411058001444,https://www.eco-basics.com/wp-content/uploads/2018/08/Lentejas-Verdes-Photoroom.png,1,Lentejas Verdes - eco BASICS,FALSE,Lentejas Verdes,Ideal para guisos y cremas La lenteja verde desprende un olor fresco y con un ligero aroma a frutos secos.,,,,TRUE,,2026-12-28,306,306,TRUE,TRUE,,Este producto no lleva ningún ingrediente modificado genéticamente,Remojo 4h. 3 partes de agua x 1 de lentejas llevar a ebullición y cocer durante 30 min. aprox. Añadir la sal al final de la cocción.,TRUE,FALSE,TRUE,1.40,,,10.00,TRUE,,g,,1.82,active
quinoa-tricolor-ecol-gica-500-g,Quinoa Tricolor Ecológica,"Quinoa tricolor ecológica rica en proteínas, omega-6 y omega-3, con todos los aminoácidos esenciales y un alto contenido en fibras. Ideal para una alimentación nutritiva y versátil en la cocina.",eco BASICS,,Alimentos,"Bio, 500 g",TRUE,Title,Default Title,,,,,,,,319,500,shopify,7,deny,manual,4.95,,TRUE,TRUE,,,,,8474406970434,https://www.eco-basics.com/wp-content/uploads/2018/08/Quinoa-Tricolor-Photoroom.png,1,Quinoa Tricolor Ecológica - eco BASICS,FALSE,Quinoa Tricolor Ecológica,"Quinoa tricolor ecológica rica en proteínas, omega-6 y omega-3, con todos los aminoácidos esenciales y un alto contenido en fibras. Ideal para una alimentación nutritiva y versátil en la cocina.",,,,TRUE,,2027-01-28,319,319,TRUE,FALSE,,,,TRUE,FALSE,FALSE,1.40,,ecoplaza,10.00,FALSE,,g,,2.89,active
pan-crujiente-de-trigo-sarraceno,Pan crujiente de Trigo Sarraceno,"La galleta original, orgánica y sin gluten de Pain des Fleurs. Obtiene su crujiente característica de su inusual composición de harina 100% trigo sarraceno.",Le Pain des fleurs,,Alimentos,150 g,TRUE,Variante,150 g,,,,,,,,356,150,shopify,17,deny,manual,3.45,,TRUE,TRUE,,,,,3380380036620,https://www.lepaindesfleurs.com/app/uploads/2025/08/lpdf-9299-sarrasin-150g-scan.png,1,Pan crujiente de Trigo Sarraceno - Le Pain des fleurs,FALSE,Pan crujiente de Trigo Sarraceno,"La galleta original, orgánica y sin gluten de Pain des Fleurs. Obtiene su crujiente característica de su inusual composición de harina 100% trigo sarraceno.",,,,FALSE,,2027-01-07,356,356,TRUE,FALSE,"Valores nutricionales medios por cada 100g Energía 1 631 kJ / 385 kcal Grasas 2,8 g de las cuales ácidos grasos saturados 0,6 g Hidratos de carbono 74,8 g de los cuales azúcares 2,6 g Fibra dietética 4,4 g Proteínas 13,0 g Sal 0,68 g",,,TRUE,FALSE,FALSE,1.40,,Biocop,10.00,FALSE,https://www.lepaindesfleurs.com/app/uploads/2025/08/lpdf-9299-sarrasin-150g-scan.png,g,,2.21,active
pan-crujiente-de-trigo-sarraceno,,,,,,,,Variante,300 g,,,,,,,,1758,300,shopify,0,deny,manual,6.98,,TRUE,TRUE,,,,,3380380047749,,,,,,,,,,,,,,,,,,,,,,,,,,,,https://www.lepaindesfleurs.com/app/uploads/2025/08/lpdf-9299-sarrasin-150g-scan.png,g,,4.25,active
stevia-molida-en-polvo-65-g,Stevia molida en polvo,"Stevia en polvo, un edulcorante natural para endulzar tus bebidas y recetas de forma saludable.",Artemis Bio,,Alimentos,"Bio, Vegano, Sin gluten, Sin lactosa, 65 g",TRUE,Title,Default Title,,,,,,,,470,65,shopify,6,deny,manual,4.95,,TRUE,TRUE,,,,,8428201320796,https://www.ecoplaza.es/26841-large_default/estevia-polvo-artemis-65-gr-eco.jpg,1,Stevia molida en polvo - Artemis Bio,FALSE,Stevia molida en polvo,"Stevia en polvo, un edulcorante natural para endulzar tus bebidas y recetas de forma saludable.",,,,TRUE,,2028-05-15,470,470,TRUE,TRUE,,,,TRUE,FALSE,TRUE,1.40,,ecoplaza,10.00,TRUE,,g,,2.92,active
c-rcuma-250-uds,Cúrcuma,,Aldous,,Suplementos,"Vegano, 250 uds",TRUE,Title,Default Title,,,,,,,,495,,shopify,2,deny,manual,39.95,,TRUE,TRUE,,,,,8437020622042,https://aldousbio.com/cdn/shop/files/1_MAIN_CF_-_CUR_ES.webp?v=1777461102&width=1200,1,Cúrcuma - Aldous,FALSE,Cúrcuma,,"No superar la dosis recomendada. Los complementos alimenticios no deben utilizarse como sustitutos de una dieta equilibrada. Se desaconseja el uso del producto en caso de alteraciones de la función hepática, biliar o de cálculos en las vías biliares. Si se están tomando medicamentos, es oportuno consultar con el médico. No utilizar durante el embarazo o la lactancia. Mantener fuera del alcance de los niños. Conservar en un lugar fresco y seco.",,,FALSE,,2028-02-01,495,495,TRUE,FALSE,Ingredientes activos: Cúrcuma ecológica: 1360 mg. Jengibre ecológico: 60 mg. Pimienta negra ecológica: 20 mg. Mix de probióticos: 2 × 10⁸ UFC.,"Polvo de cúrcuma ecológica (Curcuma longa L., rizoma), Cápsula de origen vegetal (Agente de recubrimiento: Hidroxipropilmetilcelulosa), Polvo de Jengibre ecológico (Zingiber Officinalle Roscoe, rizoma), Pimienta Negra ecológica en polvo (Piper nigrum L.), Mix de probióticos (Lactobacillus acidophilus LMG 8151, Bifidobacterium longum LMG 26652, Bifidobacterium bifidum LMG 25628, Bifidobacterium lactis LMG 18314).",,TRUE,FALSE,FALSE,1.40,,Aldous,10.00,TRUE,,,,17.48,active
cardo-mariano-150-uds,Cardo Mariano,,Aldous,,Suplementos,"Vegano, 150 uds",TRUE,Title,Default Title,,,,,,,,497,,shopify,3,deny,manual,39.95,,TRUE,TRUE,,,,,8437020622592,https://aldousbio.com/cdn/shop/files/cardo-mariano-con-alcachofa-curcuma-diente-de-leon-y-desmodium-8273157.webp?v=1751399659&width=1200,1,Cardo Mariano - Aldous,FALSE,Cardo Mariano,,"No superar la dosis diaria recomendada. Los complementos alimenticios no deben utilizarse como sustitutos de una dieta equilibrada. No utilizar durante el embarazo o la lactancia. Mantener fuera del alcance de los niños. En caso de alteraciones de la función hepática o biliar o de cálculos biliares no se recomienda su uso. No usar por períodos prolongados sin consultar a su médico. Si está tomando algún medicamento, debe buscar el consejo de su médico. Conservar en un lugar fresco y seco.",,,FALSE,,,497,497,TRUE,FALSE,**Ingredientes activos:** Cardo mariano: 250 mg. Extracto de alcachofa: 200 mg. Extracto de cúrcuma: 125 mg. Extracto de diente de león: 75 mg. Extracto de desmodio: 25 mg.,"Extracto de Cardo Mariano (Silybum marianum (L.) Gaertn.), Extracto de Alcachofa, Extracto de Curcuma Longa, Cápsula de origen vegetal (Agente de recubrimiento: Hidroxipropilmetilcelulosa, Extracto de raíz de Diente de León raíz, Extracto de Desmodium.",,TRUE,FALSE,FALSE,1.40,,,10.00,TRUE,,,,16.11,active
levadura-de-arroz-rojo-400-uds,Levadura de Arroz Rojo,"La potente combinación de Levadura de Arroz Rojo y Coenzima Q10 Aldous es la fórmula ideal para mantener un corazón sano y controlar los niveles de colesterol. La Levadura de Arroz Rojo ayuda a reducir el colesterol, respaldada por la combinación con Coenzima Q10, que también ayuda a mantener la salud del corazón y los músculos gracias a su poder antioxidante y su papel fundamental en la producción energética.",Aldous,,Suplementos,"Vegano, 400 uds",TRUE,Title,Default Title,,,,,,,,498,,shopify,0,deny,manual,26.95,,TRUE,TRUE,,,,,8437020622806,https://aldousbio.com/cdn/shop/files/levadura-de-arroz-rojo-con-coenzima-q10-6666957.webp?v=1751399647&width=832,1,Levadura de Arroz Rojo - Aldous,FALSE,Levadura de Arroz Rojo,"La potente combinación de Levadura de Arroz Rojo y Coenzima Q10 Aldous es la fórmula ideal para mantener un corazón sano y controlar los niveles de colesterol. La Levadura de Arroz Rojo ayuda a reducir el colesterol, respaldada por la combinación con Coenzima Q10, que también ayuda a mantener la salud del corazón y los","No debe ser consumido por mujeres embarazadas o lactantes, menores de 18 años ni mayores de 70 años. Producto vegano, reciclado y reciclable. No contiene plásticos. Fabricado en España. No GMO.",,"Los complementos alimenticios no deben utilizarse como sustitutos de una dieta variada y equilibrada. No superar la dosis diaria expresamente recomendada. Mantener fuera del alcance de los niños más pequeños.

La información contenida en nuestra web tiene carácter informativo y no puede ser considerada como sustitutiva de la prescripción, diagnóstico o tratamiento médico. Los resultados de los complementos nutricionales pueden variar en función de la persona, y el tiempo para obtener los beneficios indicados dependerá de cada caso.",FALSE,,2028-09-01,498,498,TRUE,FALSE,"52 mg de levadura de arroz rojo (2,99 mg de Monacolinas totales y 2,60 mg de Monacolina K).
10 mg de Coenzima Q10.","Agente de carga (celulosa microcristalina), levadura roja fermentada de arroz (5% monacolina k), fostato bicálcico dihidrato (agente de carga), coenzima Q10.",Tomar 1 comprimido al día con agua.,TRUE,FALSE,FALSE,1.40,,,10.00,TRUE,,,,13.96,active
magnesio-200-uds,Magnesio,,Aldous,,Suplementos,"Vegano, 200 uds",TRUE,Title,Default Title,,,,,,,,504,,shopify,13,deny,manual,29.95,,TRUE,TRUE,,,,,8437020622585,https://aldousbio.com/cdn/shop/files/citrato-de-magnesio-con-vitamina-c-b5-y-b6-8891506.webp?v=1751399662&width=1200,1,Magnesio - Aldous,FALSE,Magnesio,,"No superar la dosis diaria recomendada. Los complementos alimenticios no deben utilizarse como sustitutos de una dieta equilibrada. Si se están tomando medicamentos, es oportuno consultar con el médico. No utilizar durante el embarazo o la lactancia. Mantener fuera del alcance de los niños más pequeños. Conservar en un lugar fresco y seco.",,,FALSE,,,504,504,TRUE,FALSE,"Citrato de magnesio: 1500 mg, del cual magnesio elemental: 450 mg (120% VRN*). Vitamina C: 80 mg (100% VRN*). Vitamina B5: 6 mg (100% VRN*). Vitamina B6: 1,4 mg (100% VRN*).","Citrato de Magnesio, Cápsula de origen vegetal (Agente de recubrimiento: Hidroxipropilmetilcelulosa), Agente de carga: celulosa microcristalina, Vitamina C, Polvo de bambú (Bambusa vulgaris), ácido pantoténico (Vitamina B5) y Vitamina B6.",2 cápsulas por dosis diaria.,TRUE,FALSE,FALSE,1.40,,,10.00,TRUE,,,,16.36,active
biotina-complex-400-uds,Biotina Complex,,Aldous,,Suplementos,400 uds,TRUE,Title,Default Title,,,,,,,,505,,shopify,5,deny,manual,26.95,,TRUE,TRUE,,,,,8437020622455,https://aldousbio.com/cdn/shop/files/biotina-con-zinc-selenio-vitamina-d3-y-vitamina-e-3626358.webp?v=1751399664&width=1200,1,Biotina Complex - Aldous,FALSE,Biotina Complex,,"No superar la dosis diaria recomendada. Los complementos alimenticios no deben utilizarse como sustitutos de una dieta equilibrada. No utilizar durante el embarazo o la lactancia. Si se están tomando medicamentos, es oportuno consultar con su médico. Mantener fuera del alcance de los niños más pequeños. Solo para adultos. Conservar en un lugar fresco y seco.",,,FALSE,,2028-07-01,505,505,TRUE,FALSE,"Vitaminas y minerales: Biotina: 12.000 µg (24.000% VRN*). Zinc: 15 mg (150% VRN*). Selenio: 60 µg (109,09% VRN*). Vitamina D3: 50 µg (1.000% VRN*). Vitamina E: 25 mg (208,33% VRN*).","D-Biotina, Citrato de Zinc, Selenito de Sodio, Acetato D, L-Alfa-tocoferilo (Vitamina E), Colecalciferol (Vitamina D3), Agentes de Carga: celulosa microcristalina, Carbonato de Calcio.",1 comprimido al día,TRUE,FALSE,FALSE,1.40,,,10.00,FALSE,,,,16.00,active
only-whey-protein-zero,Only Whey Protein Zero,"ONLY WHEY ZERO, la nueva proteína de concentrado de suero sin lactosa de BIG®, elaborada con Lacprodan® SP-8011V Instant, uno de los mejores y más novedosos concentrados de suero del mercado, y con la patente Tolerase L-Lactasa®, una formulación con enzimas de lactasa que mejora significativamente la digestión de la lactosa contenida en el suero. Sin duda, un valor añadido que marca una diferencia para la mayoría de consumidores que busca una proteína en polvo de la más alta calidad.",Big Universal,,Deporte,"Sin lactosa, Cookies Ice Cream, 1 kg",TRUE,Variante,Cookies Ice Cream · 1 kg,,,,,,,,3845,1000,shopify,2,deny,manual,47.95,,TRUE,TRUE,,,,,8436621080718,https://bigsupps.site/cdn/shop/files/producto_OnlyWhey_cookieicecream_1kg_arla2025_500x600c.jpg?v=1756420375,1,Only Whey Protein Zero - Big Universal,FALSE,Only Whey Protein Zero,"ONLY WHEY ZERO, la nueva proteína de concentrado de suero sin lactosa de BIG®, elaborada con Lacprodan® SP-8011V Instant, uno de los mejores y más novedosos concentrados de suero del mercado, y con la patente Tolerase L-Lactasa®, una formulación con enzimas de lactasa que mejora significativamente la digestión de la la",,,,FALSE,,2028-06-01,3845,3845,TRUE,FALSE,,,,TRUE,FALSE,TRUE,1.40,,Big Universal,10.00,FALSE,https://bigsupps.site/cdn/shop/files/producto_OnlyWhey_cookieicecream_1kg_arla2025_500x600c.jpg?v=1756420375,g,,33.90,active
only-whey-protein-zero,,,,,,,,Variante,Brownie · 1 kg,,,,,,,,3843,1000,shopify,2,deny,manual,47.95,,TRUE,TRUE,,,,,8436621080763,,,,,,,,,,,,,,,,,,,,,,,,,,,,https://bigsupps.site/cdn/shop/files/producto_OnlyWhey_brownie_1kg_arla_500x600c_ccc2208e-82f1-44ae-a3d6-d2b0476940fc.jpg?v=1756420376,g,,33.90,active
only-whey-protein-zero,,,,,,,,Variante,Choco avellana · 1 kg,,,,,,,,549,1000,shopify,2,deny,manual,47.95,,TRUE,TRUE,,,,,8425252162603,,,,,,,,,,,,,,,,,,,,,,,,,,,,https://bigsupps.site/cdn/shop/files/producto_OnlyWhey_chocohazelnut_1kg_arla2025_500x600c_540x.jpg?v=1756420376,g,,25.65,active
only-whey-protein-zero,,,,,,,,Variante,Pink Cake · 1 kg,,,,,,,,3842,1000,shopify,1,deny,manual,47.95,,TRUE,TRUE,,,,,8425252161736,,,,,,,,,,,,,,,,,,,,,,,,,,,,https://bigsupps.site/cdn/shop/files/producto_MicellarCaseinToppings_pinkcakewhitechoco_1kg_arla2025_500x600c_540x.jpg?v=1756476231,g,,28.90,active
only-whey-protein-zero,,,,,,,,Variante,Choco blanco · 1 kg,,,,,,,,1130,1000,shopify,2,deny,manual,47.95,,TRUE,TRUE,,,,,8425252162641,,,,,,,,,,,,,,,,,,,,,,,,,,,,https://bigsupps.site/cdn/shop/files/producto_OnlyWhey_whitechoco_1kg_arla2025_500x600c_460x.jpg?v=1756420376,g,,26.70,active
only-whey-protein-zero,,,,,,,,Variante,Natillas · 1 kg,,,,,,,,3839,1000,shopify,4,deny,manual,47.95,,TRUE,TRUE,,,,,8436621083061,,,,,,,,,,,,,,,,,,,,,,,,,,,,https://bigsupps.site/cdn/shop/files/producto_OnlyWhey_natillas_1kg_arla2025_500x600c_460x.jpg?v=1756420376,g,,33.90,active
only-whey-protein-zero,,,,,,,,Variante,vainilla cream · 1KG,,,,,,,,1245,1000,shopify,2,deny,manual,47.95,,TRUE,TRUE,,,,,8425252200206,,,,,,,,,,,,,,,,,,,,,,,,,,,,https://bigsupps.site/cdn/shop/files/producto_OnlyWhey_vanillacream_1kg_arla2025_500x600c_540x.jpg?v=1756420376,g,,25.90,active
almendra-laminada-100-g,almendra laminada,,Sin marca,,FRUTOS SECOS,"Bio, Vegano, Sin lactosa, 100 g",TRUE,Title,Default Title,,,,,,,,616,100,shopify,7,deny,manual,3.95,,TRUE,TRUE,,,,,8437014360035,,,,FALSE,almendra laminada,,,"Puede contener trazas de otros frutos secos, cacahuete, sésamo y soja",,TRUE,,2026-03-01,616,616,TRUE,FALSE,,,,TRUE,FALSE,TRUE,1.40,,Bio comercio,10.00,TRUE,,g,,1.59,active
chips-de-coco-70-g,CHIPS DE COCO,,Sin marca,,PASTELERIA,"Bio, Vegano, 70 g",TRUE,Title,Default Title,,,,,,,,617,70,shopify,8,deny,manual,3.95,,TRUE,TRUE,,,,,8436560531760,,,,FALSE,CHIPS DE COCO,,,,,TRUE,,2026-11-01,617,617,TRUE,FALSE,,,,TRUE,FALSE,FALSE,1.40,,BIO comercio,10.00,TRUE,,g,,1.17,active
instant-oats,Instant Oats,"Instant Oats Premium Life Pro Fit Food es la harina de avena premium de Life Pro. Sus grandes beneficios nutricionales pueden disfrutarse en 9 deliciosos sabores diferentes, para que nadie se quede sin su favorito. Rico en carbohidratos, proteínas, fibra, vitaminas y minerales",Life PRO,,Deporte,"Cookies Choco Chips, 1.6 kg",TRUE,Variante,Cookies Choco Chips · 1.6 kg,,,,,,,,3810,1600,shopify,1,deny,manual,8.95,,TRUE,TRUE,,,,,8435635709721,https://www.lifepronutrition.com/4799-large_default/instant-oats-premium-life-pro-fit-food-16kg.jpg,1,Instant Oats - Life PRO,FALSE,Instant Oats,"Instant Oats Premium Life Pro Fit Food es la harina de avena premium de Life Pro. Sus grandes beneficios nutricionales pueden disfrutarse en 9 deliciosos sabores diferentes, para que nadie se quede sin su favorito. Rico en carbohidratos, proteínas, fibra, vitaminas y minerales",,,,FALSE,,2027-07-01,3810,3810,TRUE,FALSE,,,"Mezclar 100 g con 250 ml de agua, leche o zumo de frutas.",TRUE,FALSE,FALSE,1.40,,Life PRO,10.00,FALSE,https://www.lifepronutrition.com/4799-large_default/instant-oats-premium-life-pro-fit-food-16kg.jpg,g,,5.30,active
instant-oats,,,,,,,,Variante,Croissant · 1.6 kg,,,,,,,,3809,1600,shopify,1,deny,manual,8.95,,TRUE,TRUE,,,,,8435635709752,,,,,,,,,,,,,,,,,,,,,,,,,,,,https://www.lifepronutrition.com/3567-large_default/instant-oats-premium-life-pro-fit-food-16kg.jpg,g,,5.30,active
instant-oats,,,,,,,,Variante,Choco Monky · 1.6 kg,,,,,,,,803,1600,shopify,2,deny,manual,8.95,,TRUE,TRUE,,,,,8435635703637,,,,,,,,,,,,,,,,,,,,,,,,,,,,https://www.lifepronutrition.com/5812-large_default/life-pro-fit-food-instant-oats-premium-choco-monky-16kg.jpg,g,,4.47,active
instant-oats-premium,Instant Oats Premium,"Instant Oats Premium Life Pro Fit Food es la harina de avena premium de Life Pro. Sus grandes beneficios nutricionales pueden disfrutarse en 9 deliciosos sabores diferentes, para que nadie se quede sin su favorito. Rico en carbohidratos, proteínas, fibra, vitaminas y minerales",Life PRO,,Deporte,"Strawberry Cheescake, 1,6 kg",TRUE,Variante,"Strawberry Cheescake · 1,6 kg",,,,,,,,3807,1600,shopify,2,deny,manual,8.95,,TRUE,TRUE,,,,,7427029591778,https://www.lifepronutrition.com/5366-large_default/instant-oats-premium-life-pro-fit-food-16kg.jpg,1,Instant Oats Premium - Life PRO,FALSE,Instant Oats Premium,"Instant Oats Premium Life Pro Fit Food es la harina de avena premium de Life Pro. Sus grandes beneficios nutricionales pueden disfrutarse en 9 deliciosos sabores diferentes, para que nadie se quede sin su favorito. Rico en carbohidratos, proteínas, fibra, vitaminas y minerales",,,,FALSE,,2027-06-01,3807,3807,TRUE,FALSE,,,,TRUE,FALSE,FALSE,1.40,,Life PRO,10.00,FALSE,https://www.lifepronutrition.com/5366-large_default/instant-oats-premium-life-pro-fit-food-16kg.jpg,g,,5.30,active
instant-oats-premium,,,,,,,,Variante,Chocolate Blanco · 1.6 kg,,,,,,,,3808,1600,shopify,1,deny,manual,8.95,,TRUE,TRUE,,,,,7427029591792,,,,,,,,,,,,,,,,,,,,,,,,,,,,https://www.lifepronutrition.com/4802-large_default/instant-oats-premium-life-pro-fit-food-16kg.jpg,g,,5.30,active
instant-oats-premium,,,,,,,,Variante,Sin Sabor · 1.6 kg,,,,,,,,808,1600,shopify,1,deny,manual,8.95,,TRUE,TRUE,,,,,8435635703606,,,,,,,,,,,,,,,,,,,,,,,,,,,,https://www.lifepronutrition.com/4801-large_default/instant-oats-premium-life-pro-fit-food-16kg.jpg,g,,4.63,active
tasty-rice,Tasty Rice,"Tasty Rice de Life Pro es un complemento elaborado a base de harina de arroz pregelatinizada, que mantienen todas las propiedades y nutrientes del arroz, que permite preparar distintas cremas o recetas de forma cómoda y rápida.",Life PRO,,Deporte,"White Chocolate, 1 kg",TRUE,Variante,White Chocolate · 1 kg,,,,,,,,3813,1000,shopify,3,deny,manual,8.95,,TRUE,TRUE,,,,,7427116188423,https://www.lifepronutrition.com/5148-large_default/life-pro-tasty-rice-1kg.jpg,1,Tasty Rice - Life PRO,FALSE,Tasty Rice,"Tasty Rice de Life Pro es un complemento elaborado a base de harina de arroz pregelatinizada, que mantienen todas las propiedades y nutrientes del arroz, que permite preparar distintas cremas o recetas de forma cómoda y rápida.",,,,FALSE,,2027-07-01,3813,3813,TRUE,FALSE,,,,TRUE,FALSE,FALSE,1.40,,Life PRO,10.00,FALSE,https://www.lifepronutrition.com/5148-large_default/life-pro-tasty-rice-1kg.jpg,g,,4.90,active
tasty-rice,,,,,,,,Variante,Chocolate Dubai · 1 kg,,,,,,,,3811,1000,shopify,3,deny,manual,9.95,,TRUE,TRUE,,,,,8435635720788,,,,,,,,,,,,,,,,,,,,,,,,,,,,https://www.lifepronutrition.com/5324-large_default/life-pro-tasty-rice-1kg.jpg,g,,4.90,active
tasty-rice,,,,,,,,Variante,ProCao · 1 kg,,,,,,,,3815,1000,shopify,1,deny,manual,8.95,,TRUE,TRUE,,,,,8435635711090,,,,,,,,,,,,,,,,,,,,,,,,,,,,https://www.lifepronutrition.com/5322-large_default/life-pro-tasty-rice-1kg.jpg,g,,4.90,active
tasty-rice,,,,,,,,Variante,Choco Good Cookies · 1 kg,,,,,,,,3814,1000,shopify,1,deny,manual,8.95,,TRUE,TRUE,,,,,8435635711083,,,,,,,,,,,,,,,,,,,,,,,,,,,,https://www.lifepronutrition.com/5154-large_default/life-pro-tasty-rice-1kg.jpg,g,,4.90,active
tasty-rice,,,,,,,,Variante,Sin Sabor · 1 kg,,,,,,,,819,1000,shopify,2,deny,manual,7.95,,TRUE,TRUE,,,,,7427116188492,,,,,,,,,,,,,,,,,,,,,,,,,,,,https://www.lifepronutrition.com/5142-large_default/life-pro-fit-food-tasty-rice-1kg-neutra-new.jpg,g,,4.55,active
tasty-rice,,,,,,,,Variante,Choco Peanut · 1 kg,,,,,,,,3812,1000,shopify,1,deny,manual,8.95,,TRUE,TRUE,,,,,7427116188386,,,,,,,,,,,,,,,,,,,,,,,,,,,,https://www.lifepronutrition.com/5144-large_default/life-pro-tasty-rice-1kg.jpg,g,,4.90,active
piment-n-dulce-bio-75-g,Pimentón Dulce Bio,"Pimentón dulce ecológico de alta calidad, ideal para aportar sabor y color natural a tus platos.",Artemis Bio,,Alimentos,"Bio, Vegano, Sin gluten, Sin lactosa, 75 g",TRUE,Title,Default Title,,,,,,,,932,75,shopify,6,deny,manual,3.95,,TRUE,TRUE,,,,,8428201320789,https://www.ecoplaza.es/29084-large_default/pimenton-dulce-artemis-75-gr.jpg,1,Pimentón Dulce Bio - Artemis Bio,FALSE,Pimentón Dulce Bio,"Pimentón dulce ecológico de alta calidad, ideal para aportar sabor y color natural a tus platos.",,,,TRUE,,2027-05-15,932,932,TRUE,TRUE,,,,TRUE,FALSE,TRUE,1.40,,ecoplaza,10.00,TRUE,,g,,2.50,active
comino-molido-75-g,Comino Molido,"Comino molido de cultivo ecológico , perfecto para dar sabor natural y aromático a tus platos. Presentado en envase de 75 gramos.",Artemis Bio,,Alimentos,"Bio, Vegano, Sin lactosa, 75 g",TRUE,Title,Default Title,,,,,,,,933,75,shopify,7,deny,manual,5.95,,TRUE,TRUE,,,,,8428201321304,https://www.ecoplaza.es/29920-large_default/comino-molido-especias-artemis-75-gr.jpg,1,Comino Molido - Artemis Bio,FALSE,Comino Molido,"Comino molido de cultivo ecológico , perfecto para dar sabor natural y aromático a tus platos. Presentado en envase de 75 gramos.",,"contiene trazas de gluten, sésamo y mostaza",,TRUE,,2028-09-15,933,933,TRUE,FALSE,,Comino molido ecológico,,TRUE,FALSE,TRUE,1.40,,ecoplaza,10.00,TRUE,,g,,3.63,active
sazonador-barbacoa-45-g,Sazonador Barbacoa,,Artemis Bio,,Alimentos,"Bio, Vegano, 45 g",TRUE,Title,Default Title,,,,,,,,955,45,shopify,6,deny,manual,2.95,,TRUE,TRUE,,,,,8428201320567,https://www.ecoplaza.es/27871-large_default/sazonador-barbacoa-artemis-45-gr-bio.jpg,1,Sazonador Barbacoa - Artemis Bio,FALSE,Sazonador Barbacoa,,,,,TRUE,,2027-12-15,955,955,TRUE,FALSE,,Ingredientes: Pimienta Blanca.,,TRUE,FALSE,FALSE,1.40,,ecoplaza,10.00,TRUE,,g,,1.96,active
bcaa-pro-8-1-1-400-uds,BCAA Pro 8:1:1,"Los suplementos de Bcaas 8:1:1 han tomado el mercado por asalto, y Life Pro BCAA 8:1:1 es una de las mejores opciones. Se trata de una formulación en cápsulas de Bcaas en proporción 8:1:1, con los tres aminoácidos ramificados esenciales, es decir, leucina, isoleucina y valina. Estos aminoácidos contribuyen a la síntesis de los músculos y, además, ayudan a reducir la fatiga y a mejorar el rendimiento durante los entrenamientos, especialmente los de resistencia. Hay muchos suplementos en el mercado a base de Bcaas. El Life Pro BCAA 8:1:1 está formulado en cápsulas, lo cual lo diferencia de otros suplementos, ya que no hay que preocuparse por el sabor. Estas cápsulas, además, son muy fáciles de ingerir y digerir. Si estás interesado en adquirir un suplemento de Bcaas 8:1:1 de buena calidad y sin sabor, Life Pro BCAA 8:1:1 es una excelente opción.",LIFE Pro,,Deporte,"Vegano, 400 uds",TRUE,Title,Default Title,,,,,,,,998,,shopify,1,deny,manual,34.95,,TRUE,TRUE,,,,,8435635700315,https://www.lifeprocanarias.com/645-thickbox_default/life-pro-bcaa-pro-400-caps.jpg,1,BCAA Pro 8:1:1 - LIFE Pro,FALSE,BCAA Pro 8:1:1,"Los suplementos de Bcaas 8:1:1 han tomado el mercado por asalto, y Life Pro BCAA 8:1:1 es una de las mejores opciones. Se trata de una formulación en cápsulas de Bcaas en proporción 8:1:1, con los tres aminoácidos ramificados esenciales, es decir, leucina, isoleucina y valina. Estos aminoácidos contribuyen a la síntesi","Producto para uso en adultos. Los complementos alimenticios no deben utilizarse como sustitutos de una dieta equilibrada. Este producto no está diseñado para diagnosticar, tratar o prevenir ninguna enfermedad. No superar la dosis diaria expresamente recomendada. Mantener fuera del alcance de los niños más pequeños.","Fabricado en una instalación que procesa proteínas de leche, pescado, soja, huevo, y gluten.",,FALSE,,2027-01-01,998,998,TRUE,FALSE,PERFIL DE AMINOÁCIDOS. Aminoácidos. por 4 caps. por 8 caps. BCAAs Ratio 8.1.1 AMINOBOOST. 4 g. 8 g. L-leucina. 3200 mg. 6400 mg. L-isoleucina. 400 mg. 800 g. L-valina. 400 mg. 800 g.,"L-leucina, L-isoleucina, l-valina y antiaglomerante: estearato de magnesio. Cápsula (agente de recubrimiento: hidroxipropilmetilcelulosa).","Tomar 4 cápsulas después del entrenamiento y otras 4 cápsulas antes de acostarse, en total 8 capsulas diarias recomendadas",TRUE,FALSE,FALSE,1.40,,LIFE Pro,10.00,TRUE,,,,19.86,active
base-de-piza-trigo-de-espelta-390-g-3-x-130-g,Base de Piza,,Biocop,,Deporte,"Bio, Trigo de Espelta, 390 g ( 3 x 130 g)",TRUE,Title,Default Title,,,,,,,,1036,,shopify,12,deny,manual,3.95,,TRUE,TRUE,,,,,8423903054949,https://www.biocop.es/1578494-superlarge_default/BASEPIZZATESPELTAMASAFINABIOCOP390G.jpg,1,Base de Piza - Biocop,FALSE,Base de Piza,,,"Gluten
Trazas: Mostaza y derivados, Soja y derivados",,TRUE,Conservación: Mantener en lugar fresco y seco.,2026-09-27,1036,1036,TRUE,FALSE,"Información nutricional (por 100 g): Valor energético: 1163 kJ / 276 kcal. Grasas: 6,2 g, de las cuales saturadas: 0,9 g. Hidratos de carbono: 45 g, de los cuales azúcares: 1,2 g. Proteínas: 8,1 g. Fibra alimentaria: 3,9 g. Sal: 1,8 g.","Ingredientes: Harina de TRIGO ESPELTA* 52%, agua, Harina de TRIGO ESPELTA integral* 9%, aceite de oliva virgen extra* 5% sal, levadura, aroma natural de romero.* De agricultura biológica.","Uso: Colocar la base de pizza en una sartén, poner los ingredientes encima al gusto, tapar y calentar entre 3 y 5 minutos a fuego medio. La pizza estará lista para tomar en el momento que los ingredientes estén calientes, si se usa queso, cuando éste esté fundido.",TRUE,FALSE,FALSE,1.40,,Biocop,10.00,FALSE,,,,2.17,active
soja-amarilla-ecol-gica-en-grano-500-g,Soja Amarilla Ecológica en Grano,"Soja amarilla ecológica en grano, rica en proteínas vegetales y fibra, ideal para dietas veganas y sin gluten.",Biocop,,Alimentos,"Bio, Vegano, Sin gluten, Sin lactosa, 500 g",TRUE,Title,Default Title,,,,,,,,1038,500,shopify,12,deny,manual,2.95,,TRUE,TRUE,,,,,8423903000472,https://www.herbolariosaludnatural.com/cdn/shop/files/34152.jpg,1,Soja Amarilla Ecológica en Grano - Biocop,FALSE,Soja Amarilla Ecológica en Grano,"Soja amarilla ecológica en grano, rica en proteínas vegetales y fibra, ideal para dietas veganas y sin gluten.",,Soja y derivados,,TRUE,Uso: Dejar en remojo durante unas horas. Cambiar el agua y cocer con un trozo de alga kombu durante 2 horas.,2026-12-30,1038,1038,TRUE,TRUE,"Valor energético: 1867 kJ / 446 kcal. Fibra alimentaria: 9,3 g. Proteínas: 36,5 g. Sal: 0,005 g. Grasas: 19,90 g, de las cuales saturadas: 2,9 g. Hidratos de carbono: 30,2 g, de los cuales azúcares: 7,3 g.",,,TRUE,FALSE,TRUE,1.40,Referencias específicas: EAN13: 1842390300047. U/c: 6.,,10.00,TRUE,,g,,1.65,active
mezcla-para-postres-500-g,Mezcla para Postres,,Bio Vitagral,,Alimentos,"Bio, Vegano, Sin gluten, 500 g",TRUE,Title,Default Title,,,,,,,,1057,500,shopify,3,deny,manual,3.95,,TRUE,TRUE,,,,,8000454810103,https://www.biocop.es/1578360-medium_default_2x/MEZCLAPOSTRESSGBIOVITAGRAL500G.jpg,1,Mezcla para Postres - Bio Vitagral,FALSE,Mezcla para Postres,,,,,TRUE,,2026-12-10,1057,1057,TRUE,TRUE,"Información nutricional (por 100 g): Valor energético: 1527 kJ / 360 kcal. Grasas: 0,7 g. Hidratos de carbono: 84 g. Proteínas: 3,6 g. Fibra alimentaria: 1,5 g. Sal: <0,01 g.","Ingredientes: Harina de maíz*, harina de arroz*,almidón de maíz*, almidón de tapioca*, corrector de acidez: ácido cítrico gasificante: bicarbonato de sodio,aroma natural de vainilla.",Uso: Mezcla lista para elaborar exquisitos postres sin gluten. Ver receta sugerida en el envase.,TRUE,FALSE,FALSE,1.40,,,10.00,TRUE,,g,,2.38,active
multivitaminas-gummies-mora-120-uds,Multivitaminas Gummies,"La formulación avanzada del Multivitamínico Aldous en gominola es una opción cómoda y sencilla de consumir las vitaminas y minerales esenciales. Se presenta en un formato fácil de tomar con sabor a mora, aromas naturales y un bajo contenido en azúcar. No contiene gelatina ni excipientes.",Aldous,,Suplementos,"Mora, 120 uds",TRUE,Title,Default Title,,,,,,,,1164,,shopify,2,deny,manual,24.95,,TRUE,TRUE,,,,,8437020622691,https://aldousbio.com/cdn/shop/files/multivitaminas-en-gominolas-4616428.webp?v=1751399649&width=832,1,Multivitaminas Gummies - Aldous,FALSE,Multivitaminas Gummies,"La formulación avanzada del Multivitamínico Aldous en gominola es una opción cómoda y sencilla de consumir las vitaminas y minerales esenciales. Se presenta en un formato fácil de tomar con sabor a mora, aromas naturales y un bajo contenido en azúcar. No contiene gelatina ni excipientes.",Los complementos alimenticios no deben utilizarse como sustitutos de una dieta equilibrada y variada ni de un estilo de vida saludable. No superar la dosis diaria recomendada. Solo recomendado para adultos. Mantener fuera del alcance de los niños más pequeños.,,,FALSE,,,1164,1164,TRUE,FALSE,"Por 2 gominolas:

Vitamina C (24 mg), Vitamina E (10 mg), Zinc (3 mg), Vitamina B5 (2,5 mg), Vitamina B6 (0,58 mg), Vitamina A (666,67 µg), Ácido Fólico (166,67 µg), Yodo (62,5 µg), Biotina (41,67 µg), Vitamina D (4,17 µg), Vitamina B12 (2,08 µg), Colina (0,02 µg).","Jarabe de glucosa, azúcar, agua, gelificante (pectina), acidulante (ácido cítrico), vitamina E (acetato de DL-alfa-tocoferilo), vitamina C (ácido L-ascórbico), maltodextrina, colorante (antocianinas), corrector de acidez (citrato trisódico),citrato de zinc, aceite de coco, aromas naturales, vitamina A (acetato de retinilo), yoduro de potasio, ácido pantoténico (D-pantotenato cálcico), vitamina D (ergocalciferol), antiaglomerante (cera de carnauba), vitamina B6 (clorhidrato de piridoxina), vitamina B12 (cianocobalamina), folato (ácido pteroilmonoglutámico), D-biotina, bitartrato de colina.",Se recomienda tomar dos gominolas al día.,TRUE,FALSE,FALSE,1.40,,,10.00,FALSE,,,,13.50,active
sopa-juliana-125-g,Sopa Juliana,"Sopa Juliana deshidratada de 125 gramos, perfecta para preparar un plato tradicional y nutritivo con verduras variadas.",BIONSAN,,Alimentos,125 g,TRUE,Title,Default Title,,,,,,,,1189,125,shopify,1,deny,manual,3.95,,TRUE,TRUE,,,,,8436015597297,https://bionsan.com/wp-content/uploads/2024/02/SOPA-JULIANA-1-1000x1000.png,1,Sopa Juliana - BIONSAN,FALSE,Sopa Juliana,"Sopa Juliana deshidratada de 125 gramos, perfecta para preparar un plato tradicional y nutritivo con verduras variadas.",,"Contiene apio. Puede contener trazas de gluten, soja, frutos secos y sésamo.",,FALSE,,2026-09-01,1189,1189,TRUE,FALSE,"por cada 100gr: 
Energía: 460kj/110kcal
Proteína: 5g
Grasa: 8,2g; de las cuales saturadas: 1,5g
Hidratos de carbono: 4,5g; de los cuales azúcares: 3,2g
Fibra: 65g
Sal: 1g","Zanahoria* (41%), cebolla* (41%), apio* (8%), espinacas* (8%), perejil* (2%). *Procedente de cultivo ecológico.","Se recomienda para 1 plato, poner a hervir 1/2 litro de agua, dos cucharadas de Sopa Juliana y dejar hervir durante 25 minutos. Sazonar al gusto. También pueden prepararse deliciosas sopas añadiendo arroz, pasta de sopa, etc.",TRUE,FALSE,FALSE,1.40,,,10.00,FALSE,,g,,2.33,active
creatina-monohidrato-en-polvo-150-g,Creatina Monohidrato en polvo,El monohidrato de creatina de HSN. 100% pura. Sin añadidos. En polvo micronizado fino (estándar) de 200 mesh. Fácil suspensión. Sin sabor. Libre de compuestos indeseados (DCD o DHT) – Cuenta con análisis de laboratorio externo que lo certifica. Prueba el complemento alimenticio número 1 en investigación científica.,HSN,,Deporte,"Vegano, Sin gluten, Sin lactosa, 150 g",TRUE,Title,Default Title,,,,,,,,1203,150,shopify,1,deny,manual,8.95,,TRUE,TRUE,,,,,5060326271701,https://www.hsnstore.com/media/catalog/product/cache/5a15c5988afb4929a2501169a37460ec/c/r/creatine-monohydrate-200-mesh-150g-front-v5-hsn_1_1.webp,1,Creatina Monohidrato en polvo - HSN,FALSE,Creatina Monohidrato en polvo,El monohidrato de creatina de HSN. 100% pura. Sin añadidos. En polvo micronizado fino (estándar) de 200 mesh. Fácil suspensión. Sin sabor. Libre de compuestos indeseados (DCD o DHT) – Cuenta con análisis de laboratorio externo que lo certifica. Prueba el complemento alimenticio número 1 en investigación científica.,"Conservar en un lugar fresco (por debajo de 25ºC), seco y oscuro. No superar la dosis diaria expresamente recomendada. Mantener fuera del alcance de los niños más pequeños. Los complementos alimenticios no deben utilizarse como sustitutos de una dieta equilibrada. Las equivalencias dosificador/cantidad de producto (gramos o miligramos) son orientativas, ya que la densidad de los productos en polvo puede variar entre sabores y lotes. Recomendamos utilizar una báscula para aquellos casos que requieran de dosificaciones precisas. Es necesario mantener una dieta variada y equilibrada y un estilo de vida saludable.",,,FALSE,,,1203,1203,TRUE,TRUE,Cantidad de nutrientes. Por dosis diaria. Monohidrato de creatina. 3412 mg. Creatina. 3000 mg.,https://www.hsnstore.com/media/catalog/product/cache/5a15c5988afb4929a2501169a37460ec/c/r/creatine-monohydrate-200-mesh-150g-front-v5-hsn_1_1.webp,"Mezclar 1/2 dosificador de 10ml (3,4g aprox.) en 200-250ml de agua, zumo o batido de proteínas. Tomar 1 vez al día.",TRUE,FALSE,TRUE,1.40,,HSN,10.00,TRUE,,g,,3.16,active
creatina-excell-150-g,Creatina Excell,Monohidrato de Creatina puro. 100% Materia prima Creapure® - Patente de Alzchem Trostberg GmbH. Con identificativo de autenticidad HSN: 18HR11. Libre de contaminantes y sustancias indeseadas durante el proceso de síntesis: Sin DCD ni DHT. El complemento alimenticio #1 del mundo con la patente más conocida internacionalmente.,HSN,,Deporte,"Vegano, Sin gluten, Sin lactosa, 150 g",TRUE,Title,Default Title,,,,,,,,1216,150,shopify,1,deny,manual,14.95,,TRUE,TRUE,,,,,5060326275266,https://www.hsnstore.com/media/catalog/product/cache/5a15c5988afb4929a2501169a37460ec/c/r/creatine-excell-creapure-500g-front-hsn_1.webp,1,Creatina Excell - HSN,FALSE,Creatina Excell,Monohidrato de Creatina puro. 100% Materia prima Creapure® - Patente de Alzchem Trostberg GmbH. Con identificativo de autenticidad HSN: 18HR11. Libre de contaminantes y sustancias indeseadas durante el proceso de síntesis: Sin DCD ni DHT. El complemento alimenticio #1 del mundo con la patente más conocida internacional,"Conservar en un lugar fresco (por debajo de 25ºC), seco y oscuro. No superar la dosis diaria expresamente recomendada. Mantener fuera del alcance de los niños más pequeños. Los complementos alimenticios no deben utilizarse como sustitutos de una dieta equilibrada. Las equivalencias dosificador/cantidad de producto (gramos o miligramos) son orientativas, ya que la densidad de los productos en polvo puede variar entre sabores y lotes. Recomendamos utilizar una báscula para aquellos casos que requieran de dosificaciones precisas. Es necesario mantener una dieta variada y equilibrada y un estilo de vida saludable.",,,FALSE,,2027-10-01,1216,,TRUE,TRUE,Cantidad de nutrientes. Por dosis diaria. Monohidrato de creatina. 3412 mg. Creatina. 3000 mg.,Monohidrato de creatina,"Mezclar 1/2 dosificador de 10ml (3,4g aprox.) en 200-250ml de agua, zumo o batido de proteínas, tomar 1 vez al día.",TRUE,FALSE,TRUE,1.40,,HSN,10.00,TRUE,,g,,7.19,active
citrulina-malato,Citrulina Malato,Life Pro Citrulina Malato de Life Pro es un suplemento nutricional que consigue optimizar el rendimiento muscular a través de un incremento del flujo sanguíneo y una mejora en el transporte de nutrientes a las células musculares. Incrementa atributos como la fuerza o la resistencia.,LIFE Pro,,Deporte,"Ultra Green, 300 g",TRUE,Variante,Ultra Green · 300 g,,,,,,,,1281,300,shopify,3,deny,manual,22.00,,TRUE,TRUE,,,,,8435635710741,https://www.lifepronutrition.com/3506-large_default/life-pro-citrulina-malato-300gr-7289.jpg,1,Citrulina Malato - LIFE Pro,FALSE,Citrulina Malato,Life Pro Citrulina Malato de Life Pro es un suplemento nutricional que consigue optimizar el rendimiento muscular a través de un incremento del flujo sanguíneo y una mejora en el transporte de nutrientes a las células musculares. Incrementa atributos como la fuerza o la resistencia.,,,,FALSE,,2026-05-01,1281,1281,TRUE,FALSE,,,,TRUE,FALSE,FALSE,1.40,,LIFE Pro,10.00,FALSE,https://www.lifepronutrition.com/3506-large_default/life-pro-citrulina-malato-300gr-7289.jpg,g,,11.90,active
citrulina-malato,,,,,,,,Variante,Frutos Rojos · 300 g,,,,,,,,1282,300,shopify,3,deny,manual,22.00,,TRUE,TRUE,,,,,8425402167946,,,,,,,,,,,,,,,,,,,,,,,,,,,,https://www.lifepronutrition.com/465-large_default/life-pro-citrulina-malato-300gr-7289.jpg,g,,11.90,active
olivas-verdes-gigantes-550-g,Olivas Verdes Gigantes,,Bio Organica Italia,,Alimentos,"Bio, Vegano, 550 g",TRUE,Title,Default Title,,,,,,,,1307,550,shopify,9,deny,manual,5.75,,TRUE,TRUE,,,,,8029689003784,https://www.biorganicaitalia.it/wp-content/uploads/2018/06/Bio-Olive-verdi-BdC-in-salamoia-550-g.png,1,Olivas Verdes Gigantes - Bio Organica Italia,FALSE,Olivas Verdes Gigantes,,,,,TRUE,,2029-05-01,1307,1307,TRUE,FALSE,,"Aceitunas verdes, agua, sal, regulador de acidez: ácido cítrico.",,TRUE,FALSE,FALSE,1.40,,,10.00,TRUE,,g,,3.42,active
galletas-de-espelta-canela-250-g,Galletas de Espelta,"En esta fragante receta, la espelta integral y la canela dulce dan vida a estas fabulosas galletas sin azúcares añadidos que, gracias a las materias primas utilizadas, son excelentes en todos los sentidos. Sin azúcares añadidos, sin renuncias, sin remordimientos.",sottolestelle,,Alimentos,"Vegano, Sin lactosa, Canela, 250 g",TRUE,Title,Default Title,,,,,,,,1313,250,shopify,8,deny,manual,3.95,,TRUE,TRUE,,,,,8032454002165,https://shop.sottolestelle.com/data/prod/orig/senza-zuccheri-galletas-de-espelta-con-canela-sin-azucar-16801_1432-1878.png?1720426888,1,Galletas de Espelta - sottolestelle,FALSE,Galletas de Espelta,"En esta fragante receta, la espelta integral y la canela dulce dan vida a estas fabulosas galletas sin azúcares añadidos que, gracias a las materias primas utilizadas, son excelentes en todos los sentidos. Sin azúcares añadidos, sin renuncias, sin remordimientos.",,"El producto contiene: Gluten. El producto puede contener trazas de: Frutos de cáscara, Mostaza, Semillas de sésamo, Soja.",,FALSE,,2027-05-06,1313,1313,TRUE,FALSE,"Información nutricional (por 100 g): Valor energético: 1613 kJ / 385 kcal. Grasas: 16,2 g, de las cuales saturadas (AGS): 4,4 g. Hidratos de carbono: 61,4 g, de los cuales azúcares: 0,6 g. Fibra: 6,2 g. Proteínas: 8,3 g. Sal: 0,03 g. Manganeso: 0 g. Fósforo: 0 g. Magnesio: 0 g. Vitamina B6: 0 g. Tiamina: 0 g.","harina integral de trigo espelta*, harina de arroz*, margarina vegetal* (aceite de girasol*, manteca de karité*, agua, aroma natural de té verde), eritritol*, canela*, carbonatos de sodio, carbonatos de amonio, inulina*
*Agricultura biológica",,TRUE,FALSE,TRUE,1.40,,,10.00,TRUE,,g,,2.92,active
caseina-micellar-stracciatella-1-kg,Caseina Micellar,"MICELLAR CASEIN special edition with Toppings de BIG® es una caseína micelar de la más alta calidad hecha a base de Lacprodan® de Arla® Foods Ingredients, elaborada a partir de suero lácteo fresco y nutricionalmente equilibrado.",Big Universal,,Deporte,"Stracciatella, 1 kg",TRUE,Title,Default Title,,,,,,,,1350,1000,shopify,1,deny,manual,39.95,,TRUE,TRUE,,,,,8425252160852,https://bigsupps.site/cdn/shop/files/producto_MicellarCaseinToppings_stracciatella_1kg_arla2025_500x600c_460x.jpg?v=1756476231,1,Caseina Micellar - Big Universal,FALSE,Caseina Micellar,"MICELLAR CASEIN special edition with Toppings de BIG® es una caseína micelar de la más alta calidad hecha a base de Lacprodan® de Arla® Foods Ingredients, elaborada a partir de suero lácteo fresco y nutricionalmente equilibrado.","Advertencias: Puede contener trazas de gluten, pescado, cacahuete y frutos de cáscara (avellana). Producto para uso en adultos.",,,FALSE,,2028-02-01,1350,1350,TRUE,FALSE,"Valor energético: 1540.74 kJ / 368.6 kcal (100 g), 462.27 kJ / 110.59 kcal (30 g). Grasas: 3.86 g (100 g), 1.16 g (30 g), de las cuales saturadas: 2.39 g (100 g), 0.72 g (30 g). Hidratos de carbono: 7.29 g (100 g), 2.19 g (30 g), de los cuales azúcares: 6.74 g (100 g), 2.02 g (30 g). Fibra: 0.33 g (100 g), 0.1 g (30 g). Proteínas: 76.0 g (100 g), 22.8 g (30 g). Sal: 0.36 g (100 g), 0.11 g (30 g)","aseína Micelar, sabor Stracciatella. Alimento en polvo a base de proteínas con azúcar y edulcorantes.

Ingredientes: Aislado de caseína micelar natural Lacprodan MicelPure® (LECHE) (71.30%), Concentrado de proteína de suero de LECHE Lacprodan® SP-8011V Instant (contiene lecitina de SOJA, como emulgente) (20%), Trocitos planos de chocolate negro (azúcar, pasta de cacao, manteca de cacao, cacao desgrasado en polvo, agente de recubrimiento (E-553b), emulgente (E-322) y aroma natural (vainilla)) (8%), Aromas, espesante (goma xantana), edulcorante (glucósidos de esteviol procedentes de estevia), sal, edulcorante (Sucralosa).","Modo de empleo: Añadir 1 cacito (30g) y mezclar con 300-350ml de agua o leche desnatada (para un batido más espeso utilice menos líquido, para uno más ligero use más). Para mejores resultados vierta primero el líquido y a continuación el producto en un agitador o mezclador. Tomar inmediatamente tras la preparación. Consumir antes de dormir.",TRUE,FALSE,FALSE,0.00,,Big Universal,0.00,FALSE,,g,,27.30,active
chocolate-negro-92-80-g,Chocolate Negro 92%,"Barra de chocolate ""alto porcentaje"". El uso de cacao panamá de primera calidad le da un sabor muy suave a pesar de su alto contenido de cacao, que es del 92%. El refinamiento con un ligero sabor a azúcar de flor de coco lo convierte en un punto destacado para los amantes del chocolate.",Vivari,,Alimentos,"Bio, Vegano, 80 g",TRUE,Title,Default Title,,,,,,,,1457,80,shopify,10,deny,manual,4.95,,TRUE,TRUE,,,,,4044889002249,https://vivani.de/wp-content/uploads/2018/06/fine-dark-92-percent-cocoa-coconut-blossom-sugar-vegan-vivani-organic-chocolate.png,1,Chocolate Negro 92% - Vivari,FALSE,Chocolate Negro 92%,"Barra de chocolate ""alto porcentaje"". El uso de cacao panamá de primera calidad le da un sabor muy suave a pesar de su alto contenido de cacao, que es del 92%. El refinamiento con un ligero sabor a azúcar de flor de coco lo convierte en un punto destacado para los amantes del chocolate.",,,,TRUE,,2028-05-01,1457,1457,TRUE,FALSE,"Información nutricional por 100 g: Valor energético: 2733 kJ / 653 kcal. Grasas: 60 g, de las cuales saturadas: 37 g. Hidratos de carbono: 13 g, de los cuales azúcares: 7 g. Proteínas: 10 g. Sal: 0,03 g.","masa de cacao*, manteca de cacao*, azúcar de flor de coco* 7 %

Sólidos de cacao: mínimo
92 % Puede contener componentes de frutos secos, leche y gluten.
*de agricultura
ecológica DE-ÖKO-013",,TRUE,FALSE,FALSE,1.40,,,10.00,TRUE,,g,,2.84,active
pan-tostado,Pan tostado,,Arrasate,,Alimentos,"Bio, Integral, 270 g",TRUE,Variante,Integral · 270 g,,,,,,,,1514,270,shopify,2,deny,manual,2.95,,TRUE,TRUE,,,,,8437005258037,https://arrasate.es/wp-content/uploads/2025/10/INTEGRAL.jpg,1,Pan tostado - Arrasate,FALSE,Pan tostado,,,,,TRUE,,2027-01-09,1514,1514,TRUE,FALSE,,,,TRUE,FALSE,FALSE,1.40,,Arrasate,10.00,FALSE,https://arrasate.es/wp-content/uploads/2025/10/INTEGRAL.jpg,g,,1.93,active
pan-tostado,,,,,,,,Variante,Integral con Lino · 270 g,,,,,,,,1516,270,shopify,2,deny,manual,3.95,,TRUE,TRUE,,,,,8437005258020,,,,,,,,,,,,,,,,,,,,,,,,,,,,https://arrasate.es/wp-content/uploads/2025/10/INTEGRAL-CON-LINO.jpg,g,,2.06,active
pan-tostado,,,,,,,,Variante,Espelta · 270 g,,,,,,,,1513,270,shopify,2,deny,manual,4.75,,TRUE,TRUE,,,,,8437005258051,,,,,,,,,,,,,,,,,,,,,,,,,,,,https://arrasate.es/wp-content/uploads/2025/10/ESPELTA.jpg,g,,3.05,active
pan-tostado,,,,,,,,Variante,Multicereales · 270 g,,,,,,,,1517,270,shopify,2,deny,manual,3.35,,TRUE,TRUE,,,,,8437005258044,,,,,,,,,,,,,,,,,,,,,,,,,,,,https://arrasate.es/wp-content/uploads/2025/10/MULTICEREALES.jpg,g,,2.13,active
sweet-dream-caseina-micellar-speculoos-1-kg,Sweet Dream Caseina Micellar,"Sweet Dream de BIG® es una caseína micelar de la más alta calidad hecha a base de Lacprodan® de Arla® Foods Ingredients, elaborada a partir de suero lácteo fresco y nutricionalmente equilibrado y con un añadido extra de péptidos de triptófano para mejorar la calidad del sueño.",Big Universal,,Deporte,"Speculoos, 1 kg",TRUE,Title,Default Title,,,,,,,,1558,1000,shopify,2,deny,manual,39.95,,TRUE,TRUE,,,,,8425252156374,https://bigsupps.site/cdn/shop/files/producto_SweetDream_0noflavour_1kg_arla2025_500x600a_460x.jpg?v=1754559737,1,Sweet Dream Caseina Micellar - Big Universal,FALSE,Sweet Dream Caseina Micellar,"Sweet Dream de BIG® es una caseína micelar de la más alta calidad hecha a base de Lacprodan® de Arla® Foods Ingredients, elaborada a partir de suero lácteo fresco y nutricionalmente equilibrado y con un añadido extra de péptidos de triptófano para mejorar la calidad del sueño.","Advertencias: Los complementos alimenticios no deben utilizarse como sustitutos de una dieta variada y equilibrada ni de un modo de vida sano. No superar la dosis diaria expresamente recomendada. Mantener fuera del alcance de los niños más pequeños. Puede contener trazas de cereales que contienen gluten, huevo y pescado. Conservar en lugar fresco y seco. Consumir preferentemente antes del fin de: ver lote o base del envase.",,,FALSE,,2028-03-01,1558,1558,TRUE,FALSE,"Valor energético: 1486.39 kJ / 355.59 kcal (100 g), 445.96 kJ / 106.69 kcal (30 g). Grasas: 1.97 g (100 g), 0.59 g (30 g), de las cuales saturadas: 1.22 g (100 g), 0.37 g (30 g). Hidratos de carbono: 7.29 g (100 g), 2.19 g (30 g), de los cuales azúcares: 2.25 g (100 g), 0.68 g (30 g). Fibra alimentaria: 0.03 g (100 g), 0.01 g (30 g). Proteínas: 77.15 g (100 g), 23.15 g (30 g). Sal: 0.23 g (100 g), 0.07 g (30 g). L-triptófano: 687 mg (100 g), 206 mg (30 g).","SWEET DREAM. Complemento alimenticio a base de proteínas y L-Triptófano con edulcorantes.

Ingredientes: Aislado de caseína micelar natural Lacprodan MicelPure® (leche) (72.28%), Concentrado de proteína de suero de leche Lacprodan® SP-8011V Instant (contiene lecitina de soja, como emulgente) (20%), Aromas, canela en polvo (Cinnamomum zeylanicum), L-Triptófano, espesante (goma xantana), edulcorantes (glucósidos de esteviol procedentes de estevia, Sucralosa).","Modo de empleo: Añadir 2 cacitos (30g) y mezclar con aproximadamente 300-350 ml de agua o leche desnatada (para un batido más espeso utilice menos líquido, para uno más ligero, añada más). Para mejores resultados, vierta primero el líquido y a continuación el polvo en un agitador o mezclador. Una vez mezclado tomar inmediatamente. Tomar preferiblemente antes de dormir.",TRUE,FALSE,FALSE,1.40,,Big Universal,10.00,FALSE,,g,,28.23,active
sal-marina-virgen-ecol-gica-200-g,Sal Marina Virgen Ecológica,Sal marina virgen ecológica de calidad premium.,BioSalt,,Alimentos,"Bio, Vegano, Sin lactosa, 200 g",TRUE,Title,Default Title,,,,,,,,1619,200,shopify,4,deny,manual,1.95,,TRUE,TRUE,,,,,8436606272138,https://biosaltpearls.com/wp-content/uploads/2022/11/biosalt-tarrina-fina-individual-200g.jpg,1,Sal Marina Virgen Ecológica - BioSalt,FALSE,Sal Marina Virgen Ecológica,Sal marina virgen ecológica de calidad premium.,,,,TRUE,,2028-06-22,1619,1619,TRUE,FALSE,,,,TRUE,FALSE,TRUE,1.40,,BioSalt,10.00,TRUE,,g,,0.95,active
psyllium-125-g,Psyllium,,El Granero,,Alimentos,125 g,TRUE,Title,Default Title,,,,,,,,1833,125,shopify,6,deny,manual,7.95,,TRUE,TRUE,,,,,8422584041392,https://online.feliubadalo.com/media/catalog/product/cache/f75e6dadd73bb61b5e5f01634188bee9/2/3/235110.jpg,1,Psyllium - El Granero,FALSE,Psyllium,,,,,FALSE,,2027-11-01,1833,1833,TRUE,FALSE,,,,TRUE,FALSE,FALSE,1.40,,El Granero,10.00,FALSE,,g,,4.08,active
garam-masala-25-g,Garam Masala,"Es la mezcla de especias básica para iniciarse en los secretos de la cocina india. Combina bien con carnes, pescados, verduras, etc.
Ingredientes: Canela, Cilantro, Cardamomo, Nuez moscada, Laurel, Alholcas, Pimienta negra, Comino, Jengibre, Clavo.",Artemis Bio,,Alimentos,"Bio, Vegano, Sin lactosa, 25 g",TRUE,Title,Default Title,,,,,,,,1835,25,shopify,3,deny,manual,2.95,,TRUE,TRUE,,,,,8428201320734,https://www.ecoplaza.es/26844-large_default/garam-masala-especias-artemis-25-gr-bio.jpg,1,Garam Masala - Artemis Bio,FALSE,Garam Masala,"Es la mezcla de especias básica para iniciarse en los secretos de la cocina india. Combina bien con carnes, pescados, verduras, etc.
Ingredientes: Canela, Cilantro, Cardamomo, Nuez moscada, Laurel, Alholcas, Pimienta negra, Comino, Jengibre, Clavo.",,,,TRUE,,2028-05-15,1835,1835,TRUE,FALSE,,,,TRUE,FALSE,TRUE,1.40,,ecoplaza,10.00,TRUE,,g,,1.85,active
only-whey-protein-zero-pink-cake-1-kg-2,Only Whey Protein Zero,"ONLY WHEY ZERO, la nueva proteína de concentrado de suero sin lactosa de BIG®, elaborada con Lacprodan® SP-8011V Instant, uno de los mejores y más novedosos concentrados de suero del mercado, y con la patente Tolerase L-Lactasa®, una formulación con enzimas de lactasa que mejora significativamente la digestión de la lactosa contenida en el suero. Sin duda, un valor añadido que marca una diferencia para la mayoría de consumidores que busca una proteína en polvo de la más alta calidad.",Big Universal,,Deporte,"Sin lactosa, Pink cake, 1 kg",TRUE,Title,Default Title,,,,,,,,1846,1000,shopify,2,deny,manual,47.95,,TRUE,TRUE,,,,,8425252162627,https://bigsupps.site/cdn/shop/files/producto_OnlyWhey_pinkcake_1kg_arla2025_500x600c_540x.jpg?v=1756420376,1,Only Whey Protein Zero - Big Universal,FALSE,Only Whey Protein Zero,"ONLY WHEY ZERO, la nueva proteína de concentrado de suero sin lactosa de BIG®, elaborada con Lacprodan® SP-8011V Instant, uno de los mejores y más novedosos concentrados de suero del mercado, y con la patente Tolerase L-Lactasa®, una formulación con enzimas de lactasa que mejora significativamente la digestión de la la","Advertencias: Los complementos alimenticios no deben utilizarse como sustitutos de una dieta variada y equilibrada ni de un modo de vida sano. Este producto no está diseñado para diagnosticar, tratar o prevenir ninguna enfermedad. No superar la dosis diaria expresamente recomendada. Mantener fuera del alcance de los niños más pequeños. Una dieta variada y equilibrada y un estilo de vida saludables son importantes. Producto para uso en adultos. Puede contener trazas de gluten, pescado, cacahuete y frutos de cáscara (avellana).",,,FALSE,,2028-06-01,1846,1846,TRUE,FALSE,"Información nutricional (por 30 g): Valor energético: 495,9 kJ / 118,64 kcal. Grasas: 1,75 g, de las cuales saturadas: 1,12 g. Hidratos de carbono: 2,75 g, de los cuales azúcares: 1,84 g. Fibra: 0,01 g. Proteínas: 22,96 g. Sal: 0,16 g.

Ingredientes activos (por 30 g): Lacprodan® SP-8011V Instant (concentrado de proteína de suero lácteo): 28,7 g. Tolerase® L (enzima lactasa): 22,5 mg (2250 ALU).

Perfil de aminoácidos (por 100 g de producto): L-Leucina: 10,62 g. L-Isoleucina: 6,31 g. L-Valina: 5,84 g. BCAA totales: 22,77 g. Ácido L-Aspártico: 11,9 g. Ácido L-Glutámico: 17,51 g. L-Serina: 5,36 g. L-Glicina: 1,82 g. L-Histidina: 1,82 g. L-Arginina: 2,49 g. L-Treonina: 7,75 g. L-Alanina: 5,26 g. L-Prolina: 6,03 g. L-Tirosina: 2,97 g. L-Metionina: 2,1 g. L-Cisteína: 2,3 g. L-Fenilalanina: 3,16 g. L-Lisina: 9,47 g. L-Triptófano: 1,82 g.","Concentrado de proteína de suero de LECHE Lacprodan® SP-8011V Instant (contiene lecitina de SOJA como emulgente) 95.7%, Aromas, colorante rojo remolacha, edulcorante (sucralosa), sal, TolerasaTM L 100,000 ALU/g, edulcorante (glucósidos de esteviol procedentes de estevia).","Presentación: polvo en container de 1kg, 33 tomas de 30g (máxima dosis diaria recomendada: 2 tomas de 30g).

Modo de empleo: Disolver 30g (1 servicio) mezclados en agua o leche desnatada (200-250ml). Tomar 1-2 servicios al día, preferiblemente 1 batido en el desayuno y 1 batido después del entrenamiento.",TRUE,FALSE,TRUE,1.40,,,10.00,FALSE,,g,,26.19,active
tostadas-crujientes-de-castana,Tostadas Crujientes de Castaña,"Una receta suave y auténtica, donde la castaña se realza con todo su sabor y delicadeza.
Rica en fibra, baja en grasa y sin azúcares añadidos – combina equilibrio y placer.",Le Pain des fleurs,,Alimentos,"Bio, Vegano, Sin gluten, Sin lactosa, 150 g",TRUE,Variante,150 g,,,,,,,,1889,150,shopify,1,deny,manual,4.75,,TRUE,TRUE,,,,,3380380057977,https://www.lepaindesfleurs.com/app/uploads/2025/10/lpdf-11341-chataigne-iepg.png,1,Tostadas Crujientes de Castaña - Le Pain des fleurs,FALSE,Tostadas Crujientes de Castaña,"Una receta suave y auténtica, donde la castaña se realza con todo su sabor y delicadeza.
Rica en fibra, baja en grasa y sin azúcares añadidos – combina equilibrio y placer.",,,,TRUE,,2026-08-15,1889,1889,TRUE,TRUE,,,,TRUE,FALSE,TRUE,1.40,,Biocop,10.00,TRUE,https://www.lepaindesfleurs.com/app/uploads/2025/10/lpdf-11341-chataigne-iepg.png,g,,3.40,active
tostadas-crujientes-de-castana,,,,,,,,Variante,300 g,,,,,,,,3295,300,shopify,4,deny,manual,7.95,,TRUE,TRUE,,,,,3380380068522,,,,,,,,,,,,,,,,,,,,,,,,,,,,https://www.lepaindesfleurs.com/app/uploads/2025/08/lpdf-chataigne-150g-iepg.png,g,,4.96,active
centeno-en-grano-500-g,Centeno en grano,"El centeno en grano ecológico de Bionsan es un cereal integral de sabor intenso y textura firme, ideal para incorporar variedad y personalidad a tus platos del día a día. Cultivado bajo prácticas ecológicas, se presenta en su forma más natural, sin aditivos ni tratamientos innecesarios, listo para ser preparado según tus preferencias culinarias.

Para su uso, es recomendable lavar los granos de centeno cambiando el agua entre 2 y 3 veces, y dejarlos en remojo entre 8 y 12 horas. Después, se cuece en una proporción de 1 parte de centeno por 4 partes de agua, a fuego medio durante aproximadamente 1 hora y 30 minutos. El resultado es un grano firme, ideal para integrar en múltiples recetas.

Una vez cocido, el centeno puede utilizarse como base para ensaladas templadas con vegetales, mezclarse en guisos con legumbres, sustituir el arroz en paellas rústicas o incorporarse en salteados de inspiración mediterránea. También es perfecto para elaborar rellenos o como acompañamiento de platos principales.

Su textura consistente lo convierte en un ingrediente interesante para explorar nuevas combinaciones y añadir variedad a tu cocina con cereales menos comunes pero muy versátiles.",BIONSAN,,Alimentos,"Bio, Vegano, 500 g",TRUE,Title,Default Title,,,,,,,,1912,500,shopify,2,deny,manual,2.95,,TRUE,TRUE,,,,,8436015593374,https://bionsan.com/wp-content/uploads/2020/10/CENTENO-EN-GRANO-2.png,1,Centeno en grano - BIONSAN,FALSE,Centeno en grano,"El centeno en grano ecológico de Bionsan es un cereal integral de sabor intenso y textura firme, ideal para incorporar variedad y personalidad a tus platos del día a día. Cultivado bajo prácticas ecológicas, se presenta en su forma más natural, sin aditivos ni tratamientos innecesarios, listo para ser preparado según t",,"Contiene gluten. Puede contener trazas de soja, frutos secos, sésamo y apio.",,TRUE,,2026-09-01,1912,1912,TRUE,FALSE,"Información Nutricional (por 100g)

Energía: 1430KJ/342Kcal
Proteína: 12g.
Grasa: 1.6g. De las cuales saturadas: 0.2g.
Hidratos de carbono: 69g. De los cuales azúcares: 1.1
Fibra: 6.4g.
Sal: 0.1g.",100% Centeno en grano*. *Procedente de cultivo ecológico.,,TRUE,FALSE,FALSE,1.40,,BIONSAN,10.00,TRUE,,g,,1.53,active
jengibre-en-polvo-80-g,Jengibre en Polvo,"Excelente sabor y aroma
Utilizada en gastronimía y medicina. Destaca para aliviar las náuseas, cólicos, el dolor, la inflamación, problemas digestivos en general, cefaleas. Ideal para infusiones, batidos, condimentar alimentos o hacer aderezos para ensaladas.",eco BASICS,,Alimentos,"Bio, Vegano, Sin lactosa, 80 g",TRUE,Title,Default Title,,,,,,,,1925,80,shopify,11,deny,manual,3.95,,TRUE,TRUE,,,,,8411058003264,https://www.eco-basics.com/wp-content/uploads/2018/08/Jengibre-en-Polvo-Bio-Photoroom.png,1,Jengibre en Polvo - eco BASICS,FALSE,Jengibre en Polvo,"Excelente sabor y aroma
Utilizada en gastronimía y medicina. Destaca para aliviar las náuseas, cólicos, el dolor, la inflamación, problemas digestivos en general, cefaleas. Ideal para infusiones, batidos, condimentar alimentos o hacer aderezos para ensaladas.",,"Puede contener trazas de soja, frutos de cáscara y sésamo.",,TRUE,,2026-07-28,1925,1925,TRUE,FALSE,,,,TRUE,FALSE,TRUE,1.40,,ecoplaza,10.00,TRUE,,g,,1.57,active
zinc-500-uds,Zinc,,Aldous,,Suplementos,"Vegano, 500 uds",TRUE,Title,Default Title,,,,,,,,1929,,shopify,6,deny,manual,29.95,,TRUE,TRUE,,,,,8437020622905,https://aldousbio.com/cdn/shop/files/bisglicinato-de-zinc-8633675.webp?v=1751399636&width=1200,1,Zinc - Aldous,FALSE,Zinc,,Los complementos alimenticios no deben utilizarse como sustitutos de una dieta equilibrada y variada ni de un estilo de vida saludable. Solo para adultos. No utilizar durante el embarazo o la lactancia. Se recomienda no tomar ningún otro complemento alimenticio que contenga zinc. No superar la dosis diaria recomendada. Mantener fuera del alcance de los niños más pequeños. Conservar en lugar fresco y seco.,,,FALSE,,2028-04-01,1929,1929,TRUE,FALSE,Zinc: 25 mg (250% VRN*).,"Agente de carga: Celulosa Microcristalina, Bisglicinato de Zinc.",,TRUE,FALSE,FALSE,1.40,,,10.00,TRUE,,,,16.70,active
maca-negra-200-uds,Maca Negra,,Aldous,,Suplementos,"Vegano, 200 uds",TRUE,Title,Default Title,,,,,,,,1930,,shopify,3,deny,manual,39.95,,TRUE,TRUE,,,,,8437020622875,https://aldousbio.com/cdn/shop/files/maca-negra-con-l-arginina-zinc-y-vitaminas-1556679.webp?v=1751399636&width=1200,1,Maca Negra - Aldous,FALSE,Maca Negra,,Los complementos alimenticios no deben utilizarse como sustitutos de una dieta equilibrada y variada ni de un estilo de vida saludable. No utilizar durante el embarazo o la lactancia. No superar la dosis diaria recomendada. Mantener fuera del alcance de los niños más pequeños. Conservar en lugar fresco y seco.,,,FALSE,,2028-06-01,1930,1930,TRUE,FALSE,"Ingredientes activos: Extracto de maca negra 20:1: 437,5 mg, equivalente a planta: 8750 mg. L-Arginina: 87,5 mg. Vitamina C: 20 mg (25% VRN*). Zinc: 2,5 mg (25% VRN*). Vitamina B6: 0,35 mg (25% VRN*). Vitamina B12: 0,625 µg (25% VRN*).","Extracto seco de raíz de maca negra 20:1 (Lepidium mayenii walp.), cápsula vegetal (agente de recubrimiento: Hidroxipropilmetilcelulosa), L-arginina, Vitamina C (ácido ascórbico), extracto seco de bambú, L-leucina, citrato de zinc, agente de carga: celulosa microcristalina, Vitamina B6 (clorhidrato de piridoxina), Vitamina B12 (cianocobalamina).",,TRUE,FALSE,FALSE,1.40,,,10.00,TRUE,,,,16.59,active
glucosamina-200-uds,Glucosamina,"Complemento alimenticio a base de glucosamina, condroitina, msm, vitaminas y minerales.",Aldous,,Suplementos,"Sin gluten, 200 uds",TRUE,Title,Default Title,,,,,,,,1931,,shopify,2,deny,manual,39.95,,TRUE,TRUE,,,,,8437020622882,https://aldousbio.com/cdn/shop/files/glucosamina-con-condroitina-msm-vitaminas-y-minerales-8353375.webp?v=1751399632&width=832,1,Glucosamina - Aldous,FALSE,Glucosamina,"Complemento alimenticio a base de glucosamina, condroitina, msm, vitaminas y minerales.","Los complementos alimenticios no deben utilizarse como sustitutos de una dieta equilibrada y variada ni de un estilo de vida saludable. No utilizar durante el embarazo o la lactancia, ni por niños, ni por adolescentes Solo para adultos. No superar la dosis diaria recomendada. Mantener fuera del alcance de los niños más pequeños.",,,FALSE,,2028-11-01,1931,1931,TRUE,TRUE,"Por 2 comprimidos: Glucosamina 1000mg, Condroitina 500mg, MSM 250mg, Calcio 120mg, Colágeno hidrolizado 20mg, Zinc 10mg, Ácido hialurónico 1mg, Vitamina D3 5mcg.","Sulfato de glucosamina, sulfato de condroitina (Pescado), carbonato de calcio, metilsulfonilmetano, agente de carga (celulosa microcristalina), L-leucina, extracto seco de bambú, citrato de zinc, colágeno hidrolizado, Vitamina D3 (colecalciferol), hialuronato sódico.",Se recomienda tomar 2 comprimidos al día con agua.,TRUE,FALSE,FALSE,1.40,,,10.00,FALSE,,,,16.71,active
aceite-esencial-ravintsara-5-ml,Aceite Esencial Ravintsara,"Frasco de 5 ml con cuentagotas  
Aceite esencial de Ravintsara obtenido de las ramas, apreciado en cosmética natural por su aroma fresco, limpio y equilibrado. Aporta una sensación de bienestar y frescor, ideal para fórmulas orientadas al cuidado diario de la piel y a una experiencia cosmética revitalizante.  

Cosmética de bienestar  
Sensación revitalizante  
Aroma fresco y limpio  
Alta afinidad cutánea",Esential'Arôms,,Aromaterapia,5 ml,TRUE,Title,Default Title,,,,,,,,1938,5,shopify,4,deny,manual,8.95,,TRUE,TRUE,,,,,8413568001280,https://esentialaroms.com/wp-content/uploads/2026/05/AE_Ravintsara_5ml_01-2.jpg,1,Aceite Esencial Ravintsara - Esential'Arôms,FALSE,Aceite Esencial Ravintsara,"Frasco de 5 ml con cuentagotas  
Aceite esencial de Ravintsara obtenido de las ramas, apreciado en cosmética natural por su aroma fresco, limpio y equilibrado. Aporta una sensación de bienestar y frescor, ideal para fórmulas orientadas al cuidado diario de la piel y a una experiencia cosmética revitalizante.  

Cosméti","1. Respetar la dosificación establecida en el modo de empleo.  
2. Este producto es un complemento alimenticio y no debe utilizarse como sustituto de una dieta equilibrada. Es importante seguir una dieta variada y equilibrada y un estilo de vida saludable.",Contiene limoneno y linalool.,Producto para uso en aromaterapia. No ingerir.,FALSE,Usar en pequeñas cantidades y ventilar adecuadamente el espacio si se utiliza en difusor.,2028-03-01,1938,1938,TRUE,FALSE,"Los aceites esenciales de ESENTIAL’ARÔMS son productos de alta calidad, 100% puros y naturales por el proceso de selección de los mismos y por su forma de fabricación y control.  
Un aceite esencial A.E.B.B.D., es decir, Aceite Esencial Botánica y Bioquímicamente Definido. Se trata, en realidad, de un aceite esencial 100% puro y natural que procede de una destilación completa por arrastre de vapor (sin el uso de ningún producto químico para su extracción) y que ha seguido rigurosos controles de calidad. Tampoco se adicionan colorantes ni se aplican procesos de deterpenado, rectificado ni redes¬tilación.  

SELECCIÓN DE LOS ACEITES ESENCIALES (A.E.B.B.D.)  
Los aceites esenciales de Esential’Arôms se caracterizan por ser Aceites Esenciales Botánica y Bioquímicamente Definidos (A.E.B.B.D.). Esto significa que cada uno de ellos ha sido seleccionado en función de los siguientes parámetros:  
1. Especie botánica: las plantas utilizadas son clasificadas botánicamente. Por lo tanto, podemos informar sin ninguna duda acerca de la especie botánica según la nomenclatura latina internacional.  
2. Órgano productor (o. p.): no todas las partes de la planta tienen la misma composición. Por lo tanto, es necesario escoger el órgano (raíz, semilla, hojas…) que, una vez destilado, contendrá las sustancias características.  
3. Especificidad bioquímica (s. b.) o QUIMIOTIPO: una vez destilado el aceite esencial, es necesaria la verificación de su composición química, que caracterizará su utilización. La comprobación del correcto biotipo elegido se realiza a través de un control analítico por cromatografía gaseosa acoplada a la espectrofotometría de masas.  
4. Biotipo: en función del hábitat donde se desarrolla la especie botánica (tipo de terreno, altitud…), la composición del aceite esencial puede variar, de modo que la definición del quimiotipo resulta esencial.",,"1 gota de aceite esencial 1-3 veces al día mezclada en una cucharadita de café de aceite de oliva, miel, azúcar de caña o sobre un comprimido neutro específico (1 ml de aceite esencial de ravintsara contiene 35 gotas).  
¿CÓMO UTILIZAR LOS ACEITES ESENCIALES?  
· Todos los aceites esenciales están desaconsejados en mujeres embarazadas, durante la lactancia y en menores de 6 años, en algunas ocasiones menores de 12 años y en otras están reservados a adultos.  
· El modo de empleo general es el siguiente: 1 gota de aceite esencial de 1 a 3 veces al día mezclada en una cucharadita de postre de aceite de oliva. Seguir estrictamente el modo de empleo indicado en el estuche.  
· Pueden utilizarse como ingrediente culinario ajustando la cantidad, ya que pueden dar lugar a productos de sabor demasiado intenso.  
· No debe realizarse un uso interno de los aceites esenciales cosméticos.  
· No se aconseja tomar los aceites esenciales por vía interna de forma continuada.  
· En general, los aceites esenciales alimenticios también pueden ser utilizados con finalidades cosméticas.",TRUE,FALSE,FALSE,5.20,"Conservar en lugar fresco y oscuro, protegido de la luz y el calor.",Aprolis,21.00,FALSE,,g,,4.94,active
harina-de-almendra,Harina de Almendra,,BIO comercio,,Alimentos,"Bio, Vegano, Sin lactosa, 150 g",TRUE,Variante,150 g,,,,,,,,1962,150,shopify,7,deny,manual,3.95,,TRUE,TRUE,,,,,8437014360387,,,,FALSE,Harina de Almendra,,,,,TRUE,,2026-11-01,1962,1962,TRUE,FALSE,,,,TRUE,FALSE,TRUE,1.40,,Bio comercio,10.00,TRUE,,g,,2.28,active
harina-de-almendra,,,,,,,,Variante,500 g,,,,,,,,3354,500,shopify,2,deny,manual,9.95,,TRUE,TRUE,,,,,8437014360776,,,,,,,,,,,,,,,,,,,,,,,,,,,,,g,,4.93,active
sazonador-de-paella-35-g,Sazonador de paella,"Este sazonador se utiliza para realzar el sabor de cualquier plato de arroz, en especial paellas.",Artemis Bio,,Alimentos,"Bio, Vegano, 35 g",TRUE,Title,Default Title,,,,,,,,1978,35,shopify,6,deny,manual,2.95,,TRUE,TRUE,,,,,8428201320710,https://www.ecoplaza.es/16438-large_default/sazonador-paella-especias-artemis-40-gr-bio.jpg,1,Sazonador de paella - Artemis Bio,FALSE,Sazonador de paella,"Este sazonador se utiliza para realzar el sabor de cualquier plato de arroz, en especial paellas.",,,,TRUE,,2028-02-15,1978,1978,TRUE,FALSE,,"Ingredientes: Cúrcuma, Pimentón dulce. Romero, Sal, Ajo, Azafrán.",,TRUE,FALSE,FALSE,1.40,,ecoplaza,10.00,TRUE,,g,,1.61,active
wild-pump-lim-n-400-g,Wild Pump,Life Pro Wild Pump es un pre entreno con cafeína que favorece la mejora del rendimiento y el nivel de energía durante los entrenamientos.,LIFE Pro,,Deporte,"Limón, 400 g",TRUE,Title,Default Title,,,,,,,,1980,400,shopify,1,deny,manual,34.95,,TRUE,TRUE,,,,,8435635701510,https://www.lifepronutrition.com/2414-large_default/life-pro-wild-pump-400g.jpg,1,Wild Pump - LIFE Pro,FALSE,Wild Pump,Life Pro Wild Pump es un pre entreno con cafeína que favorece la mejora del rendimiento y el nivel de energía durante los entrenamientos.,"Producto para uso en adultos. Los complementos alimenticios no deben utilizarse como sustitutos de una dieta equilibrada y un estilo de vida saludable. Este producto no está diseñado para diagnosticar, tratar o prevenir ninguna enfermedad. No superar la dosis diaria expresamente recomendada. Mantener fuera del alcance de los niños más pequeños. No debe consumirse una cantidad diaria de 800 mg o más de 3-galato de epigalocatequina. No debe consumirse si ya se consumen en el mismo día otros productos que contengan té verde. No debe ser consumido por mujeres embarazadas o en periodo de lactancia, ni por menores de 18 años. Tampoco debe tomarse con el estómago vacío.","Aunque este producto no contiene gluten, leche, pescado, sulfitos y soja, se fabrica en una instalación que procesa ingredientes que sí los contienen.",,FALSE,"Se recomienda tomar un Life Pro Wild Pump, al ser un pre entreno con cafeína, en un periodo de tiempo antes del entrenamiento de entre 20 minutos a 1 hora, y tratando de evitarlo en horas cercanas al sueño (4 a 6 horas).

Life Pro Wild Pump aporta 300 mg de cafeína. Cada persona tiene una sensibilidad a la cafeína distinta. La dosis de cada persona puede variar. Consumir un pre entreno con cafeína horas cercanas al sueño puede interferir en la calidad del sueño y del descanso.",,1980,1980,TRUE,FALSE,"Cantidad de nutrientes por servicio (25 g): Valor energético: 47 kcal. Grasas: 0 g, de las cuales saturadas: 0 g. Hidratos de carbono: 11 g, de los cuales azúcares: 1,5 g. Proteínas: 0,8 g. Fibra: 0,2 g. L-Citrulina-DL-Malato 2:1: 8 g. Extracto seco de Amaranto Oxystorm®: 4 g. Potasio: 560 mg. Nitratos: 360 mg. Extracto seco de Rhodiola rosea: 600 mg. Cafeína anhidra: 297,5 mg. Extracto seco de té verde: 500 mg, del cual 3-galato de epigalocatequina (EGCG): 2,5 mg y cafeína: 2,5 mg. L-Teanina: 200 mg. Sodio: 240 mg. Cloro: 360 mg (45% VRN*). Fenilcapsaicina Axivite®: 0,625 mg. Extracto seco de pimienta negra BioPerine®: 10,53 mg, del cual piperina: 10 mg.","Ingredientes: Maltodextrina, L-citrulina-DL-malato 2:1, extracto seco de Amaranto Oxystorm® (Amaranthus hypochondriacus, hojas), antiaglomerante: dióxido de silicio, aroma, extracto seco de Rhodiola Rosea (Rhodiola Rosea L., raíz), extracto seco de Té verde (Camellia Sinensis (L.) Kuntze (L.) Kuntze., hojas) valorado en L-teanina, cloruro de sodio, cafeína anhidra, edulcorante: sucralosa, fenilcapsaicina microencapsulada aXivite® y extracto seco de Pimienta negra Bioperine® (Piper nigrum L., fruto) 95% de piperina.",Disolver 25 g (2 cazos) en 250 ml de agua o zumo. Tomar 1 hora antes del entrenamiento.,TRUE,FALSE,FALSE,1.40,,LIFE Pro,10.00,FALSE,,g,,21.90,active
caldo-de-pollo-en-pastillas-6-uds,Caldo de Pollo en pastillas,,Biocop,,Alimentos,"Bio, 6 uds",TRUE,Title,Default Title,,,,,,,,2037,,shopify,13,deny,manual,1.95,,TRUE,TRUE,,,,,8423903051085,https://www.biocop.es/1554945-superlarge_default/CALDOCUBITOSPOLLOBIOCOP6X11G.jpg,1,Caldo de Pollo en pastillas - Biocop,FALSE,Caldo de Pollo en pastillas,,,"Apio y derivados, Gluten, Huevos y prod.a base de huevos, Leche y derivados, Mostaza y derivados, Soja y derivados",,TRUE,,2027-08-17,2037,2037,TRUE,FALSE,"Análisis nutricional por 100 g de producto Valor energético: 1232 kJ / 296 kcal Fibra alimentaria: 0,4 g Proteínas: 5,0 g Sal: 49,79 g Grasas: 21,9 g de las cuales saturadas: 9,5 g Hidratos de carbono: 19,5 g de los cuales azúcares: 6,9 g","Sal marina, manteca de Karité*, almidón de maíz*, carne de pollo deshidratada* 6.8%,azúcar de caña integral*, aroma natural de pollo, cebolla tostada*, grasa de pollo*1%, extracto de levadura, especias* (curcuma*, pimienta*), ajo*, romero*. *De agricultura biológica.","Modo de utilización: añadir 1 cubito en medio litro
de agua en ebullición y remover. Diluir al gusto.
Para una ración 1/2 cubito en 250 ml de agua.",TRUE,FALSE,FALSE,1.40,,Biocop,10.00,FALSE,,,,1.09,active
lycorose-50-ml,Lycorose,"Complemento alimenticio a base de rosa mosqueta, selección.  
Aceite vegetal virgen de primera presión en frío obtenido por procesos mecánicos a partir de los frutos más rojos seleccionados, ya que su concentración en LICOPENO es 8 veces superior a la del contenido en el aceite convencional.  

Aceite virgen primera presión  
Rosa mosqueta seleccionada  
Poderoso antioxidante  
Revitaliza y protege todo el organismo",Esential'Arôms,,Aromaterapia,50 ml,TRUE,Title,Default Title,,,,,,,,2066,50,shopify,3,deny,manual,27.95,,TRUE,TRUE,,,,,8413568006131,https://esentialaroms.com/wp-content/uploads/2026/05/AV_Rosa_mosqueta_Lycorose_50ml_01-3.jpg,1,Lycorose - Esential'Arôms,FALSE,Lycorose,"Complemento alimenticio a base de rosa mosqueta, selección.  
Aceite vegetal virgen de primera presión en frío obtenido por procesos mecánicos a partir de los frutos más rojos seleccionados, ya que su concentración en LICOPENO es 8 veces superior a la del contenido en el aceite convencional.  

Aceite virgen primera pr",Este producto es un complemento alimenticio y no debe utilizarse como sustituto de una dieta equilibrada. Es importante seguir una dieta variada y equilibrada y un estilo de vida saludable. Respetar la dosificación establecida en el modo de empleo. Manten,Puede contener componentes aromáticos naturalmente presentes. Consultar etiqueta del fabricante.,Uso externo. Mantener fuera del alcance de los niños.,FALSE,Usar en pequeñas cantidades y ventilar adecuadamente el espacio si se utiliza en difusor.,,2066,2066,TRUE,FALSE,No aplica,Aceite vegetal virgen de semillas de rosa mosqueta de Chile · Selección (Rosa moschata Mill.).,"Tomar de 1,5 ml (45 gotas) a 5 ml 1-2 veces al día. En niños mayores de 3 años, se recomienda la dosis mínima descrita en el modo de empleo. Tradicionalmente, el aceite de rosa mosqueta se ha utilizado para el cuidado de la piel. Contiene cucharilla dosificadora de 5 ml.",TRUE,FALSE,FALSE,0.00,"Conservar en lugar fresco y seco, protegido de la luz solar directa.",Aprolis,0.00,FALSE,,g,,17.99,active
aceite-capilar-smooth-glossy-100-ml,Aceite Capilar Smooth & Glossy,"El Aceite Capilar Ayurvédico Smooth & Glossy es un tratamiento completo para la salud del cabello seco, dañado, opaco y sin vitalidad.

Sus ingredientes naturales como los aceites de sésamo, de argán, de cedro del Himalaya y de jojoba son una combinación maravillosa para tener un cabello más brillante y saludable.

El aceite de jojoba es rico en vitaminas C, B, E y zinc. Hace que el cabello sea más grueso y previene su caída.

El extracto de hibisco es rico en aminoácidos. El fenogreco nutre el cabello opaco y seco, dándole mayor brillo.

· Especial para cabello seco y dañado
· Mayor brillo y vitalidad
· Devuelve la suavidad y elasticidad al pelo
· Repara y previne las puntas abiertas
· Otorga volumen y luminosidad",HIMALAYA'S DREAMS,,Cosmetica e higiene,"Bio, Vegano, 100 ml",TRUE,Title,Default Title,,,,,,,,2117,100,shopify,8,deny,manual,19.95,,TRUE,TRUE,,,,,8906020511958,https://indiaveda.com/859-producto_ficha_opt/smooth-glossy-aceite-capilar-ayurveda-himalayas-dream.jpg,1,Aceite Capilar Smooth & Glossy - HIMALAYA'S DREAMS,FALSE,Aceite Capilar Smooth & Glossy,"El Aceite Capilar Ayurvédico Smooth & Glossy es un tratamiento completo para la salud del cabello seco, dañado, opaco y sin vitalidad.

Sus ingredientes naturales como los aceites de sésamo, de argán, de cedro del Himalaya y de jojoba son una combinación maravillosa para tener un cabello más brillante y saludable.

El ",,,,TRUE,,,2117,2117,TRUE,FALSE,,"Sesamum Indicum Seed Oil*, Argania Spinosa Kernel Oil, Cedrus Deodara Wood Oil, Simmondsia Chinensis Seed Oil, Calendula Officinalis Extract, Tocopherol, Daucus Carota Sativa Seed Oil, Hibiscus Rosa-Sinensis Flower Extract, Onosma Echoides Root Extract, Rosa Canina Fruit Oil, Salvia Sclarea Oil, Trigonella Foenum-Graecum Fruit Extract, Linalool**, Citral**, Geraniol**, Limonene**

* Procedente de cultivo ecológico
** Componentes del aceite esencial natural",Uso externo. No ingerir. Mantener fuera del alcance de los niños.,TRUE,FALSE,FALSE,5.20,,,21.00,TRUE,,g,,9.83,active
alubia-bio-extra-1-kg,ALUBIA BIO EXTRA,,Sin marca,,TODAS,1 kg,TRUE,Title,Default Title,,,,,,,,2134,1000,shopify,5,deny,manual,5.45,,TRUE,TRUE,,,,,8422962127038,,,,FALSE,ALUBIA BIO EXTRA,,,,,FALSE,,2026-04-01,2134,2134,TRUE,FALSE,,,,TRUE,FALSE,FALSE,1.40,,ecoplaza,10.00,FALSE,,g,,3.90,active
diet-shake,Diet Shake,"Bebida dietética en polvo, de proteína de suero lácteo, rica en fibra, con glucomanano, L-carnitina, cromo y edulcorante, superalimentos.",BioTech USA,,Deporte,"Caramelo Salado, 720 g",TRUE,Variante,Caramelo Salado · 720 g,,,,,,,,2233,720,shopify,3,deny,manual,36.95,,TRUE,TRUE,,,,,5999076240531,https://shop.biotechusa.es/cdn/shop/files/DietShake_salted_caramel_720g_600x600_0b7607c4-630b-4a62-a117-87192d8cd4a8_x500.png?v=1762777118,1,Diet Shake - BioTech USA,FALSE,Diet Shake,"Bebida dietética en polvo, de proteína de suero lácteo, rica en fibra, con glucomanano, L-carnitina, cromo y edulcorante, superalimentos.",,,,FALSE,,2027-11-15,2233,2233,TRUE,FALSE,,,,TRUE,FALSE,FALSE,1.40,,BioTech USA,10.00,FALSE,https://shop.biotechusa.es/cdn/shop/files/DietShake_salted_caramel_720g_600x600_0b7607c4-630b-4a62-a117-87192d8cd4a8_x500.png?v=1762777118,g,,16.61,active
diet-shake,,,,,,,,Variante,Galletas y Nata · 720 g,,,,,,,,2343,720,shopify,3,deny,manual,36.95,,TRUE,TRUE,,,,,5999076240524,,,,,,,,,,,,,,,,,,,,,,,,,,,,https://shop.biotechusa.es/cdn/shop/files/DietShake_cookies_cream_720g_600x600_4656ef44-3901-4d27-8245-a669c8c7d443_x500.png?v=1762777118,g,,0.00,active
diet-shake,,,,,,,,Variante,Chocolate · 720 g,,,,,,,,2731,720,shopify,2,deny,manual,36.95,,TRUE,TRUE,,,,,5999076259205,,,,,,,,,,,,,,,,,,,,,,,,,,,,https://shop.biotechusa.es/cdn/shop/files/DietShake_chocolate_720g_600x600_bdd02ed3-02d5-4100-8332-3aa9bef665b3_x500.png?v=1762777119,g,,17.50,active
diet-shake,,,,,,,,Variante,Plátano · 720 g,,,,,,,,2231,720,shopify,3,deny,manual,36.95,,TRUE,TRUE,,,,,5999076240548,,,,,,,,,,,,,,,,,,,,,,,,,,,,https://shop.biotechusa.es/cdn/shop/files/DietShake_banana_720g_600x600_c723d4d8-1449-4d85-b41b-cd6bd5fe2671_x500_crop_center.png?v=1762777118,g,,17.27,active
diet-shake,,,,,,,,Variante,Pistacho · 720 g,,,,,,,,2232,720,shopify,5,deny,manual,36.95,,TRUE,TRUE,,,,,5999076249138,,,,,,,,,,,,,,,,,,,,,,,,,,,,https://shop.biotechusa.es/cdn/shop/files/DietShake_pistachio_720g_600x600_881a4553-07d3-440e-b329-f45478b5a512_500x500.png?v=1762777118,g,,15.95,active
bebida-en-polvo-pump-caffeine-free,Bebida en polvo Pump Caffeine Free,Pump Caffeine Free es una fórmula preentreno sin cafeína con aminoácidos y vitaminas. Composición sin estimulantes que también se integra fácilmente en la rutina previa a los entrenamientos nocturnos,BioTech USA,,Deporte,"Sin gluten, Sin lactosa, Té frío de limión, 330 g",TRUE,Variante,Té frío de limión · 330 g,,,,,,,,2234,330,shopify,6,deny,manual,29.95,,TRUE,TRUE,,,,,5999076253432,https://shop.biotechusa.es/cdn/shop/files/Pump_CaffeineFree_LemonIceTea_330g_1l_600x600_cbf2985f-b9f1-4717-92ff-9a708eef23d8.png?height=1080&v=1776712152,1,Bebida en polvo Pump Caffeine Free - BioTech USA,FALSE,Bebida en polvo Pump Caffeine Free,Pump Caffeine Free es una fórmula preentreno sin cafeína con aminoácidos y vitaminas. Composición sin estimulantes que también se integra fácilmente en la rutina previa a los entrenamientos nocturnos,,,,FALSE,,2027-10-25,2234,2234,TRUE,TRUE,"Cantidad de nutrientes por dosis diaria (11 g): L-Citrulina: 1535 mg. Malato (ácido málico): 667 mg. Beta alanina: 1400 mg. Clorhidrato de L-arginina: 813 mg, del cual L-arginina: 673 mg. L-Tirosina: 250 mg. Niacina (ácido nicotínico): 40 mg (25% VRN*). Vitamina B6: 1,4 mg (100% VRN*). Vitamina C: 80 mg (100% VRN*). Extracto de Panax ginseng: 19,5 mg, del cual ginsenósidos: 3,9 mg. Betaína: 241 mg. Colina: 490 mg. Ácido pantoténico: 6,0 mg (100% VRN*). Vitamina B12: 2,5 µg (100% VRN*). Extracto de raíz de Ashwagandha: 87 mg, del cual withanólidos: 1,5 mg. Potasio: 405 mg (20% VRN*). Calcio: 120 mg (15% VRN*). Cloruro: 150 mg (19% VRN*). Magnesio: 60,0 mg (16% VRN*). Fósforo: 150 mg (15% VRN*). Sodio: 115 mg.",,,TRUE,FALSE,TRUE,1.40,,BioTech USA,10.00,FALSE,https://shop.biotechusa.es/cdn/shop/files/Pump_CaffeineFree_LemonIceTea_330g_1l_600x600_cbf2985f-b9f1-4717-92ff-9a708eef23d8.png?height=1080&v=1776712152,g,,13.18,active
bebida-en-polvo-pump-caffeine-free,,,,,,,,Variante,Fruta Tropical · 330 g,,,,,,,,2235,330,shopify,3,deny,manual,29.95,,TRUE,TRUE,,,,,5999076253425,,,,,,,,,,,,,,,,,,,,,,,,,,,,https://shop.biotechusa.es/cdn/shop/files/Pump_CaffeineFree_TropicalFruit_330g_1l_600x600_c6e20ba6-9d6e-46f6-a977-df91bdccec32.png?height=1080&v=1776712152,g,,13.18,active
canela-en-rama-4-uds,Canela en Rama,"Canela en rama de alta calidad, ideal para infusiones, repostería y dar sabor natural a tus platos.",NATURCID,,Alimentos,"Bio, Vegano, Sin gluten, Sin lactosa, 4 uds",TRUE,Title,Default Title,,,,,,,,2243,,shopify,7,deny,manual,3.95,,TRUE,TRUE,,,,,8429215140110,https://naturcid.com/wp-content/uploads/2019/08/14011-canela-nueva-img.jpg,1,Canela en Rama - NATURCID,FALSE,Canela en Rama,"Canela en rama de alta calidad, ideal para infusiones, repostería y dar sabor natural a tus platos.",Puede existir riesgo de trazas por manipulación a granel. Consultar alérgenos antes de consumir.,"Puede contener trazas de mostaza soja, sésamo y futos de cáscara.",,TRUE,,2031-01-01,2243,2243,TRUE,TRUE,,,"Usar según necesidad para aromatizar infusiones, postres y platos culinarios.",TRUE,FALSE,TRUE,1.40,,,10.00,TRUE,,,,2.10,active
tortitas-de-sarraceno-100-g,Tortitas de Sarraceno,"Deliciosas tortitas de sarraceno de 100 gramos, ideales para una alimentación natural y saludable.",Too Bio,,Alimentos,"Bio, Vegano, Sin gluten, Sin lactosa, 100 g",TRUE,Title,Default Title,,,,,,,,2260,100,shopify,11,deny,manual,2.75,,TRUE,TRUE,,,,,8437023939734,https://www.ecoplaza.es/24718-large_default/tortas-trigo-sarraceno-too-bio-100-gr-bio.jpg,1,Tortitas de Sarraceno - Too Bio,FALSE,Tortitas de Sarraceno,"Deliciosas tortitas de sarraceno de 100 gramos, ideales para una alimentación natural y saludable.",Puede contener trazas de soja,No especificado por el fabricante. Revisar siempre la etiqueta antes de consumir.,,TRUE,Usar como parte de una alimentación variada y equilibrada.,2027-03-03,2260,2260,TRUE,TRUE,,Trigo sarraceno integral* y sal marina.,,TRUE,FALSE,TRUE,1.40,,ecoplaza,10.00,TRUE,,g,,1.81,active
palitos-de-jengibre-caramelizados-75-g,Palitos de Jengibre Caramelizados,Picante y dulce a la vez. El elaborado proceso de caramelos le da a la raíz de jengibre picante un dulce sabor. Un 'imprescindible' para los amantes del jengibre.,Rapunzel,,Alimentos,"Bio, 75 g",TRUE,Title,Default Title,,,,,,,,2319,75,shopify,12,deny,manual,3.49,,TRUE,TRUE,,,,,4006040244783,https://en.rapunzel.de/imgmedia/600/1471215.png,1,Palitos de Jengibre Caramelizados - Rapunzel,FALSE,Palitos de Jengibre Caramelizados,Picante y dulce a la vez. El elaborado proceso de caramelos le da a la raíz de jengibre picante un dulce sabor. Un 'imprescindible' para los amantes del jengibre.,,,,TRUE,,2027-01-09,2319,2319,TRUE,FALSE,,"raíz de jengibre*(56,00%), azúcar de caña*",,TRUE,FALSE,FALSE,1.40,,,10.00,FALSE,,g,,1.95,active
tortitas-de-ma-z,Tortitas de Maíz,"Tortitas de maíz crujientes, ideales como snack saludable o acompañamiento en tus comidas.",Too Bio,,Alimentos,"Bio, Vegano, Sin gluten, Sin lactosa",TRUE,Title,Default Title,,,,,,,,2333,,shopify,6,deny,manual,1.75,,TRUE,TRUE,,,,,8437023939772,https://www.ecoplaza.es/27852-large_default/tortas-maiz-too-bio-120-gr-bio.jpg,1,Tortitas de Maíz - Too Bio,FALSE,Tortitas de Maíz,"Tortitas de maíz crujientes, ideales como snack saludable o acompañamiento en tus comidas.",,,,TRUE,,2026-07-01,2333,2333,TRUE,TRUE,,,,TRUE,FALSE,TRUE,1.40,,ecoplaza,10.00,TRUE,,,,0.99,active
100-creatina-monohidratada,100% Creatina Monohidratada,"Polvo de monohidrato de creatina micronizado, sin sabor.",BioTech USA,,Deporte,"Sin Sabor, 500 g",TRUE,Variante,Sin Sabor · 500 g,,,,,,,,2347,500,shopify,7,deny,manual,39.95,,TRUE,TRUE,,,,,5999076227419,https://shop.biotechusa.es/cdn/shop/files/100CreatineMonohydrate_500g_600x600_cc97be43-1684-4185-a704-92f730123624.png?v=1770732499,1,100% Creatina Monohidratada - BioTech USA,FALSE,100% Creatina Monohidratada,"Polvo de monohidrato de creatina micronizado, sin sabor.",,,,FALSE,,2029-02-23,2347,2347,TRUE,FALSE,,,,TRUE,FALSE,FALSE,1.40,,BioTech USA,10.00,FALSE,https://shop.biotechusa.es/cdn/shop/files/100CreatineMonohydrate_500g_600x600_cc97be43-1684-4185-a704-92f730123624.png?v=1770732499,g,,18.94,active
100-creatina-monohidratada,,,,,,,,Variante,Sin Sabor · 300 g,,,,,,,,2348,300,shopify,12,deny,manual,24.95,,TRUE,TRUE,,,,,5999076227426,,,,,,,,,,,,,,,,,,,,,,,,,,,,https://shop.biotechusa.es/cdn/shop/files/100CreatineMonohydrate_300g_unflavored_1l_600x600_19d715a4-40e5-4304-8c04-7d83e10420b0.png?height=1080&v=1770732562,g,,12.44,active
100-creatina-monohidratada,,,,,,,,Variante,Sin Sabor · 1 kg,,,,,,,,3783,1000,shopify,12,deny,manual,59.95,,TRUE,TRUE,,,,,5999076227402,,,,,,,,,,,,,,,,,,,,,,,,,,,,https://shop.biotechusa.es/cdn/shop/files/CreatineMonohydrate_1000g_Unflavoured_4l_600x600_98aac85c-0b82-40d6-a6e4-43938a24005c.png?height=1080&v=1772058309,g,,31.90,active
carbox-melocot-n-1-kg,Carbox,Bebida en polvo con 5 carbohidratos diferentes.,BioTech USA,,Deporte,"Vegano, Sin gluten, Melocotón, 1 kg",TRUE,Title,Default Title,,,,,,,,2351,1000,shopify,1,deny,manual,12.95,,TRUE,TRUE,,,,,5999076227044,https://shop.biotechusa.es/cdn/shop/files/Carbox_1000g_Allflav_bal_600x600_e07494c5-874b-4bf3-8f47-85b93902c787.png?height=1080&v=1770732499,1,Carbox - BioTech USA,FALSE,Carbox,Bebida en polvo con 5 carbohidratos diferentes.,"ADVERTENCIAS: El producto no es un sustituto de una dieta variada y equilibrada, ni de un estilo de vida saludable.",,,FALSE,,2029-01-10,2351,2351,TRUE,TRUE,"Información nutricional (por 50 g): Valor energético: 807 kJ / 190 kcal. Grasas: 0 g, de las cuales saturadas: 0 g. Hidratos de carbono: 47 g, de los cuales azúcares: 29 g. Proteínas: 0 g. Sal: 0,15 g.","maltodextrina, dextrosa, sacarosa, fructosa,almidón de maíz, aroma, acidulante (ácido cítrico), sal, colorante (tartrazina**, indigotina).","Mezclar 1 servicio (50 g = 3 cucharadas soperas colmadas) con 300 ml de agua, o, en el caso de Carbox sabor neutro, con cualquier líquido de tu elección. Consumir 1 servicio antes y durante el entrenamiento o la competición. Usa un shaker.",TRUE,FALSE,FALSE,1.40,,BioTech USA,10.00,TRUE,,g,,5.88,active
base-de-pizza-140-g,Base de Pizza,Base de pizza ecológica sin gluten para personalizar con tus propios ingredientes. Apta para preparar pizzas o flammkuchen (tarte flambée). Fabricada en Alemania.,Schnitzer,,Alimentos,"Bio, Sin gluten, Sin lactosa, 140 g",TRUE,Title,Default Title,,,,,,,,2364,140,shopify,8,deny,manual,2.97,,TRUE,TRUE,,,,,4022993300284,https://www.schnitzer.eu/cdn/shop/files/Schnitzer_Glutenfreiheit_Burger___Pizza_Pizzabase_A45180.jpg?v=1785179197&width=900,1,Base de Pizza - Schnitzer,FALSE,Base de Pizza,Base de pizza ecológica sin gluten para personalizar con tus propios ingredientes. Apta para preparar pizzas o flammkuchen (tarte flambée). Fabricada en Alemania.,,,,TRUE,,2026-11-21,2364,2364,TRUE,TRUE,"Información nutricional (por 100 g): Valor energético: 952 kJ / 226 kcal. Grasas: 4,8 g, de las cuales ácidos grasos saturados: 0,5 g. Hidratos de carbono: 39 g, de los cuales azúcares: 1,5 g. Fibra dietética: 6,5 g. Proteínas: 3,5 g. Sal: 1,1 g.","Almidón de maíz* 30%, agua, harina de maíz* 13%, masa madre natural de arroz* (harina de arroz*, agua), aceite de girasol*, cáscaras de semillas de psyllium*, proteína de guisante*, harina de semilla*, dextrosa*, sal marina, crema de tártaro en polvo* (almidón de maíz*, ácido: tartrato potásico, agente de fermentación: bicarbonato de sodio), salvado de manzana*, espesantes: goma guar*, goma xantana, especias*, extracto de limón*
* de cultivo ecológico controlado, DE-ÖKO-003","Según la receta, no contiene alérgenos
Libre de gluten y lactosa (lactosa <0,1g/100g).
Puede contener trazas de semillas de sésamo, soja, lupino y huevo.",TRUE,FALSE,TRUE,1.40,,,10.00,FALSE,,g,,1.66,active
ultra-omega-3-tg-120-uds,Ultra Omega 3 TG,"Aceite de pescado rico en Omega-3. En forma de Triglicéridos naturales - Forma de máxima biodisponibilidad. 350mg de EPA y 250mg de DHA auténticos garantizados. Molecularmente destilado - Sin metales pesados, contaminantes ni peroxidación. Solo ácidos grasos omega-3 de máxima calidad. Certificado IFOS™. Con Vitamina E natural antioxidante para mayor protección.",HSN,,Suplementos,"Sin gluten, Sin lactosa, 120 uds",TRUE,Title,Default Title,,,,,,,,2412,,shopify,4,deny,manual,34.95,,TRUE,TRUE,,,,,5060326271206,https://www.hsnstore.com/media/catalog/product/cache/5a15c5988afb4929a2501169a37460ec/u/l/ultra-omega-tg-3-30-softgel-front-hsn_1_1_1.webp,1,Ultra Omega 3 TG - HSN,FALSE,Ultra Omega 3 TG,"Aceite de pescado rico en Omega-3. En forma de Triglicéridos naturales - Forma de máxima biodisponibilidad. 350mg de EPA y 250mg de DHA auténticos garantizados. Molecularmente destilado - Sin metales pesados, contaminantes ni peroxidación. Solo ácidos grasos omega-3 de máxima calidad. Certificado IFOS™. Con Vitamina E ","Conservar en un lugar fresco (por debajo de 25ºC), seco y oscuro. No superar la dosis diaria expresamente recomendada. Mantener fuera del alcance de los niños más pequeños. Los complementos alimenticios no deben utilizarse como sustitutos de una dieta equilibrada. Es necesario mantener una dieta variada y equilibrada y un estilo de vida saludable.",,,FALSE,,2028-10-01,2412,2412,TRUE,TRUE,"Aceite de pescado en perlas.
 350mg de EPA.
 250mg de DHA.
 Omega-3/TG (Triglicéridos de omega-3).
 Con certificado IFOS™.","Aceite de pescado [triglicéridos (TG), 35% ácido eicosapentaenoico (EPA), 25% ácido docosahexaenoico (DHA)], gelatina, humectante (glicerina), D-alfa-tocoferol (vitamina E natural).",,TRUE,FALSE,TRUE,1.40,,HSN,10.00,FALSE,,,,11.57,active
loci-n-limpiadora-manzanilla-100-ml,Loción Limpiadora,"La loción limpiadora a la manzanilla es una fórmula adaptada a las necesidades específicas de la piel sensible. Limpia (rostro, ojos y labios), calma, equilibra, reduce la sensibilidad, la rojez y la tirantez, y puede usarse en todo tipo de piel.  
Limpia rostro, ojos y labios  
Calma  
Equilibra  
Reduce la sensibilidad",Esential'Arôms,,Cosmetica e higiene,"Bio, Manzanilla, 100 ml",TRUE,Title,Default Title,,,,,,,,2447,100,shopify,1,deny,manual,18.95,,TRUE,TRUE,,,,,8413568009293,https://esentialaroms.com/wp-content/uploads/2026/05/Locion_limpiadora_manzanilla_01-2.jpg,1,Loción Limpiadora - Esential'Arôms,FALSE,Loción Limpiadora,"La loción limpiadora a la manzanilla es una fórmula adaptada a las necesidades específicas de la piel sensible. Limpia (rostro, ojos y labios), calma, equilibra, reduce la sensibilidad, la rojez y la tirantez, y puede usarse en todo tipo de piel.  
Limpia rostro, ojos y labios  
Calma  
Equilibra  
Reduce la sensibilid",,,,TRUE,,,2447,2447,TRUE,FALSE,"Prunus Amygdalus Dulcis (Sweet Almond) Oil, Anthemis Nobilis Oil, Helianthus Annuus (Sunflower) Seed Oil, Tocopherol*, Limonene**. 100% du total est d’origine naturelle. / El 100% del total es de origen natural. / 100% do total é de origem natural. / 100% natural origin of total. *El tocoferol es vitamina E y es de procedencia natural. **Naturalmente contenido en el perfume natural.",Almendras dulces; Manzanilla romana,"Aplicar unas gotas sobre el rostro, extender el producto y retirarlo con un algodón desde la línea central (entrecejo, nariz, ojos y labios) hacia los lados (sienes, orejas y cuello). Evitar el contacto con las mucosas.",TRUE,FALSE,FALSE,5.20,,Esential'Arôms,21.00,FALSE,,g,,10.96,active
b-lsamo-a-topic-natur-100-ml,Bálsamo A-Topic Natur,"Hidratante y emoliente para piel con tendencia atópica, seca y muy seca.  
Hidrata la piel  
Nutre la piel  
Piel flexible y elástica  
Piel más suave y fina  
Dermocosmética 100% natural",Esential'Arôms,,Cosmetica e higiene,"Bio, 100 ml",TRUE,Title,Default Title,,,,,,,,2448,100,shopify,4,deny,manual,29.95,,TRUE,TRUE,,,,,8413568006919,https://esentialaroms.com/wp-content/uploads/2026/05/A-topic_Natur_Balsamo_01-2.jpg,1,Bálsamo A-Topic Natur - Esential'Arôms,FALSE,Bálsamo A-Topic Natur,"Hidratante y emoliente para piel con tendencia atópica, seca y muy seca.  
Hidrata la piel  
Nutre la piel  
Piel flexible y elástica  
Piel más suave y fina  
Dermocosmética 100% natural",,,,TRUE,,,2448,2448,TRUE,FALSE,"Macadamia Ternifolia Seed Oil, Persea Gratissima Oil*, Simmondsia Chinensis Seed Oil, Adansonia Digitata Seed Oil*, Borago Officinalis Seed Oil*, Helianthus Annuus Seed Oil*, Dextrin Palmitate, Punica Granatum Seed Oil, Hippophae Rhamnoides Fruit Oil, Calophyllum Inophyllum Seed Oil*, Butylene Glycol, Aqua, Tocopherol, Parfum, Centella Asiatica Extract, Polygonum Cuspidatum Root Extract, Scutellaria Baicalensis Root Extract, Daucus Carota Sativa Root Extract*, Glycyrrhiza Glabra Root Extract, Camellia Sinensis Leaf Extract, Melaleuca Alternifolia Leaf Oil*, Anthemis Nobilis Flower Oil, Rosmarinus Officinalis Leaf Extract, Chamomilla Recutita Flower Extract, Lavandula Angustifolia Oil. Amyl Cinnamal**, Beta-Cariophyllene**, Limonene**, Linalool**, Linalyl Acetate**, Pinene**, Terpineol**, Terpinolene**, Vainillin**. *Ingredientes procedentes de la Agricultura Ecológica. El 100% del total de los ingredientes es de origen natural. El 47,5% del total de los ingredients procede de la Agricultura Ecológica. **Naturalmente contenido en los ingredientes de origen vegetal.","Rico en O3, O6, O7 y O9",Aplicar sobre la piel limpia de zonas localizadas del cuerpo y/o del rostro realizando un suave masaje hasta su completa absorción. Frecuencia: dos veces al día. Aplicando 2-4 dosificaciones por uso puede durar entre 50 y 100 días.,TRUE,FALSE,FALSE,5.20,,Esential'Arôms,21.00,FALSE,,g,,17.72,active
hidrogel-hematocure-100-ml,Hidrogel Hematocure,"Descubre el cuidado natural para las pieles irritadas, sensibles, sensibilizadas, enrojecidas…  
Esta fórmula de plantas en gel refrescante proporciona un gran confort y suavidad a la piel, calma y repara.  
Cuida e hidrata  
Refrescante  
Calmante  
Reparador",Esential'Arôms,,Cosmetica e higiene,"Bio, 100 ml",TRUE,Title,Default Title,,,,,,,,2450,100,shopify,0,deny,manual,27.95,,TRUE,TRUE,,,,,8413568020052,https://esentialaroms.com/wp-content/uploads/2026/05/Hematocure_hidrogel_01-1.jpg,1,Hidrogel Hematocure - Esential'Arôms,FALSE,Hidrogel Hematocure,"Descubre el cuidado natural para las pieles irritadas, sensibles, sensibilizadas, enrojecidas…  
Esta fórmula de plantas en gel refrescante proporciona un gran confort y suavidad a la piel, calma y repara.  
Cuida e hidrata  
Refrescante  
Calmante  
Reparador","No ingerir. Mantener fuera del alcance de los niños. En caso de irritación, suspender su uso.",,,TRUE,,,2450,2450,TRUE,FALSE,"Aqua, Glycerin, Helichrysum Italicum Extract*, Arnica Montana Flower Extract*, Xanthan Gum, Hamamelis Virginiana Leaf Water*, Helianthus Annuus Seed Oil*, Sodium Chloride, Benzyl Alcohol, Sodium Hydroxide, Helichrysum Italicum Flower Oil*, Salicylic Acid, Sorbic Acid, Potassium Sorbate, Hydrolyzed Hyaluronic Acid, Dehydroacetic Acid, Phytic Acid, Tocopherol, Limonene**, Linalool**. *Ingredientes procedentes de la Agricultura Ecológica. El 98% del total es de origen natural. El 10% del total de los ingredientes procede de la Agricultura Ecológica. **Naturalmente contenido en los ingredientes vegetales.",Ácido hialurónico de origen natural; Siempreviva; Hamamelis; Árnica,"Aplicar realizando un suave masaje para favorecer su absorción. Evitar el contacto con heridas, microheridas, los ojos y las mucosas.",TRUE,FALSE,FALSE,5.20,,Esential'Arôms,21.00,FALSE,,g,,14.39,active
hidrogel-hialuronic-1-50-ml,Hidrogel Hialuronic 1,"Descubre un cuidado natural en gel superhidratante y suavizante inmediato de la piel, que puedes usar directamente en las zonas más secas y también para enriquecer tu sérum o crema de día. Te ayudará a fortalecer la función barrera de la piel de forma totalmente natural. Contiene un 1% de ácido hialurónico de origen vegetal y plantas con efectos suavizantes de la rugosidad y reductores de la descamación. Sus efectos se notan desde la primera aplicación.  
Superhidratante  
Suavizante  
Calmante  
Efecto tensor",Esential'Arôms,,Cosmetica e higiene,"Bio, 50 ml",TRUE,Title,Default Title,,,,,,,,2451,50,shopify,3,deny,manual,49.95,,TRUE,TRUE,,,,,8413568020106,https://esentialaroms.com/wp-content/uploads/2026/05/Hialuronic_1_hidrogel_02-2.jpg,1,Hidrogel Hialuronic 1 - Esential'Arôms,FALSE,Hidrogel Hialuronic 1,"Descubre un cuidado natural en gel superhidratante y suavizante inmediato de la piel, que puedes usar directamente en las zonas más secas y también para enriquecer tu sérum o crema de día. Te ayudará a fortalecer la función barrera de la piel de forma totalmente natural. Contiene un 1% de ácido hialurónico de origen ve",,,,TRUE,,,2451,2451,TRUE,FALSE,"Aqua, Glycerin, Sodium Chloride, Sodium Hyaluronate, Benzyl Alcohol, Sodium Hydroxide, Butylene Glycol, Salicylic Acid, Sorbic Acid, Centella Asiatica Extract, Camellia Sinensis Leaf Extract, Glycyrrhiza Glabra Root Extract, Polygonum Cuspidatum Root Extract, Scutellaria Baicalensis Root Extract, Phytic Acid, Chamomilla Recutita Flower/Leaf/Stem Extract, Rosmarinus Officinalis Leaf Extract. El 99% del total es de origen natural.",Ácido hialurónico de origen natural; Centella asiatica; Scutellaria; Manzanilla azul,,TRUE,FALSE,FALSE,5.20,,,21.00,FALSE,,g,,30.48,active
canela-ceylan-molida-25-g,Canela Ceylan Molida,"Para aromatizar dulces y conservas de fruta, sobre todo en repostería, aunque también se utiliza en recetas de carne.",Artemis Bio,,Alimentos,"Bio, Vegano, Sin gluten, Sin lactosa, 25 g",TRUE,Title,Default Title,,,,,,,,2453,25,shopify,2,deny,manual,2.95,,TRUE,TRUE,,,,,8428201320123,https://www.ecoplaza.es/26822-large_default/canela-ceylan-molida-especias-artemis-25gr-bio.jpg,1,Canela Ceylan Molida - Artemis Bio,FALSE,Canela Ceylan Molida,"Para aromatizar dulces y conservas de fruta, sobre todo en repostería, aunque también se utiliza en recetas de carne.",,,,TRUE,,2028-09-15,2453,2453,TRUE,TRUE,,"Ingredientes: Canela Ceylan Molida*.
*=de agricultura ecológica.",,TRUE,FALSE,TRUE,1.40,,ecoplaza,10.00,TRUE,,g,,1.75,active
canela-molida-70-g,Canela Molida,"Canela molida de alta calidad cultivada ecológicamente, ideal para dar un toque aromático y dulce a tus recetas y bebidas.",Artemis Bio,,Alimentos,"Bio, Vegano, Sin gluten, Sin lactosa, 70 g",TRUE,Title,Default Title,,,,,,,,2454,70,shopify,7,deny,manual,4.35,,TRUE,TRUE,,,,,8428201320659,https://www.ecoplaza.es/26821-large_default/canela-ceylan-molida-artemis-70-gr-eco.jpg,1,Canela Molida - Artemis Bio,FALSE,Canela Molida,"Canela molida de alta calidad cultivada ecológicamente, ideal para dar un toque aromático y dulce a tus recetas y bebidas.",Revisar ingredientes y alérgenos en la etiqueta antes de consumir.,No especificado por el fabricante. Revisar siempre la etiqueta antes de consumir.,,TRUE,Combina bien con productos de repostería y bebidas calientes como café o infusiones.,2027-11-15,2454,2454,TRUE,TRUE,,Ingredientes: Canela Molida.,"Se utiliza molida o en rama, para aromatizar dulces y conservas de fruta, sobre todo en repostería, aunque también se utiliza en recetas de carne.",TRUE,FALSE,TRUE,1.40,,ecoplaza,10.00,TRUE,,g,,2.70,active
bebida-instat-nea-cereales-solubles-con-achicoria-e-higos-100-g,Bebida Instatánea,,Biocop,,Alimentos,"Sin gluten, Cereales Solubles con Achicoria e Higos, 100 g",TRUE,Title,Default Title,,,,,,,,2503,100,shopify,9,deny,manual,4.95,,TRUE,TRUE,,,,,8423903039939,https://www.biocop.es/1578102-superlarge_default/SOLUBLECEREALESACHICORIABIOCOP100G.jpg,1,Bebida Instatánea - Biocop,FALSE,Bebida Instatánea,,,,,FALSE,,2029-03-01,2503,2503,TRUE,TRUE,,"Ingredientes: Cereales tostados* 87% (CENTENO*, CEBADA* malteada, CEBADA*), achicoria* tostada 12%, higos* tostados 1%.
*De agricultura biológica.","Uso: Mezclar una cucharada de postre de cereales solubles con 100ml de agua, leche o bebida vegetal caliente o fría.",TRUE,FALSE,FALSE,1.40,,Biocop,10.00,FALSE,,g,,2.43,active
algarroba-en-polvo-250-g,Algarroba en Polvo,,Biocop,,Alimentos,"Bio, Vegano, Sin gluten, 250 g",TRUE,Title,Default Title,,,,,,,,2504,250,shopify,7,deny,manual,5.95,,TRUE,TRUE,,,,,8423903000311,https://www.biocop.es/1577927-superlarge_default/ALGARROBAPOLVOBIOCOP250G.jpg,1,Algarroba en Polvo - Biocop,FALSE,Algarroba en Polvo,,,,,TRUE,,2028-02-28,2504,2504,TRUE,TRUE,"Información nutricional (por 100 g): Valor energético: 1199 kJ / 287 kcal. Grasas: <0,5 g, de las cuales saturadas: 0,13 g. Hidratos de carbono: 44,5 g, de los cuales azúcares: 36,7 g. Proteínas: 4,4 g. Fibra alimentaria: 44 g. Sal: 0,014 g.",Ingredientes: Algarroba en polvo*,"Uso: Ideal en la elaboración de postres, batidos, desayunos o meriendas.",TRUE,FALSE,FALSE,1.40,,Biocop,10.00,TRUE,,g,,2.94,active
black-blood-nox-bebida-en-polvo,Black Blood NOX+ bebida en polvo,"Fórmula pre-entreno con un complejo extremo radical NOX, 150 mg cafeína, así como creatina y tirosina para necesidades extremas.

Gracias a su contenido de 5250mg Beta-alanina, AAKG y L-citrulina malato, Black Blood NOX+ se recomienda para aquellos que quieran ser imparables en el gimnasio. Black Blood NOX+ es un potenciador que contiene grandes dosis de todo lo necesario para un entrenamiento efectivo. Quizás nunca has visto estos ingredientes activos en está combinación y cantidad antes. Este producto está específicamente diseñado para aquellos cuyos cuerpos se han acostumbrado a la media, cuyo estrés diario hace duro para ellos olvidar preocupaciones y problemas, y aquellos que están perdiendo la motivación y atracción a las pesas. Black Blood NOX+ devuelve el fuego que te hace trabajar más y más duro, y repetirlo todo de nuevo. No habrá charla, ni irás al gimnasio a pasar el rato. Sólo las barras y las pesas, fuerza, trabajo, concentración y superación.

Black Blood NOX+ es una fórmula compleja alta en cafeína* cuyo contenido de creatina aumenta el rendimiento físico durante repeticiones de ejercicios de alta intensidad, a corto plazo.*La niacina y vitamina B6 favorece los procesos metabólicos energéticos normales y, combinados con el calcio, reducen el cansancio y la fatiga. La vitamina B6 contribuye en el metabolismo normal de la proteína y el glucógeno, y el calcio contribuye al funcionamiento muscular normal.",BioTech USA,,Deporte,"Fruta Tropical, 340 g",TRUE,Variante,Fruta Tropical · 340 g,,,,,,,,3756,340,shopify,4,deny,manual,39.95,,TRUE,TRUE,,,,,5999076253760,https://shop.biotechusa.es/cdn/shop/files/BlackBloodNOX_340g_TropicalFruit_600x600_34077144-7f23-42ab-a507-1a35478547d5.png?height=1080&v=1777292351,1,Black Blood NOX+ bebida en polvo - BioTech USA,FALSE,Black Blood NOX+ bebida en polvo,"Fórmula pre-entreno con un complejo extremo radical NOX, 150 mg cafeína, así como creatina y tirosina para necesidades extremas.

Gracias a su contenido de 5250mg Beta-alanina, AAKG y L-citrulina malato, Black Blood NOX+ se recomienda para aquellos que quieran ser imparables en el gimnasio. Black Blood NOX+ es un poten",,,,FALSE,,2029-02-17,3756,3756,TRUE,FALSE,,,,TRUE,FALSE,FALSE,1.40,,BioTech USA,10.00,FALSE,https://shop.biotechusa.es/cdn/shop/files/BlackBloodNOX_340g_TropicalFruit_600x600_34077144-7f23-42ab-a507-1a35478547d5.png?height=1080&v=1777292351,g,,21.50,active
black-blood-nox-bebida-en-polvo,,,,,,,,Variante,Naranja Sanguina · 340 g,,,,,,,,3751,340,shopify,4,deny,manual,39.95,,TRUE,TRUE,,,,,5999076253753,,,,,,,,,,,,,,,,,,,,,,,,,,,,https://shop.biotechusa.es/cdn/shop/files/BlackBloodNOX_340g_BloodOrange_600x600_a8fc731e-fd69-406f-af5f-f034a81b96a7.png?height=1080&v=1777292350,g,,21.50,active
black-blood-nox-bebida-en-polvo,,,,,,,,Variante,Ruby Berry · 340 g,,,,,,,,2538,340,shopify,4,deny,manual,39.95,,TRUE,TRUE,,,,,5999076253784,,,,,,,,,,,,,,,,,,,,,,,,,,,,https://shop.biotechusa.es/cdn/shop/files/BlackBloodNOX_340g_RubyBerry_600x600_1c4d4f5e-372d-4ce4-beee-e69f4724101b.png?height=1080&v=1777292350,g,,19.27,active
aceite-esencial-de-citronella-10-ml,Aceite Esencial de Citronella,"Aceite esencial de citronela de Ceilán BIO, de aroma fresco, cítrico y herbal, ideal para aportar una sensación de limpieza, frescor y vitalidad en formulaciones de cosmética natural.  
100% puro y natural  
Origen ecológico certificado  
Aroma fresco y vibrante  
Perfil aromático intenso",Esential'Arôms,,Aromaterapia,10 ml,TRUE,Title,Default Title,,,,,,,,2604,10,shopify,4,deny,manual,7.95,,TRUE,TRUE,,,,,8413568001129,https://esentialaroms.com/wp-content/uploads/2026/05/AE_Citronela_Ceilan_100ml_01-2.jpg,1,Aceite Esencial de Citronella - Esential'Arôms,FALSE,Aceite Esencial de Citronella,"Aceite esencial de citronela de Ceilán BIO, de aroma fresco, cítrico y herbal, ideal para aportar una sensación de limpieza, frescor y vitalidad en formulaciones de cosmética natural.  
100% puro y natural  
Origen ecológico certificado  
Aroma fresco y vibrante  
Perfil aromático intenso","1. Respetar la dosificación establecida en el modo de empleo.  
2. Este producto es un complemento alimenticio y no debe utilizarse como sustituto de una dieta equilibrada. Es importante seguir una dieta variada y equilibrada y un estilo de vida saludable.","Contiene limoneno, linalool, citronelol, geraniol y metil isoeugenol (no debe superar el 0,002%. Utilizar en diluciones menores del 0,25%).",Uso externo. Mantener fuera del alcance de los niños.,FALSE,"Ideal para crear ambientes frescos y naturales, ayudar a repeler insectos de forma natural.",2029-03-01,2604,2604,TRUE,FALSE,"Los aceites esenciales de ESENTIAL’ARÔMS son productos de alta calidad, 100% puros y naturales por el proceso de selección de los mismos y por su forma de fabricación y control.  
Un aceite esencial A.E.B.B.D., es decir, Aceite Esencial Botánica y Bioquímicamente Definido. Se trata, en realidad, de un aceite esencial 100% puro y natural que procede de una destilación completa por arrastre de vapor (sin el uso de ningún producto químico para su extracción) y que ha seguido rigurosos controles de calidad. Tampoco se adicionan colorantes ni se aplican procesos de deterpenado, rectificado ni redes¬tilación.  

SELECCIÓN DE LOS ACEITES ESENCIALES (A.E.B.B.D.)  
Los aceites esenciales de Esential’Arôms se caracterizan por ser Aceites Esenciales Botánica y Bioquímicamente Definidos (A.E.B.B.D.). Esto significa que cada uno de ellos ha sido seleccionado en función de los siguientes parámetros:  
1. Especie botánica: las plantas utilizadas son clasificadas botánicamente. Por lo tanto, podemos informar sin ninguna duda acerca de la especie botánica según la nomenclatura latina internacional.  
2. Órgano productor (o. p.): no todas las partes de la planta tienen la misma composición. Por lo tanto, es necesario escoger el órgano (raíz, semilla, hojas…) que, una vez destilado, contendrá las sustancias características.  
3. Especificidad bioquímica (s. b.) o QUIMIOTIPO: una vez destilado el aceite esencial, es necesaria la verificación de su composición química, que caracterizará su utilización. La comprobación del correcto biotipo elegido se realiza a través de un control analítico por cromatografía gaseosa acoplada a la espectrofotometría de masas.  
4. Biotipo: en función del hábitat donde se desarrolla la especie botánica (tipo de terreno, altitud…), la composición del aceite esencial puede variar, de modo que la definición del quimiotipo resulta esencial.",Aceite esencial de citronela de Ceilán* (Cymbopogon nardus). *Procedente de la Agricultura Ecológica.,Aplicar en difusores de aroma o según indicación profesional.,TRUE,FALSE,FALSE,5.20,"Conservar en lugar fresco y seco, alejado de la luz directa.",Aprolis,21.00,FALSE,,g,,4.42,active
s-rum-facial-aha-y-agua-glaciar-300-ml,Sérum Facial AHA y Agua Glaciar,Mixsoon Glacier Water Hyaluronic  Serum ofrece un efecto hidratante instantáneo para la piel seca. Forma una barrera de la humedad con tres capas de ácido hialurónico para aumentar la hidratación. La textura densa y rica del suero ayuda a crear una piel radiante.,mixsoon,,Cosmetica e higiene,300 ml,TRUE,Title,Default Title,,,,,,,,2641,300,shopify,1,deny,manual,29.95,,TRUE,TRUE,,,,,8809732910760,https://mixsoon.es/cdn/shop/files/5555-12.png?v=1710783748&width=1200,1,Sérum Facial AHA y Agua Glaciar - mixsoon,FALSE,Sérum Facial AHA y Agua Glaciar,Mixsoon Glacier Water Hyaluronic  Serum ofrece un efecto hidratante instantáneo para la piel seca. Forma una barrera de la humedad con tres capas de ácido hialurónico para aumentar la hidratación. La textura densa y rica del suero ayuda a crear una piel radiante.,,,,FALSE,,,2641,2641,TRUE,FALSE,,"Water, Glacier Water, Butylene Glycol, 1,2-Hexanediol, Sodium Hyaluronate.","Con la cara limpia, utilizar una cantidad suficiente en un disco de algodón y pasarlo por toda la cara.",TRUE,FALSE,FALSE,5.20,,,21.00,FALSE,,g,,11.98,active
suero-de-barrera-calmante-30-ml,Suero de Barrera Calmante,"¿Piel estresada? Hoy no. El sérum clínicamente probado, hidratante y calmante ofrece una hidratación ligera pero duradera y calma instantánea con cada gota. Infusionado con té verde exclusivo de BOJ-HA™.",Beauty of Joseon,,Cosmetica e higiene,30 ml,TRUE,Title,Default Title,,,,,,,,2644,30,shopify,2,deny,manual,18.95,,TRUE,TRUE,,,,,8809738316412,https://es.beautyofjoseon.com/cdn/shop/files/001_61356454-461b-424d-8ef7-32589fb88d92.png?v=1777585365&width=1950,1,Suero de Barrera Calmante - Beauty of Joseon,FALSE,Suero de Barrera Calmante,"¿Piel estresada? Hoy no. El sérum clínicamente probado, hidratante y calmante ofrece una hidratación ligera pero duradera y calma instantánea con cada gota. Infusionado con té verde exclusivo de BOJ-HA™.",,,,FALSE,,,2644,2644,TRUE,FALSE,"Cómo usarlo

- Echa unas gotas de suero en manos limpias.
- Da palmadas suaves para ayudar a la absorción y luego aplica tu hidratante favorito.
- Hecho para tus rutinas de cuidado de la piel por la mañana y la noche.
- Consejo profesional de BOJ: Para mantener la fórmula higiénica, no recomendamos dejar que el cuentagotas toque directamente la piel","Té verde-HA™: El ingrediente exclusivo de BOJ hidrata, ayuda a calmar y ofrece beneficios antioxidantes.
Pantenol (vitamina B5): Mejora la hidratación y apoya la barrera de humedad.",,TRUE,FALSE,FALSE,5.20,,Beauty of Joseon,21.00,FALSE,,g,,8.28,active
pads-toner-de-frijol-280-ml,Pads Toner de frijol,,mixsoon,,Cosmetica e higiene,"Vegano, 280 ml",TRUE,Title,Default Title,,,,,,,,2648,280,shopify,1,deny,manual,24.95,,TRUE,TRUE,,,,,8809732912658,https://mixsoon.es/cdn/shop/files/BeanTonerPad_Main01_2_0bb95868-b9fc-4318-b897-01521368004c.png?v=1759321710&width=1200,1,Pads Toner de frijol - mixsoon,FALSE,Pads Toner de frijol,,,,,FALSE,,,2648,2648,TRUE,FALSE,,,,TRUE,FALSE,FALSE,5.20,,,21.00,TRUE,,g,,10.74,active
aceite-limpiador-para-poros-200-ml,Aceite Limpiador para Poros,,Anua,,Cosmetica e higiene,200 ml,TRUE,Title,Default Title,,,,,,,,2649,200,shopify,2,deny,manual,19.95,,TRUE,TRUE,,,,,8809640734687,https://anua.com/cdn/shop/files/anua-us-cleanser-heartleaf-pore-control-cleansing-oil-1239193742.jpg?v=1779181871&width=600,1,Aceite Limpiador para Poros - Anua,FALSE,Aceite Limpiador para Poros,,,,,FALSE,,,2649,2649,TRUE,FALSE,,"Palmitato de etilhexilo, tetraoleato de sorbeth-30, sesquioleato de sorbitano, triglicéridos caprílicos/cápricos, aguacatado de butílico, fragancia, aceite de semilla de helianthus annuus (girasol), aceite de semilla de macadamia ternifolia, aceite de fruta olea europaea (oliva), aceite de semilla de Simmondsia chinensis (jojoba), aceite de semilla de Vitis vinifera (uva), caprilicol, etilhexiglicerina, extracto de raíz de curcuma longa (cúrcuma), extracto de flor de Melia azadirachta, tocoferol, extracto de hoja de Melia azadirachta, extracto de Houttuynia cordata, Extracto de Corallina officinalis, extracto de corteza de Melia Azadirachta, aceite de semilla de Moringa oleifera, extracto de hoja de Ocimum sanctum","(1) Dispensar 2~3 bombas en las manos.
(2) Masajear suavemente la cara seca con movimientos circulares.
(3) Emulsionar con agua hasta que el maquillaje y la suciedad se derritan.
(4) Enjuaga bien con agua tibia.
(5) Doble limpieza con un limpiador a base de agua.",TRUE,FALSE,FALSE,5.20,,,21.00,FALSE,,g,,8.46,active
crema-solar-arroz-y-probi-ticos-psf50-50-ml,Crema Solar Arroz y Probióticos PSF50+,"Formulada para ofrecer una textura idéntica a la de una crema hidratante, nuestra crema solar, famosa en Internet, sigue siendo ligera y no pegajosa, independientemente de la cantidad que te apliques. Enriquecida con un 30 % de extracto de arroz y extractos de cereales fermentados, ricos en vitaminas, aminoácidos y minerales, que ayudan a hidratar y calmar la piel con cada aplicación. Se absorbe rápidamente y aporta un brillo natural.",Beauty of Joseon,,Cosmetica e higiene,50 ml,TRUE,Title,Default Title,,,,,,,,2651,50,shopify,3,deny,manual,19.95,,TRUE,TRUE,,,,,8809782555508,https://uayblnybdrhhmumudbea.supabase.co/storage/v1/object/public/productos/sun%20relief%20beauty%20of%20joseon.avif,1,Crema Solar Arroz y Probióticos PSF50+ - Beauty of Joseon,FALSE,Crema Solar Arroz y Probióticos PSF50+,"Formulada para ofrecer una textura idéntica a la de una crema hidratante, nuestra crema solar, famosa en Internet, sigue siendo ligera y no pegajosa, independientemente de la cantidad que te apliques. Enriquecida con un 30 % de extracto de arroz y extractos de cereales fermentados, ricos en vitaminas, aminoácidos y min",,,,FALSE,,,2651,2651,TRUE,FALSE,"AQUA, DIBUTYL ADIPATE, PROPANEDIOL, DIETHYLAMINO HYDROXYBENZOYL HEXYL BENZOATE, POLYMETHYLSILSESQUIOXANE, ETHYLHEXYL TRIAZONE, METHYLENE BIS-BENZOTRIAZOLYL TETRAMETHYLBUTYLPHENOL (NANO), NIACINAMIDE, COCO-CAPRYLATE/CAPRATE, CAPRYLYL METHICONE, DIETHYLHEXYL BUTAMIDO TRIAZONE, GLYCERIN, 1,2-HEXANEDIOL, BUTYLENE GLYCOL, PENTYLENE GLYCOL, BEHENYL ALCOHOL, POLY C10-30 ALKYL ACRYLATE, POLYGLYCERYL-3 METHYLGLUCOSE DISTEARATE, DECYL GLUCOSIDE, ORYZA SATIVA (RICE) EXTRACT, TROMETHAMINE, CARBOMER, ACRYLATES/C10-30 ALKYL ACRYLATE CROSSPOLYMER, SODIUM STEAROYL GLUTAMATE, POLYACRYLATE CROSSPOLYMER-6, ETHYLHEXYLGLYCERIN, ADENOSINE, XANTHAN GUM, T-BUTYL ALCOHOL, TOCOPHEROL, ORYZA SATIVA (RICE) GERM EXTRACT, CAMELLIA SINENSIS LEAF EXTRACT, SACCHARUM OFFICINARUM (SUGARCANE) EXTRACT, MACROCYSTIS PYRIFERA (KELP) EXTRACT, LACTOBACILLUS/PUMPKIN FERMENT EXTRACT, BACILLUS/SOYBEAN FERMENT EXTRACT, ASPERGILLUS FERMENT, COCOS NUCIFERA (COCONUT) FRUIT EXTRACT, PANAX GINSENG ROOT EXTRACT, MONASCUS/RICE FERMENT, LACTOBACILLUS/RICE FERMENT, SACCHAROMYCES/RICE FERMENT FILTRATE","Extracto de arroz al 30%: Rico en vitaminas B, C y E, así como en aminoácidos y minerales, este ingrediente ayuda a hidratar.
Extractos de grano fermentados: Actúa de forma sinérgica con el extracto de arroz para suavizar, calmar e hidratar la piel.",Aplíquelo generosamente como último paso de su rutina matutina. Vuelva a aplicarlo cada 2-3 horas para mantener la protección solar.,TRUE,FALSE,FALSE,5.20,,,21.00,FALSE,,g,,8.77,active
centella-cleansing-foam,Centella Cleansing Foam,"mixsoon Centella Cleansing Foam es un limpiador facial en espuma: formulado específicamente para responder a las necesidades de la piel sensible. Esta solución ligeramente ácida no solo se ajusta al pH de la piel para promover su bienestar, sino que también respeta la integridad de la barrera cutánea y la flora beneficiosa, asegurando una limpieza eficaz sin irritación.",mixsoon,,Cosmetica e higiene,,TRUE,Title,Default Title,,,,,,,,2675,,shopify,1,deny,manual,19.95,,TRUE,TRUE,,,,,8809732912214,https://mixsoon.es/cdn/shop/files/Mixsoon-1_d49359e1-3fa5-4ae1-94ed-a3828df4d64d.png?v=1759321883&width=1200,1,Centella Cleansing Foam - mixsoon,FALSE,Centella Cleansing Foam,"mixsoon Centella Cleansing Foam es un limpiador facial en espuma: formulado específicamente para responder a las necesidades de la piel sensible. Esta solución ligeramente ácida no solo se ajusta al pH de la piel para promover su bienestar, sino que también respeta la integridad de la barrera cutánea y la flora benefic",,,,FALSE,,,2675,2675,TRUE,FALSE,,,Aplicar una cantidad generosa por toda la cara y enjuagar con abundante agua.,TRUE,FALSE,FALSE,1.40,,,10.00,FALSE,,,,7.44,active
galactomyces-ferment-essence-100-ml,Galactomyces Ferment Essence,"Mixsoon Galactomyces Ferment Essence es una lujosa fórmula vegana que hidrata profundamente y realza la luminosidad de la piel. Enriquecida con Galactomyces Ferment Filtrate, un extracto de levadura fermentada rico en vitaminas, aminoácidos y minerales, nutre la piel con ingredientes de alta biodisponibilidad para una máxima absorción y eficacia. La esencia penetra profundamente para mejorar la elasticidad, reducir la apariencia de líneas finas y promover una tez joven y radiante. El extracto de salvado de arroz proporciona beneficios iluminadores y calmantes, ayudando a unificar el tono de la piel y restaurar el equilibrio de hidratación. Ligera y de fácil absorción, deja la piel suave, revitalizada y radiante.",mixsoon,,Cosmetica e higiene,100 ml,TRUE,Title,Default Title,,,,,,,,2677,100,shopify,3,deny,manual,29.95,,TRUE,TRUE,,,,,8809268158452,https://mixsoon.us/cdn/shop/files/main_46f3cbe8-5db1-44d2-b94c-c140f09a20c9.jpg?v=1724656449&width=1000,1,Galactomyces Ferment Essence - mixsoon,FALSE,Galactomyces Ferment Essence,"Mixsoon Galactomyces Ferment Essence es una lujosa fórmula vegana que hidrata profundamente y realza la luminosidad de la piel. Enriquecida con Galactomyces Ferment Filtrate, un extracto de levadura fermentada rico en vitaminas, aminoácidos y minerales, nutre la piel con ingredientes de alta biodisponibilidad para una ",,,,FALSE,,,2677,2677,TRUE,FALSE,,"Filtrado de fermento de Galactomyces, butilenglicol","Úselo después de limpiar y tonificar. Aplique unas gotas en todo el rostro con las manos o un disco de algodón. Dé suaves palmaditas hasta su completa absorción.

Orden recomendado por Mixsoon para la rutina de esencias de 3 capas para una piel radiante:
1.ª capa: Esencia de fermento de Galactomyces
2.ª capa: Esencia de fermento de Bifida
3.ª capa: Esencia de Centella Asiática

Repita esta rutina diariamente y acérquese un paso más a su piel radiante.",TRUE,FALSE,FALSE,5.20,,,21.00,FALSE,,g,,13.22,active
s-rum-de-leche-de-soja-50-ml,Sérum de Leche de Soja,"El sérum de leche de soja mixsoon es un sérum intensivo y vegano diseñado para hidratar, reafirmar y nutrir la piel, dejándola suave y radiante. Enriquecido con colágeno vegano para bebés y un complejo de 3 péptidos, ayuda a restaurar la elasticidad, fortalecer la barrera cutánea y mejorar la resistencia. La soja fermentada y el filtrado de fermentación de Galactomyces (conocido como PITERA® en Corea) trabajan juntos para mejorar la retención de humedad, iluminar la tez y proporcionar nutrientes esenciales. Las ceramidas y los fitoesteroles de tamaño nanométrico penetran profundamente, proporcionando hidratación duradera, mientras que los extractos de hojas verdes, como el té verde, la menta de manzana y el tomillo, ayudan a proteger la piel de los factores externos. Su fórmula ligera se absorbe rápidamente sin dejar sensación pegajosa, lo que la hace ideal para el uso diario y lograr una piel tersa, firme y de aspecto juvenil.",mixsoon,,Cosmetica e higiene,"Vegano, 50 ml",TRUE,Title,Default Title,,,,,,,,2678,50,shopify,1,deny,manual,37.95,,TRUE,TRUE,,,,,8809732912528,https://mixsoon.us/cdn/shop/files/b4d840972dc49774537b0d48ddd11168.png?v=1782357449&width=750,1,Sérum de Leche de Soja - mixsoon,FALSE,Sérum de Leche de Soja,"El sérum de leche de soja mixsoon es un sérum intensivo y vegano diseñado para hidratar, reafirmar y nutrir la piel, dejándola suave y radiante. Enriquecido con colágeno vegano para bebés y un complejo de 3 péptidos, ayuda a restaurar la elasticidad, fortalecer la barrera cutánea y mejorar la resistencia. La soja ferme",,,,FALSE,,,2678,2678,TRUE,FALSE,,"Agua/Aqua, Glicerina, Etilhexanoato de cetilo, Dipropilenglicol, Filtrado de fermento de Galactomyces, Butilenglicol, Niacinamida, 1,2-Hexanodiol, Betaína, Hidroxiacetofenona, Pantenol, Diestearato de poligliceril-3 metilglucosa, Trehalosa, Estearato de glicerilo, Carbómero, Arginina, Estearato de sorbitán, Goma xantana, Sesquioleato de sorbitán, Etilhexilglicerina, Adenosina, Manteca de Butyrospermum Parkii (karité), EDTA disódico, Triglicérido caprílico/cáprico, Cocoato de sacarosa, Ceramida NP, Lecitina hidrogenada, Fitoesfingosina, Extracto de fermento de Lactobacillus/soja, Fermento de Lactobacillus/arroz, Lactobacillus/Raíz de Panax Ginseng Filtrado de fermento, filtrado de fermento de semillas de Saccharomyces/Coix Lacryma-Jobi Ma-yuen, filtrado de fermento de extracto de Saccharomyces/patata, colesterol, proteína de soja hidrolizada, fitoesteroles, extracto de hoja de Mentha Rotundifolia, extracto de hoja de Camellia Sinensis, extracto de hoja de Thymus Vulgaris (tomillo), colágeno soluble, glucosa, manosa, glutatión, oligopéptido-29, oligopéptido-32, palmitoil pentapéptido-4","Aplicar después de la limpieza, con las manos o un disco de algodón.

- Para una hidratación extra:
Dispensar una cantidad adecuada en la palma de la mano y aplicar directamente sobre el rostro. Para una mejor absorción, aplicar 2 o 3 capas. -

Usar como mascarilla:
Aplicar una cantidad generosa en un disco de algodón y colocarlo sobre las zonas que necesiten un cuidado intensivo para una mascarilla rápida y sencilla.

- Personalizar con productos en polvo:
Usar junto con los productos en polvo de Mixsoon para personalizar la rutina de cuidado facial según las necesidades de la piel.",TRUE,FALSE,FALSE,5.20,,,21.00,TRUE,,g,,15.70,active
crema-solar-50-50-g,Crema Solar 50+,Descripción : mixsoon Centella Sun Cream de SPF 50+ con filtro UV protege la piel de los rayos solares nocivos. La textura ligera del protector solar se absorbe rápidamente. La crema brinda protección a la piel durante todo el año y ayuda a prevenir el envejecimiento.,mixsoon,,Cosmetica e higiene,50 g,TRUE,Title,Default Title,,,,,,,,2682,50,shopify,2,deny,manual,19.95,,TRUE,TRUE,,,,,8809732910791,https://mixsoon.es/cdn/shop/files/Sunscreen_03b26e56-390e-4e77-bd0d-12e670d92167.png?v=1759322718&width=1200,1,Crema Solar 50+ - mixsoon,FALSE,Crema Solar 50+,Descripción : mixsoon Centella Sun Cream de SPF 50+ con filtro UV protege la piel de los rayos solares nocivos. La textura ligera del protector solar se absorbe rápidamente. La crema brinda protección a la piel durante todo el año y ayuda a prevenir el envejecimiento.,,,,FALSE,,,2682,2682,TRUE,FALSE,,,,TRUE,FALSE,FALSE,5.20,,,21.00,FALSE,,g,,9.75,active
crema-solar-shield-fit-pure-50-ml,Crema Solar Shield Fit Pure,"Descripción : mixsoon Shield Fit Pure Suncream es un protector solar físico con SPF 50+ PA++++ que protege la piel contra los rayos UVA y UVB sin dejar un efecto blanquecino. Utiliza filtros físicos no-nano, considerados la opción más segura de filtro UV para la salud humana. Además, se ha demostrado que es la opción más segura para la vida marina y los arrecifes de coral, ya que los ingredientes en su forma no-nano no causan daño a la fauna marina. Es rico en ceramida NP y varios tipos de ácido hialurónico, y su fórmula refuerza la barrera cutánea para un acabado suave y saludable. Otros ingredientes activos, como el madecassoside y el ácido asiático, ofrecen un cuidado calmante. Esta crema solar ha sido clínicamente probada y es hipoalergénica.",mixsoon,,Cosmetica e higiene,50 ml,TRUE,Title,Default Title,,,,,,,,2683,50,shopify,1,deny,manual,19.95,,TRUE,TRUE,,,,,8809732911774,https://mixsoon.es/cdn/shop/files/ShieldFitPureSunCream_Main01_1_0d29c166-74bc-4ea6-8adc-22b3889c0c1d.png?v=1759321743&width=1200,1,Crema Solar Shield Fit Pure - mixsoon,FALSE,Crema Solar Shield Fit Pure,"Descripción : mixsoon Shield Fit Pure Suncream es un protector solar físico con SPF 50+ PA++++ que protege la piel contra los rayos UVA y UVB sin dejar un efecto blanquecino. Utiliza filtros físicos no-nano, considerados la opción más segura de filtro UV para la salud humana. Además, se ha demostrado que es la opción m",,,,FALSE,,,2683,2683,TRUE,FALSE,,,,TRUE,FALSE,FALSE,5.20,,mixsoon,21.00,FALSE,,g,,11.57,active
pimienta-negra-molida-38-g,Pimienta Negra Molida,"Pimienta negra molida de cultivo ecológico, perfecta para realzar el sabor natural y añadir un toque picante a tus platos.
Se utiliza para dar aroma y un sabor picante a todo tipo de platos de carne, pescado, verduras, pastas o arroces.",Artemis Bio,,Alimentos,"Bio, Vegano, Sin gluten, Sin lactosa, 38 g",TRUE,Title,Default Title,,,,,,,,2689,38,shopify,8,deny,manual,2.95,,TRUE,TRUE,,,,,8428201320208,https://www.ecoplaza.es/26897-large_default/pimienta-negra-molida-especias-artemis-38-gr-bio.jpg,1,Pimienta Negra Molida - Artemis Bio,FALSE,Pimienta Negra Molida,"Pimienta negra molida de cultivo ecológico, perfecta para realzar el sabor natural y añadir un toque picante a tus platos.
Se utiliza para dar aroma y un sabor picante a todo tipo de platos de carne, pescado, verduras, pastas o arroces.",,,,TRUE,,2028-02-15,2689,2689,TRUE,TRUE,,Ingredientes: Pimienta Negra Molida.,,TRUE,FALSE,TRUE,1.40,,ecoplaza,10.00,TRUE,,g,,1.90,active
xilitol-az-car-de-abedul-500-g,Xilitol Azúcar de Abedul,"Xilitol natural en presentación de 500 gramos, edulcorante alternativo al azúcar con bajo índice glucémico y 0% azúcares añadidos.",SOL natural,,Alimentos,500 g,TRUE,Title,Default Title,,,,,,,,2698,500,shopify,13,deny,manual,9.95,,TRUE,TRUE,,,,,8435037815020,https://solnatural.bio/pictures/703019.png,1,Xilitol Azúcar de Abedul - SOL natural,FALSE,Xilitol Azúcar de Abedul,"Xilitol natural en presentación de 500 gramos, edulcorante alternativo al azúcar con bajo índice glucémico y 0% azúcares añadidos.",,,,FALSE,,2027-10-31,2698,2698,TRUE,FALSE,"Valor energético 1000kJ/240kcal
Hidratos de carbono 100 g
Azúcares: 0 g
Grasas 0 g
Saturadas: 0 g
Proteinas 0 g
Sal 0 g",Xilitol (Azúcar de Abedul) 100%.,,TRUE,FALSE,FALSE,1.40,,,10.00,FALSE,,g,,6.80,active
molinillo-de-pimienta-en-grano-85-g,Molinillo de Pimienta en grano,"Pimienta en grano de calidad orgánica, presentada en un práctico molinillo de 85 gramos para dar sabor natural a tus platos.",SOL natural,,Alimentos,"Bio, Vegano, Sin gluten, Sin lactosa, 85 g",TRUE,Title,Default Title,,,,,,,,2777,85,shopify,1,deny,manual,7.95,,TRUE,TRUE,,,,,8435037800316,https://solnatural.bio/pictures/702794.png,1,Molinillo de Pimienta en grano - SOL natural,FALSE,Molinillo de Pimienta en grano,"Pimienta en grano de calidad orgánica, presentada en un práctico molinillo de 85 gramos para dar sabor natural a tus platos.",Revisar ingredientes y alérgenos en la etiqueta antes de consumir.,No especificado por el fabricante. Revisar siempre la etiqueta antes de consumir.,,TRUE,"Ideal para condimentar carnes, ensaladas, salsas y platos variados.",2027-06-01,2777,2777,TRUE,TRUE,,"Pimienta Negra* en Grano.
(*) Procedente de Agricultura Ecológica",Usar el molinillo para añadir pimienta recién molida a tus alimentos según preferencia.,TRUE,FALSE,TRUE,1.40,"Producto alimentario. Revisar siempre el etiquetado del fabricante, ingredientes, alérgenos, lote, fecha de consumo preferente y condiciones de conservación.",ecoplaza,10.00,TRUE,,g,,5.35,active
piment-n-dulce-38-g,Pimentón Dulce,"Pimentón dulce ideal para dar sabor y color a tus recetas de forma natural. Su uso es frecuente en platos tan conocidos como el pulpo a la gallega. En cualquier región de España se usa para sofritos, guisos, arroces, sopas y potajes; como aromatizante y colorante natural. Componente de los escabeches y aromatizante de quesos.",Artemis Bio,,Alimentos,"Bio, Vegano, Sin gluten, Sin lactosa, 38 g",TRUE,Title,Default Title,,,,,,,,2778,38,shopify,4,deny,manual,2.95,,TRUE,TRUE,,,,,8428201320017,https://www.ecoplaza.es/27392-large_default/pimenton-dulce-especias-artemis-38-gr-bio.jpg,1,Pimentón Dulce - Artemis Bio,FALSE,Pimentón Dulce,"Pimentón dulce ideal para dar sabor y color a tus recetas de forma natural. Su uso es frecuente en platos tan conocidos como el pulpo a la gallega. En cualquier región de España se usa para sofritos, guisos, arroces, sopas y potajes; como aromatizante y colorante natural. Componente de los escabeches y aromatizante de ",,,,TRUE,,2027-01-15,2778,2778,TRUE,TRUE,,,,TRUE,FALSE,TRUE,1.40,,ecoplaza,10.00,TRUE,,g,,1.80,active
comino-molido-en-polvo-30-g,Comino Molido en polvo,"Comino en polvo para uso culinario, ideal para aportar un sabor característico a una variedad de platos y recetas.",Artemis Bio,,Alimentos,"Bio, Vegano, Sin lactosa, 30 g",TRUE,Title,Default Title,,,,,,,,2792,30,shopify,4,deny,manual,2.95,,TRUE,TRUE,,,,,8428201321366,https://www.ecoplaza.es/26833-large_default/comino-molido-especias-artemis-35-gr-bio.jpg,1,Comino Molido en polvo - Artemis Bio,FALSE,Comino Molido en polvo,"Comino en polvo para uso culinario, ideal para aportar un sabor característico a una variedad de platos y recetas.",,,,TRUE,,2028-03-15,2792,2792,TRUE,FALSE,,Ingredientes: Comino Molido.,,TRUE,FALSE,TRUE,1.40,,ecoplaza,10.00,TRUE,,g,,1.87,active
bastones-de-almendra-150-g,Bastones de Almendra,,BIO comercio,,Alimentos,"Bio, Vegano, 150 g",TRUE,Title,Default Title,,,,,,,,2839,150,shopify,8,deny,manual,3.95,,TRUE,TRUE,,,,,8437014360394,,,,FALSE,Bastones de Almendra,,,,,TRUE,,2026-04-01,2839,2839,TRUE,FALSE,,,,TRUE,FALSE,FALSE,1.40,,BIO comercio,10.00,TRUE,,g,,2.39,active
red-curry-artemis-bio-28-g,Red Curry Artemis Bio,"Mezcla ecológica de especias Red Curry picante, ideal para realzar platos de carne y marisco.",Artemis Bio,,Alimentos,"Bio, 28 g",TRUE,Title,Default Title,,,,,,,,2902,28,shopify,4,deny,manual,2.95,,TRUE,TRUE,,,,,8428201320673,https://www.ecoplaza.es/26839-large_default/curry-rojo-especias-artemis-28-gr-bio.jpg,1,Red Curry Artemis Bio - Artemis Bio,FALSE,Red Curry Artemis Bio,"Mezcla ecológica de especias Red Curry picante, ideal para realzar platos de carne y marisco.",Revisar ingredientes y alérgenos en la etiqueta antes de consumir.,No especificado por el fabricante. Revisar siempre la etiqueta antes de consumir.,,TRUE,Combina bien con recetas de cocina asiática y platos con curry.,2027-11-15,2902,2902,TRUE,FALSE,,,"Añadir al gusto en guisos, carnes o mariscos para potenciar el sabor picante y aromático.",TRUE,FALSE,FALSE,1.40,"Producto alimentario. Revisar siempre el etiquetado del fabricante, ingredientes, alérgenos, lote, fecha de consumo preferente y condiciones de conservación.",,10.00,FALSE,,g,,1.70,active
s-samo-negro-250-g,Sésamo Negro,,Biocop,,Alimentos,"Bio, Vegano, Sin lactosa, 250 g",TRUE,Title,Default Title,,,,,,,,2927,250,shopify,19,deny,manual,2.98,,TRUE,TRUE,,,,,8423903043400,,,,FALSE,Sésamo Negro,,,"Puede contener trazas de soja, gluten, frutos secos cacahuetes y altramuces",,TRUE,,2027-01-10,2927,2927,TRUE,FALSE,,,,TRUE,FALSE,TRUE,1.40,,Biocop,10.00,TRUE,,g,,1.81,active
citrato-de-magnesio-250-uds,Citrato de Magnesio,,Aldous,,Suplementos,250 uds,TRUE,Title,Default Title,,,,,,,,2971,,shopify,2,deny,manual,26.95,,TRUE,TRUE,,,,,8437020622929,https://aldousbio.com/cdn/shop/files/citrato-de-magnesio-puro-2381195.webp?v=1751399568&width=1200,1,Citrato de Magnesio - Aldous,FALSE,Citrato de Magnesio,,"No superar la dosis diaria recomendada. Los complementos alimenticios no deben utilizarse como sustitutos de una dieta equilibrada. Si se están tomando medicamentos, es oportuno consultar con el médico. No utilizar durante el embarazo o la lactancia. Mantener fuera del alcance de los niños más pequeños. Solo para adultos. Conservar en un lugar fresco y seco.",,,FALSE,,2028-04-01,2971,2971,TRUE,FALSE,"Ingredientes activos: Citrato de magnesio: 735 mg, del cual magnesio elemental: 220 mg (58,50% VRN*).","Citrato de Magnesio, Cápsula de origen vegetal (Agente de recubrimiento: Hidroxipropilmetilcelulosa), Agente de carga: celulosa microcristalina.",,TRUE,FALSE,FALSE,1.40,,,10.00,FALSE,,,,14.29,active
triple-magnesio-60-uds,Triple Magnesio,"Triple Magnesio Fórmula es un complemento alimenticio a base de tres formas de magnesio de alta biodisponibilidad (bisglicinato, citrato y malato) y vitamina B6 formular para disminuir el cansancio y la fatiga, equilibrar el sistema nervioso, cuidar la salud ósea y articular, mejorar el descanso y aumentar la energía.",Webotanix,,Suplementos,"Vegano, Sin gluten, Sin lactosa, 60 uds",TRUE,Title,Default Title,,,,,,,,3012,,shopify,3,deny,manual,23.95,,TRUE,TRUE,,,,,8437022223490,https://webotanix.com/wp-content/uploads/2024/08/ficha-producto-triple-magnesio-60-PDA-768x746.jpg,1,Triple Magnesio - Webotanix,FALSE,Triple Magnesio,"Triple Magnesio Fórmula es un complemento alimenticio a base de tres formas de magnesio de alta biodisponibilidad (bisglicinato, citrato y malato) y vitamina B6 formular para disminuir el cansancio y la fatiga, equilibrar el sistema nervioso, cuidar la salud ósea y articular, mejorar el descanso y aumentar la energía.","Los complementos alimenticios no debe utilizarse como sustitutos de una dieta variada y equilibrada ni un modo de vida saludable. No superar la dosis diaria expresamente recomendada. Mantener fuera del alcance de los niños más pequeños. Conservar en un lugar fresco, seco y al abrigo de la luz.",No contiene alérgenos de acuerdo con el Reglamento (UE) no 1169/2011.,"La información proporcionada en este producto solo tiene fines informativos. No supone asesoramiento profesional, médico o legal.",FALSE,Uso diario y continuado. Dosis diaria recomendada: 2 cápsulas.,2028-09-01,3012,3012,TRUE,TRUE,"Bisglicinato de magnesio Albion® 800 mg (18 % de magnesio, aportando 144 mg de Mg), dimagnesio malato Albion® 460 mg (20 % de magnesio, aportando 92 mg de Mg), citrato de magnesio 97 mg (14,5 % de magnesio, aportando 14 mg de Mg), total de magnesio elemental 250 mg (66,67 % VRN) y vitamina B6 6 mg (428,57 % VRN), por 2 cápsulas.","Bisglicinato de magnesio Albion® (Magnesio), dimagnesio malato Albion® (Magnesio), agente de carga (fosfato bicalcico), citrato de magnesio hidrato (Magnesio), antiaglomerantes (sales magnésicas de ácidos grasos y dióxido de silicio), clorhidrato de piridoxina (Vitamina B6). Cápsula vegetal: agente de recubrimiento (hidroxipropilmetilcelulosa).",Tomar dos cápsulas al día. Adoptar ciertos hábitos saludables puede favorecer la acción del producto y mejorar su eficacia.,TRUE,FALSE,TRUE,1.40,"Complemento Alimenticio. Su comercialización es legal en toda Europa.

CERTIFICADO

• No GMO: no contiene ningún ingrediente que provenga de Organismos Modificados Genéticamente, por lo que no está sometido al etiquetado de los OMG del Reglamento (EU) 1829/2003.
• No ionizado: No se usa radiación ionizante en ningún punto durante el proceso de fabricación del producto conforme con la Directiva 1999/2/EC.
• BSE / TSE: está libre de cualquier riesgo de BSE / TSE según Reglamento (CE) 999/2001.
• Fabricado en la UE: es fabricado en la Unión Europea.",,10.00,TRUE,,,,9.61,active
calmia-forte-60-uds,Calmia Forte,"Complemento alimenticio a base de extractos de plantas, L-teanina, magnesio, vitamina B6 y melatonina formulado para reducir los niveles de ansiedad, favorecer un descanso más profundo y reparador y ayudar a conciliar el sueño.",Webotanix,,TODAS,"Vegano, Sin gluten, Sin lactosa, 60 uds",TRUE,Title,Default Title,,,,,,,,3013,,shopify,1,deny,manual,21.95,,TRUE,TRUE,,,,,8437022223551,https://webotanix.com/wp-content/uploads/2025/06/calmia-noche-forte-webotanix.jpg,1,Calmia Forte - Webotanix,FALSE,Calmia Forte,"Complemento alimenticio a base de extractos de plantas, L-teanina, magnesio, vitamina B6 y melatonina formulado para reducir los niveles de ansiedad, favorecer un descanso más profundo y reparador y ayudar a conciliar el sueño.","Los complementos alimenticios no deben utilizarse como sustitutos de una dieta variada, equilibrada y un modo de vida saludable. No superar la dosis diaria recomendada. Mantener fuera del alcance de los niños más pequeños. No recomendado en caso de embarazo, lactancia, enfermedades inflamatorias o autoinmunes. Consultar con un profesional de la salud antes de su uso. Evitar antes de realizar actividades que requieran una mayor atención, debido al riesgo de somnolencia. Se recomienda un uso puntual. Conservar en un lugar fresco, seco y protegido de la luz.",No contiene alérgenos citados en el REGLAMENTO (UE) No 1169/2011.,"La información proporcionada en este producto solo tiene fines informativos. No supone asesoramiento profesional, médico o legal.",FALSE,Dosis diaria recomendada: dos cápsulas.,2028-12-01,3013,3013,TRUE,TRUE,"Extracto seco de Griffonia simplicifolia 250 mg (de los cuales 5-HTP 75 mg), extracto seco de valeriana 200 mg, extracto seco de ashwagandha 100 mg (de los cuales witanólidos 10 mg), extracto seco de pasiflora 50 mg (de los cuales flavonoides 1 mg), L-teanina 40 mg, melatonina 1,9 mg, magnesio 62,5 mg (16,8 % VRN), vitamina B6 1,5 mg (107,2 % VRN) y proteína de cáñamo 10 mg.","Bisglicinato de magnesio, extracto seco de Griffonia (Griffonia simplicifolia – semillas) 30% L-5- hidroxitriptófano, extracto Seco de Valeriana (Valeriana officinalis – raíz), extracto de Ashwagandha (Witania somnífera -raíz) 10% witanólidos, L-teanina, extracto seco de Pasiflora (Passiflora incarnata – partes aéreas) 2% flavonoides, antiaglomerantes (sales magnésicas del ácido esteárico y dióxido de silicio), agente de carga (celulosa microcristalina), proteína de cáñamo (Cannabis sativa – semillas), vitamina B6 (piridoxal 5´-fosfato) y melatonina. Cápsula vegetal: agente de recubrimiento (hidroxipropilmetilcelulosa).",Tomar dos cápsulas al día un poco antes de irse a dormir.,TRUE,FALSE,TRUE,1.40,"Complemento Alimenticio. Su comercialización es legal en toda Europa.

Certificado

No GMO: no contiene ningún ingrediente que provenga de Organismos Modificados Genéticamente,
por lo que no está sometido al etiquetado de los OMG de los Reglamentos (EU) 1829/2003 y
1830/2003.
No ionizado: no se usa radiación ionizante en ningún punto durante el proceso de fabricación del
producto conforme con Directivas 1999/2/EC y 1999/3/EC.
BSE / TSE: está libre de cualquier riesgo de BSE / TSE según Reglamento (CE) 999/2001.
Fabricado en la EU: es fabricado en la Unión Europea.",,10.00,TRUE,,,,10.00,active
glynac-60-uds,Glynac+,"Complemento alimenticio con N-acetilcisteína (NAC) y glicina, dos aminoácidos esenciales para la producción de glutatión, el antioxidante más poderoso del cuerpo, selenio, vitamina C y manganeso para personas que buscan optimizar su salud celular y mitocondrial y reducir el daño oxidativo.",Webotanix,,Suplementos,"Vegano, Sin gluten, Sin lactosa, 60 uds",TRUE,Title,Default Title,,,,,,,,3014,,shopify,6,deny,manual,24.95,,TRUE,TRUE,,,,,8437022223544,https://webotanix.com/wp-content/uploads/2025/03/ficha-producto-glynac-formnula-PDA-768x746.jpg,1,Glynac+ - Webotanix,FALSE,Glynac+,"Complemento alimenticio con N-acetilcisteína (NAC) y glicina, dos aminoácidos esenciales para la producción de glutatión, el antioxidante más poderoso del cuerpo, selenio, vitamina C y manganeso para personas que buscan optimizar su salud celular y mitocondrial y reducir el daño oxidativo.","Los complementos alimenticios no debe utilizarse como sustitutos de una dieta variada y equilibrada ni un modo de vida saludable. No superar la dosis diaria expresamente recomendada. Mantener fuera del alcance de los niños más pequeños. Conservar en un lugar fresco, seco y al abrigo de la luz.",No contiene alérgenos de acuerdo con el Reglamento (UE) nº 1169/2011.,"La información proporcionada en este producto solo tiene fines informativos. No supone asesoramiento profesional, médico o legal.",FALSE,Uso diario y continuado. Dosis diaria recomendada: 2 cápsulas.,,3014,3014,TRUE,TRUE,"N-acetilcisteína: 500 mg. Glicina: 500 mg. Selenio: 100 µg (182% VRN*). Vitamina C: 250 mg (312,5% VRN*). Manganeso: 3 mg (150% VRN*).","N-acetil-L-cisteína (NAC), glicina, vitamina C (ácido-L-ascórbico), levadura enriquecida en selenio y gluconato de manganeso.
Cápsula vegetal: agente de recubrimiento (hidroxipropilmetilcelulosa).","Dosis recomendada: 2 cápsulas al día, preferiblemente con una comida.

Adoptar ciertos hábitos saludables puede favorecer la acción del producto y mejorar su eficacia.",TRUE,FALSE,TRUE,1.40,"Complemento Alimenticio. Su comercialización es legal en toda Europa.

CERTIFICADO

• No GMO: no contiene ningún ingrediente que provenga de Organismos Modificados Genéticamente, por lo que no está sometido al etiquetado de los OMG del Reglamento (EU) 1829/2003.
• No ionizado: No se usa radiación ionizante en ningún punto durante el proceso de fabricación del producto conforme con la Directiva 1999/2/EC.
• BSE / TSE: está libre de cualquier riesgo de BSE / TSE según Reglamento (CE) 999/2001.
• Fabricado en la UE: es fabricado en la Unión Europea.",,10.00,TRUE,,,,15.51,active
col-geno-mobility-275-g,Colágeno Mobility,"Complemento alimenticio a base de colágeno marino hidrolizado, extractos de plantas, vitaminas y minerales formulado para el cuidado de la salud ósea, articular y muscular.",Webotanix,,Suplementos,"Sin gluten, Sin lactosa, 275 g",TRUE,Title,Default Title,,,,,,,,3015,275,shopify,6,deny,manual,29.95,,TRUE,TRUE,,,,,8437022223339,https://webotanix.com/wp-content/uploads/2023/11/marinecol-mobility-webotanix-ficha-producto-768x746.jpg,1,Colágeno Mobility - Webotanix,FALSE,Colágeno Mobility,"Complemento alimenticio a base de colágeno marino hidrolizado, extractos de plantas, vitaminas y minerales formulado para el cuidado de la salud ósea, articular y muscular.",Los complementos alimenticios no deben utilizarse como sustituto de una dieta equilibrada. No superar la dosis diaria expresamente recomendada. Mantener fuera del alcance de los niños más pequeños. Se aconseja a las mujeres embarazadas o lactantes que consulten a su médico antes de tomar cualquier suplemento. Conservar bien cerrado en lugar fresco y seco.,Contiene pescado y crustáceos. Libre de gluten y lactosa.,"La información proporcionada en este producto solo tiene fines informativos. No supone asesoramiento profesional, médico o legal.",FALSE,Complementar con una dieta equilibrada. Puedes combinarlo con Marinecol Beauty.,,3015,3015,TRUE,TRUE,"Colágeno marino hidrolizado: 9 g. Magnesio: 202,5 mg (54% VRN). Extracto de acerola (50% vitamina C): 160 mg, del cual vitamina C: 80 mg (100% VRN). Extracto de cúrcuma (95% curcumina): 120 mg, del cual curcumina: 114 mg. Extracto de bambú (85% sílice): 100 mg, del cual sílice: 85 mg. Proteína de cáñamo: 50 mg. Megaflora Evo (pre y probióticos, 80.000.000 de bacterias): 40 mg. Ácido hialurónico: 30 mg. Cobre: 1 mg (100% VRN). Extracto seco de pimienta negra (95% piperina): 2,12 mg, del cual piperina: 2 mg. Aroma de vainilla: c.s.p.","Colágeno marino hidrolizado*(muy bajo peso molecular), citrato de magnesio, extracto seco de acerola (Malpighia Punicifolia – fruta), extracto seco de cúrcuma (Curcuma longa – raíz), extracto seco de bambú (Bambusa vulgaris – tallo), proteína de cáñamo (Cannabis sativa – semilla), megaflora Evo**, ácido hialurónico, aroma, gluconato de cobre, extracto seco de pimienta negra (Piper nigrum – fruto).

* origen pescado y crustáceos.
** Almidón y maltodextrina de maíz, fructooligosacáridos (FOS), inulina, dextrina de maíz, cloruro de potasio (estabilizador), proteína hidrolizada vegetal, sulfato de magnesio, probióticos (Lactobacillus acidophilus W22, Lactobacillus plantarum W21, Lactobacillus plantarum W1, Lactobacillus paracasei W20, Lactobacillus salivarius W24, Lactococcus lactis W19, Bifidobacterium lactis W51, Bifidobacterium lactis W52 y Enterococcus faecium W54), enzima (amilasa) y sulfato de manganeso.","Mezclar 2 cacitos dosificadores (aprox. 11g) en agua, zumo o cualquier otra bebida y remover bien. Tomar una vez al día, preferiblemente con el desayuno.",TRUE,FALSE,TRUE,1.40,"Complemento Alimenticio. Su comercialización es legal en toda Europa.

CERTIFICADO

No GMO: no contiene ningún ingrediente que provenga de Organismos Modificados Genéticamente, por lo que no está sometido al etiquetado de los OMG de los Reglamentos (EU) 1829/2003 y 1830/2003.
Fabricado en la EU: colágeno marino fabricado en la Unión Europea.
No ionizado: No se usa radiación ionizante en ningún punto durante el proceso de fabricación del producto conforme con Directivas 1999/2/EC y 1999/3/EC.
BSE / TSE: está libre de cualquier riesgo de BSE / TSE según Reglamento (CE) 999/2001.Producto sin gluten, sin lactosa, sin azúcares añadidos y sin edulcorantes artificiales.",,10.00,FALSE,,g,,15.20,active
col-geno-beauty-250-g,Colágeno Beauty,"Complemento alimenticio a base de proteína de colágeno marino, extractos de plantas, ácido hialurónico, coenzima Q10, vitamina C, biotina y probióticos formulado para cuidar y fortalecer cabello, piel y uñas.",Webotanix,,Suplementos,"Sin gluten, Sin lactosa, 250 g",TRUE,Title,Default Title,,,,,,,,3016,250,shopify,0,deny,manual,29.95,,TRUE,TRUE,,,,,8437022223346,https://webotanix.com/wp-content/uploads/2025/06/marinecol-beauty-webotanix-768x746.jpg,1,Colágeno Beauty - Webotanix,FALSE,Colágeno Beauty,"Complemento alimenticio a base de proteína de colágeno marino, extractos de plantas, ácido hialurónico, coenzima Q10, vitamina C, biotina y probióticos formulado para cuidar y fortalecer cabello, piel y uñas.",Los complementos alimenticios no deben utilizarse como sustituto de una dieta equilibrada. No superar la dosis diaria expresamente recomendada. Mantener fuera del alcance de los niños más pequeños. Se aconseja a las mujeres embarazadas o lactantes que consulten a su médico antes de tomar cualquier suplemento. Conservar bien cerrado en lugar fresco y seco.,Contiene pescado y crustáceos. Libre de gluten y lactosa.,"La información proporcionada en este producto solo tiene fines informativos. No supone asesoramiento profesional, médico o legal.",FALSE,Complementar con una dieta equilibrada. Puedes combinarlo con Marinecol Mobility.,2029-01-01,3016,3016,TRUE,TRUE,"Colágeno marino hidrolizado: 9 g. Aceite de onagra microencapsulado: 150 mg. Ácido hialurónico: 100 mg. Jugo concentrado de grosellero negro: 100 mg. Vitamina C (L-ácido ascórbico): 80 mg (100% VRN*). Coenzima Q10: 50 mg. Proteína de cáñamo: 50 mg. Megaflora Evo (pre y probióticos, 80.000.000 de bacterias): 40 mg. Vitamina H (Biotina): 0,1 mg (100% VRN*). Zumo de remolacha: c.s.p. Aroma de frutos del bosque: c.s.p.","Colágeno marino hidrolizado*(muy bajo peso molecular), aceite de onagra microencapsulado (Oenothera biennis – semillas), ácido hialurónico, jugo concentrado de grosellero negro (Ribes Nigrum – fruto), vitamina C (ácido L-ascórbico), coenzima Q10, proteína de cáñamo (Cannabis sativa – semilla), megaflora Evo**, aroma, zumo concentrado deshidratado rojo remolacha, vitamina H (biotina).

* origen pescado y crustáceos

** Almidón y maltodextrina de maíz, fructooligosacáridos (FOS), inulina, dextrina de maíz, cloruro de potasio (estabilizador), proteína hidrolizada vegetal, sulfato de magnesio, probióticos (Lactobacillus acidophilus W22, Lactobacillus plantarum W21, Lactobacillus plantarum W1, Lactobacillus paracasei W20, Lactobacillus salivarius W24, Lactococcus lactis W19, Bifidobacterium lactis W51, Bifidobacterium lactis W52 y Enterococcus faecium W54), enzima (amilasa) y sulfato de manganeso.","Mezclar 2 cacitos dosificadores rasos (aprox. 10 g) en agua, zumo o cualquier otra bebida y remover bien. Tomar una vez al día, preferiblemente con el desayuno.",TRUE,FALSE,TRUE,1.40,"Complemento Alimenticio. Su comercialización es legal en toda Europa.

CERTIFICADO

No GMO: no contiene ningún ingrediente que provenga de Organismos Modificados Genéticamente, por lo
que no está sometido al etiquetado de los OMG de los Reglamentos (EU) 1829/2003 y 1830/2003.
Fabricado en la EU: es fabricado en la Unión Europea.
No ionizado: No se usa radiación ionizante en ningún punto durante el proceso de fabricación del producto
conforme con Directivas 1999/2/EC y 1999/3/EC.
BSE / TSE: está libre de cualquier riesgo de BSE / TSE según Reglamento (CE) 999/2001.Producto sin gluten, sin lactosa, sin azúcares añadidos y sin edulcorantes artificiales.",,10.00,FALSE,,g,,14.29,active
calmia-dia-60-uds,Calmia Dia,"Complemento alimenticio a base de proteína de cáñamo, extractos vegetales, triptófano y vitamina B6 formulado para aportar equilibrio y vitalidad al organismo y promover el buen funcionamiento del sistema nervioso y la función psicológica.",Webotanix,,Suplementos,"Vegano, Sin lactosa, 60 uds",TRUE,Title,Default Title,,,,,,,,3017,,shopify,11,deny,manual,24.95,,TRUE,TRUE,,,,,8437022223087,https://webotanix.com/wp-content/uploads/2025/06/calmia-dia-webotanix-768x746.jpg,1,Calmia Dia - Webotanix,FALSE,Calmia Dia,"Complemento alimenticio a base de proteína de cáñamo, extractos vegetales, triptófano y vitamina B6 formulado para aportar equilibrio y vitalidad al organismo y promover el buen funcionamiento del sistema nervioso y la función psicológica.","Los suplementos alimenticios no deben utilizarse como sustitutos en una dieta equilibrada. No superar la dosis diaria expresamente recomendada. Mantener fuera del alcance de los niños más pequeños. No debe ser consumido por mujeres embarazadas, ni por aquellas personas que estén siendo tratadas con antidepresivos o que padezcan insuficiencia renal. Conservar bien cerrado en un lugar fresco y seco.","Aunque este producto no contiene alérgenos, se fabrica en una instalación que procesa ingredientes que sí los contienen. Por lo que puede contener trazas de gluten, leche, huevos, pescado, apio y soja.","La información proporcionada en este producto solo tiene fines informativos. No supone asesoramiento profesional, médico o legal.",FALSE,"Puedes combinarlo con Calmia Noche -> Una cápsula de Calmia Día en el desayuno y una de Calmia Noche media hora antes de dormir. O con Calmia Noche Spray Sublingual.

Dosis diaria recomendada: 1- 2 cápsulas",2028-02-01,3017,3017,TRUE,FALSE,"Ashwagandha Shoden (Withania somnifera, raíz y hojas) 120 mg, de los cuales witanólidos (35 %) 42 mg, L-triptófano 75 mg, proteína de cáñamo (Cannabis sativa, semilla) 100 mg, extracto seco de Rhodiola rosea (raíz) 50 mg, extracto seco de azafrán (Crocus sativus, estigmas) 15 mg y vitamina B6 0,85 mg (61 % VRN), por cápsula.","Extracto seco de Ashwagandha Shoden® (Withania somnífera-raíz seca y hojas) 35% de witanólidos, proteína de cáñamo, L-triptófano, extracto seco de Rhodiola rosea (Rhodiola rosea-raíz), extracto seco de Azafrán (Crocus sativus-estigmas), agente de carga (celulosa microcristalina), agente antiaglomerante (estearato de magnesio) y clorhidrato de piridoxina (vitamina B6).

Cápsula: agente de recubrimiento (hidroxipropilmetilcelulosa)","Tomar 1 o 2 cápsulas al día. Con el desayuno y/o con la cena.

Tomar mínimo durante 2 meses, los primeros efectos se empiezan a notar en las dos primeras semanas.",TRUE,FALSE,TRUE,1.40,"Complemento Alimenticio. Su comercialización es legal en toda Europa.

Se certifica que el producto CALMIA DIA:

No GMO: no contiene ningún ingrediente que provenga de Organismos Modificados Genéticamente, por lo que no está sometido al etiquetado de los OMG de los Reglamentos (EU) 1829/2003 y 1830/2003.
No ionizado: No se usa radiación ionizante en ningún punto durante el proceso de fabricación del producto conforme con Directivas 1999/2/EC y 1999/3/EC.
BSE / TSE: está libre de cualquier riesgo de BSE / TSE según Reglamento (CE) 999/2001.
Fabricado en la UE: es fabricado en la Unión Europea",,10.00,TRUE,,,,12.20,active
probiotax-microbiota-coco-150-g,Probiotax Microbiota,Complemento alimenticio con probióticos para el bienestar digestivo.,Webotanix,,Suplementos,"Coco, 150 g",TRUE,Title,Default Title,,,,,,,,3021,150,shopify,2,deny,manual,29.95,,TRUE,TRUE,,,,,8437022223452,https://webotanix.com/wp-content/uploads/2024/04/imagen-ficha-producto-probiotax-coco.jpg,1,Probiotax Microbiota - Webotanix,FALSE,Probiotax Microbiota,Complemento alimenticio con probióticos para el bienestar digestivo.,"Consulte a su médico antes de usar si está embarazada, lactando o tiene alguna condición médica.",No especificado por el fabricante. Revisar siempre la etiqueta antes de consumir.,Este producto es un complemento alimenticio y no debe utilizarse como sustituto de una dieta equilibrada.,FALSE,Tomar de forma constante siguiendo las indicaciones del envase y dentro de una dieta equilibrada.,2027-12-01,3021,3021,TRUE,FALSE,,,Tomar según la dosis recomendada en el envase o según indicación de un profesional sanitario.,TRUE,FALSE,FALSE,5.20,"Conservar en un lugar fresco y seco, protegido de la luz y la humedad.",Webotanix,21.00,FALSE,,g,,14.64,active
probotanix-microbiota-60-uds,Probotanix  Microbiota,"Complemento alimenticio a base de probióticos y prebióticos, melena de León, L-glutamina, jengibre y zinc formulado para promover la diversidad y el bienestar de la microbiota intestinal, mejorando así la absorción de nutrientes y fortaleciendo el sistema inmunológico.",Webotanix,,Suplementos,"Vegano, Sin gluten, Sin lactosa, 60 uds",TRUE,Title,Default Title,,,,,,,,3023,,shopify,1,deny,manual,29.95,,TRUE,TRUE,,,,,8437022223575,https://webotanix.com/wp-content/uploads/2025/06/probiotax-microbiota-capsulas-webotanix-768x746.jpg,1,Probotanix  Microbiota - Webotanix,FALSE,Probotanix  Microbiota,"Complemento alimenticio a base de probióticos y prebióticos, melena de León, L-glutamina, jengibre y zinc formulado para promover la diversidad y el bienestar de la microbiota intestinal, mejorando así la absorción de nutrientes y fortaleciendo el sistema inmunológico.",Los complementos alimenticios no deben utilizarse como sustituto de una dieta equilibrada. No superar la dosis diaria expresamente recomendada. Mantener fuera del alcance de los niños más pequeños. Conservar bien cerrado en lugar fresco y seco.,No contiene alérgenos indicados en el anexo II del Reglamento (UE) 1169/2011.,"La información proporcionada en este producto solo tiene fines informativos. No supone asesoramiento profesional, médico o legal.",FALSE,Complementar con una dieta equilibrada.,2028-05-01,3023,3023,TRUE,TRUE,"Megaflora® Evo (1.200.000.000 de bacterias): 600 mg. L-Glutamina: 200 mg. Melena de León: 180 mg, de los cuales polisacáridos: 54 mg. INAVEA™ Baobab Acacia: 100 mg. Extracto seco de jengibre: 30 mg, del cual gingeroles: 1,5 mg. Zinc: 20 mg (200% VRN*).","Mezcla de fermentos lácticos (Megaflora® Evo**: Lactobacillus acidophilus W22, L. plantarum W21/W1, L. paracasei W20, L. salivarius W24, actococcus lactis W19, Bifidobacterium lactis W51/W52, Enterococcus faecium W54), L-glutamina, extracto seco de melena de león (Hericium erinaceus, cuerpo fructífero, 30% polisacáridos), gluconato de zinc, fibras ecológicas INAVEATM de pulpa de baobab (Adansonia digitada L.) y goma de acacia (Acacia seyal Delile) extracto seco de jengibre (Zingiber officinale, raíz, 5% gingeroles). Cápsula vegetal: agente de recubrimiento (hidroxipropilmetilcelulosa).

** Almidón y maltodextrina de maíz, fructooligosacáridos (FOS), inulina, dextrina de maíz, cloruro de potasio (estabilizador), proteína hidrolizada vegetal, sulfato de magnesio, probióticos, enzima (amilasa) y sulfato de manganeso.","Tomar dos cápsulas al día, preferiblemente en ayunas, antes del desayuno.",TRUE,FALSE,TRUE,0.00,"Complemento Alimenticio. Su comercialización es legal en toda Europa.

CERTIFICADO

No GMO: no contiene ningún ingrediente que provenga de Organismos Modificados Genéticamente, por lo que no está sometido al etiquetado de los OMG de los Reglamentos (EU) 1829/2003 y 1830/2003.
Fabricado en la EU: es fabricado en la Unión Europea.
No ionizado: No se usa radiación ionizante en ningún punto durante el proceso de fabricación del producto conforme con Directivas 1999/2/EC y 1999/3/EC.
BSE / TSE: está libre de cualquier riesgo de BSE / TSE según Reglamento (CE) 999/2001.
Producto sin gluten, sin lactosa, sin azúcares añadidos y sin edulcorantes artificiales.",,0.00,TRUE,,,,17.36,active
laurel-molido-50-g,Laurel Molido,Hojas de laurel molidas.,naturcid,,Alimentos,"Bio, Vegano, Sin lactosa, 50 g",TRUE,Title,Default Title,,,,,,,,3057,50,shopify,2,deny,manual,4.95,,TRUE,TRUE,,,,,8429215770454,https://naturcid.com/wp-content/uploads/2026/03/77045-LAUREL-MOLIDO.jpeg,1,Laurel Molido - naturcid,FALSE,Laurel Molido,Hojas de laurel molidas.,,Puede contener trazas de frutos de cáscara y mostaza.,,TRUE,,2028-01-01,3057,3057,TRUE,FALSE,,100% hojas de laurel* molidas. *Procedente de agricultura ecológica.,,TRUE,FALSE,TRUE,1.40,,,10.00,TRUE,,g,,3.10,active
eritritol-500-g,Eritritol,Considerado uno de los edulcorantes más sanos por su bajo contenido en azúcar y ser 0% materia grasa,Too Bio,,Alimentos,"Bio, Vegano, Sin gluten, Sin lactosa, 500 g",TRUE,Title,Default Title,,,,,,,,3093,500,shopify,6,deny,manual,9.95,,TRUE,TRUE,,,,,8437023939246,https://www.ecoplaza.es/19979-large_default/eritritol-sin-gluten-too-bio-500-gr-bio.jpg,1,Eritritol - Too Bio,FALSE,Eritritol,Considerado uno de los edulcorantes más sanos por su bajo contenido en azúcar y ser 0% materia grasa,Revisar ingredientes y alérgenos en la etiqueta antes de consumir.,,,TRUE,,2027-12-01,3093,3093,TRUE,TRUE,,"Ingredientes: Eritritol
(*) Procedente de cultura ecológica",Modo de uso: emplear como endulzante para bebidas como el café o té,TRUE,FALSE,TRUE,1.40,,ecoplaza,10.00,TRUE,,g,,6.12,active
mega-creatine-306-g,Mega Creatine,Complemento alimenticio en polvo sin sabor a base de monohidrato de creatina creapure®.,BioTech USA,,Deporte,306 g,TRUE,Title,Default Title,,,,,,,,3113,306,shopify,9,deny,manual,32.95,,TRUE,TRUE,,,,,5999076261895,https://shop.biotechusa.es/cdn/shop/files/MegaCreatine_306g_1l_600x600_7ed12859-364b-4383-8e33-94c760a9a239.png?v=1762776864,1,Mega Creatine - BioTech USA,FALSE,Mega Creatine,Complemento alimenticio en polvo sin sabor a base de monohidrato de creatina creapure®.,"Mantener fuera del alcance de los niños más pequeños. Los complementos alimenticios no deben utilizarse como sustitutos de una dieta equilibrada y variada y por un modo de vida sano. No debe ser consumido por menores de 18 años, ni por personas con afecciones médicas o que toman medicamentos. No recomendado para mujeres embarazadas o en período de lactancia.","Elaborado en una fábrica que produce alimentos que contienen leche, huevos, gluten, soja, cacahuete, frutos de cáscara, apio, pescado, crustáceos y dióxido de azufre.",,FALSE,,2029-05-31,3113,3113,TRUE,FALSE,"Dosis diaria 1 dosis (3,4 g). Dosis por envase 90. Principios activos. 3,4 g. Creapure (monohidrato de creatina). 3400 mg. Del cual creatina. 3000 mg.",Monohidrato de creatina,"Mezclar 1 dosis (3,4 g = ¾ cuchara medidora) con 300 ml de algún líquido a su gusto. Tomar 1 dosis diariamente. No superar la dosis diaria expresamente recomendada.",TRUE,FALSE,FALSE,1.40,,BioTech USA,10.00,FALSE,,g,,16.95,active
aceite-mct-coco-puro-100-500-ml,Aceite MCT Coco Puro 100%,"MCT (Ácidos grasos de cadena Media) son una fuente de energía de fácil absorción, entre los que destacan el Ácido caprilico C8. Nuestros MCT son extraídos exclusivamente del Aceite de Coco, cumpliendo con la más alta calidad.Nuestro MCT Oil no posee sabor ni color, por lo que combina perfectamente con gran variedad de alimentos y bebidas.",Drasanvi,,Alimentos,"Bio, Vegano, Sin gluten, 500 ml",TRUE,Title,Default Title,,,,,,,,3123,500,shopify,1,deny,manual,24.95,,TRUE,TRUE,,,,,8436578546558,https://cdn-epdjd.nitrocdn.com/gCzcTGOFbgTcZAkJXowcxKvwvufCDwlE/assets/images/optimized/rev-af81a50/panel.drasanvi.com/img/products/032050679.png,1,Aceite MCT Coco Puro 100% - Drasanvi,FALSE,Aceite MCT Coco Puro 100%,"MCT (Ácidos grasos de cadena Media) son una fuente de energía de fácil absorción, entre los que destacan el Ácido caprilico C8. Nuestros MCT son extraídos exclusivamente del Aceite de Coco, cumpliendo con la más alta calidad.Nuestro MCT Oil no posee sabor ni color, por lo que combina perfectamente con gran variedad de ","Almacenar en un lugar fresco.Usar en crudo, nunca utilizar para cocinar",,,TRUE,,2029-01-01,3123,3123,TRUE,TRUE,,,"Añade una cucharada al café, bebidas o utilízalo
como aderezo para tus ensaladas",TRUE,FALSE,FALSE,1.40,,,10.00,TRUE,,g,,15.25,active
prote-na-vegana-chocolate-768-g,Proteína Vegana,"Complemento alimenticio a base de proteínas vegetales de alto valor biológico de Cáñamo, arroz y guisante, probióticos y enzimas digestivas DigeZyme (favorecen la asimilación y digestión de la proteína) formulada para aportar la cantidad recomendada de proteína a la dieta habitual.",Webotanix,,Deporte,"Bio, Vegano, Sin gluten, Sin lactosa, Chocolate, 768 g",TRUE,Title,Default Title,,,,,,,,3127,768,shopify,6,deny,manual,36.95,,TRUE,TRUE,,,,,8437022223261,https://webotanix.com/wp-content/uploads/2023/09/vegan-protein-webotanix-1.jpg,1,Proteína Vegana - Webotanix,FALSE,Proteína Vegana,"Complemento alimenticio a base de proteínas vegetales de alto valor biológico de Cáñamo, arroz y guisante, probióticos y enzimas digestivas DigeZyme (favorecen la asimilación y digestión de la proteína) formulada para aportar la cantidad recomendada de proteína a la dieta habitual.",Los complementos alimenticios no deben utilizarse como sustituto de una dieta equilibrada. No superar la dosis diaria expresamente recomendada. Mantener fuera del alcance de los niños más pequeños. Conservar bien cerrado en lugar fresco y seco.,"No contiene alérgenos de acuerdo con el reglamento (UE) N° 1169/2011. Se trata de un producto apto para veganos, sin gluten y sin lactosa.","La información proporcionada en este producto solo tiene fines informativos. No supone asesoramiento profesional, médico o legal.",TRUE,Complementar con una dieta equilibrada.,2028-06-01,3127,3127,TRUE,TRUE,"Información nutricional (por 32 g): Valor energético: 493 kJ / 118 kcal. Grasas: 1,5 g, de las cuales saturadas: 0,6 g, monoinsaturadas: 0,5 g, poliinsaturadas: 0,3 g, Omega 3: 0 g y Omega 6: 0,1 g. Hidratos de carbono: 3,3 g, de los cuales azúcares: 0 g. Fibra alimentaria: 1,0 g. Proteínas: 22,1 g. Sal: 0,95 g. Vitamina B6 (Piridoxina): 0,21 mg (15% VRN).

Otros principios activos (por 32 g): Lactobacillus acidophilus: 1,00E+09 UFC. Bifidobacterium bifidum: 1,00E+08 UFC. DigeZyme® (enzimas digestivas): 200 mg.

Perfil de aminoácidos (por 100 g): Ácido L-Glutámico: 13,09 g. Ácido L-Aspártico: 7,26 g. L-Leucina: 6,77 g. L-Arginina: 6,71 g. L-Lisina: 4,88 g. L-Fenilalanina: 3,73 g. L-Valina: 3,52 g. L-Serina: 3,29 g. L-Isoleucina: 3,27 g. L-Alanina: 3,01 g. L-Prolina: 2,80 g. Glicina: 2,69 g. L-Tirosina: 2,61 g. L-Treonina: 2,45 g. L-Histidina: 1,64 g. L-Cistina: 0,99 g. L-Metionina: 0,95 g. L-Triptófano: 0,69 g.","Proteína de guisante, proteína de arroz, proteína de cáñamo (cannabis sativa-semilla), cacao desgrasado en polvo, aroma, mezcla enzimática Digezyme ® (amilasa, proteasa, celulasa, lactasa y lipasa), mezcla de microorganismos (Lactobacilus acidófilos, Bifidobacterias), cloruro sódico, edulcorante (glucósidos de esteviol), piridoxina HCl (vitamina B6).",Añadir los 32g (aproximadamente 3 cacitos rasos) en 150-200ml de agua fresca y agitar hasta su completa disolución.,TRUE,FALSE,TRUE,1.40,"No GMO: no contiene ningún ingrediente que provenga de Organismos Modificados Genéticamente, por lo que no está sometido al etiquetado de los OMG de los Reglamentos (EU) 1829/2003 y 1830/2003.
Fabricado en la EU: proteína vegana fabricada en la Unión Europea.Proteína vegana: sin gluten, sin lactosa, sin azúcar y sin edulcorantes artificiales.",Webotanix,10.00,TRUE,,g,,18.37,active
d3-k2-60-uds,D3+K2,"Complemento alimenticio a base de Vitamina D3, Vitamina K2 y Magnesio para fortalecer el sistema inmunitario, mejorar la salud ósea y muscular y favorecer la relajación.",Webotanix,,Suplementos,"Vegano, Sin gluten, Sin lactosa, 60 uds",TRUE,Title,Default Title,,,,,,,,3128,,shopify,5,deny,manual,24.95,,TRUE,TRUE,,,,,8437022223506,https://webotanix.com/wp-content/uploads/2024/11/ficha-producto-vitamina-d3-k2-magnesio-formula-PDA-768x746.jpg,1,D3+K2 - Webotanix,FALSE,D3+K2,"Complemento alimenticio a base de Vitamina D3, Vitamina K2 y Magnesio para fortalecer el sistema inmunitario, mejorar la salud ósea y muscular y favorecer la relajación.","Los complementos alimenticios no deben utilizarse como sustitutos de una dieta variada y equilibrada ni un modo de vida saludable. No superar la dosis diaria expresamente recomendada. Mantener fuera del alcance de los niños más pequeños. Conservar en un lugar fresco, seco y al abrigo de la luz.",No contiene alérgenos de acuerdo con el Reglamento (UE) nº 1169/2011.,"La información proporcionada en este producto solo tiene fines informativos. No supone asesoramiento profesional, médico o legal.",FALSE,Uso diario y continuado. Dosis diaria recomendada: 1 cápsula.,,3128,3128,TRUE,TRUE,"Vitamina D3 100 μg (4000 UI) (2000 % VRN), vitamina K2 75 μg (100 % VRN) y magnesio elemental 80 mg (21,3 % VRN), por cápsula.","Bisglicinato de magnesio, vitamina D3 (Colecalciferol), antiaglomerantes (estearato magnésico y dióxido de silicio) y Vitamina K2 (Menaquinona).

Cápsula vegetal: agente de recubrimiento (hidroxipropilmetilcelulosa).",Tomar una cápsula al día. Adoptar ciertos hábitos saludables puede favorecer la acción del producto y mejorar su eficacia.,TRUE,FALSE,TRUE,1.40,"Complemento Alimenticio. Su comercialización es legal en toda Europa.

CERTIFICADO

No GMO: no contiene ningún ingrediente que provenga de Organismos Modificados Genéticamente, por lo que no está sometido al etiquetado de los OMG del Reglamento (EU) 1829/2003.
Metales pesados: el producto cumple con Reglamento (CE) nº 333/2007 y sus modificaciones y Reglamento CE Nº629/2008 y sus modificaciones.
Contaminantes: Cumple el Reglamento (UE) 2023/915 y sus modificaciones, Reglamento (UE) 2021/1323, Reglamento (UE) 2015/1933.
Plaguicidas: cumple con el Reglamento (CE) nº 396/2005 y sus modificaciones.
Fabricado en la EU: es fabricado en la Unión Europea.",,10.00,TRUE,,,,10.78,active
stevia-tabletas-250-uds-50-gratis,Stevia Tabletas,"Stevia en envase de 250 unidades, un edulcorante natural para endulzar bebidas y alimentos de forma saludable.",SOL natural,,Alimentos,"Bio, Vegano, Sin gluten, Sin lactosa, 250 uds + 50 gratis",TRUE,Title,Default Title,,,,,,,,3183,,shopify,2,deny,manual,6.95,,TRUE,TRUE,,,,,8435037802624,https://solnatural.bio/pictures/703201.png,1,Stevia Tabletas - SOL natural,FALSE,Stevia Tabletas,"Stevia en envase de 250 unidades, un edulcorante natural para endulzar bebidas y alimentos de forma saludable.",,,,TRUE,,2027-07-01,3183,3183,TRUE,TRUE,"Valor energético 297kJ/73kcal
Hidratos de carbono 43 g
Azúcares: 0 g
Grasas 0 g
Saturadas: 0 g
Proteinas 0 g
Sal 0,5 g","Eritritol, glucósidos de esteviol (28.8%), celulosa microscristalina, croscarmelosa sódica, L-Leucina.",Añadir según el gusto para endulzar bebidas o alimentos.,TRUE,FALSE,TRUE,1.40,,ecoplaza,10.00,TRUE,,,,4.20,active
especias-de-ras-el-hanout-25-g,Especias de Ras el Hanout,"Mezcla tradicional de especias marroquí Ras el Hanout, perfecta para realzar el sabor de guisos y platos exóticos.",Artemis Bio,,Alimentos,"Bio, Vegano, Sin lactosa, 25 g",TRUE,Title,Default Title,,,,,,,,3189,25,shopify,3,deny,manual,2.95,,TRUE,TRUE,,,,,8428201320727,https://www.ecoplaza.es/26900-large_default/ras-el-hanout-especias-artemis-40-gr-bio.jpg,1,Especias de Ras el Hanout - Artemis Bio,FALSE,Especias de Ras el Hanout,"Mezcla tradicional de especias marroquí Ras el Hanout, perfecta para realzar el sabor de guisos y platos exóticos.",,,,TRUE,"Combina bien con carnes, arroces y verduras al estilo marroquí.",2027-10-15,3189,3189,TRUE,FALSE,,"curcuma, cilantro, comino ,pimienta negra, canela, nuez moscada ,pimenton dulce ,jengibre, pimienta blanca.","Utilizar en guisos, carnes y platos exóticos para aportar sabor y aroma característico.",TRUE,FALSE,TRUE,1.40,,ecoplaza,10.00,TRUE,,g,,1.85,active
stevia-granulado-80-uds,Stevia Granulado,Stevia en tabletas de Myconatur para endulzar de forma natural y sin calorías. Ideal para quienes buscan un edulcorante saludable.,Myconatur,,Alimentos,80 uds,TRUE,Title,Default Title,,,,,,,,3191,,shopify,6,deny,manual,4.95,,TRUE,TRUE,,,,,8412680198946,https://myconatur.com/wp-content/uploads/2017/11/stevia_caja-1-min.jpg,1,Stevia Granulado - Myconatur,FALSE,Stevia Granulado,Stevia en tabletas de Myconatur para endulzar de forma natural y sin calorías. Ideal para quienes buscan un edulcorante saludable.,,,,FALSE,,2028-06-01,3191,3191,TRUE,FALSE,"Las stevias de Myconatur han sido todas formuladas con el objetivo primordial de ofrecer a nuestros clientes la máxima calidad y pureza. En nuestra formulación se han utilizado glucósidos de Steviol de la mayor pureza y máxima concentración (TGS 97%).

El Granulado de Stevia de Myconatur es un edulcorante de mesa cuyo estuche contiene 80 sobres de 1 g cada uno.

Es un edulcorante de cocina apto para diabéticos, ya que tiene un índice glucémico de 0.

Libre de alérgenos y sin gluten.
Apto para veganos y vegetarianos.
Producto libre de GMO.
Conservar en un lugar fresco, seco, alejado de la luz solar y de olores agresivos.","Composición: Agente de carga Erythritol (97%) y Glucósidos de Steviol.
El extracto de stevia empleado contiene un TGS (Total Glicósidos Steviol) del 97%.
Reb A 97 (3%).

Por 100g
Valor energético: 0 kJ/ 0 kcal
Grasas: 0 g
De las cuales saturadas: 0 g
Hidratos de carbono: 97 g
De los cuales azúcares: 0 g
Fibra alimentaria: 0 g
Proteína: 0 g
Sal: 0 g","Añade un sobre a la infusión, café o bebida que se desee endulzar. El uso de un segundo sobre va en función del gusto de cada cual.

Un sobre de stevia granulado equivale a 1 cucharilla de azúcar (4-5 gramos).",TRUE,FALSE,FALSE,1.40,,,10.00,FALSE,,,,2.83,active
biotina-gummies-cereza-120-uds,Biotina Gummies,,Aldous,,Suplementos,"Vegano, Cereza, 120 uds",TRUE,Title,Default Title,,,,,,,,3200,,shopify,1,deny,manual,29.95,,TRUE,TRUE,,,,,8437020622936,https://aldousbio.com/cdn/shop/files/biotina-en-gominolas-9854972.webp?v=1751399574&width=1200,1,Biotina Gummies - Aldous,FALSE,Biotina Gummies,,Los complementos alimenticios no deben utilizarse como sustitutos de una dieta equilibrada y variada ni de un estilo de vida saludable. No superar la dosis diaria recomendada. Mantener fuera del alcance de los niños más pequeños.,,,FALSE,,2027-12-01,3200,3200,TRUE,FALSE,"Vitaminas y minerales: Vitamina A: 800 µg (100% VRN*). Vitamina B5: 6 mg (100% VRN*). Vitamina B6: 1,4 mg (100% VRN*). Vitamina B12: 2,5 µg (100% VRN*). Biotina: 10.000 µg (20.000% VRN*). Vitamina C: 40 mg (50% VRN*). Vitamina D: 5 µg (100% VRN*). Vitamina E: 12 mg (100% VRN*). Ácido fólico: 200 µg (100% VRN*). Yodo: 22,5 µg (15% VRN*). Selenio: 55 µg (100% VRN*). Zinc: 1,5 mg (15% VRN*).","Jarabe de glucosa, azúcar, agua, vitamina C (ácido L-ascórbico), vitamina E (acetato de DL-alfa-tocoferilo), gelificante (pectina), acidulante (ácido cítrico), maltodextrina, vitamina A (acetato de retinilo), D-biotina, corrector de acidez (citrato trisódico), ácido pantoténico (D-pantotenato cálcico), citrato de zinc, colorante (antocianinas), aromas naturales, vitamina B12 (cianocobalamina), yoduro de potasio, vitamina D (ergocalciferol), vitamina B6 (clorhidrato de piridoxina), aceite de coco, folato (ácido pteroilmonoglutámico), antiaglomerante (cera de carnauba), selenito de sodio.",1 gominola por dosis diaria.,TRUE,FALSE,FALSE,1.40,,,10.00,TRUE,,,,13.23,active
mag-gum,MAG GUM,,Sin marca,,TODAS,,TRUE,Title,Default Title,,,,,,,,3201,,shopify,7,deny,manual,0.00,,TRUE,TRUE,,,,,8437020622981,,,,FALSE,MAG GUM,,,,,FALSE,,,3201,3201,TRUE,FALSE,,,,TRUE,FALSE,FALSE,0.00,,,0.00,FALSE,,,,12.78,active
alubias-blancas-500-g,Alubias blancas,"Alubias blancas ecológicas de 500 gramos, perfectas para preparar platos saludables y nutritivos.",El Segador,,Alimentos,"Bio, 500 g",TRUE,Title,Default Title,,,,,,,,3226,500,shopify,3,deny,manual,2.95,,TRUE,TRUE,,,,,8422962120039,,,,FALSE,Alubias blancas,"Alubias blancas ecológicas de 500 gramos, perfectas para preparar platos saludables y nutritivos.",,,,TRUE,,2026-12-01,3226,3226,TRUE,FALSE,,,,TRUE,FALSE,FALSE,1.40,,,10.00,FALSE,,g,,1.99,active
supernova,SuperNova,"Bebida preentrenamiento en polvo con estimulantes, vitaminas y zinc, creatina y aminoácidos, y sin azúcar ni edulcorantes.",BioTech USA,,Deporte,"Vegano, Sin gluten, Sin lactosa, Pera Manzana, 282 g",TRUE,Variante,Pera Manzana · 282 g,,,,,,,,3242,282,shopify,7,deny,manual,29.95,,TRUE,TRUE,,,,,5999076253616,https://shop.biotechusa.es/cdn/shop/files/Supernova_ApplePear_282g_1l_600x600_584f24d7-1f23-4b22-b37c-334126622f8b.png?height=1080&v=1762777292,1,SuperNova - BioTech USA,FALSE,SuperNova,"Bebida preentrenamiento en polvo con estimulantes, vitaminas y zinc, creatina y aminoácidos, y sin azúcar ni edulcorantes.",,,,FALSE,,2028-09-09,3242,3242,TRUE,TRUE,"Cantidad de nutrientes por dosis diaria (4,7 g): Clorhidrato de L-arginina: 1125 mg, del cual L-arginina: 930 mg. Beta alanina: 700 mg. L-Citrulina: 663 mg. Taurina: 590 mg. Malato (ácido málico): 511 mg. Monohidrato de creatina micronizado: 507 mg, del cual creatina: 446 mg. Cafeína anhidra: 100 mg. Niacina (ácido nicotínico): 5,0 mg (31% VRN*). Zinc: 3,0 mg (30% VRN*). Vitamina B6: 0,40 mg (29% VRN*).",,"Mezcla 9,4 g (2 cucharas dosificadoras rasas = 1 cucharada sopera rasa) de polvo en 200 ml de agua y consume 15 minutos antes del entrenamiento. Recomendamos utilizar una botella mezcladora. ¡No exceder la dosis diaria recomendada! Usa un shaker.",TRUE,FALSE,TRUE,1.40,,BioTech USA,10.00,TRUE,https://shop.biotechusa.es/cdn/shop/files/Supernova_ApplePear_282g_1l_600x600_584f24d7-1f23-4b22-b37c-334126622f8b.png?height=1080&v=1762777292,g,,13.94,active
supernova,,,,,,,,Variante,Melocotón · 282 g,,,,,,,,3243,282,shopify,6,deny,manual,29.95,,TRUE,TRUE,,,,,5999076253609,,,,,,,,,,,,,,,,,,,,,,,,,,,,https://shop.biotechusa.es/cdn/shop/files/Supernova_Peach_282g_1l_600x600_0caf40d1-2865-4cb5-95dc-14326c366268.png?height=1080&v=1768993485,g,,13.75,active
eea-200-uds,EEA,"Un suplemento dietético en formato de cápsulas, con contenido de aminoácidos esenciales.",Sin marca,,Deporte,200 uds,TRUE,Title,Default Title,,,,,,,,3244,,shopify,4,deny,manual,26.95,,TRUE,TRUE,,,,,5999076238996,https://shop.biotechusa.es/cdn/shop/products/EAA_200caps_750ml_600x600_094574cc-31fc-4231-afd9-f29cb5ee381b.png?height=1080&v=1762777146,1,EEA - Sin marca,FALSE,EEA,"Un suplemento dietético en formato de cápsulas, con contenido de aminoácidos esenciales.",Mantener fuera del alcance de los niños más pequeños. Los complementos alimenticios no deben utilizarse como sustitutos de una dieta equilibrada y variada y por un modo de vida sano.,"Elaborado en una fábrica que produce alimentos que contienen leche, huevos, gluten, soja, crustáceos, pescado, dióxido de azufre y nueces.",,FALSE,,2028-08-28,3244,3244,TRUE,FALSE,Cantidad de nutrientes por dosis diaria (4 cápsulas): Leucina: 697 mg. L-Lisina: 535 mg. Valina: 465 mg. L-Fenilalanina: 447 mg. L-Isoleucina: 358 mg. L-Treonina: 268 mg. L-Metionina: 179 mg. L-Histidina: 160 mg. L-Triptófano: 72 mg.,"Leucina (19,4%), clorhidrato de L-lisina (18,6%), cubierta de la cápsula [gelatina, agente de recubrimiento (goma laca), colorante (óxidos e hidróxidos de hierro), corrector de la acidez (hidróxido de amonio), corrector de la acidez (hidróxido de potasio)], valina (13%), L-fenilalanina (12,5%),  isoleucina (10%), L-treonina (7,5%), L-histidina hidroklorid (6%), L-metionina (5%), agente de carga (gel de celulosa), L-triptófano (2%), antiaglomerantes (sales magnésicas de ácidos grasos, dióxido de silicio).",Ingerir 4 veces 1 cápsula al día con un vaso grande de agua. No exceder la dosis recomendada.,TRUE,FALSE,FALSE,1.40,,BioTech USa,10.00,FALSE,,,,13.49,active
semillas-de-girasol-250-g,Semillas de Girasol,,Biocop,,Alimentos,"Bio, Vegano, Sin lactosa, 250 g",TRUE,Title,Default Title,,,,,,,,3258,250,shopify,5,deny,manual,2.25,,TRUE,TRUE,,,,,8423903004012,https://www.biocop.es/1588966-superlarge_default/SEMILLASGIRASOLPELADOBIOCOP250G.jpg,1,Semillas de Girasol - Biocop,FALSE,Semillas de Girasol,,,"Altramuces y prod. a base de altramuces, Cacahuetes, Frutos con cáscara, Gluten, Sésamo y prod. a base de sésamo, Soja y derivados",,TRUE,Conservar en lugar fresco y seco,2027-08-20,3258,3258,TRUE,FALSE,"Análisis nutricional por 100 g de producto Valor energético: 2445 kJ/584 kcal Fibra alimentaria: 8,6 g Proteínas: 20,78 g Sal: 0,20 g Grasas: 51,46 g de las cuales saturadas: 4,46 g Hidratos de carbono: 20 g de los cuales azúcares: 2,62 g.",Semillas girasol pelado,"Las semillas de girasol se pueden tomar tal cual. En la cocina se suelen emplear para añadirlas a ensaladas, en batidos, con yogur o mueslis. También para preparar salsas, en panes y dulces. Las semillas de girasol pelado se pueden tostar en la sartén con tamari Biocop y luego salar ligeramente para servir como aperitivo. También se pueden caramelizar o emplear para condimentar ensaladas.",TRUE,FALSE,TRUE,1.40,,Biocop,10.00,TRUE,,g,,1.05,active
xilitol-az-car-de-abedul-250-g,Xilitol Azúcar de Abedul,"Endulzante natural obtenido a partir de la corteza del abedul francés. Bajo índice glucémico, apto para diabéticos.",Too Bio,,Alimentos,250 g,TRUE,Title,Default Title,,,,,,,,3260,250,shopify,0,deny,manual,5.95,,TRUE,TRUE,,,,,8436613120088,https://www.ecoplaza.es/19425-large_default/superalimento-azucar-abedul-sin-gluten-too-bio-250-gr-bio.jpg,1,Xilitol Azúcar de Abedul - Too Bio,FALSE,Xilitol Azúcar de Abedul,"Endulzante natural obtenido a partir de la corteza del abedul francés. Bajo índice glucémico, apto para diabéticos.",,,,FALSE,,2028-01-01,3260,3260,TRUE,FALSE,,,,TRUE,FALSE,FALSE,1.40,,,10.00,FALSE,,g,,3.46,active
pasta-tagliatelle-de-trigo-sarraceno-250-g,Pasta Tagliatelle de Trigo Sarraceno,,SOL natural,,Alimentos,"Bio, Vegano, Sin gluten, 250 g",TRUE,Title,Default Title,,,,,,,,3279,250,shopify,4,deny,manual,3.69,,TRUE,TRUE,,,,,8435037841746,https://solnatural.bio/pictures/700137.png,1,Pasta Tagliatelle de Trigo Sarraceno - SOL natural,FALSE,Pasta Tagliatelle de Trigo Sarraceno,,,,,TRUE,,2028-04-16,3279,3279,TRUE,TRUE,"Valor energético: 1523 kJ/360 kcal Hidratos de carbono: 68 g, de los cuales azúcares: 0,3 g. Grasas: 3,2 g, de las cuales saturadas: 0,7 g. Proteínas: 13 g. Fibra: 3,5 g. Sal: 0,002 g.","Harina de Trigo Sarraceno* y Agua. Cocción 5-7 Min.
(*) Procedente de Agricultura Ecológica",,TRUE,FALSE,FALSE,1.40,,ecoplaza,10.00,TRUE,,g,,2.17,active
dd-crema-de-d-a-comfort-50-ml,DD Crema de Día,"Con ingredientes de eficacia calmante demostrada que regulan el equilibrio del agua, disminuyen la pérdida de agua y refuerzan la función barrera. Crema de última generación formulada con emulgente de origen natural extraído de la oliva que se comporta como un ingrediente activo; complejo de ácidos grasos de composición similar a la composición lipídica de la piel que mejora la integridad de la barrera de la piel. Previene la aparición de manchas.",Esential'Arôms,,Cosmetica e higiene,"Bio, Comfort, 50 ml",TRUE,Title,Default Title,,,,,,,,3281,50,shopify,8,deny,manual,34.95,,TRUE,TRUE,,,,,8413568008722,https://esentialaroms.com/wp-content/uploads/2026/05/DD_Crema_de_dia_Comfort_piel_seca_01-2.jpg,1,DD Crema de Día - Esential'Arôms,FALSE,DD Crema de Día,"Con ingredientes de eficacia calmante demostrada que regulan el equilibrio del agua, disminuyen la pérdida de agua y refuerzan la función barrera. Crema de última generación formulada con emulgente de origen natural extraído de la oliva que se comporta como un ingrediente activo; complejo de ácidos grasos de composició",,,,TRUE,,,3281,3281,TRUE,FALSE,Defensa Diaria. Crema de día. Protección antimanchas. 12 h ultrahidratación.,"Aqua, Rosa Damascena Flower Water*, Glycerin, Olea Europaea (Olive) Oil Unsaponifiables, Cetyl Palmitate, Coco-Caprylate/Caprate, Olus (Vegetable) Oil, Silybum Marianum Seed Oil, Glyceryl Stearate, Cetearyl Olivate, Sorbitan Olivate, Camellia Japonica Seed Oil, Oryza Sativa (Rice) Starch, Betaine, Prunus Armeniaca (Apricot) Kernel Oil*, Hydrogenated Ethylhexyl Olivate, Parfum, Porphyra Umbilicalis Extract, Benzyl Alcohol, Sorbitan Palmitate, Persea Gratissima (Avocado) Oil*, Simmondsia Chinensis (Jojoba) Seed Oil*, Adansonia Digitata Seed Oil*, Xanthan Gum, Algae Extract, Salicylic Acid, Hydrogenated Olive Oil Unsaponifiables, Biosaccharide Gum-1, Helianthus Annuus (Sunflower) Seed Oil, Tocopherol, Aloe Barbadensis Leaf Extract*, Althaea Officinalis Leaf Extract*, Gossypium Herbaceum (Cotton) Extract*, Urtica Dioica Extract*, Viola Odorata Extract*, Sodium Benzoate, Citric Acid, Tilia Tomentosa Bud Extract*, Sodium Levulinate, Sorbic Acid, Glyceryl Caprylate, Potassium Sorbate, Sodium Anisate, Phytic Acid, Limonene**, Linalool**, Benzyl Salicylate**, Geraniol**, Benzyl Benzoate**, Farnesol**, Citronellol**, Citral**. *Ingredientes procedentes de la Agricultura Ecológica. El 98,9% del total de los ingredientes es de origen natural. El 19% del total de los ingredientes procede de la Agricultura Ecológica. **Naturalmente contenido en el perfume y el agua floral.","Aplicar sobre la piel limpia del rostro, a diario, como crema de día.",TRUE,FALSE,FALSE,5.20,,Esential'Arôms,21.00,FALSE,,g,,18.40,active
dd-crema-de-d-a-harmony-50-ml,DD Crema de Día,"Con ingredientes de eficacia calmante demostrada que disminuyen la reactividad cutánea, regulan el equilibrio del agua, disminuyen la pérdida de agua y refuerzan la función barrera. Crema de última generación formulada con emulgente de origen natural extraído de la oliva que se comporta como un ingrediente activo; complejo de ácidos grasos de composición similar a la composición lipídica de la piel, mejora la integridad de la barrera de la piel y promueve la entrega de activos  
a las capas profundas de la piel. Previene la aparición de manchas.",Esential'Arôms,,Cosmetica e higiene,"Harmony, 50 ml",TRUE,Title,Default Title,,,,,,,,3282,50,shopify,7,deny,manual,34.95,,TRUE,TRUE,,,,,8413568008739,https://esentialaroms.com/wp-content/uploads/2026/05/DD_Crema_de_dia_Harmony_piel_sensible_01-2.jpg,1,DD Crema de Día - Esential'Arôms,FALSE,DD Crema de Día,"Con ingredientes de eficacia calmante demostrada que disminuyen la reactividad cutánea, regulan el equilibrio del agua, disminuyen la pérdida de agua y refuerzan la función barrera. Crema de última generación formulada con emulgente de origen natural extraído de la oliva que se comporta como un ingrediente activo; comp",,,,FALSE,,,3282,3282,TRUE,FALSE,,"Aqua, Anthemis Nobilis Flower Extract*, Citrus Aurantium Amara (Bitter Orange) Flower Water*, Propanediol, Glycerin, Betaine, Cetyl Palmitate, Coco-Caprylate/Caprate, Glyceryl Stearate, Cetearyl Olivate, Olea Europaea (Olive) Oil Unsaponifiables, Isostearyl Alcohol, Sorbitan Olivate, Camellia Japonica Seed Oil, Oryza Sativa (Rice) Starch Persea Gratissima (Avocado) Oil*, Simmondsia Chinensis (Jojoba) Seed Oil*, Adansonia Digitata Seed Oil*, Hydrogenated Ethylhexyl Olivate, Porphyra Umbilicalis Extract, Benzyl Alcohol, Sorbitan Palmitate, Lavandula Angustifolia Oil*, Xanthan Gum, Boswellia Serrata Gum, Aloe Barbadensis Leaf Extract*, Salicylic Acid, Hydrogenated Olive Oil Unsaponifiables, Tocopherol, Helianthus Annuus (Sunflower) Seed Oil, Calendula Officinalis Flower Extract*, Lavandula Angustifolia Flower Extract*, Papaver Rhoeas Seed Extract*, Sorbic Acid, Sodium Benzoate, Anthemis Nobilis Flower Oil, Citric Acid, Phytic Acid, Tilia Tomentosa Bud Extract*, Potassium Sorbate, Linalool**, Limonene**, Geraniol**. *Ingredientes procedentes de la Agricultura Ecológica. El 99% del total de los ingredientes es de origen natural. El 19,4% del total de los ingredientes procede de la Agricultura Ecológica. **Naturalmente contenido en el perfume y el agua floral.","Aplicar sobre la piel limpia del rostro, a diario, como crema de día.",TRUE,FALSE,FALSE,5.20,,Esential'Arôms,21.00,FALSE,,g,,18.40,active
dd-crema-de-d-a-purifying-50-ml,DD Crema de Día,Defensa Diaria. Crema de día. Protección antimanchas. Reguladora sebácea. Antirrojeces.,Esential'Arôms,,Cosmetica e higiene,"Purifying, 50 ml",TRUE,Title,Default Title,,,,,,,,3283,50,shopify,6,deny,manual,34.95,,TRUE,TRUE,,,,,8413568008746,https://esentialaroms.com/wp-content/uploads/2026/05/DD_Crema_de_dia_Purifying_piel_mixta-grasa_01-2.jpg,1,DD Crema de Día - Esential'Arôms,FALSE,DD Crema de Día,Defensa Diaria. Crema de día. Protección antimanchas. Reguladora sebácea. Antirrojeces.,,,,FALSE,,,3283,3283,TRUE,FALSE,,"Aqua, Propanediol, Citrus Aurantium Amara (Bitter Orange) Flower Water*, Lavandula Angustifolia (Lavender) Flower Water*, Coco-Caprylate/Caprate, Glycerin, Cetyl Palmitate, Simmondsia Chinensis (Jojoba) Seed Oil*, Adansonia Digitata Seed Oil*, Glyceryl Stearate, Cetearyl Olivate, Olea Europaea (Olive) Oil Unsaponifiables, Sorbitan Olivate, Camellia Japonica Seed Oil, Oryza Sativa (Rice) Starch, Betaine, Copaifera Officinalis (Balsam Copaiba) Resin*, Hydrogenated Ethylhexyl Olivate, Parfum, Porphyra Umbilicalis Extract, Benzyl Alcohol, Sorbitan Palmitate, Xanthan Gum, Carapa Guaianensis Seed Oil*, Euterpe Oleracea Fruit Oil*, Salicylic Acid, Hydrogenated Olive Oil Unsaponifiables, Helianthus Annuus (Sunflower) Seed Oil, Tocopherol, Arctium Lappa Root Extract*, Azadirachta Indica Bark Extract*, Camellia Sinensis Leaf Extract*, Iris Germanica Root Extract*, Salvia Sclarea (Clary) Extract*, Sorbic Acid, Sodium Benzoate, Potassium Sorbate, Citric Acid, Phytic Acid, Linalool**, Limonene**, Citral**. *Ingredientes procedentes de la agricultura ecológica. El 98,9% del total de los ingredientes es de origen natural. El 20,3% del total de los ingredientes procede de la agricultura ecológica. **Naturalmente contenido en el perfume y el agua floral.","Aplicar sobre la piel limpia del rostro, a diario, como crema de día.",TRUE,FALSE,FALSE,1.40,,,10.00,FALSE,,g,,18.40,active
bcaa-zero-amino-cidos-en-polvo-mango-pi-a-360-g,BCAA Zero aminoácidos en polvo,"Sin azúcar, ratio 2:1:1 de BCAA en polvo, contiene 6000 mg de BCAA y vitamina B6 por servicio.",BioTech USA,,Deporte,"Sin gluten, Sin lactosa, Mango-Piña, 360 g",TRUE,Title,Default Title,,,,,,,,3306,360,shopify,1,deny,manual,34.95,,TRUE,TRUE,,,,,5999076231898,https://shop.biotechusa.es/cdn/shop/files/BCAAZero_360g_pineapple_mango_600x600_4ce95aa3-c943-4cea-b800-1eeb67c752ec.png?height=1080&v=1770817494,1,BCAA Zero aminoácidos en polvo - BioTech USA,FALSE,BCAA Zero aminoácidos en polvo,"Sin azúcar, ratio 2:1:1 de BCAA en polvo, contiene 6000 mg de BCAA y vitamina B6 por servicio.",Advertencias: ¡Mantener el producto fuera del alcance de los niños! Los suplementos dietéticos no deben utilizarse como sustitutos de una dieta equilibrada y variada ni de un modo de vida sano.,,,FALSE,,2029-01-28,3306,3306,TRUE,TRUE,,"33% L-leucina instantánea (L-leucina, emulgente: lecitinas, maltodextrina), 17% L-isoleucina, 17% L-valina, aromas, 8% L-glutamina, acidulante (ácido cítrico), antiaglomerante (dióxido de silicio), edulcorante (sucralosa), sal, clorhidrato de piridoxina, colorantes (tartrazina, Rojo Allura AC)*.
*Tartrazina, Rojo Allura AC: puede tener efectos negativos sobre la actividad y la atención de los niños.
Elaborado en una fábrica que produce alimentos que contienen leche, huevos, gluten, soja, crustáceos, dióxido de azufre y nueces.",Uso recomendado: Mezclar 1 ración del polvo (9 g = 2 cucharas dosificadoras = 1 cucharada sopera) con 300 ml de agua en un bote. Consumir 15 minutos antes del entrenamiento. ¡No exceder la dosis recomendada! Usa un shaker.,TRUE,FALSE,TRUE,1.40,,BioTech USA,10.00,FALSE,,g,,13.50,active
mass-gainer,Mass Gainer,"El nuevo Life Pro Mass Gainer Dragon Ball Super Limited Edition combina una fórmula hipercalórica de alto rendimiento con un diseño exclusivo inspirado en el universo de Goku. Esta edición limitada no solo destaca por su imagen icónica, sino también por ofrecer una combinación eficaz de carbohidratos, proteínas, aminoácidos y vitaminas, orientada a quienes buscan subir de peso y aumentar su masa muscular de forma eficiente y sostenida.",Life PRO,,Deporte,"Sin gluten, Choco Hazelnut, 3 kg",TRUE,Variante,Choco Hazelnut · 3 kg,,,,,,,,3308,3000,shopify,3,deny,manual,39.95,,TRUE,TRUE,,,,,8435635715128,https://www.lifepronutrition.com/4702-large_default/life-pro-mass-gainer-dragon-ball-3kg-gluten-free.jpg,1,Mass Gainer - Life PRO,FALSE,Mass Gainer,"El nuevo Life Pro Mass Gainer Dragon Ball Super Limited Edition combina una fórmula hipercalórica de alto rendimiento con un diseño exclusivo inspirado en el universo de Goku. Esta edición limitada no solo destaca por su imagen icónica, sino también por ofrecer una combinación eficaz de carbohidratos, proteínas, aminoá",,Contiene leche y soja.,,FALSE,,2027-06-01,3308,3308,TRUE,TRUE,,,"Disolver 100 g (2 cazos) en agua o leche desnatada (400 ml – 450 ml). Tomar 1-2 veces al día, preferiblemente en la comida y después del entrenamiento.",TRUE,FALSE,FALSE,1.40,,Life PRO,10.00,FALSE,https://www.lifepronutrition.com/4702-large_default/life-pro-mass-gainer-dragon-ball-3kg-gluten-free.jpg,g,,19.50,active
mass-gainer,,,,,,,,Variante,Speculoos Cream · 3 kg,,,,,,,,3307,3000,shopify,3,deny,manual,39.95,,TRUE,TRUE,,,,,8435635715135,,,,,,,,,,,,,,,,,,,,,,,,,,,,https://www.lifepronutrition.com/4702-large_default/life-pro-mass-gainer-dragon-ball-3kg-gluten-free.jpg,g,,19.50,active
mass-gainer,,,,,,,,Variante,Chocomonky · 3 kg,,,,,,,,3817,3000,shopify,3,deny,manual,39.95,,TRUE,TRUE,,,,,8435635715111,,,,,,,,,,,,,,,,,,,,,,,,,,,,https://www.lifepronutrition.com/4702-large_default/life-pro-mass-gainer-dragon-ball-3kg-gluten-free.jpg,g,,19.50,active
pimienta-de-jamaica-25-g,Pimienta de Jamaica,"Regálate un estallido de aromas, sabor y color.",Artemis Bio,,Alimentos,"Bio, Vegano, Sin gluten, Sin lactosa, 25 g",TRUE,Title,Default Title,,,,,,,,3334,25,shopify,5,deny,manual,3.95,,TRUE,TRUE,,,,,8428201321168,https://www.ecoplaza.es/26895-large_default/pimienta-jamaica-artemis-12-gr-bio.jpg,1,Pimienta de Jamaica - Artemis Bio,FALSE,Pimienta de Jamaica,"Regálate un estallido de aromas, sabor y color.",,,,TRUE,"Combina bien con guisos, salsas y postres para un toque aromático.",2028-02-15,3334,3334,TRUE,TRUE,,Ingredientes: Pimienta de Jamaica,Utilizar como especia para condimentar platos al gusto.,TRUE,FALSE,TRUE,1.40,,ecoplaza,10.00,TRUE,,g,,2.20,active
hyper-mass,Hyper Mass,"Polvo para bebida con carbohidratos y proteínas, con creatina y fibra dietética
Con 3 fuentes de proteínas y 3 fuentes de carbohidratos, complementado con creatina micronizada.
Hyper Mass es un polvo para bebida para aumentar masa muscular, complejo y completo, para quienes se toman en serio el progreso: aporte extra de calorías, alto contenido de proteínas, recuperación rápida y predecible. Tres tipos de proteínas aseguran que tus músculos reciban lo que necesitan en cada momento del día.

3 tipos de proteínas + 3 tipos de carbohidratos
3,25 g de creatina micronizada por porción
Alto contenido de proteínas y energía
Bajo contenido de azúcar
Sin gluten
Dosificación precisa y sencilla",BioTech USA,,Deporte,"Vainilla, 1 kg",TRUE,Variante,Vainilla · 1 kg,,,,,,,,3348,1000,shopify,2,deny,manual,24.95,,TRUE,TRUE,,,,,5999076224586,https://shop.biotechusa.es/cdn/shop/files/HyperMass_cookies_cream_1000g_bal_600x600_8b014e48-0895-4058-8e38-1d0b18bb905f.png?v=1763108323,1,Hyper Mass - BioTech USA,FALSE,Hyper Mass,"Polvo para bebida con carbohidratos y proteínas, con creatina y fibra dietética
Con 3 fuentes de proteínas y 3 fuentes de carbohidratos, complementado con creatina micronizada.
Hyper Mass es un polvo para bebida para aumentar masa muscular, complejo y completo, para quienes se toman en serio el progreso: aporte extra d",,,,FALSE,,2029-03-30,3348,3348,TRUE,FALSE,,,,TRUE,FALSE,FALSE,1.40,,BioTech USA,10.00,FALSE,https://shop.biotechusa.es/cdn/shop/files/HyperMass_cookies_cream_1000g_bal_600x600_8b014e48-0895-4058-8e38-1d0b18bb905f.png?v=1763108323,g,,14.50,active
hyper-mass,,,,,,,,Variante,Caramelo Salado · 1 kg,,,,,,,,3779,1000,shopify,2,deny,manual,24.95,,TRUE,TRUE,,,,,5999076240821,,,,,,,,,,,,,,,,,,,,,,,,,,,,https://shop.biotechusa.es/cdn/shop/files/HyperMass_cookies_cream_1000g_bal_600x600_8b014e48-0895-4058-8e38-1d0b18bb905f.png?height=1080&v=1763108323,g,,14.50,active
hyper-mass,,,,,,,,Variante,Fresa · 1 kg,,,,,,,,3782,1000,shopify,1,deny,manual,24.95,,TRUE,TRUE,,,,,5999076232734,,,,,,,,,,,,,,,,,,,,,,,,,,,,https://shop.biotechusa.es/cdn/shop/files/HyperMass_strawberry_1000g_bal_600x600_a8a0ddc8-2ff7-4ae6-a48d-b534beec43e3.png?v=1763108323,g,,14.50,active
hyper-mass,,,,,,,,Variante,Chocolate · 1 kg,,,,,,,,3781,1000,shopify,2,deny,manual,24.95,,TRUE,TRUE,,,,,5999076224593,,,,,,,,,,,,,,,,,,,,,,,,,,,,https://shop.biotechusa.es/cdn/shop/files/HyperMass_Chocolate_1000g_bal_600x600_90b0f297-00d2-4d9d-b682-cb982191e0fa.png?v=1763108323,g,,14.50,active
hyper-mass,,,,,,,,Variante,Cookies & Cream · 1 kg,,,,,,,,3780,1000,shopify,1,deny,manual,24.95,,TRUE,TRUE,,,,,5999076240838,,,,,,,,,,,,,,,,,,,,,,,,,,,,https://shop.biotechusa.es/cdn/shop/files/HyperMass_cookies_cream_1000g_bal_600x600_8b014e48-0895-4058-8e38-1d0b18bb905f.png?v=1763108323,g,,14.50,active
granillo-repelado-de-almendra-150-g,Granillo repelado de almendra,,BIO comercio,,Alimentos,"Bio, Vegano, 150 g",TRUE,Title,Default Title,,,,,,,,3351,150,shopify,10,deny,manual,3.95,,TRUE,TRUE,,,,,8437014360400,,,,FALSE,Granillo repelado de almendra,,,,,TRUE,,2026-11-01,3351,3351,TRUE,FALSE,,,,TRUE,FALSE,FALSE,1.40,,BIO comercio,10.00,TRUE,,g,,2.25,active
harina-desgrasada-de-almendras-100-g,Harina desgrasada de Almendras,,BIO comercio,,Alimentos,"Bio, Vegano, 100 g",TRUE,Title,Default Title,,,,,,,,3355,100,shopify,8,deny,manual,3.95,,TRUE,TRUE,,,,,8436560530145,,,,FALSE,Harina desgrasada de Almendras,,,,,TRUE,,2026-11-01,3355,3355,TRUE,FALSE,,,,TRUE,FALSE,FALSE,1.40,,BIO comercio,10.00,TRUE,,g,,2.15,active
almedra-repelada-150-g,Almedra repelada,,BIO comercio,,Alimentos,"Bio, Vegano, 150 g",TRUE,Title,Default Title,,,,,,,,3358,150,shopify,9,deny,manual,3.95,,TRUE,TRUE,,,,,8437014360363,https://uayblnybdrhhmumudbea.supabase.co/storage/v1/object/public/productos/almendra%20repelada%20bio%20comercio.avif,1,Almedra repelada - BIO comercio,FALSE,Almedra repelada,,"Puede contener traas de otros frutos, cacahuete, sésamo y soja",,,TRUE,,2026-11-01,3358,3358,TRUE,FALSE,,,,TRUE,FALSE,FALSE,1.40,,BIO comercio,10.00,TRUE,,g,,2.42,active
c-rcuma-gummies-mango-120-uds,Cúrcuma Gummies,Complemento alimenticio a base de plantas y probióticos.,Aldous,,Suplementos,"Mango, 120 uds",TRUE,Title,Default Title,,,,,,,,3378,,shopify,4,deny,manual,26.95,,TRUE,TRUE,,,,,8437020622998,https://aldousbio.com/cdn/shop/files/curcuma-con-probioticos-en-gominolas-8555983.webp?v=1751399568&width=832,1,Cúrcuma Gummies - Aldous,FALSE,Cúrcuma Gummies,Complemento alimenticio a base de plantas y probióticos.,"Los complementos alimenticios no deben utilizarse como sustitutos de una dieta equilibrada y variada ni de un estilo de vida saludable. Si se están tomando medicamentos, es oportuno consultar con el médico. Se desaconseja el uso del producto en caso de alteraciones de la función hepática, biliar o de cálculos en las vías biliares. No superar la dosis diaria recomendada. Mantener fuera del alcance de los niños más pequeños. Solo para adultos.
Esta información puede sufrir modificaciones. Consultar el envase del producto.",,,FALSE,,2027-09-01,3378,3378,TRUE,FALSE,"Por 2 gominolas: Extracto de cúrcuma 50:1 50mg (equivalente a planta 2500mg), Extracto de jengibre 4mg, Extracto de pimienta negra 0,5mg, Lactobacillus paracasei 1x10(9) UFC.","Sirope de glucosa, azúcar, agua, gelificante (pectina), extracto de cúrcuma (Cúrcuma longa L.), acidulante (ácido citrico), regulador de acidez (citrato trisódico), aromas naturales, Lactobacillus paracasei, aceite vegetal (coco), extracto de jengibre (Zingiber officinale Roscoe), antiaglomerante (cera de carnauba), extracto de pimienta negra (Piper nugrum).",Tomar 2 gominolas al día.,TRUE,FALSE,FALSE,1.40,,,10.00,FALSE,,,,13.07,active
astaxantina-120-uds,Astaxantina,,Aldous,,Suplementos,120 uds,TRUE,Title,Default Title,,,,,,,,3379,,shopify,1,deny,manual,39.95,,TRUE,TRUE,,,,,8437028287069,https://aldousbio.com/cdn/shop/files/astaxantina-1359879.webp?v=1761747064&width=1200,1,Astaxantina - Aldous,FALSE,Astaxantina,,"Los complementos alimenticios no deben utilizarse como sustitutos de una dieta equilibrada y variada ni de un estilo de vida saludable. No superar la dosis diaria recomendada. Mantener fuera del alcance de los niños más pequeños. Conservar en lugar fresco y seco. No debe ser consumido por mujeres embarazadas, lactantes, niños ni adolescentes menores de 14 años ni si ese mismo día se consumen otros complementos alimenticios que contengan ésteres de astaxantina.",,,FALSE,,2028-07-01,3379,3379,TRUE,FALSE,"**Ingredientes activos:** Oleorresina rica en astaxantina del alga *Haematococcus pluvialis*: 160 mg, de los cuales astaxantina: 8 mg.","Aceite vegetal, aceite de Haematococcus Pluvialis, gelatina, humectante: glicerina, agua.",,TRUE,FALSE,FALSE,1.40,,,10.00,FALSE,,,,13.15,active
omega3-3,omega3,,Sin marca,,TODAS,,TRUE,Title,Default Title,,,,,,,,3380,,shopify,5,deny,manual,0.00,,TRUE,TRUE,,,,,8437028287045,,,,FALSE,omega3,,,,,FALSE,,,3380,3380,TRUE,FALSE,,,,TRUE,FALSE,FALSE,0.00,,,0.00,FALSE,,,,17.95,active
ajo-granulado-50-g,Ajo granulado,"Ajo en polvo ecológico, 50 gramos. Ideal para dar un sabor natural y aromático a tus platos, aportando el toque característico del ajo de forma práctica y saludable.",Artemis Bio,,Alimentos,"Bio, Vegano, Sin gluten, Sin lactosa, 50 g",TRUE,Title,Default Title,,,,,,,,3405,50,shopify,6,deny,manual,2.95,,TRUE,TRUE,,,,,8428201320215,https://www.ecoplaza.es/26817-large_default/ajo-granulado-especias-artemis-50-gr-bio.jpg,1,Ajo granulado - Artemis Bio,FALSE,Ajo granulado,"Ajo en polvo ecológico, 50 gramos. Ideal para dar un sabor natural y aromático a tus platos, aportando el toque característico del ajo de forma práctica y saludable.",,,,TRUE,,2028-10-15,3405,3405,TRUE,TRUE,,Ajo en polvo ecológico,,TRUE,FALSE,TRUE,1.40,,ecoplaza,10.00,TRUE,,g,,1.70,active
mezcla-de-especias-para-galletas-30-g,Mezcla de Especias para Galletas,"Mezcla de especias utilizadas para la elaboración de galletas, muy utilizadas en Francia, Bélgica, Holanda y Alemania.",Artemis Bio,,Alimentos,"Bio, Vegano, Sin gluten, Sin lactosa, 30 g",TRUE,Title,Default Title,,,,,,,,3419,30,shopify,4,deny,manual,2.95,,TRUE,TRUE,,,,,8428201320741,https://www.ecoplaza.es/26843-large_default/galletas-jengibre-especias-artemis-40-gr-bio.jpg,1,Mezcla de Especias para Galletas - Artemis Bio,FALSE,Mezcla de Especias para Galletas,"Mezcla de especias utilizadas para la elaboración de galletas, muy utilizadas en Francia, Bélgica, Holanda y Alemania.",Revisar ingredientes y alérgenos en la etiqueta antes de consumir.,No especificado por el fabricante. Revisar siempre la etiqueta antes de consumir.,,TRUE,Ideal para hornear en repostería casera. Ajusta la cantidad según preferencia de sabor.,2028-07-15,3419,3419,TRUE,TRUE,,"Ingredientes: Canela, Clavo, Pimentón dulce, Canela, Comino, Pimienta negra, Nuez moscada, Jengibre, Pimienta Blanca.",Añadir a la masa de galletas o productos de repostería al gusto para potenciar el sabor.,TRUE,FALSE,TRUE,1.40,"Producto alimentario. Revisar siempre el etiquetado del fabricante, ingredientes, alérgenos, lote, fecha de consumo preferente y condiciones de conservación.",ecoplaza,10.00,TRUE,,g,,1.71,active
cebolla-granulada-30-g,Cebolla granulada,"Cebolla fresca, ingrediente básico para dar sabor y aroma en la cocina.",Artemis Bio,,Alimentos,"Bio, Vegano, Sin gluten, Sin lactosa, 30 g",TRUE,Title,Default Title,,,,,,,,3422,30,shopify,6,deny,manual,2.95,,TRUE,TRUE,,,,,8428201320222,https://www.ecoplaza.es/26826-large_default/cebolla-granulada-especias-artemis-45-gr-bio.jpg,1,Cebolla granulada - Artemis Bio,FALSE,Cebolla granulada,"Cebolla fresca, ingrediente básico para dar sabor y aroma en la cocina.",,,,TRUE,"Ideal para sofritos, ensaladas y guisos.",2028-07-15,3422,3422,TRUE,TRUE,,cebolla ecologica granulada,,TRUE,FALSE,TRUE,1.40,,ecoplaza,10.00,TRUE,,g,,1.70,active
c-rcuma-85-g,Cúrcuma,"Cúrcuma molida ecológica Artemis Bio, de alta calidad, perfecta para dar sabor y color natural a tus platos favoritos.",Artemis Bio,,Alimentos,"Bio, Vegano, Sin gluten, Sin lactosa, 85 g",TRUE,Title,Default Title,,,,,,,,3424,85,shopify,8,deny,manual,3.95,,TRUE,TRUE,,,,,8428201320628,https://www.ecoplaza.es/21034-large_default/curcuma-artemis-85-gr-eco.jpg,1,Cúrcuma - Artemis Bio,FALSE,Cúrcuma,"Cúrcuma molida ecológica Artemis Bio, de alta calidad, perfecta para dar sabor y color natural a tus platos favoritos.",,,,TRUE,,2029-01-15,3424,3424,TRUE,TRUE,,Cúrcuma molida ecológica,,TRUE,FALSE,TRUE,1.40,,ecoplaza,10.00,TRUE,,g,,2.00,active
crema-con-c-psulas-deep-vitamina-c-55-g,Crema con Cápsulas Deep Vitamina C,Ideal para piel apagada que busca hidratación ligera y luminosidad diaria.,Medicube,,Cosmetica e higiene,55 g,TRUE,Title,Default Title,,,,,,,,3453,55,shopify,2,deny,manual,29.95,,TRUE,TRUE,,,,,8800256119011,https://international-cosmetic.com/cdn/shop/files/MEDICUBE_DeepVitaCPad.jpg?v=1771063412&width=900,1,Crema con Cápsulas Deep Vitamina C - Medicube,FALSE,Crema con Cápsulas Deep Vitamina C,Ideal para piel apagada que busca hidratación ligera y luminosidad diaria.,,,,FALSE,,,3453,,TRUE,FALSE,,"El hidrolato de espino amarillo incluido en la composición del cosmético mejora el tono de la piel y alivia la irritación y la inflamación. La adición de niacinamida tonifica la piel, hace que los efectos nocivos de los radicales libres sean inofensivos y reduce la decoloración. La alfa-arbutina, junto con la vitamina C y cinco de sus derivados, proporciona un aclaramiento de la piel. La gluconolactona mejora el contenido de humedad de la piel y mejora el efecto reafirmante de la crema.",,TRUE,FALSE,FALSE,5.20,,Medicube,21.00,FALSE,,g,,13.20,active
aceite-de-onagra-200-uds,Aceite de Onagra,,Aldous,,Suplementos,200 uds,TRUE,Title,Default Title,,,,,,,,3454,,shopify,2,deny,manual,29.95,,TRUE,TRUE,,,,,8437028287052,https://aldousbio.com/cdn/shop/files/aceite-de-onagra-3123083.webp?v=1761167005&width=832,1,Aceite de Onagra - Aldous,FALSE,Aceite de Onagra,,"No superar la dosis diaria recomendada. Los complementos alimenticios no deben utilizarse como sustitutos de una dieta equilibrada. Si se están tomando medicamentos, es oportuno consultar con el médico. No utilizar durante el embarazo o la lactancia. Mantener fuera del alcance de los niños más pequeños. Conservar en un lugar fresco y seco.",,,FALSE,,2028-07-01,3454,3454,TRUE,FALSE,"Aceite de onagra (Oenothera biennis), cápsula blanda: gelatina, glicerina y agua.","**Ingredientes activos:** Aceite de onagra: 2000 mg, de los cuales GLA (ácido gamma-linolénico): 200 mg.",2 cápsulas por dosis diaria.,TRUE,FALSE,FALSE,1.40,,,10.00,FALSE,,,,16.81,active
aceite-de-oregano-200-uds,Aceite de Oregano,,Aldous,,Suplementos,200 uds,TRUE,Title,Default Title,,,,,,,,3455,,shopify,9,deny,manual,39.95,,TRUE,TRUE,,,,,8437028287076,https://aldousbio.com/cdn/shop/files/aceite-de-oregano-7496916.webp?v=1762997088&width=832,1,Aceite de Oregano - Aldous,FALSE,Aceite de Oregano,,Los complementos alimenticios no deben utilizarse como sustitutos de una dieta equilibrada y variada ni de un estilo de vida saludable. No utilizar durante el embarazo o la lactancia. No superar la dosis diaria recomendada. Mantener fuera del alcance de los niños más pequeños. Solo para adultos. Conservar en lugar fresco y seco.,,,FALSE,,2028-08-01,3455,3455,TRUE,FALSE,"Ingredientes activos: Aceite de orégano: 200 mg, de los cuales carvacrol: 160 mg.","Aceite de orégano (Origanum Vulgare), aceite de oliva, gelatina, humectante: glicerina, agua.",1 cápsula por dosis diaria.,TRUE,FALSE,FALSE,1.40,,,10.00,FALSE,,,,16.81,active
s-rum-phytos-rum-hidratante-30-ml,Sérum,"Phyto-sérum reparador 100% de origen natural con activos vegetales de rápida absorción.  
Con ingredientes que aumentan progresivamente la capacidad de retener agua por la piel, disminuyen la descamación y ayudan a regenerar la piel.  
Rutina de noche  
Hidratante  
Regenerador nocturno",Esential'Arôms,,Cosmetica e higiene,"Bio, Phytosérum Hidratante, 30 ml",TRUE,Title,Default Title,,,,,,,,3472,30,shopify,5,deny,manual,29.95,,TRUE,TRUE,,,,,8413568009705,https://esentialaroms.com/wp-content/uploads/2026/05/Phytoserum_Comfort_piel_seca_01-2.jpg,1,Sérum - Esential'Arôms,FALSE,Sérum,"Phyto-sérum reparador 100% de origen natural con activos vegetales de rápida absorción.  
Con ingredientes que aumentan progresivamente la capacidad de retener agua por la piel, disminuyen la descamación y ayudan a regenerar la piel.  
Rutina de noche  
Hidratante  
Regenerador nocturno",,,,TRUE,,,3472,3472,TRUE,FALSE,,"Caprylic/Capric Triglyceride, Adansonia Digitata Seed Oil*, Isostearyl Isostearate, Prunus Armeniaca (Apricot) Kernel Oil*, Helianthus Annuus (Sunflower) Seed Oil, Camellia Japonica Seed Oil, Crambe Abyssinica Seed Oil Phytosterol Esters, Pongamia Glabra Seed Oil, Parfum, Squalane, Anthemis Nobilis Flower Oil, Haematococcus Pluvialis Extract, Citrus Sinensis Peel Oil*, Santalum Album (Santalwood) Oil, Tocopherol, Dunaliella Salina Extract, Limonene**, Linalool**, Benzyl Salicylate**, Benzyl Benzoate**, Geraniol**, Farnesol**. *Ingredientes procedentes de la Agricultura Ecológica. El 100% del total es de origen natural. El 10,9% del total de los ingredientes procede de la Agricultura Ecológica. **Naturalmente contenido en los aceites esenciales y el perfume natural.","Aplicar en rostro, cuello y escote antes de acostarse.",TRUE,FALSE,FALSE,5.20,,Esential'Arôms,21.00,FALSE,,g,,15.85,active
s-rum-pythos-rum-calmante-30-ml,Sérum,"Phyto-sérum reparador 100% de origen natural con activos vegetales de rápida absorción.  
Con ingredientes que ayudan a calmar, reducir la rojez y reparar la piel.  
Rutina de noche  
Calmante  
Suavizante  
Regenerador nocturno",Esential'Arôms,,Cosmetica e higiene,"Bio, Pythosérum Calmante, 30 ml",TRUE,Title,Default Title,,,,,,,,3473,30,shopify,5,deny,manual,29.95,,TRUE,TRUE,,,,,8413568009699,https://esentialaroms.com/wp-content/uploads/2026/05/Phytoserum_Harmony_piel_sensible_01-2.jpg,1,Sérum - Esential'Arôms,FALSE,Sérum,"Phyto-sérum reparador 100% de origen natural con activos vegetales de rápida absorción.  
Con ingredientes que ayudan a calmar, reducir la rojez y reparar la piel.  
Rutina de noche  
Calmante  
Suavizante  
Regenerador nocturno",,,,TRUE,,,3473,3473,TRUE,FALSE,,"Caprylic/Capric Triglyceride, Helianthus Annuus (Sunflower) Seed Oil, Adansonia Digitata Seed Oil*, Isotearyl Isostearate,Crambe Abyssinica Seed Oil Phytosterol Esters, Pongamia Glabra Seed Oil, Calendula Oficinalis Flower Extract *, Squalane, Lavandula Angustifolia Oil*, Anthemis Nobilis Flower Oil, Haematococcus Pluvialis Extract, Olibanum (Boswellia Serrata) Oil*, Tocopherol, Dunaliella Salina Extract, Chamomilla Recutita (Matricaria) Flower Oil, Linalool**, Limonene**, Geraniol**. *Ingredientes procedentes de la Agricultura Ecológica. El 100% del total es de origen natural. El 11,4% del total de los ingredientes procede de la Agricultura Ecológica. **Naturalmente contenido en los aceites esenciales y el perfume natural.","Aplicar en rostro, cuello y escote antes de acostarse.",TRUE,FALSE,FALSE,5.20,,Esential'Arôms,21.00,FALSE,,g,,15.85,active
s-rum-phytos-rum-purificante-30-ml,Sérum,"Phyto-sérum reparador 100% de origen natural con activos vegetales de rápida absorción.  
Con ingredientes que ayudan a regular la producción de sebo y a regenerar la piel.  
Rutina de noche  
Regulador del sebo  
Regenerador nocturno",Esential'Arôms,,Cosmetica e higiene,"Bio, Phytosérum Purificante, 30 ml",TRUE,Title,Default Title,,,,,,,,3474,30,shopify,2,deny,manual,29.95,,TRUE,TRUE,,,,,8413568009712,https://esentialaroms.com/wp-content/uploads/2026/05/Phytoserum_Purifying_piel_mixta-grasa_01-2.jpg,1,Sérum - Esential'Arôms,FALSE,Sérum,"Phyto-sérum reparador 100% de origen natural con activos vegetales de rápida absorción.  
Con ingredientes que ayudan a regular la producción de sebo y a regenerar la piel.  
Rutina de noche  
Regulador del sebo  
Regenerador nocturno",,,,TRUE,,,3474,3474,TRUE,FALSE,,"Caprylic/Capric Triglyceride, Simmondsia Chinensis (Jojoba) Seed Oil*, Isopropyl Isostearate, Parfum, Copaifera Officinalis (Balsam Copaiba) Resin, Crambe Abyssinica Seed Oil Phytosterol Esters, Sunflower Seed Oil, Pongamia Glabra Seed Oil, Squalane, Haematococcus Pluvialis Extract, Melaleuca Alternifolia (Tea Tree) Leaf Oil*, Tocopherol, Helianthus Annuus (Sunflower) Seed Oil, Citrus Aurantium Amara (Bitter Orange) Leaf/Twig Oil*, Dunaliella Salina Extract, Linalool**, Limonene**, Geraniol**, Citral**, Citronellol**. *Ingredientes procedentes de la Agricultura Ecológica. El 100% del total es de origen natural. El 11% del total de los ingredientes procede de la Agricultura Ecológica. **Naturalmente contenido en los aceites esenciales y el perfume natural.","Aplicar en rostro, cuello y escote antes de acostarse.",TRUE,FALSE,FALSE,5.20,,Esential'Arôms,21.00,FALSE,,g,,15.85,active
leche-limpiadora-pro-collagen-100-ml,Leche Limpiadora Pro-Collagen,"Desmaquillante específico para el cuidado del contorno de los ojos. Suave, hidratante y de acción calmante. Permite eliminar los restos de maquillaje, incluso el resistente al agua (waterproof).",Esential'Arôms,,Cosmetica e higiene,"Bio, 100 ml",TRUE,Title,Default Title,,,,,,,,3475,100,shopify,1,deny,manual,17.95,,TRUE,TRUE,,,,,8413568023299,https://esentialaroms.com/wp-content/uploads/2026/05/Leche_limpiadora_Pro-Collagen_Cleanser_01-1.jpg,1,Leche Limpiadora Pro-Collagen - Esential'Arôms,FALSE,Leche Limpiadora Pro-Collagen,"Desmaquillante específico para el cuidado del contorno de los ojos. Suave, hidratante y de acción calmante. Permite eliminar los restos de maquillaje, incluso el resistente al agua (waterproof).",,,,TRUE,,,3475,3475,TRUE,FALSE,,"Saponaria; Caléndula; Amapola; Aloe vera  
Ir al contenido

Sobre Nosotros
Productos
Blog
PROFESIONALES
Contacto
Español
Buscar:
Inicio / Productos / FAMILIAS / PRO-COLLAGEN / LECHE LIMPIADORA Pro-Collagen CLEANSER
🔍
Leche limpiadora Pro-Collagen Cleanser
CN 218192.2  
PRO-COLLAGEN
LECHE LIMPIADORA Pro-Collagen CLEANSER
Frasco de 100 ml con dosificador  
Desmaquillante específico para el cuidado del contorno de los ojos. Suave, hidratante y de acción calmante. Permite eliminar los restos de maquillaje, incluso el resistente al agua (waterproof).  
Suave  
Hidratante  
Calmante  
BENEFICIOS
Nº 1 en tratamientos antiaging con ácido hialurónico natural  
Limpia, calma e hidrata la piel, ¡dejándola fresca y radiante!  
Testado bajo control dermatológico  
<div>Tiene un efecto tensor  </div>%
<div>Reduce los signos de la edad  </div>%
<div>Hidrata y calma  </div>%
MODO DE EMPLEO
INGREDIENTES
COMPOSICIÓN
Aqua, Rosa Damascena Flower Water*, C13-15 Alkane, Cetearyl Alcohol, Glycerin, Glyceryl Stearate, Betaine, Sodium Lauroyl Glutamate, Stearic Acid, Tetrasodium Glutamate Diacetate, Anthemis Nobilis Flower Water*, Centaurea Cyanus Flower Water*, Benzyl Alcohol, Parfum, Xanthan Gum, Galactaric Acid, Quillaja Saponaria Bark Extract, Dehydroacetic Acid, Lavandula Angustifolia Oil*, Aloe Barbadensis Leaf Extract*, Sodium Hydroxide, Helianthus Annuus (Sunflower) Seed Oil, Tocopherol, Linum Usitatissimum Seed Extract, Plantago Lanceolata Leaf Extract, Potassium Sorbate, Calendula Offcinalis Flower Extract*, Lavandula Angustifolia Flower Extract*, Papaver Rhoeas Seed Extract*, Anthemis Nobilis Flower Oil, Sodium Benzoate, Citric Acid, Linalool**, Citronellol**, Geraniol**, Camphor**, Linalyl Acetate**. *Ingredientes procedentes de la Agricultura Ecológica. **Naturalmente contenido en el aceite esencial.  
PRODUCTOS RELACIONADOS
También te puede interesar…
Ver todos los productos

Instagram
 Youtube
 Facebook
 Pinterest
 X-twitter
Intersa Labs
Sobre Nosotros
Nuestro compromiso
Sostenibilidad
Instalaciones
Laboratorio
Profesional
Área profesionales
Atención al cliente
Contacto
Canal de Denuncias
FAQs
Legal

Aviso legal
Política de Privacidad
Política de Cookies
Plan de Igualdad y LGTBI
Ejercicio de derecho

Laboratorio ecológico
crueltyfree
Ecocert Cosmos Organic
Ecocert Cosmos Natural","Aplicar con un algodón sobre los ojos cerrados, evitando que entre en contacto con las mucosas.",TRUE,FALSE,FALSE,5.20,,Esential'Arôms,21.00,FALSE,,g,,9.15,active
exfoliante-facial-antiedad-40-g,Exfoliante Facial Antiedad,,Esential'Arôms,,Cosmetica e higiene,"Bio, 40 g",TRUE,Title,Default Title,,,,,,,,3476,40,shopify,2,deny,manual,17.95,,TRUE,TRUE,,,,,8413568018974,https://esentialaroms.com/wp-content/uploads/2026/05/Exfoliante_facial_antiedad_Pro-Collagen_01-1.jpg,1,Exfoliante Facial Antiedad - Esential'Arôms,FALSE,Exfoliante Facial Antiedad,,,,,TRUE,,,3476,3476,TRUE,FALSE,,"Hinojo marino; Sal marina
Todo tipo de pieles",Aplicar sobre la piel limpia del rostro por la noche una vez a la semana.,TRUE,FALSE,FALSE,5.20,,,21.00,FALSE,,g,,10.72,active
contorno-de-ojos-pro-collagen-15-ml,Contorno De Ojos Pro-Collagen,"Crema contorno de ojos con efectos antiedad y antiox skin protection para todo tipo de piel.  
Nº 1 en tratamientos antiaging con ácido hialurónico natural  
· Disminuye ojeras y bolsas  
· Tiene efecto tensor  
· Rebaja la congestión circulatoria",Esential'Arôms,,Cosmetica e higiene,"Bio, 15 ml",TRUE,Title,Default Title,,,,,,,,3477,15,shopify,2,deny,manual,24.95,,TRUE,TRUE,,,,,8413568013726,https://esentialaroms.com/wp-content/uploads/2026/05/Crema_contorno_de_ojos_Pro-Collagen_01-2.jpg,1,Contorno De Ojos Pro-Collagen - Esential'Arôms,FALSE,Contorno De Ojos Pro-Collagen,"Crema contorno de ojos con efectos antiedad y antiox skin protection para todo tipo de piel.  
Nº 1 en tratamientos antiaging con ácido hialurónico natural  
· Disminuye ojeras y bolsas  
· Tiene efecto tensor  
· Rebaja la congestión circulatoria",,,,TRUE,,,3477,3477,TRUE,FALSE,,"Neroli; Camelia; Aguacate; Babasú; Incienso; Centella asiática; Ácido hialurónico de origen natural  
Aqua, Anthemis Nobilis Flower Water*, Citrus Aurantium Amara (Bitter Orange) Flower Water*, Hydrogenated Ethylhexyl Olivate, Betaine, Cetyl Palmitate, Glycerin, Coco-Caprylate/Caprate, Silybum Marianum Seed Oil, Cetearyl Olivate, Glyceryl Stearate, Sorbitan Olivate, Olea Europaea (Olive) Oil Unsaponifiables, Isostearyl Alcohol, Camellia Japonica Seed Oil, Crambe Abyssinica Seed Oil Phytosterol Esters, Oryza Sativa (Rice) Starch, Persea Gratissima (Avocado) Oil*, Simmondsia Chinensis (Jojoba) Seed Oil*, Butylene Glycol, Parfum, Porphyra Umbilicalis Extract, Benzyl Alcohol, Adansonia Digitata Seed Oil*, Sorbitan Palmitate, Hydrolyzed Hyaluronic Acid, Hydrogenated Olive Oil Unsaponifiables, Boswellia Serrata Gum, Xanthan Gum, Aloe Barbadensis Leaf Extract*, Algae Extract, Centella Asiatica Extract, Salicylic Acid, Orbignya Oleifera Seed Oil, Camellia Sinensis Leaf Extract, Glycyrrhiza Glabra (Licorice) Root Extract, Polygonum Cuspidatum Root Extract, Scutellaria Baicalensis Root Extract, Helianthus Annuus (Sunflower) Seed Oil, Tocopherol, Sorbic Acid, Sodium Benzoate, Chamomilla Recutita (Matricaria) Flower Extract, Rosmarinus Officinalis (Rosemary) Leaf Extract, Citric Acid, Potassium Sorbate, Phytic Acid, Citronellol**, Linalool**, Geraniol**, Limonene**, Benzyl Benzoate**.",Aplicar sobre la piel limpia del contorno de los ojos y los párpados realizando un suave masaje desde el centro de los ojos hacia las sienes.,TRUE,FALSE,FALSE,5.20,,Esential'Arôms,21.00,FALSE,,g,,13.92,active
balsamo-labial-pro-collagen-5-g,Balsamo Labial Pro-Collagen,Bálsamo labial. Rellenador.,Esential'Arôms,,Cosmetica e higiene,5 g,TRUE,Title,Default Title,,,,,,,,3478,5,shopify,1,deny,manual,8.95,,TRUE,TRUE,,,,,8413568019414,https://esentialaroms.com/wp-content/uploads/2026/05/Balsamo_labial_Pro-Collagen_01-1.jpg,1,Balsamo Labial Pro-Collagen - Esential'Arôms,FALSE,Balsamo Labial Pro-Collagen,Bálsamo labial. Rellenador.,,,,FALSE,,,3478,3478,TRUE,FALSE,,"Butyrospermum Parkii (Shea) Butter, Prunus Amygdalus Dulcis (Sweet Almond) Oil, Stearyl Stearate, Euphorbia Cerifera (Candelilla) Wax, Simmondsia Chinensis (Jojoba) Seed Oil*, Copernicia Cerifera (Carnauba) Wax, Citrus Nobilis (Red Mandarin) Peel Oil*, Rhus Verniciflua Peel Cera, Punica Granatum Flower Extract, Helianthus Annuus (Sunflower) Seed Oil, Tocopherol, Polyglyceryl-3 Diisostearate, Limonene**, Linalool**, Citral**, Camphor**, Citronellol**, Pinene**, Terpineol**, Terpinolene**. *Ingredientes procedentes de la Agricultura Ecológica. El 100% del total es de origen natural. El 8% del total de los ingredientes procede de la Agricultura Ecológica.",Aplicar sobre los labios varias veces al día.,TRUE,FALSE,FALSE,5.20,,Esential'Arôms,21.00,FALSE,,g,,5.43,active
eritritol-500-g-2,Eritritol,"EDULCORANTE DE MESA A BASE DE ERITRITOL (E-968) 250G ECO
El Eritritol es un poliol que se utiliza como alternativa al azúcar. Posee un perfil de sabor limpio y una alta tolerancia digestiva, siendo ideal para su uso en dietas donde se requiera sustituir el azucar en recetas de reposteria y bebidas.",SaludViva,,Alimentos,"Bio, 500 g",TRUE,Title,Default Title,,,,,,,,3485,500,shopify,3,deny,manual,9.95,,TRUE,TRUE,,,,,029720000008,https://uayblnybdrhhmumudbea.supabase.co/storage/v1/object/public/productos/eritritol%20saludviva%20500g.jpg,1,Eritritol - SaludViva,FALSE,Eritritol,"EDULCORANTE DE MESA A BASE DE ERITRITOL (E-968) 250G ECO
El Eritritol es un poliol que se utiliza como alternativa al azúcar. Posee un perfil de sabor limpio y una alta tolerancia digestiva, siendo ideal para su uso en dietas donde se requiera sustituir el azucar en recetas de reposteria y bebidas.",,Puede contener trazas de frutos de cáscara y sésamo.,,TRUE,"Conservar en lugar fresco (por debajo de 18ºC), seco, protegido de la luz solar y aislado del
suelo. Consumir preferentemente antes de la fecha indicada en el envase.",2027-03-01,3485,3485,TRUE,FALSE,,"Edulcorante (100% Eritritol* (E-968)).
*Procedente de agricultura ecológica.","Sustituto del azúcar para endulzar bebidas, postres o para hornear.
100 g de azucar equivalen aproximadamente a 130-140 g de eritritol.",TRUE,FALSE,FALSE,1.40,,SaludViva,10.00,FALSE,,g,,5.80,active
sopa-juliana-125-g-2,Sopa Juliana,"Juliana es un alimento básico sin especificar características adicionales, ideal para consumo general.",Biocop,,Alimentos,"Bio, Vegano, Sin lactosa, 125 g",TRUE,Title,Default Title,,,,,,,,3510,125,shopify,6,deny,manual,3.95,,TRUE,TRUE,,,,,8423903014325,https://uayblnybdrhhmumudbea.supabase.co/storage/v1/object/public/productos/sopa%20juliana%20biocop.jpg,1,Sopa Juliana - Biocop,FALSE,Sopa Juliana,"Juliana es un alimento básico sin especificar características adicionales, ideal para consumo general.",,"Altramuces y prod. a base de altramuces, Apio y derivados, Cacahuetes, Frutos con cáscara, Gluten, Sésamo y prod. a base de sésamo, Soja y derivados",,TRUE,,2027-06-20,3510,3510,TRUE,FALSE,"por cada 100g: 
Valor energético: 999 kJ/240 kcal Fibra alimentaria: 27,01 g Proteínas: 7,5 g Sal: 0,68 g Grasas: 1,83 g de las cuales saturadas: 0,35 g Hidratos de carbono: 44,7 g de los cuales azúcares: 26,4 g",,Verter 15-20 grs. de sopa juliana en 1 litro de agua y llevar a ebullición. Dejar cocer durante 15 minutos a fuego lento. Sugerencia: se puede añadir caldo concentrado o un poco de aceite y sal marina.,TRUE,FALSE,TRUE,1.40,,Biocop,10.00,TRUE,,g,,2.81,active
quinoa-real,Quinoa Real,"El tesoro de los Andes
La Quinoa real es originaria de Bolivia. Procede de la familia de las quenopodiáceas. Podemos utilizarlo como acompañamiento, ensaladas o platos más elaborados. Este producto no lleva ningún ingrediente modificado genéticamente.",eco BASICS,,Alimentos,"Bio, Vegano, Sin lactosa",TRUE,Title,Default Title,,,,,,,,3513,,shopify,1,deny,manual,4.95,,TRUE,TRUE,,,,,8423903014356,https://www.eco-basics.com/wp-content/uploads/2018/08/Quinoa-Real-Photoroom.png,1,Quinoa Real - eco BASICS,FALSE,Quinoa Real,"El tesoro de los Andes
La Quinoa real es originaria de Bolivia. Procede de la familia de las quenopodiáceas. Podemos utilizarlo como acompañamiento, ensaladas o platos más elaborados. Este producto no lleva ningún ingrediente modificado genéticamente.",,"Puede contener trazas de gluten, frutos de cáscara, cacahuete, soja, sésamo y leche y sus derivados.",,TRUE,,2027-02-28,3513,3513,TRUE,FALSE,"Minerales (mg): Calcio 24, Hierro 4, Zinc 3,1
Vitaminas (mg): C 3,5","Quinoa real, cereal integral natural, ideal para una alimentación saludable y versátil en la cocina.",2 partes de agua x 1 de quinoa Tiempo: 15min. a fuego medio.,TRUE,FALSE,TRUE,1.40,,,10.00,TRUE,,,,3.33,active
arroz-blanco-calasparra-1-kg-1-kg,Arroz Blanco Calasparra 1 kg,"Arroz blanco de Calasparra, reconocido por su excelente calidad y prestigio, cultivado en zonas montañosas con un sistema biológico que mantiene la riqueza del suelo. Ideal para una variedad de platos tradicionales.",Calasparra,,Alimentos,1 kg,TRUE,Title,Default Title,,,,,,,,3514,1000,shopify,23,deny,manual,5.95,,TRUE,TRUE,,,,,8410983115226,https://tienda-arrozdecalasparra.com/wp-content/uploads/2022/12/1-1.jpg,1,Arroz Blanco Calasparra 1 kg - Calasparra,FALSE,Arroz Blanco Calasparra 1 kg,"Arroz blanco de Calasparra, reconocido por su excelente calidad y prestigio, cultivado en zonas montañosas con un sistema biológico que mantiene la riqueza del suelo. Ideal para una variedad de platos tradicionales.",,,,FALSE,,2027-02-01,3514,3514,TRUE,FALSE,,,,TRUE,FALSE,FALSE,1.40,,,10.00,FALSE,,g,,3.75,active
pipas-de-girasol-500-g,Pipas de Girasol,,Biocop,,Alimentos,"Bio, Vegano, Sin lactosa, 500 g",TRUE,Title,Default Title,,,,,,,,3518,500,shopify,6,deny,manual,3.95,,TRUE,TRUE,,,,,8423903040003,https://uayblnybdrhhmumudbea.supabase.co/storage/v1/object/public/productos/semillas%20girasol%20biocop.jpg,1,Pipas de Girasol - Biocop,FALSE,Pipas de Girasol,,,"Altramuces y prod. a base de altramuces, Cacahuetes, Frutos con cáscara, Gluten, Sésamo y prod. a base de sésamo, Soja y derivados",,TRUE,,2027-05-30,3518,3518,TRUE,FALSE,"Análisis nutricional por 100 g de producto Valor energético: 2445 kJ/584 kcal Fibra alimentaria: 8,6 g Proteínas: 20,78 g Sal: 0,20 g Grasas: 51,46 g de las cuales saturadas: 4,46 g Hidratos de carbono: 20 g de los cuales azúcares: 2,62 g","Semillas girasol pelado*.
*De agricultura biológica.","Las semillas de girasol se pueden tomar tal cual. En la cocina se suelen emplear para añadirlas a ensaladas, en batidos, con yogur o mueslis. También para preparar salsas, en panes y dulces. Las semillas de girasol pelado se pueden tostar en la sartén con tamari Biocop y luego salar ligeramente para servir como aperitivo. También se pueden caramelizar o emplear para condimentar ensaladas.",TRUE,FALSE,TRUE,1.40,,Biocop,10.00,TRUE,,g,,1.83,active
omega-3-90-uds,Omega 3,"Omega 3 Fórmula es un complemento alimenticio a base de aceite de pescado de alta pureza Golden Omega® y vitamina E natural formulado para cuidar la salud cardiovascular, cerebral, visual y metabólica y proteger frente a la oxidación. Certificado IFOS.",Webotanix,,Suplementos,"Sin gluten, Sin lactosa, 90 uds",TRUE,Title,Default Title,,,,,,,,3574,,shopify,12,deny,manual,29.95,,TRUE,TRUE,,,,,8437022223643,https://webotanix.com/wp-content/uploads/2026/02/ficha-producto-omega3-fondo-blanco-PDA-1.jpg,1,Omega 3 - Webotanix,FALSE,Omega 3,"Omega 3 Fórmula es un complemento alimenticio a base de aceite de pescado de alta pureza Golden Omega® y vitamina E natural formulado para cuidar la salud cardiovascular, cerebral, visual y metabólica y proteger frente a la oxidación. Certificado IFOS.",Los complementos alimenticios no deben utilizarse como sustituto de una dieta equilibrada. No superar la dosis diaria expresamente recomendada. Mantener fuera del alcance de los niños más pequeños. Conservar bien cerrado en lugar fresco y seco.,Contiene pescado. Libre de gluten y de lactosa.,"La información proporcionada en este producto solo tiene fines informativos. No supone asesoramiento profesional, médico o legal.",FALSE,Acompañar junto a una dieta variada y actividad física diaria.,2029-02-01,3574,3574,TRUE,TRUE,"Aceite de pescado 1000 mg, omega-3 totales 800 mg (de los cuales EPA 400 mg y DHA 300 mg) y vitamina E 6,7 mg α-TE (55,8 % VRN) por perla. Por 2 perlas: aceite de pescado 2000 mg, omega-3 totales 1600 mg (EPA 800 mg y DHA 600 mg) y vitamina E 13,4 mg α-TE (114,1 % VRN). Por 3 perlas: aceite de pescado 3000 mg, omega-3 totales 2400 mg (EPA 1200 mg y DHA 900 mg) y vitamina E 20,10 mg α-TE (167,5 % VRN).","Aceite de pescado Golden Omega® (40% EPA y 30% DHA), D-alfa-tocoferol (Vitamina E natural). Cápsula blanda: agente de recubrimiento (gelatina bovina), humectante (glicerina) y agua.","Se recomienda tomar entre 1 y 3 cápsulas al día, preferiblemente junto con las comidas principales del día.",TRUE,FALSE,TRUE,1.40,"Se certifica que el producto FÓMULA OMEGA 3:
• No GMO: no contiene ningún ingrediente que provenga de Organismos Modificados Genéticamente, por lo que no está sometido al etiquetado de los OMG de los Reglamentos (EU) 1829/2003 y 1830/2003.
• Fabricado en la EU: es fabricado en la Unión Europea.
• No ionizado: No se usa radiación ionizante en ningún punto durante el proceso de fabricación del producto conforme con Directivas 1999/2/EC y 1999/3/EC.
• BSE / TSE: está libre de cualquier riesgo de BSE / TSE según Reglamento (CE) 999/2001.",,10.00,FALSE,,,,20.42,active
triple-magnesio-f-rmula-120-uds,Triple Magnesio Fórmula,"Triple Magnesio Fórmula es un complemento alimenticio a base de tres formas de magnesio de alta biodisponibilidad (bisglicinato, citrato y malato) y vitamina B6 formular para disminuir el cansancio y la fatiga, equilibrar el sistema nervioso, cuidar la salud ósea y articular, mejorar el descanso y aumentar la energía.",Webotanix,,Suplementos,"Vegano, Sin gluten, Sin lactosa, 120 uds",TRUE,Title,Default Title,,,,,,,,3575,,shopify,0,deny,manual,39.95,,TRUE,TRUE,,,,,8437022223537,https://webotanix.com/wp-content/uploads/2024/08/ficha-producto-triple-magnesio-60-PDA-600x583.jpg,1,Triple Magnesio Fórmula - Webotanix,FALSE,Triple Magnesio Fórmula,"Triple Magnesio Fórmula es un complemento alimenticio a base de tres formas de magnesio de alta biodisponibilidad (bisglicinato, citrato y malato) y vitamina B6 formular para disminuir el cansancio y la fatiga, equilibrar el sistema nervioso, cuidar la salud ósea y articular, mejorar el descanso y aumentar la energía.","Los complementos alimenticios no debe utilizarse como sustitutos de una dieta variada y equilibrada ni un modo de vida saludable. No superar la dosis diaria expresamente recomendada. Mantener fuera del alcance de los niños más pequeños. Conservar en un lugar fresco, seco y al abrigo de la luz.",No contiene alérgenos de acuerdo con el Reglamento (UE) no 1169/2011.,"La información proporcionada en este producto solo tiene fines informativos. No supone asesoramiento profesional, médico o legal.",FALSE,Uso diario y continuado. Dosis diaria recomendada: 2 cápsulas.,2029-06-01,3575,3575,TRUE,TRUE,"Ingredientes activos (por 2 cápsulas): Bisglicinato de magnesio Albion® (18% de magnesio): 800 mg, de los cuales magnesio: 144 mg (38,4% VRN*). Dimagnesio malato Albion® (20% de magnesio): 460 mg, de los cuales magnesio: 92 mg (24,53% VRN*). Citrato de magnesio (14,5% de magnesio): 97 mg, de los cuales magnesio: 14 mg (3,73% VRN*). Total magnesio elemental: 250 mg (66,67% VRN)**. Vitamina B6: 6 mg (428,57% VRN).","Bisglicinato de magnesio Albion® (Magnesio), dimagnesio malato Albion® (Magnesio), agente de carga (fosfato bicalcico), citrato de magnesio hidrato (Magnesio), antiaglomerantes (sales magnésicas de ácidos grasos y dióxido de silicio), clorhidrato de piridoxina (Vitamina B6). Cápsula vegetal: agente de recubrimiento (hidroxipropilmetilcelulosa).",Tomar dos cápsulas al día. Adoptar ciertos hábitos saludables puede favorecer la acción del producto y mejorar su eficacia.,TRUE,FALSE,TRUE,5.20,"Complemento Alimenticio. Su comercialización es legal en toda Europa.

CERTIFICADO

• No GMO: no contiene ningún ingrediente que provenga de Organismos Modificados Genéticamente, por lo que no está sometido al etiquetado de los OMG del Reglamento (EU) 1829/2003.
• No ionizado: No se usa radiación ionizante en ningún punto durante el proceso de fabricación del producto conforme con la Directiva 1999/2/EC.
• BSE / TSE: está libre de cualquier riesgo de BSE / TSE según Reglamento (CE) 999/2001.
• Fabricado en la UE: es fabricado en la Unión Europea.",Webotanix,21.00,TRUE,,,,0.00,active
sopa-de-s-mola-con-verdura-250-g,Sopa de Sémola con Verdura,"Sémola de verdura perfecta para preparar platos caseros y nutritivos. Producto sin marca, ideal para diversas recetas culinarias.",INT SALIM,,Alimentos,"Bio, Vegano, Sin lactosa, 250 g",TRUE,Title,Default Title,,,,,,,,3587,250,shopify,1,deny,manual,2.95,,TRUE,TRUE,,,,,8426633400086,https://int-salim.com/2899-thickbox_default/semola-int-de-maiz-500-gr.jpg,1,Sopa de Sémola con Verdura - INT SALIM,FALSE,Sopa de Sémola con Verdura,"Sémola de verdura perfecta para preparar platos caseros y nutritivos. Producto sin marca, ideal para diversas recetas culinarias.",Puede existir riesgo de trazas por manipulación a granel. Consultar alérgenos antes de consumir.,,,TRUE,Combina bien con verduras y especias para mejorar su sabor.,2028-01-09,3587,3587,TRUE,FALSE,,,,TRUE,FALSE,TRUE,1.40,,,10.00,TRUE,,g,,1.51,active
crema-de-frijol-50-ml,Crema de Frijol,"Una crema rica pero ligera que proporciona una hidratación intensa mientras fortalece la barrera cutánea. Formulado con un pH respetuoso para la piel de 5~6, ayuda a mantener un equilibrio saludable mientras apoya la función de la barrera. Alimentado por extracto de soja fermentado, retiene la hidratación para una piel suave, tersa y nutrida durante todo el día. Enriquecido con extractos de cebada, granada y pera, nutre profundamente, mejora la textura de la piel y promueve un cutis radiante y juvenil. La fórmula no grasienta se absorbe rápidamente, calma la irritación, previene la pérdida de humedad y deja la piel con una sensación equilibrada, sedosa y revitalizada. Adecuado para uso diario en todo tipo de piel.Perfecto para:
• Piel
seca, deshidratada o áspera• Piel que necesita soporte de barrera y hidratación duradera",mixsoon,,Cosmetica e higiene,"Vegano, 50 ml",TRUE,Title,Default Title,,,,,,,,3626,50,shopify,3,deny,manual,29.95,,TRUE,TRUE,,,,,8809732910661,https://mixsoon.us/cdn/shop/files/beancreambestseller.png?v=1766122051&width=4096,1,Crema de Frijol - mixsoon,FALSE,Crema de Frijol,"Una crema rica pero ligera que proporciona una hidratación intensa mientras fortalece la barrera cutánea. Formulado con un pH respetuoso para la piel de 5~6, ayuda a mantener un equilibrio saludable mientras apoya la función de la barrera. Alimentado por extracto de soja fermentado, retiene la hidratación para una piel",,,,FALSE,,,3626,3626,TRUE,FALSE,,"Agua/Agua/Agua, Glicerina, Triglicéridos Caprílicos/Capricos, Poliisobuteno Hidrogenado, Distearato de Poligliceril-3,
Co-glicéridos Hidrogenados, Aceite de semilla de Limnanthes Alba (espuma de prado), ButileneGlicol, Malato de Diisostearyl
, Dimeticona de Vinilo, Alcohol Cetearílico, Ácido esteárico, Copolímero de Hidroxietilo Acrilato/Copolímero de Acrilildimetil Taurato de Sodio, Estearato de Glicerilo, Hidroxiacetofenona, Sorbi
tanIsostearato, Citrato estearato de gliceril, carbómero, Trometamina, Pantenol, Glicirriza dipotásica, Lecitina hidrogenada,
Propanodil, Etilhexilglicerina, Adenosina, Extracto de flor de Melia Azadirachta, Extracto de Eclipta Prostrata, Extracto de Coccinia indica, EDTA disódico, Poliacrilato sódico, Extracto de hoja de Ocimum Sanctum, Extracto de hoja de Melia Azadirach
ta, Extracto de raíz de Curcuma Longa (cúrcuma), Extracto de Corallina Officinalis, La
ctobacillus/extracto de fermentación de soja, extracto de fermentación de fruta de lactobacillus/punica granatum, filtrado de fermentación de semillas de cebada sacaromyces/cebada, fermentación de lactobacillus/zumo de pera para fermentar el
tratado, ácido palmítico, aceite de fruta de cítricos aurantium bergamia (bergamota), ácido oleico, lavandula angustifolia","Después de la limpieza, refina la textura de la piel con tónico. En el último paso de tu rutina de cuidado de la piel, aplica la crema suavemente por todo el rostro y deja que se absorba.

Para un extra de hidratación, aplica 2 o 3 veces las que necesites para conseguir una sensación más firme e hidratada.",TRUE,FALSE,FALSE,5.20,,,21.00,TRUE,,g,,13.99,active
p-ptido-cica-hyalshot-50-ml,Péptido Cica Hyalshot,"Descripción: Repara y revitaliza tu piel con mixsoon Peptide Cica Hyal-Shot, un sérum multifuncional formulado con péptidos, centella asiática y ácido hialurónico. Su innovadora fórmula con spículas recubiertas de ácido hialurónico mejora la absorción de ingredientes activos, al tiempo que hidrata profundamente y refuerza la barrera cutánea. Ideal para tratar arrugas, poros dilatados y mejorar la textura de la piel desde casa.",mixsoon,,Cosmetica e higiene,50 ml,TRUE,Title,Default Title,,,,,,,,3627,50,shopify,3,deny,manual,29.95,,TRUE,TRUE,,,,,8809732914065,https://mixsoon.es/cdn/shop/files/04_aba66bba-1dc0-4454-aded-aeb139f9f312.png?v=1759321548&width=1200,1,Péptido Cica Hyalshot - mixsoon,FALSE,Péptido Cica Hyalshot,"Descripción: Repara y revitaliza tu piel con mixsoon Peptide Cica Hyal-Shot, un sérum multifuncional formulado con péptidos, centella asiática y ácido hialurónico. Su innovadora fórmula con spículas recubiertas de ácido hialurónico mejora la absorción de ingredientes activos, al tiempo que hidrata profundamente y refue",,,,FALSE,,,3627,3627,TRUE,FALSE,,,"Modo de uso: Aplicar sobre la piel limpia después del tónico y antes de la crema hidratante y/o solar.

Apto: todo tipo de pieles, especialmente pieles sensibles y deshidratadas",TRUE,FALSE,FALSE,5.20,,,21.00,FALSE,,g,,12.74,active
s-rum-deep-vitamina-a-retinol-30-ml,Sérum Deep Vitamina A Retinol,"Beneficios:
Un sérum enriquecido con retinol altamente concentrado que potencia la producción de colágeno dentro de la piel.
Retinoides que aumentan el 158% de la producción de colágeno dentro de la piel y han reducido la estimulación.
Capas de retinol de siete capas con alta densidad de ingredientes para piel flácida y debilitada.
3 pasos de estabilización del método de estabilización con retinol de Medicube hacia la piel profunda y densa.",medicube,,Cosmetica e higiene,30 ml,TRUE,Title,Default Title,,,,,,,,3628,30,shopify,1,deny,manual,24.95,,TRUE,TRUE,,,,,8809960356620,https://uayblnybdrhhmumudbea.supabase.co/storage/v1/object/public/productos/deep%20vita%20a%20retinol%20serum%20medicube.webp,1,Sérum Deep Vitamina A Retinol - medicube,FALSE,Sérum Deep Vitamina A Retinol,"Beneficios:
Un sérum enriquecido con retinol altamente concentrado que potencia la producción de colágeno dentro de la piel.
Retinoides que aumentan el 158% de la producción de colágeno dentro de la piel y han reducido la estimulación.
Capas de retinol de siete capas con alta densidad de ingredientes para piel flácida ",,,,FALSE,,,3628,3628,TRUE,FALSE,,"Agua, dipropilenglicol, butilenoglicol, glicerina, propanediol, 1,2-hexanediol, niacinamida, coco-caprilato/capato, escualano, poligliceril-3 destearato, isosorbo de dimetilo, pentileno glicol, pantenol, 4-t-butilciclohexanol, fragancia (perfume), lecitina hidrogenada, copolímero de hidroxietila acrilato/acrilildimetil taurato de sodio, acrilatos/C10-30 acrilato de alquilo acrilato, sacarosa-palmato, caprílico/capríco, hidroxipinacolona retinoato, dietilhexilo Siringilidenemalonato, trometamina, etilhexilglicerina, citrato estearato de glicerilo, alantoína, goma biosacárida-1, glicirriza dipotásica, goma xantana, aceite de semilla de macadamia integrifolia, aceite de fruta olea europaea (oliva), aceite de semilla de Simmondsia chinensis (jojoba), aceite de semilla de vitis vinifera (uva), adenosina, aceite de semilla de macadamia ternifolia, retinal, hialuronato sódico, EDTA disódico, retinol, bakuchiol, palmato de retinilo, esteroles de Brassica campestris (colza), ácido linoleico, colesterol, Poligliceril-10 Laurato, Ceramida NP, PPG-13-Deciltetradecenteto-24, Retinil-linoleato, Fitosterilo/Behenilo/Octildodecil-Lauroylglutato, Beta-glucano, estearato de aluminio/hidróxido de magnesio, Pentaerythrityl Tetra-di-t-butil Hidroxihidrocinamato, Fosfato de cetilo potásico, Distearato de metilglucosa poligliceril-3, sílice, isopropil lauroilo sarcosinato, Tocoferol, Colágeno hidrolizado, Retinoato de retinilo, Quitosano, extracto de Centella Asiatica, extracto de hoja de Centella Asiatica, Centella Asiatica Extracto de raíz, tris (tetrametilhidroxipiperidinol) citrato, benzotrizolilo dodecil p-cresol","1. Prueba el tamaño de un guisante hasta la zona de arrugas, pecas e imperfecciones cada dos días en la fase sérica de la rutina de cuidado nocturno.
2. Después de usarlo durante dos semanas, aumenta gradualmente la cantidad y aplícala de forma fina por toda la cara cada noche.",TRUE,FALSE,FALSE,5.20,,,21.00,FALSE,,g,,11.22,active
bean-essence-30-ml,Bean Essence,"Descripción : mixsoon Bean Essence es un producto hidratante y nutritivo para el cuidado de la piel, elaborado con soja fermentada, cebada, pera y granada. Además, tiene un efecto exfoliante suave que ayuda a quitar las células muertas de la piel y a quedarse con una piel más suave y radiante. Este producto contiene una gran cantidad de aminoácidos esenciales, vitaminas y ácidos alfa-hidróxidos naturales que mejoran la vitalidad y la textura de la piel.",mixsoon,,TODAS,"Vegano, 30 ml",TRUE,Title,Default Title,,,,,,,,3629,30,shopify,1,deny,manual,23.95,,TRUE,TRUE,,,,,8809732911880,https://mixsoon.es/cdn/shop/files/mixsoon_20ml_339758ea-e487-4ac2-a657-4689ace0a6be.png?v=1759323070&width=1200,1,Bean Essence - mixsoon,FALSE,Bean Essence,"Descripción : mixsoon Bean Essence es un producto hidratante y nutritivo para el cuidado de la piel, elaborado con soja fermentada, cebada, pera y granada. Además, tiene un efecto exfoliante suave que ayuda a quitar las células muertas de la piel y a quedarse con una piel más suave y radiante. Este producto contiene un",,,,FALSE,,,3629,3629,TRUE,FALSE,,,,TRUE,FALSE,FALSE,1.40,,,10.00,TRUE,,g,,9.89,active
cleansing-water-centella-300-ml,Cleansing Water Centella,"Descripción : mixsoon Centella Cleansing Water está diseñado para limpiar la piel delicadamente, eliminando de forma eficaz la suciedad e impurezas sin causar irritación. Ofrece un efecto calmante y ayuda a aliviar la sequedad que puede ocurrir después de utilizar el método de limpieza micelar. La fórmula ha sido creada específicamente con un nivel de pH suave para proteger la piel. Contiene Betaína, que protege e hidrata la piel, Centella Asiática, calmante y rica en antioxidantes, y Pantenol, provitamina que ayuda a prevenir la irritación. Además, todos los ingredientes utilizados en este producto han recibido una clasificación verde por la EWG, lo que indica su seguridad y naturaleza no peligrosa.

apto para todas las pieles",mixsoon,,Cosmetica e higiene,300 ml,TRUE,Title,Default Title,,,,,,,,3630,300,shopify,2,deny,manual,15.95,,TRUE,TRUE,,,,,8809732914393,https://mixsoon.es/cdn/shop/files/CentellaCleansingWater_Main01_ecd359ca-09cd-479f-862d-d9ead8d31ae3.png?v=1759321758&width=1200,1,Cleansing Water Centella - mixsoon,FALSE,Cleansing Water Centella,"Descripción : mixsoon Centella Cleansing Water está diseñado para limpiar la piel delicadamente, eliminando de forma eficaz la suciedad e impurezas sin causar irritación. Ofrece un efecto calmante y ayuda a aliviar la sequedad que puede ocurrir después de utilizar el método de limpieza micelar. La fórmula ha sido cread",,,,FALSE,,,3630,3630,TRUE,FALSE,,,,TRUE,FALSE,FALSE,0.00,,,0.00,FALSE,,g,,6.12,active
madeca-cream-time-reverse-50-ml,Madeca Cream Time Reverse,"- Cuidado calmante y reparador: Centella Asiatica y Madecassósida calman la irritación y fortalecen la barrera cutánea.

- Absorción Profunda y Rápida: Incluye Active-TECA, una fusión de 5 ingredientes patentados en un liposoma de 3 capas para una penetración profunda y efectos duraderos. Una formulación alta en proteínas de Madeca con altas concentraciones de proteínas básicas de elasticidad cutánea extraídas de Centella Asiatica que ayuda a la absorción en solo 5 segundos. Experimenta un nivel diferente de hidratación de la piel.

- Centella Expert Formula: Con 12 extractos especializados de Centella Asiatica, aprovechando la ™experiencia de Dongkook Pharm para maximizar los beneficios para la piel. Ayuda a una hidratación profunda y a la mejora de la flacidez, haciendo que la piel sea firme y tirante.

Experimenta una piel visiblemente más suave y firme, ya que trabaja para revitalizar tu complexión, convirtiéndolo en una solución perfecta para quienes buscan recuperar la vitalidad juvenil.",Centellian24,,Cosmetica e higiene,50 ml,TRUE,Title,Default Title,,,,,,,,3631,50,shopify,2,deny,manual,24.95,,TRUE,TRUE,,,,,8806109101257,https://uayblnybdrhhmumudbea.supabase.co/storage/v1/object/public/productos/centellian-24-madeca-cream-time-reverse-season7-50ml.jpg,1,Madeca Cream Time Reverse - Centellian24,FALSE,Madeca Cream Time Reverse,"- Cuidado calmante y reparador: Centella Asiatica y Madecassósida calman la irritación y fortalecen la barrera cutánea.

- Absorción Profunda y Rápida: Incluye Active-TECA, una fusión de 5 ingredientes patentados en un liposoma de 3 capas para una penetración profunda y efectos duraderos. Una formulación alta en proteí",,,,FALSE,,,3631,3631,TRUE,FALSE,,"agua, dipropilenglicol, polideceno hidrogenado, triglicéridos caprílicos/capricos, glicerina, tetraetilhexanoato de pentaritil, estearato de gliceril, ciclohexasiloxano, niacinamida, alcohol cetílico, distearato de poligliceril-6, vinil dimeticona, éter dicaprilílico, poligliceril-10 laurato, alcohol estearyl, ésteres de jojoba, cera de abeja, pantenol, 1,2-hexanediol, estearoil glutamato sódico, ácido madecásico, asiticóside, xilitilglucosido, copolímero de hidroxietilo acrilato/taurato de acrildimetil de sodio, Aceite de fruta Olea europaea (Oliva), Hidroxiacetofenona, Anhidroxilitol, Extracto de hoja de Centella Asiatica, Ácido asiático, Glicoproteínas, Butiglicol, Cera de Abejas de Poligliceril-3, Xilitol, Aceite de Centella Asiatica, Metilpropanediol, Anantoína, Propanodiol, Fermentación de Candida bombicola/Glucosa/Metil-Colza, Aceite de Aurantium Dulcis (Naranja), Goma de Xantina, Cera de semilla de Helianthus annuus (girasol), Etilhexilglicerina, Etoxidiglycol, Aceite de cáscara de Citrus Nobilis (mandarina de mandana), Glucosa, EDTA disódico, Adenosina, isostearato de sorbitano, aceite de lavandula angustifolia (lavanda), laurato sódico, ciclodextrina, ácido hialurónico hidrolizado, aceite de fruta cítrico aurantium bergamia (bergamota), aceite de cáscara cítrica aurantium dulcis (naranja), aceite de hoja de rosmarinus officinalis (romero), aceite de fruta de litsea cubeba, aceite de semilla de macadamia ternifolia, poliglicerina-3, copolímero pvm/ma, ácido láurico, poliacrilato sódico, octildodecanol, aceite de soja de glicina (soja), lecitina hidrogenada, glicolípidos, cafeína, madecassósida, Extracto de Centella Asiatica, C12-13 Pareth-9, aminoácidos de colágeno, NP de ceramida, resina Copaifera officinalis (Copaiba de bálsamo), aceite de cáscara de cítricos grandis (pomelo), aceite de enebro virginia, extracto de raíz de Cimicifuga racemosa, extracto de Silybum Marianum, resveratrol, arginina, taurina, glucógeno, elastina hidrolizada, ectoína, aceite de corteza de cedro atlantica, retinol, extracto de raíz de Lepidium meyenii, maltodextrina, ácido ascórbico, proteína vegetal hidrolizada, aceite de flor de pelargonium graveoles, Fitoesfingosina, Tocoferol, Destearato de Sacarosa, Hialuronato de sodio, ADN sódico, Aceite de Officinale de Jazmín (Jazmín), Sorbato de Potasio, Fenoxietanol, Extracto de Artemisia absinthium, Aceite de Mirto communis, Aceite de flor de rosa, Extracto de fruto planifolio de vainilla, Cianocobalamina, Ácido aspártico, Aceite de resina de Ferula Galbaniflua (Galbanum), Glicina, Ácido Glutámico, Limoneno, Linalool, Cítrico, Alcanfor*, Beta-Cariofileno*, Aceite/Extracto de cedro atlántico*, Aceite de cáscara de aurancio cítrico*, Cáscara de Aurantium bergamia cítrica Aceite*, Aceite/Extracto de Lavandula*, Acetato de Linalilo*, Piñeno*",,TRUE,FALSE,FALSE,5.20,,,21.00,FALSE,,g,,9.64,active
aceite-limpiador-bean-100-ml,Aceite Limpiador Bean,"mixsoon Bean Cleansing Oil hidrata la piel mientras elimina eficazmente el maquillaje y las impurezas. Está elaborado con una combinación de ingredientes fermentados de 'tan querido' Bean Essence: lactobacilos, extracto de soja fermentada, filtrado de semilla de cebada, los cuales ayudan a brindar los nutrientes más ricos a la piel, como vitaminas y proteínas. Tiene una textura de aceite líquido ligero que no deja residuos en la piel, sino que deja una sensación fresca e hidratada después de usar. Ofrece una limpieza profunda incluso de un maquillaje resistente al agua.",mixsoon,,Cosmetica e higiene,100 ml,TRUE,Title,Default Title,,,,,,,,3633,100,shopify,2,deny,manual,14.95,,TRUE,TRUE,,,,,8809732914812,https://mixsoon.es/cdn/shop/files/MixsoonBeanCleansingOilMain_1_4f831324-6c12-4726-a279-753a8e963e9a.jpg?v=1759321911&width=1200,1,Aceite Limpiador Bean - mixsoon,FALSE,Aceite Limpiador Bean,"mixsoon Bean Cleansing Oil hidrata la piel mientras elimina eficazmente el maquillaje y las impurezas. Está elaborado con una combinación de ingredientes fermentados de 'tan querido' Bean Essence: lactobacilos, extracto de soja fermentada, filtrado de semilla de cebada, los cuales ayudan a brindar los nutrientes más ri",,,,FALSE,,,3633,3633,TRUE,FALSE,,"Extracto fermentado de soja – Fortalece la función barrera de la piel mientras equilibra la producción de humedad y sebo.
Extractos fermentados de pera, granada y cebada – aportan antioxidantes, actúan como exfoliantes suaves y mejoran la textura de la piel.
Aceite de soja, jojoba y girasol – Proporciona nutrición profunda y deja la piel suave y flexible.
Glicerina y filtrado fermentado – hidratan intensamente, calman la piel y ayudan a mantener el equilibrio de la humedad.
Tocoferol (Vitamina E) – Un potente antioxidante que protege y cuida la piel de manera efectiva.","Aplica 2–3 gotas del producto sobre la piel seca y limpia.
Masajea suavemente con movimientos circulares durante aproximadamente 60 segundos para disolver eficazmente el maquillaje y las impurezas.
Añade un poco de agua para emulsionar el aceite en una consistencia ligera y lechosa. Enjuaga bien con agua tibia.
Finaliza con una limpieza a base de agua para dejar la piel limpia, equilibrada y sedosa.",TRUE,FALSE,FALSE,1.40,,,10.00,FALSE,,g,,6.12,active
spray-bean-balancing-100-ml,Spray Bean Balancing,"La mezcla de Spray Equilibrante de Ampollas de Semillas es una neblina refrescante e hidratante que aporta equilibrio a tu piel, dejándola suave, radiante y nutrida. Con una mezcla única de aceite y sérum 2:8, crea una barrera protectora contra la humedad mientras hidrata profundamente la piel, ofreciendo tanto hidratación instantánea como duradera. La niebla está impregnada con ingredientes naturales como aceite de soja, aceite de semilla de jojoba y aceite de semilla de girasol, proporcionando nutrientes esenciales sin irritación. Su spray ultrafino proporciona una capa uniforme de hidratación, lo que la hace perfecta para todo tipo de piel, incluida la piel sensible. Mantén tu piel fresca, equilibrada y radiante con esta versátil niebla para ampollas.",mixsoon,,Cosmetica e higiene,"Vegano, 100 ml",TRUE,Title,Default Title,,,,,,,,3634,100,shopify,1,deny,manual,29.95,,TRUE,TRUE,,,,,8809732914560,https://mixsoon.us/cdn/shop/files/3203891b9c233570a527aad96e956803.jpg?v=1742358897&width=4096,1,Spray Bean Balancing - mixsoon,FALSE,Spray Bean Balancing,"La mezcla de Spray Equilibrante de Ampollas de Semillas es una neblina refrescante e hidratante que aporta equilibrio a tu piel, dejándola suave, radiante y nutrida. Con una mezcla única de aceite y sérum 2:8, crea una barrera protectora contra la humedad mientras hidrata profundamente la piel, ofreciendo tanto hidrata",,,,FALSE,,,3634,3634,TRUE,FALSE,,"Agua/Aqua, aceite de semilla de helianthus annuus (girasol), glicerina, butilenglicol, dipropilenglicol, propanediol, niacinamida, aceite de semilla Simmondsia chinensis (jojoba), 1,2-hexanediol, cloruro de sodio, hidroxiacetofenona, adenosina, etilhexiglicerina, edta disódico, tocoferol, aceite de soja, extracto de grano de Zea Mays (maíz), extracto de fermentación de lactobacillus/soja, ácido hialurónico, ácido hialurónico hidrolizado, hialuronato de sodio, extensina hidrolizada, fermentación de lactobacillus/zumo de pera Filtrado, Extracto de fermentación de fruta Lactobacillus/Punica granatum, Filtrado de fermentación de Saccharomyces/Semilla de cebada, Filtrado de fermentación de raíz de Lactobacillus/Panax Ginseng, Fermentación de lactobacillus/arroz, filtrado de fermentación de semillas Lacryma-Jobi Ma-Yuen de Saccharomyces/Coix, filtrado de fermentación de Saccharomyces/Extracto de patata, Fructano, glucosa, extracto de Centella Asiatica","Agita bien la niebla para difuminar las capas, luego mantenla a unos 20 cm de la cara y rocía de forma uniforme. Da suaves palmadas a la piel con las yemas de los dedos para ayudar a que el producto se absorba completamente. Esta niebla refrescante proporciona hidratación en cualquier momento, perfecta para usar en casa o fuera de casa.",TRUE,FALSE,FALSE,5.20,,,21.00,TRUE,,g,,13.11,active
crema-para-contorno-de-ojos-10-g,Crema para Contorno de Ojos,"Descubre los beneficios revitalizantes de la crema Eyephalt de Dr. Melaxin, diseñada para tratar las bolsas bajo los ojos. Esta fórmula avanzada, impulsada por tecnología de vanguardia con EGF y bioespículas, combate eficazmente las bolsas, atenúa las ojeras y fortalece la barrera cutánea. ¿El resultado? Una zona del contorno de ojos más tersa, luminosa y joven.",Dr.Melaxin,,Cosmetica e higiene,10 g,TRUE,Title,Default Title,,,,,,,,3635,10,shopify,1,deny,manual,29.95,,TRUE,TRUE,,,,,8809886481932,https://drmelaxin.eu/cdn/shop/files/amazon_EYEPHALT_main.png?v=1775550513,1,Crema para Contorno de Ojos - Dr.Melaxin,FALSE,Crema para Contorno de Ojos,"Descubre los beneficios revitalizantes de la crema Eyephalt de Dr. Melaxin, diseñada para tratar las bolsas bajo los ojos. Esta fórmula avanzada, impulsada por tecnología de vanguardia con EGF y bioespículas, combate eficazmente las bolsas, atenúa las ojeras y fortalece la barrera cutánea. ¿El resultado? Una zona del c",,,,FALSE,,,3635,3635,TRUE,FALSE,,"Bio-Spicule y EGF: Tecnologías avanzadas que actúan en sinergia para mejorar el efecto lifting y el volumen en la zona del contorno de ojos, promoviendo la regeneración cutánea y potenciando la elasticidad para lograr un aspecto revitalizado.","Coloca una cantidad muy pequeña de producto (aproximadamente 0,2 g) sobre la espátula y aplícalo con 2 o 3 pasadas suaves únicamente en la zona de las bolsas debajo de los ojos. Si lo utilizas durante el día y vas a salir, deja actuar el producto durante 20 minutos; después, lava el rostro y aplica el maquillaje. Para obtener mejores resultados, también puede utilizarse como tratamiento nocturno, aplicándolo antes de acostarte.",TRUE,FALSE,FALSE,5.20,,,21.00,FALSE,,g,,14.29,active
protector-solar-hyal-reyouth-50-ml,Protector Solar Hyal Reyouth,"¡La fórmula dual para hidratación y protección UV!
Con los diferentes pesos moleculares, 10 tipos de ácido hialurónico refuerzan la barrera de humedad",Dr.Ceuracle,,Cosmetica e higiene,50 ml,TRUE,Title,Default Title,,,,,,,,3636,50,shopify,8,deny,manual,24.95,,TRUE,TRUE,,,,,8806133615317,https://uayblnybdrhhmumudbea.supabase.co/storage/v1/object/public/productos/dr.ceuracle%20hyal%20reyouth.webp,1,Protector Solar Hyal Reyouth - Dr.Ceuracle,FALSE,Protector Solar Hyal Reyouth,"¡La fórmula dual para hidratación y protección UV!
Con los diferentes pesos moleculares, 10 tipos de ácido hialurónico refuerzan la barrera de humedad",,,,FALSE,,,3636,3636,TRUE,FALSE,,"(Ácido Hialurónico, Hialuronato de Sodio, Polímero Cruzado de Hialuronato de Sodio, Hialuronato de Hidroxipropiltrimonio, Hialuronato acetilado de sodio, Ácido hialurónico hidrolizado, Hialuronato de Dimetilsilanol, Hialuronato de hidroxipropilonio, Hialuronato de sodio, Dimetilsilanol, Hialuronato de Potasio)
Infunde una hidratación intensa y profunda en la piel.  Forma una barrera de hidratación en la superficie de la piel al aplicarse, evitando la pérdida de humedad y, al mismo tiempo, protegiendo la piel de la estimulación externa.","Aplícalo en la fase de hidratación, al menos 30 minutos antes de la exposición al sol.",TRUE,FALSE,FALSE,5.20,,,21.00,FALSE,,g,,11.45,active
txa-niacinamida-55-g,TXA Niacinamida,,medicube,,Cosmetica e higiene,55 g,TRUE,Title,Default Title,,,,,,,,3637,55,shopify,1,deny,manual,29.95,,TRUE,TRUE,,,,,8800289461088,https://medicube.us/cdn/shop/files/TXA_00_84831587-cfc2-4ab9-b4a3-c98f0964cc41.jpg?v=1744941371&width=600,1,TXA Niacinamida - medicube,FALSE,TXA Niacinamida,,,,,FALSE,,,3637,3637,TRUE,FALSE,,"99% Pure Tranexamic Acid (TXA), Niacinamide 5%, Alpha-Arbutin & Glutathione",,TRUE,FALSE,FALSE,5.20,,medicube,21.00,FALSE,,g,,12.87,active
crema-pdrn-reju-5000-20-g,Crema PDRN Reju 5000,"Qué es:
La crema PDRN Reju 5000 es la crema vegana potenciada por Biome de Dr. Althea, formulada con PDRN 5.000 ppm para ayudar a mejorar la textura de la piel y restaurar la firmeza.

Con un acabado ligero y no graso, se absorbe suavemente en la piel y puede colocarse en capas según el tipo de piel para un cuidado personalizado de hidratación y elasticidad.

Beneficios:
- Cuidado
calmante y reafirmante - Tratamiento
SOS en casa - tipo pomada, crema en capas para el cuidado diario

Efectos:
Formulado con PDRN vegano derivado de probióticos de 5.000 ppm a partir de cinco ingredientes fermentados, calma la piel irritada mientras fortalece la barrera y elasticidad cutánea, mejorando la resistencia natural de la piel. Además, enriquecido con 50.000 ppm de Centella Asiatica Leaf Water, conocida por sus excelentes propiedades antiinflamatorias, calma eficazmente la piel irritada y con problemas.",Dr.Althea,,Cosmetica e higiene,20 g,TRUE,Title,Default Title,,,,,,,,3638,20,shopify,3,deny,manual,34.95,,TRUE,TRUE,,,,,8809447256412,https://doctoraltheaglobal.com/cdn/shop/files/147cream_2.jpg?v=1782872826&width=750,1,Crema PDRN Reju 5000 - Dr.Althea,FALSE,Crema PDRN Reju 5000,"Qué es:
La crema PDRN Reju 5000 es la crema vegana potenciada por Biome de Dr. Althea, formulada con PDRN 5.000 ppm para ayudar a mejorar la textura de la piel y restaurar la firmeza.

Con un acabado ligero y no graso, se absorbe suavemente en la piel y puede colocarse en capas según el tipo de piel para un cuidado per",,,,FALSE,,,3638,3638,TRUE,FALSE,,"Agua (agua), glicerina, agua de hoja de Centella Asiatica, pantenol, butilglicol, éter dicaprilílico, 1,2-hexanediol, vinil dimeticona, caprilila meticona, polideceno hidrogenado, pentileno glicol, carbonato de dicaprililo, copolímero de hidroxietilo acrilato/taurato de sodio acrilildimetilo, ADN sódico, dimeticonol, acrilatos/C10-30 acrilato alquilato cruzado, cetearil olivato, aminometil propanediol, sorbitano olivato, glicerilacrilato y copolímero de ácido acrílico, goma xantana, etilhexilglicerina, sodio Fermentan el hialuronato, ácido hialurónico, ácido hialurónico hidrolizado, fitato sódico, tocoferol, Aureobasidium pullulans, triglicéridos caprílicos/cápricos, beta-sitosterol, lecitina hidrogenada, caprato de poligliceril-4, caprilato de poligliceril-6, sh-oligopéptido-1","1. Lava tu cara con un limpiador suave adaptado a tu tipo de piel.
2. Aplica una cantidad adecuada de la crema PDRN Reju 5000 como último o semifinal en tu rutina de cuidado de la piel.
3. Ponte capas en las zonas que necesiten más calma.",TRUE,FALSE,FALSE,0.00,,,0.00,FALSE,,g,,16.38,active
protector-solar-spf50-20-g,Protector Solar SPF50+,"¡Escudo en movimiento!
Protección sin esfuerzo, acabado semimate, cero pegajosidad, sin tinta blanca.
Textura ligera como una pluma: Acabado semimate y refrescante sin bolitas ni grasa
Protección solar clínicamente probada: SPF 50 Amplio espectro / UVA / UVB / defensa contra quemaduras solares, daños y envejecimiento
precoz Tecnología de vallas de aire: Matifica, refresca y se mantiene ligera incluso con humedad
Cuidado antioxidante: El extracto patentado de brotes de bambú hidrata, ilumina y protege",haruharu,,Cosmetica e higiene,20 g,TRUE,Title,Default Title,,,,,,,,3639,20,shopify,1,deny,manual,17.95,,TRUE,TRUE,,,,,8809532221929,https://haruharuwonder.com/cdn/shop/files/black_bamboo_daily_soothing_sun_shield_SPF50_PA_20g.jpg?v=1728323103&width=1440,1,Protector Solar SPF50+ - haruharu,FALSE,Protector Solar SPF50+,"¡Escudo en movimiento!
Protección sin esfuerzo, acabado semimate, cero pegajosidad, sin tinta blanca.
Textura ligera como una pluma: Acabado semimate y refrescante sin bolitas ni grasa
Protección solar clínicamente probada: SPF 50 Amplio espectro / UVA / UVB / defensa contra quemaduras solares, daños y envejecimiento
p",,,,FALSE,,,3639,3639,TRUE,FALSE,,"Filtro de aire patentado - Enfría / Matifica / Controla la producción
de sebo Extracto fermentado de brotes de bambú - Ilumina / Calma la piel / Hidrata
COSMOS Betaína - Hidrata / Previene la pérdida de humedad / Reduce el daño
por UVA Niacinamida - Ilumina / Proporciona cuidado de la pigmentación / Controla la producción de sebo / Hidrata
adenosina - Reduce las líneas finas y arrugas / Mejora la elasticidad de la piel

Libre de:

aditivos
tóxicos OGM
Ftalatos
7 tipos de parabenos
11 ingredientes
nocivos Sulfatos
Aceite
mineral Alcohol secante
Colorantes
sintéticos Fragancia",,TRUE,FALSE,FALSE,5.20,,,21.00,FALSE,,g,,8.51,active
protector-solar-aqua-glowing-45-ml,Protector solar Aqua Glowing,"Qué es:
Protector solar aqua glowing, un protector solar ligero y no pegajoso que hidrata y deja tu piel con un brillo saludable mientras la protege del sol.

Con su textura crema ligera, se absorbe fácilmente y proporciona una hidratación profunda, lo que la hace ideal para piel seca y desequilibrada que necesita reparación de barreras y protección solar.

Beneficios:
- Protección
UV - Hidratante y no
pegajoso - Ligero, acuoso, de rápida absorción

Efectos:
Con el pantenol y el extracto de lentillifera de Caulerpa, se rejuvenece al instante y retiene la hidratación mediante una barrera de hidratación, siendo una excelente opción para quienes tienen la piel seca.",Dr.Althea,,Cosmetica e higiene,45 ml,TRUE,Title,Default Title,,,,,,,,3641,45,shopify,3,deny,manual,19.95,,TRUE,TRUE,,,,,8809447255828,https://doctoraltheaglobal.com/cdn/shop/files/aquasunscreen_8350ea77-1fed-4acd-93db-9f07df39fa0e.jpg?v=1782884068&width=750,1,Protector solar Aqua Glowing - Dr.Althea,FALSE,Protector solar Aqua Glowing,"Qué es:
Protector solar aqua glowing, un protector solar ligero y no pegajoso que hidrata y deja tu piel con un brillo saludable mientras la protege del sol.

Con su textura crema ligera, se absorbe fácilmente y proporciona una hidratación profunda, lo que la hace ideal para piel seca y desequilibrada que necesita repa",,,,FALSE,,,3641,3641,TRUE,FALSE,,"Agua, agua de Bambusa vulgaris, isononilo isononanoato, propanediol, salicilato de butiloctilo, etilhexil triazona, polimetilsilsesquioxano, dibutilo adipato, dietilamino, hidroxibenzoilo hexil benzoato, niacinamida, drometrizol trisilo, metileno-bis-benzotriazilo tetrametilbutilfenol, 1,2-hexanediol, pentilenoglicol, poliglicerilo-3 metilglucosa distearato, gliceret-26, pantenol, alcohol behenílico, trometamina, decilo glucósido, caprilila meteticona, aceite de ricino/sebácico hidrogenado/sebácico Copolímero ácido, carbómero, cruzamiento de acrilatos/C10-30 acrilato de alquilo, distearato de poligliceril-6, polímero cruzado de poliacrilato-6, trimetilsiloxisilicatos, etilhexilglicerina, ésteres de poligliceril-3 de canadela/jojoba/salvado de arroz, estearoil glutamato de sodio, adenosina, glicerina, hialuronato de sodio, goma xantana, ceramida NP, tocoferol, butilenoglicol, extracto de Caulerpa lentilífera, ADN sódico","1. Aplica unos dos dedos de protector solar durante 15 minutos antes de salir. Usar suficiente protector solar es clave para una protección eficaz.
2. Reaplica a lo largo del día para proteger la piel de los rayos UV.",TRUE,FALSE,FALSE,5.20,,,21.00,FALSE,,g,,9.70,active
s-rum-pdrn-pink-glutathione-mist-100-ml,Sérum PDRN Pink Glutathione Mist,Sérum en formato bruma con PDRN para más elasticidad y tono uniforme,medicube,,Cosmetica e higiene,100 ml,TRUE,Title,Default Title,,,,,,,,3642,100,shopify,1,deny,manual,17.95,,TRUE,TRUE,,,,,8800289474910,https://uayblnybdrhhmumudbea.supabase.co/storage/v1/object/public/productos/medicube%20pdrn%20pink%20glutatione.avif,1,Sérum PDRN Pink Glutathione Mist - medicube,FALSE,Sérum PDRN Pink Glutathione Mist,Sérum en formato bruma con PDRN para más elasticidad y tono uniforme,,,,FALSE,,,3642,3642,TRUE,FALSE,,"Aqua, Collagen Water, Dipropylene Glycol, C13-15 Alkane, Ricinus Communis Seed Oil, Glyceryeth-26, 1,2-Hexanediol, Niacinamide, Sodium Chloride, Sorbitol, Hydroxyethyl Urea, Butylene Glycol, Helianthus Annuus Seed Oil, Parfum, Ethylhexylgly cerin, Eclipta Prostrata Extract, Adenosine, Sodium DNA, Melia Azadirachta Leaf Extract, Glutathione, Paeonia Lactiflora Root Extract, Moringa Oleifera Seed Oil, Candida Bombicola/Glucose/Methyl Rapeseedate Ferment, Rosa Damascena Flower Water, Biotin, Hexapeptide-2, Biotinoyl Tripeptide-1, Acetyl Hexapeptide-8, Tripeptide-1, Tripeptide-3, Myristoyl Pentapeptide-17, Hexapeptide-9","Antes de nada, agita bien el envase para mezclar la fase acuosa y oleosa. Pulveriza el sérum sobre el rostro de manera uniforme a una distancia adecuada y deja que se absorba. Puedes realizar suaves toques con las manos para una mejor absorción.

Puedes utilizar este sérum tanto en tu rutina de mañana como en la de noche después de la limpieza para preparar la piel para el resto de la rutina o en el paso del sérum. También puedes usarla como bruma en cualquier momento del día para un toque extra de skincare, cuando notes la piel más seca o apagada.",TRUE,FALSE,FALSE,5.20,,,21.00,FALSE,,g,,7.97,active
cica-regen-protector-solar-100-ml,Cica Regen Protector Solar,,Dr.Ceuracle,,Cosmetica e higiene,"Bio, Vegano, 100 ml",TRUE,Title,Default Title,,,,,,,,3643,100,shopify,2,deny,manual,19.95,,TRUE,TRUE,,,,,8806133615645,https://uayblnybdrhhmumudbea.supabase.co/storage/v1/object/public/productos/Cicaa%20REgen%20Waterproof%20sun%20dr.ceuracle.png,1,Cica Regen Protector Solar - Dr.Ceuracle,FALSE,Cica Regen Protector Solar,,,,,TRUE,,,3643,3643,TRUE,FALSE,,"Agua, dibutilo adipato, propanediol,
Triazona etilhexil, polimetilsilsesquioxano, dieth
Ylamino Hidroxibenzoilo Hexil Benzoato, Niacinam
ide, Drometrizole Trisiloxano, Metileno Bis-Benzotr
iazolil tetrametilbutilfenol, coco-caprilato/ca
prate, Caprylyl Methicone, Glicerina, 1,2-Hexanediol,
Butilenglicol, extracto de Centella Asiatica, Dioscorea
Extracto de raíz japonica, extracto de laminaria japonica, U
Extracto de raíz de lmus davidiana, hoja de aloe barbadensis
Extracto, extracto de flor de Viola Mandshurica, Salicorni
un extracto de Herbacea, extracto de hoja de Corchorus olitorius
, extracto de fruto Adansonia digitata, Bambusa vulgari
extracto de brote de s, extrac de hoja/tallo de Bambusa vulgaris
t, extracto de Angelica Keiskei, raíz de Nelumbo Nucifera
Extracto, extracto de fruta Hibiscus esculentus, Mentha Aq
Extracto de uatica, extracto de Anastatica Hierochuntica, césped
ium Hyaluronate, Bambusa Vulgaris Water, Pentylen
e Glicol, Alcohol behenilo, Poli C10-30 Alquilo Acrila
te, copolímero VP/eicoseno, poligliceril-3 metilglu
costeato cos, decilo glucósido, trometamina, ca
rbomer, cruz de acrilatos/C10-30 de acrilato alquilo
mer, estearoil glutamato sódico, cruce con poliacrilato
polímero-6, etilhexiglicerina, adenosina, xantana G
eh, t-Alcohol butílico, inositol, tocoferol, pantenol,
Ácido Hialurónico Hidrolizado, Tríglia Caprílica/Cáprica
ceriuro, glucósido de glicerilo, isomerato de sacárido, D
Ipropilenglicol, citrato de sodio, ácido cítrico, tremolo
Polisacárido de ella Fuciformis","Como último paso del cuidado de la piel,
Aplica una capa generosa y completa antes del sol 
Exposición y reaplicar regularmente.",TRUE,FALSE,FALSE,5.20,,,21.00,TRUE,,g,,8.18,active
crema-hidratante-aha-pdrn-pink-50-ml,Crema Hidratante AHA PDRN Pink,crema hidratante intensiva con efecto reafirmante,medicube,,Cosmetica e higiene,50 ml,TRUE,Title,Default Title,,,,,,,,3644,50,shopify,3,deny,manual,19.95,,TRUE,TRUE,,,,,8800289474736,https://uayblnybdrhhmumudbea.supabase.co/storage/v1/object/public/productos/medicube%20pdrn%20pink%20hyaluronic%20cream+.webp,1,Crema Hidratante AHA PDRN Pink - medicube,FALSE,Crema Hidratante AHA PDRN Pink,crema hidratante intensiva con efecto reafirmante,,,,FALSE,,,3644,3644,TRUE,FALSE,,"ácido hialurónico, pantenol, ceramidas, niacinamida, péptidos, centella asiatica, betaína, PDRN","Aplica sobre la piel limpia y masajea con movimientos circulares hasta que se absorba. Aplica en el rostro, cuello y escote.",TRUE,FALSE,FALSE,1.40,,,10.00,FALSE,,g,,6.99,active
gominolas-de-creatina-pura,Gominolas de Creatina Pura,"Las Gominolas de Creatina Monohidrato Applied Nutrition ofrecen una forma conveniente y deliciosa de mejorar el rendimiento en tus entrenamientos. Con 3000 mg de creatina monohidrato por porción, estas gominolas están diseñadas para mejorar la fuerza muscular, la potencia y la resistencia. Olvídate de los polvos desordenados y de las batidas complicadas: solo toma algunas gominolas y estarás listo para entrenar.

Estas gominolas son perfectas para quienes buscan una forma fácil, efectiva y agradable de apoyar su rendimiento físico. Además, son aptas para veganos, libres de gluten y están certificadas como Halal, lo que las hace adecuadas para una variedad de necesidades dietéticas.",Applied Nutrition,,Deporte,"Vegano, Sin gluten, Coca Cola, 400g",TRUE,Variante,Coca Cola · 400g,,,,,,,,3668,400,shopify,2,deny,manual,24.95,,TRUE,TRUE,,,,,5056555209707,https://appliednutrition.es/cdn/shop/files/creatine_monohydrate_gummies_cola_blast.webp?v=1773848130,1,Gominolas de Creatina Pura - Applied Nutrition,FALSE,Gominolas de Creatina Pura,"Las Gominolas de Creatina Monohidrato Applied Nutrition ofrecen una forma conveniente y deliciosa de mejorar el rendimiento en tus entrenamientos. Con 3000 mg de creatina monohidrato por porción, estas gominolas están diseñadas para mejorar la fuerza muscular, la potencia y la resistencia. Olvídate de los polvos desord",Los suplementos alimenticios no deben utilizarse como sustituto de una dieta variada y equilibrada y un estilo de vida saludable. Mantener fuera del alcance de los niños. No utilizar si estás embarazada o en periodo de lactancia. Consulta a tu médico antes de usarlo si tienes alguna condición médica o tomas medicamentos regularmente.,"No contiene alérgenos comunes. Fabricado en una instalación que maneja leche, soya, huevos, pescado, gluten y sus derivados.",,FALSE,,2028-04-25,3668,3668,TRUE,TRUE,CREATINE GUMMIES 400 g. Nutritional Information. Serving Size 4 gummies. Servings per bag 20. Per 100 g. Per serving 4 gummies. Creatine monohydrate. 15000 mg. 3000 mg.,"Creatina Monohidrato, Azúcar Granulado, Jarabe de Glucosa, Agua, Pectina de Fruta, Aromatizantes, Recubrimiento (MCT 90%, Cera de Carnauba).","Consume 4 gominolas de creatina al día. No excedas la dosis recomendada.
Este paquete está lleno por peso. Hay aproximadamente 80 gominolas por paquete.",TRUE,FALSE,FALSE,1.40,,Applied Nutrition,10.00,TRUE,https://appliednutrition.es/cdn/shop/files/creatine_monohydrate_gummies_cola_blast.webp?v=1773848130,g,,10.71,active
gominolas-de-creatina-pura,,,,,,,,Variante,Arandanos · 400g,,,,,,,,3670,400,shopify,3,deny,manual,24.95,,TRUE,TRUE,,,,,5056555207376,,,,,,,,,,,,,,,,,,,,,,,,,,,,https://appliednutrition.es/cdn/shop/files/CreatineGummies400g-MillionsBlackcurrant_d76f0193-02ca-4e2e-9733-84d0fe1bcd05.jpg?v=1731935207&width=1100,g,,10.71,active
gominolas-de-creatina-pura,,,,,,,,Variante,Frambuesa Azul · 400 g,,,,,,,,3669,400,shopify,6,deny,manual,24.95,,TRUE,TRUE,,,,,5056555207369,,,,,,,,,,,,,,,,,,,,,,,,,,,,https://appliednutrition.es/cdn/shop/files/CreatineGummies400g-BlueRaspberry_1efaaa1a-0e57-4601-8961-7b4dae58e9ff.jpg?v=1731935207&width=1100,g,,10.71,active
protector-solar-esential-sun-100-ml,Protector Solar Esential Sun,"Frasco de 100 ml con dosificador  
Protector solar con SPF 50 (UVA + UVB) para adultos y niños. Apto para todo tipo de piel. Con certificación ecológica  
SPF 50  
Protector  
Calmante  
Antioxidante",Esential'Arôms,,Cosmetica e higiene,"Bio, 100 ml",TRUE,Title,Default Title,,,,,,,,3677,100,shopify,3,deny,manual,29.95,,TRUE,TRUE,,,,,8413568027433,https://esentialaroms.com/wp-content/uploads/2026/06/Esential_Sun_100ml_01.jpg,1,Protector Solar Esential Sun - Esential'Arôms,FALSE,Protector Solar Esential Sun,"Frasco de 100 ml con dosificador  
Protector solar con SPF 50 (UVA + UVB) para adultos y niños. Apto para todo tipo de piel. Con certificación ecológica  
SPF 50  
Protector  
Calmante  
Antioxidante",La exposición excesiva al sol es un peligro importante para la salud. Mantener los bebés y los niños pequeños fuera de la luz solar directa.,,,TRUE,,,3677,3677,TRUE,FALSE,"Caprylic/capric Triglyceride, Aloe barbadensis Leaf Juice*, Titanium Dioxide, Aqua, Sesamum Indicum Seed Oil*, Coco-caprylate, Propanediol, Aluminum Hydroxide, Polyglyceryl-2 Dipolyhydroxystearate, Stearic Acid, Mica, Zinc Oxide, Polyglyceryl-3 Diisostearate, Glycerin, Bisabolol, Cetearyl Olivate, Tocopherol, Glyceryl Caprylate, Sorbitan Olivate, Silica, Persea Gatrissima oil, Simmondsia chinensis Seed Oil*, Xanthan Gum, Glyceryl Undecylenate, Rubus idaeus Seed Oil*, Sodium Hyaluronate, Centella Asiatica Extract*, Zizyphus jujuba Seed Extract, Phytoecdysteroids, Phytic Acid, Benzyl Alcohol, Potassium Sorbate, Sodium Benzoate, Parfum, Linalyl Acetate, Pogostemon Cablin Oil, Terpineol, Vanillin. *Ingredientes procedentes de la Agricultura Ecológica. El 99,5% del total es de origen natural. El 21,5% del total de los ingredientes procede de la Agricultura Ecológica.",Ácido hialurónico y aloe vera.,"Aplicar el producto antes de la exposición solar repartiendo una cantidad suficiente para cubrir toda la superficie de la piel expuesta al sol. Para mantener la protección, repetir con frecuencia su aplicación, especialmente tras transpirar, bañarse o secarse con una toalla.",TRUE,FALSE,FALSE,1.40,,8413568027433,10.00,FALSE,,g,,13.45,active
d3k2-calcio-gummies-yogur-120-uds,D3K2 + Calcio Gummies,,Aldous,,Suplementos,"Vegano, Yogur, 120 uds",TRUE,Title,Default Title,,,,,,,,3689,,shopify,6,deny,manual,29.95,,TRUE,TRUE,,,,,8437028287083,https://aldousbio.com/cdn/shop/files/vitamina-d3k2-calcio-en-gominolas-6432097.webp?v=1773852019&width=1200,1,D3K2 + Calcio Gummies - Aldous,FALSE,D3K2 + Calcio Gummies,,"Los complementos alimenticios no deben utilizarse como sustitutos de una dieta equilibrada y variada ni de un estilo de vida saludable. Si está tomando medicamentos, es recomendable consultar con el médico. No recomendado para personas en tratamiento con anticoagulantes. No utilizar durante el embarazo o la lactancia. No superar la dosis diaria recomendada. Mantener fuera del alcance de los niños más pequeños. Conservar en un lugar fresco y seco.",,,FALSE,,2028-02-01,3689,3689,TRUE,FALSE,"Vitaminas y minerales: Calcio: 200 mg (25% VRN*). Vitamina D3: 50 µg (1000% VRN*). Vitamina K2: 37,5 µg (50% VRN*).","Sirope de glucosa, azúcar, fosfato tricálcico, agua, gelificante (pectina), acidulante (ácido cítrico), Vitamina D3 (colecalciferol vegano), regulador de acidez (citrato trisódico), aromas naturales, Vitamina K2 (menaquinona), aceite vegetal (coco), antiaglomerante (cera de carnauba).",2 gominolas por dosis diaria.,TRUE,FALSE,FALSE,1.40,,,10.00,TRUE,,,,14.80,active
lentejas-rojas-ecol-gicas-500-g,Lentejas Rojas Ecológicas,"Lentejas rojas ecológicas de alta calidad en formato de 500 gramos, ideales para una alimentación natural y saludable.",Biocop,,Alimentos,"Bio, 500 g",TRUE,Title,Default Title,,,,,,,,3712,500,shopify,3,deny,manual,3.95,,TRUE,TRUE,,,,,8423903037133,https://uayblnybdrhhmumudbea.supabase.co/storage/v1/object/public/productos/lentejas%20rojas%20biocop.webp,1,Lentejas Rojas Ecológicas - Biocop,FALSE,Lentejas Rojas Ecológicas,"Lentejas rojas ecológicas de alta calidad en formato de 500 gramos, ideales para una alimentación natural y saludable.",,,,TRUE,,2027-08-20,3712,3712,TRUE,FALSE,,,,TRUE,FALSE,FALSE,1.40,,,10.00,FALSE,,g,,2.29,active
hidrolato-de-manzanilla-romana-120-ml,Hidrolato de manzanilla Romana,"Frasco de 120 ml con aplicador en spray  
Hidrolato de sumidades floridas de manzanilla romana procedente de la Agricultura Ecológica. Recomendado para calmar y reducir las rojeces cutáneas en todo tipo de piel, especialmente la piel sensible. Utilizado como apósito sobre los párpados, ayuda a reducir la congestión y la fatiga ocular.  
Ayuda a sobrellevar la hipersensibilidad y aporta paz interior.  
Siente los beneficios de los auténticos hidrolatos en tu piel y en tus emociones.  

Refresca  
Hidrata  
Tonifica  
Calma",Esential'Arôms,,Cosmetica e higiene,120 ml,TRUE,Title,Default Title,,,,,,,,3729,120,shopify,4,deny,manual,18.95,,TRUE,TRUE,,,,,8413568008029,https://esentialaroms.com/wp-content/uploads/2026/05/HA_MANZANILLA_ROMANA_120_ml_01-2.jpg,1,Hidrolato de manzanilla Romana - Esential'Arôms,FALSE,Hidrolato de manzanilla Romana,"Frasco de 120 ml con aplicador en spray  
Hidrolato de sumidades floridas de manzanilla romana procedente de la Agricultura Ecológica. Recomendado para calmar y reducir las rojeces cutáneas en todo tipo de piel, especialmente la piel sensible. Utilizado como apósito sobre los párpados, ayuda a reducir la congestión y l",,,,FALSE,,2028-03-01,3729,3729,TRUE,FALSE,"El agua floral o hidrolato es un producto totalmente natural que se obtiene a través de la destilación al vapor de agua de plantas aromáticas. Gracias a este método, contiene las moléculas y fitoactivos de dichas plantas, que le aportan su aroma y sus propiedades únicas para la piel.  
ATENCIÓN A LAS FALSIFICACIONES: se venden mal llamadas aguas florales que no son un producto auténtico. Son solamente agua destilada con aromas, muchas veces artificiales. Si utilizamos estos productos que no son naturales, no vamos a poder beneficiarnos de las propiedades que nos aporta un agua floral auténtica.","Hidrolato de manzanilla romana.  
99,4% origen natural.  
Piel sensible. 
Agua floral de manzanilla romana procedente de la destilación al vapor de agua de las sumidades floridas de la planta fresca.","Vaporizar rostro, cuello y escote después de limpiar la piel, por la mañana y por la noche.",TRUE,FALSE,FALSE,5.20,,Aprolis,21.00,FALSE,,g,,9.48,active
rosa-mosqueta-15-ml,Rosa Mosqueta,"Aceite vegetal obtenido por 1.ª presión en frío de los frutos de recolección silvestre, considerados de máxima calidad. Regenera y nutre las pieles más desvitalizadas, atenúa y difumina las arrugas, previene la aparición de manchas en la piel y es ideal para después de la exposición solar y el tratamiento de las quemaduras. Además, tiene efecto reafirmante y está recomendado para el cuidado intensivo de las arrugas.  

Altamente hidratante y nutritivo  
Regenerador y antioxidante  
Cicatrizante",Esential'Arôms,,Aromaterapia,15 ml,TRUE,Title,Default Title,,,,,,,,3730,15,shopify,4,deny,manual,15.95,,TRUE,TRUE,,,,,8413568006117,https://esentialaroms.com/wp-content/uploads/2026/05/AV_mosqueta_15ml_01-6.jpg,1,Rosa Mosqueta - Esential'Arôms,FALSE,Rosa Mosqueta,"Aceite vegetal obtenido por 1.ª presión en frío de los frutos de recolección silvestre, considerados de máxima calidad. Regenera y nutre las pieles más desvitalizadas, atenúa y difumina las arrugas, previene la aparición de manchas en la piel y es ideal para después de la exposición solar y el tratamiento de las quemad",,,,FALSE,,2028-03-01,3730,3730,TRUE,FALSE,"Rosa Moschata Seed Oil, Tocopherol*. *El tocoferol es vitamina E y es de procedencia natural.",Rosa moschata. Aceite vegetal virgen de primera presión en frío .,"Puede utilizarse en aplicación facial y corporal. Rostro: aplicar unas gotas sobre la piel limpia, mañana y noche. Cuerpo: aplicar especialmente en zonas sensibles, como cuello, escote, pecho y parte interior de brazos y piernas, preferiblemente después de la ducha, con la piel húmeda. Utilizar, también, como loción después de tomar el sol.",TRUE,FALSE,FALSE,5.20,,Aprolis,21.00,FALSE,,g,,8.53,active
coraz-n-f-rmula-60-c-psulas,Corazón Fórmula,"Complemento alimenticio a base de extractos de trébol rojo, ashwagandha, cimicífuga , melatonina, GABA y vitaminas formulado para apoyar a las mujeres durante la etapa de la menopausia, ayuda a lidiar con los síntomas asociados, como los sofocos, sudoración e irritabilidad.",Webotanix,,Suplementos,"Vegano, 60 cápsulas",TRUE,Title,Default Title,,,,,,,,3731,,shopify,6,deny,manual,29.95,,TRUE,TRUE,,,,,8437022223476,https://webotanix.com/wp-content/uploads/2024/06/ficha-producto-corazon-PDA-768x746.jpg,1,Corazón Fórmula - Webotanix,FALSE,Corazón Fórmula,"Complemento alimenticio a base de extractos de trébol rojo, ashwagandha, cimicífuga , melatonina, GABA y vitaminas formulado para apoyar a las mujeres durante la etapa de la menopausia, ayuda a lidiar con los síntomas asociados, como los sofocos, sudoración e irritabilidad.","Los complementos alimenticios no deben utilizarse como sustitutos de una dieta variada, equilibrada y un modo de vida saludable. No superar la dosis diaria recomendada. Mantener fuera del alcance de los niños más pequeños. Conservar en un lugar fresco, seco y protegido de la luz.",No contiene alérgenos de acuerdo con el Reglamento (UE) no 1169/2011.,"La información proporcionada en este producto solo tiene fines informativos. No supone asesoramiento profesional, médico o legal.",FALSE,Tomar de forma constante siguiendo las indicaciones del envase y dentro de una dieta equilibrada.,2028-02-01,3731,3731,TRUE,FALSE,"Ingredientes activos por 1 cápsula: extracto seco de trébol rojo (Trifolium pratense, parte aérea) 200 mg, isoflavonas 40 mg, extracto seco de ashwagandha (Withania somnifera, raíz) 80 mg, witanólidos 4 mg, extracto seco de cimicífuga (Cimicifuga racemosa, rizoma) 70 mg, glucósidos triterpénicos 1,75 mg, GABA (ácido gamma-aminobutírico) 50 mg, melatonina 1,9 mg, vitamina B6 en forma de hidroclorato de piridoxina 2,8 mg (200% VRN), vitamina B12 en forma de cianocobalamina 5 μg (200% VRN) y vitamina D3 en forma de colecalciferol 15 μg (300% VRN). VRN: Valor de Referencia de Nutrientes según el Reglamento (UE) 1169/2011.","Extracto seco de Berberis (Berberis aristata – raíz) 97% en berberina, extracto seco de alcachofa (Cynara scolymus – hoja) 10% en cinarina, levadura de arroz rojo (Monascus purpureus) 5% en monacolina K, agente de carga (celulosa microcristalina), policosanoles de caña de azúcar (Saccharum officinarum L), antiaglomerantes (Sales magnésicas de ácidos grasos y dióxido de silicio), coenzima Q10 (ubiquinona), vitamina B1 (Hidrocloruro de tiamina).",Tomar una cápsula al día un poco antes de irse a dormir.,TRUE,FALSE,FALSE,1.40,"Su comercialización es legal en toda Europa. Se certifica que el producto es No GMO, ya que no contiene ingredientes procedentes de organismos modificados genéticamente y no está sometido al etiquetado de OMG del Reglamento (UE) 1829/2003. También es no ionizado, ya que no se usa radiación ionizante en ningún punto del proceso de fabricación conforme a la Directiva 1999/2/CE. Está libre de cualquier riesgo de BSE/TSE según el Reglamento (CE) 999/2001 y está fabricado en la Unión Europea.",Webotanix,10.00,TRUE,,,,18.32,active
cannagym-menopausia-noche-45-c-psulas,Cannagym  Menopausia Noche,"Complemento alimenticio a base de extractos de trébol rojo, ashwagandha, cimicífuga , melatonina, GABA y vitaminas formulado para apoyar a las mujeres durante la etapa de la menopausia, ayuda a lidiar con los síntomas asociados, como los sofocos, sudoración e irritabilidad.",Webotanix,,Suplementos,45 cápsulas,TRUE,Title,Default Title,,,,,,,,3732,,shopify,4,deny,manual,24.95,,TRUE,TRUE,,,,,8437022223520,https://webotanix.com/wp-content/uploads/2025/06/cannagyn-noche-webotanix-450x450.jpg,1,Cannagym  Menopausia Noche - Webotanix,FALSE,Cannagym  Menopausia Noche,"Complemento alimenticio a base de extractos de trébol rojo, ashwagandha, cimicífuga , melatonina, GABA y vitaminas formulado para apoyar a las mujeres durante la etapa de la menopausia, ayuda a lidiar con los síntomas asociados, como los sofocos, sudoración e irritabilidad.","Los complementos alimenticios no deben utilizarse como sustitutos de una dieta variada, equilibrada y un modo de vida saludable. No superar la dosis diaria recomendada. Mantener fuera del alcance de los niños más pequeños. Conservar en un lugar fresco, seco y protegido de la luz.",No contiene alérgenos de acuerdo con el Reglamento (UE) no 1169/2011.,"Suplemento alimenticio. No sustituye una dieta equilibrada. Consultar con un profesional de la salud antes de su uso en caso de embarazo, lactancia o tratamiento médico.",FALSE,Utilizar a diario. Adoptar un estilo de vida y una dieta saludables.,2028-10-01,3732,3732,TRUE,FALSE,"Ingredientes activos por 1 cápsula: extracto seco de trébol rojo (Trifolium pratense, parte aérea) 200 mg, isoflavonas 40 mg, extracto seco de ashwagandha (Withania somnifera, raíz) 80 mg, witanólidos 4 mg, extracto seco de cimicífuga (Cimicifuga racemosa, rizoma) 70 mg, glucósidos triterpénicos 1,75 mg, GABA (ácido gamma-aminobutírico) 50 mg, melatonina 1,9 mg, vitamina B6 en forma de hidroclorato de piridoxina 2,8 mg (200% VRN), vitamina B12 en forma de cianocobalamina 5 μg (200% VRN) y vitamina D3 en forma de colecalciferol 15 μg (300% VRN).","Extracto seco de Trébol rojo titulado al 20% en isoflavonas (Trifolium pratense L.- parte aérea), proteína de cáñamo (Cannabis sativa – semilla), extracto seco de Ashawagandha titulado al 5% en whitanólidos (Whithania somnífera – raiz), extracto seco de Cimífuga titulado al 2,5% en glucósidos triterpénicos (Cimicifuga racemosa – rizoma), GABA (ácido gamma-aminobutírico), vitamina D3 microencapsulada (colecalciferol), melatonina, vitamina B6 (piridoxina HCl), vitamina B12 (cianocobalamina).

Cápsula vegetal: agente de recubrimiento(hidroxipropilmetilcelulosa).",Tomar una cápsula al día un poco antes de irse a dormir.,TRUE,FALSE,FALSE,1.40,"Su comercialización es legal en toda Europa. Se certifica que el producto es No GMO, ya que no contiene ingredientes procedentes de organismos modificados genéticamente y no está sometido al etiquetado de OMG del Reglamento (UE) 1829/2003. También es no ionizado, ya que no se usa radiación ionizante en ningún punto del proceso de fabricación conforme a la Directiva 1999/2/CE. Está libre de cualquier riesgo de BSE/TSE según el Reglamento (CE) 999/2001 y está fabricado en la Unión Europea.",Webotanix,10.00,FALSE,,,,15.34,active
berberina-60-c-psulas,Berberina,"Berberina es un complemento alimenticio formulado con Berbevis® (berberina), Gymnema sylvestre, piperina y cromo formulado para acompañar el metabolismo normal de los macronutrientes y contribuir al mantenimiento de niveles normales de glucosa en sangre, dentro del marco de una dieta equilibrada y un estilo de vida saludable.",Webotanix,,Suplementos,"Vegano, Sin gluten, Sin lactosa, 60 cápsulas",TRUE,Title,Default Title,,,,,,,,3733,,shopify,5,deny,manual,34.95,,TRUE,TRUE,,,,,8437022223636,https://webotanix.com/wp-content/uploads/2025/12/berberina-berbevis-webotanix-ficha-producto.png,1,Berberina - Webotanix,FALSE,Berberina,"Berberina es un complemento alimenticio formulado con Berbevis® (berberina), Gymnema sylvestre, piperina y cromo formulado para acompañar el metabolismo normal de los macronutrientes y contribuir al mantenimiento de niveles normales de glucosa en sangre, dentro del marco de una dieta equilibrada y un estilo de vida sal","Los complementos alimenticios no deben utilizarse como sustitutos de una dieta variada, equilibrada y un modo de vida saludable. No superar la dosis diaria recomendada. Mantener fuera del alcance de los niños más pequeños. Conservar en un lugar fresco, seco y protegido de la luz.",No contiene alérgenos indicados en el anexo II del Reglamento (UE) 1169/2011.,Este producto es un complemento alimenticio y no debe usarse como sustituto de una dieta equilibrada.,FALSE,Tomar de forma constante siguiendo las indicaciones del envase y dentro de una dieta equilibrada.,2029-03-01,3733,3733,TRUE,TRUE,"Ingredientes activos por 2 cápsulas: Berbevis® 550 mg, berberina 165 mg, extracto de Gymnema 280 mg, ácidos gimnémicos 210 mg, extracto de pimienta negra 5,25 mg, piperina 5 mg y cromo 100 µg (250% VRN).","Berbevis® [Berberina en matriz de fosfolípidos: Extracto seco de Agracejo (Berberis aristata DC, raíz, 30% berberina), aislado de proteína de guisante, lecitina de Girasol (fosfolípidos), extracto de semilla de uva)], Extracto seco de Gymnema (Gymnema sylvestre, hojas, 75% ácido Gimnémico) cápsula [agente de recubrimiento (hidroxipropilmetilcelulosa)], antiaglomerantes (estearato magnésico y dióxido de silicio), Extracto seco de Pimienta negra (Piper nigrum L., fruto, 95% piperina) y picolinato de cromo.","Tomar dos cápsulas al día, preferiblemente junto con las comidas principales, 30 minutos antes.",TRUE,FALSE,TRUE,1.40,"Se certifica que el producto Berberina GLP-1 Booster es No GMO, ya que no contiene ingredientes procedentes de organismos modificados genéticamente y no está sometido al etiquetado de OMG de los Reglamentos (UE) 1829/2003 y 1830/2003. Está fabricado en la Unión Europea, es no ionizado porque no se usa radiación ionizante en ningún punto del proceso de fabricación conforme a las Directivas 1999/2/CE y 1999/3/CE, y está libre de cualquier riesgo de BSE/TSE según el Reglamento (CE) 999/2001.",Webotanix,10.00,TRUE,,,,23.15,active
nad-300-mg-60-c-psulas,NAD+ 300 mg,"Suplemento alimenticio con 300 mg de NAD+ por cápsula, en envase de 60 cápsulas. Apoya el bienestar general con un aporte específico de NAD+ para complementar tu dieta.",Webotanix,,Suplementos,"Vegano, Sin gluten, Sin lactosa, 60 cápsulas",TRUE,Title,Default Title,,,,,,,,3734,,shopify,8,deny,manual,34.95,,TRUE,TRUE,,,,,8437022223568,https://webotanix.com/wp-content/uploads/2025/05/ficha-producto-nad-formnula-PDA.jpg,1,NAD+ 300 mg - Webotanix,FALSE,NAD+ 300 mg,"Suplemento alimenticio con 300 mg de NAD+ por cápsula, en envase de 60 cápsulas. Apoya el bienestar general con un aporte específico de NAD+ para complementar tu dieta.","No superar la dosis diaria recomendada. Mantener fuera del alcance de los niños. Consultar con un médico antes de usar si está embarazada, lactando o bajo medicación.",No contiene alérgenos citados en el REGLAMENTO (UE) No 1169/2011.,"Este producto no está destinado a diagnosticar, tratar, curar ni prevenir ninguna enfermedad.",FALSE,Tomar 1 cápsula al día,2029-02-01,3734,3734,TRUE,TRUE,"Ingredientes activos por 1 cápsula: cloruro de nicotinamida ribósido 300 mg, trans-resveratrol 100 mg, quercetina 50 mg, extracto seco de pimienta negra 4,21 mg, piperina 4 mg, ácido pantoténico 6 mg (100% VRN) y vitamina B2 2,8 mg (200% VRN).","Cloruro de nicotinamida ribósido, Extracto seco de raíz de Polygonum cuspidatum (98% resveratrol), Extracto seco de brotes de flor de Sophora japonica (95% quercetina), antiaglomerantes (sales magnésicas del ácido esteárico y dióxido de silicio), vitamina B5 (Pantotenato cálcico), Agente de carga (celulosa microcristalina), Extracto de pimienta negra (Piper Nigrum L., fruto, 95% piperina), y vitamina B2 (Riboflavina).
Cápsula vegetal: agente de recubrimiento (hidroxipropilmetilcelulosa).","Tomar 1 cápsula al día, preferiblemente por la mañana junto con el desayuno.",TRUE,FALSE,TRUE,1.40,"Complemento alimenticio. Su comercialización es legal en toda Europa. Se certifica que el producto NAD+ Resveratrol es No GMO, ya que no contiene ingredientes procedentes de organismos modificados genéticamente y no está sometido al etiquetado de OMG de los Reglamentos (UE) 1829/2003 y 1830/2003. También es no ionizado, ya que no se usa radiación ionizante en ningún punto del proceso de fabricación, conforme a las Directivas 1999/2/CE y 1999/3/CE. Está libre de cualquier riesgo de BSE/TSE según el Reglamento (CE) 999/2001 y está fabricado en la Unión Europea.",Webotanix,10.00,TRUE,,,,27.24,active
az-car-de-coco-250-g,Azúcar de Coco,"Azúcar de coco 100% natural, ideal como alternativa dulce y saludable para tus recetas y bebidas. Presentado en formato de 250 gramos.",Too Bio,,Alimentos,"Bio, 250 g",TRUE,Title,Default Title,,,,,,,,3735,250,shopify,2,deny,manual,3.95,,TRUE,TRUE,,,,,8436613120019,https://www.ecoplaza.es/19426-large_default/superalimento-azucar-coco-sin-gluten-too-bio-250-gr-bio.jpg,1,Azúcar de Coco - Too Bio,FALSE,Azúcar de Coco,"Azúcar de coco 100% natural, ideal como alternativa dulce y saludable para tus recetas y bebidas. Presentado en formato de 250 gramos.",,,,TRUE,,2028-11-01,3735,3735,TRUE,FALSE,"Endulzante integral y mucho más nutritivo que el azúcar blanco.
-Ingredientes: Azúcar de coco*
(*) Procedentes de agricultura ecológica",Azúcar de coco 100%,,TRUE,FALSE,FALSE,1.40,,,10.00,FALSE,,g,,2.69,active
cayena-en-polvo-molida-35-g,Cayena en polvo Molida,"Cayena molida ecológica Artemis, especia picante ideal para dar sabor a salsas y platos variados.",Artemis Bio,,Alimentos,"Bio, Vegano, Sin gluten, Sin lactosa, 35 g",TRUE,Title,Default Title,,,,,,,,3736,35,shopify,2,deny,manual,3.45,,TRUE,TRUE,,,,,8428201320284,https://www.ecoplaza.es/26825-large_default/cayena-molida-especias-artemis-35-gr-bio.jpg,1,Cayena en polvo Molida - Artemis Bio,FALSE,Cayena en polvo Molida,"Cayena molida ecológica Artemis, especia picante ideal para dar sabor a salsas y platos variados.",Revisar ingredientes y alérgenos en la etiqueta antes de consumir.,No especificado por el fabricante. Revisar siempre la etiqueta antes de consumir.,,TRUE,Usar como parte de una alimentación variada y equilibrada.,2027-11-15,3736,3736,TRUE,TRUE,,"Ingredientes: Cayela Molida*.
*=de agricultura ecológica.",Consumir según preferencia o según las indicaciones del envase.,TRUE,FALSE,TRUE,1.40,"Producto alimentario. Revisar siempre el etiquetado del fabricante, ingredientes, alérgenos, lote, fecha de consumo preferente y condiciones de conservación.",ecoplaza,10.00,TRUE,,g,,2.20,active
cayena-frutos-15-g,Cayena Frutos,"Cayena en polvo de origen orgánico, ideal para aportar sabor y un toque picante natural a tus comidas.",Artemis Bio,,Alimentos,"Bio, Vegano, Sin gluten, Sin lactosa, 15 g",TRUE,Title,Default Title,,,,,,,,3737,15,shopify,2,deny,manual,2.95,,TRUE,TRUE,,,,,8428201321342,https://www.ecoplaza.es/26824-large_default/cayena-fruto-especias-artemis-20-gr-bio.jpg,1,Cayena Frutos - Artemis Bio,FALSE,Cayena Frutos,"Cayena en polvo de origen orgánico, ideal para aportar sabor y un toque picante natural a tus comidas.",,,,TRUE,"Ideal para sazonar guisos, salsas y platos que requieren un toque picante.",2027-12-15,3737,3737,TRUE,TRUE,,"Ingredientes: Cayena Fruto*.
*=de agricultura ecológica.",Agregar al gusto en comidas para aportar picante y sabor.,TRUE,FALSE,TRUE,1.40,,ecoplaza,10.00,TRUE,,g,,1.75,active
quinoa-real-500-g,Quinoa Real,"Quinoa Real en paquete de 500 gramos, ideal para complementar tus comidas con un alimento nutritivo y natural.",Biocop,,Alimentos,"Bio, Vegano, Sin gluten, Sin lactosa, 500 g",TRUE,Title,Default Title,,,,,,,,3738,500,shopify,2,deny,manual,5.95,,TRUE,TRUE,,,,,8411058000928,https://uayblnybdrhhmumudbea.supabase.co/storage/v1/object/public/productos/quinoa%20real%20biocop.jpg,1,Quinoa Real - Biocop,FALSE,Quinoa Real,"Quinoa Real en paquete de 500 gramos, ideal para complementar tus comidas con un alimento nutritivo y natural.",,"trazas: Altramuces y prod. a base de altramuces, Cacahuetes, Frutos con cáscara, Gluten, Sésamo y prod. a base de sésamo, Soja y derivados",,TRUE,Conservar en lugar fresco y seco.,2027-03-20,3738,3738,TRUE,TRUE,"Análisis nutricional por 100g de producto Valor energético:1671 kJ/343 kcal Fibra alimentaria:8,80 g Proteínas:15 g Sal:0,01 g Grasas:7,80 g Hidratos de carbono:64 g","Quinua*.
*De agricultura biológica.",Limpiar con agua fría. Cocer tapado y sin remover 20 minutos a fuego lento. 2 partes de agua por 1 de quinua. Retirar y reposar 5 minutos.,TRUE,FALSE,TRUE,1.40,,ecoplaza,10.00,TRUE,,g,,2.79,active
lentejas-pardina-extra-500-g,Lentejas Pardina Extra,"Lenteja pardina cultivada en Guadalajara. De tamaño pequeño y característico color pardo. Textura suave y sabor fino. No necesitan tiempo de remojo para su posterior cocción. Las lentejas tienen un alto contenido en proteínas, vitaminas (A, B1, B2, B3, B6, C y E) y minerales como magnesio, zinc, selenio potasio, fósforo, calcio, hierro. Muy rica en fibra.",Biocop,,Alimentos,"Bio, Vegano, Sin gluten, Sin lactosa, 500 g",TRUE,Title,Default Title,,,,,,,,3739,500,shopify,6,deny,manual,3.95,,TRUE,TRUE,,,,,8423903033128,https://uayblnybdrhhmumudbea.supabase.co/storage/v1/object/public/productos/LENTEJAPARDINABIOCOP500G.jpg,1,Lentejas Pardina Extra - Biocop,FALSE,Lentejas Pardina Extra,"Lenteja pardina cultivada en Guadalajara. De tamaño pequeño y característico color pardo. Textura suave y sabor fino. No necesitan tiempo de remojo para su posterior cocción. Las lentejas tienen un alto contenido en proteínas, vitaminas (A, B1, B2, B3, B6, C y E) y minerales como magnesio, zinc, selenio potasio, fósfor",,Alérgenos: Trazas : Altramuces y prod. a base de altramuces Trazas : Cacahuetes Trazas : Frutos secos con cáscara Trazas : Gluten Trazas : Sésamo y prod. a base de sésamo Trazas : Soja y derivados,,TRUE,-Conservación: Conservar en lugar fresco y seco.,2027-08-20,3739,3739,TRUE,TRUE,"Análisis nutricional por 100g de producto

Valor energético: 1255 kJ/299 kcal
Grasas: 0,1 g
Acidos grasos saturados: 0 g
Hidratos de carbono: 49,68 g
Azúcares: 5,63 g
Fibra alimentaria: 12 g
Proteínas: 23,65 g
Sal: 0,02 g","-Ingredientes: Lentejas pardina*. 
*De agricultura biológica.",-Uso: Las lentejas pardina no necesitan remojo previo. Poner a hervir con agua fría. El hervor durante la cocción debe ser suave y continuado. Tiempo de cocción 35-40 minutos.,TRUE,FALSE,TRUE,1.40,,Biocop,10.00,TRUE,,g,,2.75,active
sirope-de-agave-360-g,Sirope de Agave,,El Granero,,Alimentos,"Bio, Vegano, 360 g",TRUE,Title,Default Title,,,,,,,,3741,360,shopify,1,deny,manual,4.95,,TRUE,TRUE,,,,,8422584019674,https://elgranero.com/wp-content/uploads/2015/08/011957.png,1,Sirope de Agave - El Granero,FALSE,Sirope de Agave,,,,,TRUE,,2028-01-31,3741,3741,TRUE,FALSE,"Información nutricional por 100 g: Grasas: 0 g, de las cuales saturadas: 0 g. Hidratos de carbono: 76 g, de los cuales azúcares: 76 g. Fibra: 2,3 g. Proteínas: 0 g.",Ingredientes: sirope de agave* (Agave azul tequilana weber). Puede contener soja.,,TRUE,FALSE,FALSE,1.40,,,10.00,TRUE,,g,,2.94,active
t-de-matcha-dubai-75-g,Té de Matcha Dubai,,Artemis Bio,,Alimentos,"Bio, Vegano, Sin gluten, 75 g",TRUE,Title,Default Title,,,,,,,,3742,75,shopify,4,deny,manual,6.95,,TRUE,TRUE,,,,,8428201321540,https://www.ecoplaza.es/30026-large_default/te-matcha-dubai-artemis-75-gr-eco.jpg,1,Té de Matcha Dubai - Artemis Bio,FALSE,Té de Matcha Dubai,,,,,TRUE,,,3742,3742,TRUE,TRUE,,"Ingredientes: Cáscara de cacao*, Algarroba tostada*, Te matcha*(20%) y Pistacho*.

*Procedente de la agricultura ecológica.",,TRUE,FALSE,FALSE,1.40,,ecoplaza,10.00,TRUE,,g,,4.10,active
t-de-matcha-roja-75-g,Té de Matcha Roja,,Artemis Bio,,Alimentos,"Bio, Vegano, 75 g",TRUE,Title,Default Title,,,,,,,,3743,75,shopify,2,deny,manual,6.95,,TRUE,TRUE,,,,,8428201321533,https://www.ecoplaza.es/30027-large_default/te-matcha-red-artemis-75-gr-eco.jpg,1,Té de Matcha Roja - Artemis Bio,FALSE,Té de Matcha Roja,,,,,TRUE,,2028-04-15,3743,3743,TRUE,FALSE,,"Ingredientes: Remolacha*, Té Matcha* (30%) e Hibisco*.

*Procedente de la agricultura ecológica.",,TRUE,FALSE,FALSE,1.40,,ecoplaza,10.00,TRUE,,g,,4.05,active
alga-kelp-en-polvo-100-g,Alga Kelp en Polvo,"Las algas marinas Hebridean Ascophyllum de SaludViva, se cosechan salvajemente de forma sostenible en el mar prístino de las Hebridas en Escocia. Esta alga marina se seca a baja temperatura y luego es molida en gránulos finos utilizando unos procesos y tecnologías patentados de Seaweed & Co.",SaludViva,,Alimentos,"Bio, 100 g",TRUE,Title,Default Title,,,,,,,,3744,100,shopify,1,deny,manual,9.95,,TRUE,TRUE,,,,,021930000007,https://uayblnybdrhhmumudbea.supabase.co/storage/v1/object/public/productos/alga%20kelp%20salvaje%20saludviva.jpg,1,Alga Kelp en Polvo - SaludViva,FALSE,Alga Kelp en Polvo,"Las algas marinas Hebridean Ascophyllum de SaludViva, se cosechan salvajemente de forma sostenible en el mar prístino de las Hebridas en Escocia. Esta alga marina se seca a baja temperatura y luego es molida en gránulos finos utilizando unos procesos y tecnologías patentados de Seaweed & Co.",,Puede contener trazas de frutos de cáscara y sésamo.,,TRUE,,2029-01-01,3744,3744,TRUE,FALSE,"Información nutricional por 100 g: Valor energético: 1024 kJ / 244 kcal. Grasas: 2,9 g, de las cuales saturadas: 0,6 g. Hidratos de carbono: 8,7 g, de los cuales azúcares: 1,2 g. Fibra: 49 g. Proteínas: 5,7 g. Sal: 6,8 g. Vitamina E: 9,4 mg (78% VRN*). Ácido fólico (Vitamina B9): 90 µg (45% VRN*). Calcio: 1400 mg (175% VRN*). Hierro: 77,5 mg (557% VRN*). Magnesio: 710 mg (189% VRN*). Potasio: 2500 mg (125% VRN*). Yodo: 76,9 mg (51266% VRN*).

Nota: el valor de Yodo: 76,9 mg (51266% VRN) parece muy probablemente un error de la etiqueta. Lo habitual sería 76,9 µg, que equivaldría aproximadamente al 51% del VRN. Conviene comprobar el envase original.","Polvo de algas kelp salvaje*.
*Procedente de agricultura ecológica",,TRUE,FALSE,FALSE,1.40,,SaludViva,10.00,FALSE,,g,,4.35,active
lentejas-rojas-a-mitades-500-g,Lentejas Rojas a Mitades,"Las lentejas rojas son lentejas que se cocinan rápidamente y resultan en un caldo cremoso y sustancioso. Aunque se las conoce como lentejas rojas secas, en realidad son anaranjadas, también son conocidas como lentejas egipcias.",SaludViva,,Alimentos,"Bio, Vegano, 500 g",TRUE,Title,Default Title,,,,,,,,3745,500,shopify,3,deny,manual,4.95,,TRUE,TRUE,,,,,029370000007,https://uayblnybdrhhmumudbea.supabase.co/storage/v1/object/public/productos/lentejas%20rojas%20a%20mitades%20saludvivdas.jpg,1,Lentejas Rojas a Mitades - SaludViva,FALSE,Lentejas Rojas a Mitades,"Las lentejas rojas son lentejas que se cocinan rápidamente y resultan en un caldo cremoso y sustancioso. Aunque se las conoce como lentejas rojas secas, en realidad son anaranjadas, también son conocidas como lentejas egipcias.",,"Puede contener trazas de frutos de cáscara, gluten y sésamo.",,TRUE,,2027-07-01,3745,3745,TRUE,FALSE,"Información nutricional por 100 g: Valor energético: 1515 kJ / 362 kcal. Grasas: 2,1 g, de las cuales saturadas: 0 g. Hidratos de carbono: 60 g, de los cuales azúcares: 1,5 g. Fibra alimentaria: 11 g. Proteínas: 26 g. Sal: 0 g.","Lentejas rojas*
*Procedente de agricultura ecológica.","1) Lavar las lentejas secas con un colador debajo del grifo y enjuagarlas bien.
2) Verter las lentejas rojas lavadas en una cacerola para cocinarlas y poner agua (2,5 o 3 tazas por cada taza de lentejas).
3) Hervir el agua, bajando el fuego cuando rompa hervir y cocinarlas a fuego lento, revolverlas de vez en cuando para que no se peguen.
4) Sacar las lentejas del fuego. Las lentejas rojas estarán cocinadas en aproximadamente 25 minutos. La manera de saber que están listas es cuando se convierten en un puré espeso.
5) Sazonar a gusto.
6) Servir en un plato que combine con lentejas rojas. Se suelen usar para complementar otros platos, pero se puede comer solo las lentejas.",TRUE,FALSE,FALSE,1.40,,SaludViva,10.00,TRUE,,g,,3.08,active
mermelada-de-mango-250-g,Mermelada de Mango,"Mermelada de calidad extra de mango. Producto tradicional a base principalmente de mango y concentrado de zumo de uva.  Sin Azúcar. Presenta una textura tipo puré bastante consistente.. Envase de vidrio transparente, cierre a rosca de tapa metálica con botón de seguridad y libre de Bisfenol A (BPA).
Ingrendientes:
MANGO BIO > 60%
Concentrado de zumo de uva BIO
Pectina de frutas
Zumo de limón BIO
Detalle de productos
TOO BIO
Referencia 12823",Too Bio,,Alimentos,"Bio, Vegano, Sin gluten, 250 g",TRUE,Title,Default Title,,,,,,,,3746,250,shopify,6,deny,manual,4.95,,TRUE,TRUE,,,,,8436613120415,https://www.ecoplaza.es/29458-large_default/mermelada-mango-too-bio-255-gr-bio.jpg,1,Mermelada de Mango - Too Bio,FALSE,Mermelada de Mango,"Mermelada de calidad extra de mango. Producto tradicional a base principalmente de mango y concentrado de zumo de uva.  Sin Azúcar. Presenta una textura tipo puré bastante consistente.. Envase de vidrio transparente, cierre a rosca de tapa metálica con botón de seguridad y libre de Bisfenol A (BPA).
Ingrendientes:
MANG",,,,TRUE,,,3746,3746,TRUE,TRUE,,,,TRUE,FALSE,FALSE,1.40,,ecoplaza,10.00,TRUE,,g,,3.20,active
levadura-de-arroz-rojo-23-4-g,Levadura de Arroz Rojo,"Red Yeast Rice Complex es un suplemento formulado con Monacolina K, Coenzima Q10 y Niacina.
PROPIEDADES
SISTEMA NERVIOSO
La Niacina, también presente en la fórmula, contribuye al funcionamiento normal del sistema nervioso.

CANSANCIO Y FATIGA
La Niacina también ayuda a disminuir el cansancio y la fatiga.

*Claims avalados por la Autoridad Europea de Seguridad Alimentaria (EFSA).",NUTRALIE,,Suplementos,"Bio, Vegano, 23,4 g",TRUE,Title,Default Title,,,,,,,,3748,23.4,shopify,4,deny,manual,19.95,,TRUE,TRUE,,,,,8436590431412,https://www.nutralie.com/wp-content/uploads/2020/12/001_Nutralie_Web_Web_RedisenoWeb_M_ImagenesWeb_RedYeast.jpg,1,Levadura de Arroz Rojo - NUTRALIE,FALSE,Levadura de Arroz Rojo,"Red Yeast Rice Complex es un suplemento formulado con Monacolina K, Coenzima Q10 y Niacina.
PROPIEDADES
SISTEMA NERVIOSO
La Niacina, también presente en la fórmula, contribuye al funcionamiento normal del sistema nervioso.

CANSANCIO Y FATIGA
La Niacina también ayuda a disminuir el cansancio y la fatiga.

*Claims avala","Los complementos alimenticios no deben utilizarse como sustituto de una dieta variada y equilibrada y un modo de vida saludable. No superar la dosis diaria recomendada. Mantener fuera del alcance de los niños más pequeños. Complemento alimenticio destinado exclusivamente a personas que desean reducir su nivel de colesterol en sangre. Evitar un consumo superior a 3g/día de esteroles o estanoles vegetales añadidos. Consulte a su médico en caso de estar bajo tratamiento para reducir la colesterolemia. Este complemento alimenticio debe utilizarse como parte de una dieta equilibrada y variada que incluya el consumo regular de fruta y verdura para ayudar a mantener los niveles de carotenoides. No debe consumirse la cantidad diaria de 3 mg de monacolinas procedentes del arroz fermentado con levadura roja o más.No debe ser consumido por mujeres embarazadas o en período de lactancia, niños y adolescentes menores de 18 años ni adultos mayores de 70 años. Si experimenta algún problema de salud, consulte a su médico sobre el consumo de este producto. No debe consumirse junto con medicación para reducir el colesterol. No debe consumirse si ya se consumen otros productos que contienen arroz fermentado con levadura roja. No recomendado en personas bajo tratamiento anticoagulante ni en mujeres que tengan antecedentes personales de cáncer de mama. Conservar el envase bien cerrado en un lugar fresco y seco.",,,TRUE,,2027-05-01,3748,3748,TRUE,FALSE,"Cantidad de nutrientes por dosis diaria recomendada (1 cápsula): Extracto de Salvia: 150 mg, del cual ácido rosmarínico: 3,75 mg. Esteroles vegetales: 100 mg. Extracto de ajo: 100 mg, del cual aliína: 2 mg. Vitamina C: 80 mg (100% VRN*). Arroz de levadura roja: 50,87 mg, del cual monacolinas totales: 2,9 mg y monacolina K: 2,54 mg. Extracto de Astrágalo: 50 mg, del cual polisacáridos: 8 mg. Coenzima Q10: 12 mg. Vitamina E: 30 mg. Extracto de caña de azúcar: 20 mg, del cual policosanol: 19,6 mg y octacosanol: 2 mg. Niacina: 16 mg (100% VRN*).","extracto seco de hojas y tallos de salvia (Salvia officinalis L.), cápsula vegetal: agente de recubrimiento (hidroxipropilmetilcelulosa), esteroles vegetales (de aceite de soja, 12820,5 mg/100 g), extracto seco de bulbo de  ajo (Allium sativum L.), ácido L-ascórbico (vitamina C), arroz fermentado con  levadura roja (Monascus purpureus), agente de carga (celulosa microcristalina), coenzima Q10 (ubiquinona), acetato de DL-alfa-tocoferilo (vitamina E), extracto seco de savia de caña de azúcar (Saccharum officinarum L.), D-pantotenato cálcico (ácido pantoténico-vitamina B5), nicotinamida (niacina - vitamina B3), antiaglomerantes (sales magnésicas de ácidos grasos, dióxido de silicio)",Tomar 1 cápsula al día con un vaso de agua.,TRUE,FALSE,FALSE,1.40,,NUTRALIE,10.00,TRUE,,g,,8.72,active
vinagre-bals-mico-250-ml,Vinagre Balsámico,,NATUR GREEN,,Alimentos,"Bio, Vegano, Sin gluten, 250 ml",TRUE,Title,Default Title,,,,,,,,3749,250,shopify,1,deny,manual,4.95,,TRUE,TRUE,,,,,8436542192699,https://naturgreen.es/wp-content/uploads/2024/08/07.-Vinagre-Balsamico-Bio-250ml.webp,1,Vinagre Balsámico - NATUR GREEN,FALSE,Vinagre Balsámico,,,,,TRUE,,2031-04-26,3749,3749,TRUE,TRUE,,"Vinagre de vino y mosto concentrado* (100%)
*Ingredientes procedentes de la Agricultura Ecológica
«Este producto es elaborado en la misma línea de envasado que aceites de frutos secos, sésamo y soja.Contiene sulfitos»",,TRUE,FALSE,FALSE,1.40,,feliubadalo,10.00,TRUE,,g,,2.92,active
aloe-vera-con-pulpa-1-l,Aloe Vera con Pulpa,,Too Bio,,Alimentos,1 L,TRUE,Title,Default Title,,,,,,,,3750,,shopify,4,deny,manual,17.95,,TRUE,TRUE,,,,,8437023939710,https://uayblnybdrhhmumudbea.supabase.co/storage/v1/object/public/productos/aloe%20vera%20pulpo%201l%20too%20bio.webp,1,Aloe Vera con Pulpa - Too Bio,FALSE,Aloe Vera con Pulpa,,,,,FALSE,,,3750,3750,TRUE,FALSE,,,,TRUE,FALSE,FALSE,1.40,,Too Bio,10.00,FALSE,,,,10.28,active
nitrox-therapy-bebida-en-polvo-melocoton-340-g,Nitrox Therapy bebida en polvo,"Bebida en polvo con cafeína, destinada al consumo antes del entrenamiento, que combina varios ingredientes activos en una sola fórmula. Su composición incluye estimulantes, aminoácidos, vitaminas y minerales. Está pensado para quienes, antes de entrenar, prefieren elegir un preparado complejo rico en cafeína.",BioTech USA,,Deporte,"Vegano, Sin lactosa, Melocoton, 340 g",TRUE,Title,Default Title,,,,,,,,3752,340,shopify,3,deny,manual,26.95,,TRUE,TRUE,,,,,5999076253524,https://shop.biotechusa.es/cdn/shop/files/NitroxTherapy_340g_BlueGrape_1l_600x600_dc75631f-bbb5-48e9-bef1-5b00073d4e54.png?height=1080&v=1762777292,1,Nitrox Therapy bebida en polvo - BioTech USA,FALSE,Nitrox Therapy bebida en polvo,"Bebida en polvo con cafeína, destinada al consumo antes del entrenamiento, que combina varios ingredientes activos en una sola fórmula. Su composición incluye estimulantes, aminoácidos, vitaminas y minerales. Está pensado para quienes, antes de entrenar, prefieren elegir un preparado complejo rico en cafeína.","ADVERTENCIAS: Mantener fuera del alcance de los niños más pequeños. Los complementos alimenticios no deben utilizarse como sustitutos de una dieta equilibrada y variada y por un modo de vida sano. Contenido elevado de cafeína [200 mg/dosis diaria (80 mg/100 ml)]. No recomendado para niños menores de 18 años, ni mujeres embarazadas o en período de lactancia. No recomendado para personas que padecen enfermedades cardiovasculares, hipertensión o sensibilidad a la cafeína. No recomendado para personas con una enfermedad subyacente conocida o que toman medicamentos. No superar la dosis diaria expresamente recomendada.",,,FALSE,,2029-01-29,3752,3752,TRUE,FALSE,"Cantidad de nutrientes por dosis diaria (17 g): Clorhidrato de L-arginina: 1496 mg, del cual L-arginina: 1237 mg. Beta alanina: 1400 mg. L-Citrulina: 1000 mg. Cafeína anhidra: 200 mg. BCAAs: 136 mg, de los cuales L-Leucina: 68 mg, L-Isoleucina: 34 mg y L-Valina: 34 mg. Citrato: 219 mg. Fumarato: 4,5 mg. Dextrosa: 8,0 mg. Niacina (ácido nicotínico): 8,0 mg (50% VRN*). Vitamina B6: 0,21 mg (15% VRN*). Magnesio: 56,2 mg (15% VRN*). Hierro: 2,1 mg (15% VRN*). Zinc: 1,5 mg (15% VRN*). Cromo: 6,0 µg (15% VRN*).","Dextrosa 62%, clorhidrato de L-arginina 8,8%, beta alanina 8,2%, L-citrulina 5,9%, acidulante (ácido cítrico), aromas, cafeína anhidra 1,2%, sales magnésicas de ácido cítrico, antiaglomerante (dióxido de silicio), sales cálcicas de ácido cítrico, L-leucina 0,4%, edulcorante (sucralosa), óxido de magnesio, L-isoleucina 0,2%, L-valina 0,2%, ácido nicotínico, fumarato ferroso, colorantes (tartrazina1, indigotina), óxido de zinc, clorhidrato de piridoxina, cloruro de cromo (III) y su hexahidrato. 1Tartrazina: puede tener efectos negativos sobre la actividad y la atención de los niños.
Elaborado en una fábrica que produce alimentos que contienen leche, huevos, gluten, soja, cacahuete, nueces, apio, pescado, crustáceos, moluscos y dióxido de azufre",Mezclar en un shaker 1 dosis del polvo (17 g = 1 cuchara medidora = 1 cucharada sopera colmada) con 250 ml de agua. Tomar 1 dosis 30 minutos antes del entrenamiento.,TRUE,FALSE,TRUE,1.40,,BioTech USA,10.00,TRUE,,g,,13.50,active
arthro-forte-bebida-en-polvo-grosella-negra-340-g,Arthro Forte bebida en polvo,"Bebida en polvo saborizada, con colágeno, glucosamina, condroitina, MSM, vitamina C, extractos vegetales, CondrActiv® como fuente de colágeno tipo II y edulcorantes.",BioTech USA,,Deporte,"Sin gluten, Sin lactosa, Grosella Negra, 340 g",TRUE,Title,Default Title,,,,,,,,3753,340,shopify,2,deny,manual,34.95,,TRUE,TRUE,,,,,5999076244768,https://shop.biotechusa.es/cdn/shop/products/ArthroForte_Powder_BlackCurrant_1l_600x600_700074ac-47bc-4c8e-804e-bb6a8a5043c7_x500.png?v=1762777117,1,Arthro Forte bebida en polvo - BioTech USA,FALSE,Arthro Forte bebida en polvo,"Bebida en polvo saborizada, con colágeno, glucosamina, condroitina, MSM, vitamina C, extractos vegetales, CondrActiv® como fuente de colágeno tipo II y edulcorantes.","ADVERTENCIAS: El producto no debe utilizarse como sustituto de una dieta equilibrada y variada y por un modo de vida sano. No debe ser consumido mujeres embarazadas o en período de lactancia, ni por niños ni por personas con afecciones médicas o que toman medicamentos. No superar la dosis diaria expresamente recomendada.

Como todos los productos de BioTechUSA, Arthro Forte Drink Powder contiene ingredientes seguros y cuidadosamente seleccionados.",,,FALSE,,2029-02-14,3753,3753,TRUE,TRUE,,"Colágeno hidrolizado 29%, cloruro de potasio del sulfato de la glucosamina (crustáceos) 12%, MSM 12% [metilsulfonilmetano , antiaglomerante (dióxido de silicio)], sales cálcicas de ácido ortofosfórico, sulfato de condroitina 7,8%, acidulante (ácido cítrico), Chondractive® cartílago hidrolizado en polvo 5,8%, agente de carga (polidextrosa), extracto de raíz de Harpagophytum procumbens 2,9%, extracto de raíz de huevo en polvo 2,5%, aromas, extracto de resina de Boswellia serrata 1,4%, extracto de rizoma de Curcuma longa 1,2%, sal, ácido L-ascórbico, edulcorante (sucralosa), ácido hialurónico, colorantes (azorrubina1, negro brillante PN, indigotina), menaquinona K2VITAL®, preparado de vitamina D [almidón de maíz, espesante (goma arábiga), antiaglomerante (dióxido de silicio), antioxidantes (ascorbato sódico, extracto rico en tocoferoles), colecalciferol]. 1Puede tener efectos negativos sobre la actividad y la atención de los niños.
Elaborado en una fábrica que produce alimentos que contienen leche, huevos, gluten, soja, cacahuete, nueces, apio, pescado, crustáceos, moluscos y dióxido de azufre.","Uso recomendado: Tomar 1 ración (17 g = 3 dosificadores colmados = 2 cucharadas soperas colmadas) al día, diluida en 350 ml de agua en un bote mezclador. ¡No exceder la dosis diaria recomendada!",TRUE,FALSE,TRUE,1.40,,BioTech USA,10.00,FALSE,,g,,19.50,active
tst-gh-bebida-de-polvo-naranja-300-g,TST + GH bebida de polvo,"Bebida en polvo optimizadora de testosterona y hormonas aromatizada, con aminoácidos, L-carnitina, vitaminas, minerales y edulcorante.",BioTech USA,,Deporte,"Sin lactosa, Naranja, 300 g",TRUE,Title,Default Title,,,,,,,,3754,300,shopify,2,deny,manual,34.95,,TRUE,TRUE,,,,,5999076251315,https://shop.biotechusa.es/cdn/shop/products/TST_GH_Orange_300g_1l.png?height=1080&v=1762777356,1,TST + GH bebida de polvo - BioTech USA,FALSE,TST + GH bebida de polvo,"Bebida en polvo optimizadora de testosterona y hormonas aromatizada, con aminoácidos, L-carnitina, vitaminas, minerales y edulcorante.",ADVERTENCIAS: Mantener fuera del alcance de los niños más pequeños. El producto no debe utilizarse como sustituto de una dieta equilibrada y variada y por un modo de vida sano. Recomendado sólo para hombres mayores de 18 años. No recomendado para personas con afecciones médicas o que toman medicamentos. No superar la dosis diaria expresamente recomendada,,,FALSE,,2029-02-18,3754,3754,TRUE,FALSE,,"Ácido D-aspártico 47,5%, L-carnitina-L-tartrato 12%, clorhidrato de L-arginina 9,7%, L-glutamina 7,9%, clorhidrato de L-lisina 7,9%, clorhidrato de L-ornitina 5,5%, aromas, agente de carga (polidextrosa), óxido de magnesio, edulcorante (sucralosa), antiaglomerante (dióxido de silicio), gasificante (carbonatos de sodio), vitamina B5 (D-pantotenato cálcico), óxido de zinc, colorantes (tartazina, Rojo Allura AC)1, vitamina B6 (clorhidrato de piridoxina). 1Tartrazina, Rojo Allura AC: Puede tener efectos negativos sobre la actividad y la atención de los niños.
Elaborado en una fábrica que produce alimentos que contienen leche, huevos, gluten, soja, cacahuete, nueces, apio, pescado, crustáceos, moluscos y dióxido de azufre.",Uso recomendado: Mezcla una ración (6 g = 1 cuchara dosificadora colmada = 1 cucharada sopera) en 200 ml de agua y consúmela antes de acostarte. ¡No exceder la dosis recomendada! Usa un shaker.,TRUE,FALSE,TRUE,1.40,,BioTech USA,10.00,FALSE,,g,,15.50,active
p-ptidos-de-glutamina-180-uds,Péptidos de Glutamina,"Es un aminoácido condicionado esencial que el propio organismo humano es capaz de producir. Pero al mismo tiempo, la glutamina puede venir muy bien en ciertas condiciones, por ejemplo durante los entrenamientos de gran intensidad o prolongados. Puesto que en estos casos el organismo puede requerir más glutamina de lo que es capaz de producir momentáneamente.
El péptido de glutamina, al igual que el resto de los productos de BioTech USA es un producto seguro, contiene componentes cuidadosamente seleccionados.",BioTech USA,,Deporte,180 uds,TRUE,Title,Default Title,,,,,,,,3755,,shopify,1,deny,manual,24.95,,TRUE,TRUE,,,,,5999076233687,https://shop.biotechusa.es/cdn/shop/products/GlutaminePeptide_180caps_750ml.png?height=1080&v=1762777264,1,Péptidos de Glutamina - BioTech USA,FALSE,Péptidos de Glutamina,"Es un aminoácido condicionado esencial que el propio organismo humano es capaz de producir. Pero al mismo tiempo, la glutamina puede venir muy bien en ciertas condiciones, por ejemplo durante los entrenamientos de gran intensidad o prolongados. Puesto que en estos casos el organismo puede requerir más glutamina de lo q","ADVERTENCIAS: ¡Mantenga el producto fuera del alcance de niños pequeños! El complemento nutritivo no sustituye la alimentación equilibrada y variada, ni la forma de vida sana.",,,FALSE,,2029-03-30,3755,3755,TRUE,FALSE,,"Péptido de glutamina (contiene trigo) 87%, cubierta de la cápsula [gelatina,agente de recubrimiento (goma laca), colorante (óxidos e hidróxidos de hierro), corrector dela acidez (hidróxido de amonio), corrector de la acidez (hidróxido de potasio)], antiaglomerantes(sales magnésicas de ácidos grasos, dióxido de silicio).
Elaborado en una fábrica que produce alimentosque contienen leche, huevos, gluten, soja, crustáceos, dióxido de azufre y nueces.",Recomendación de uso: Consumir 3x3 cápsulas por día. ¡No pasar la cantidad diaria de consumo recomendada!,TRUE,FALSE,FALSE,1.40,,BioTech USA,10.00,FALSE,,,,12.50,active
amino-energy-zero-con-electrolitos,Amino Energy Zero con electrolitos,"Bebida en polvo BioTechUSA Amino Energy Zero with electrolytes con aminoácidos, cafeína y sales minerales.

Entre los principios activos compuestos del producto, encontrarás los 9 aminoácidos esenciales (junto con los AACR en una proporción de 2:1:1) e incluso beta-alanina, una sustancia precursora del conocido compuesto de carnosina. La composición única de aminoácidos también incluye 3 aminoácidos condicionalmente esenciales: L-glutamina, L-arginina y L-tirosina. Cada uno será un excelente compañero durante un entrenamiento duro. El contenido de estimulantes del producto también es complejo, ya que 2 de las fuentes de cafeína provienen de extractos vegetales. No obstante, el contenido de cafeína no supera al de una taza de café fuerte. El producto también contiene taurina, un aminoácido que tiene un efecto sinérgico con la cafeína. Además, el producto Amino Energy Zero+Electrolytes incluye los 6 electrolitos responsables de la hidratación.",BioTech USA,,Deporte,"Té Helado de Melocotón, 360 g",TRUE,Variante,Té Helado de Melocotón · 360 g,,,,,,,,3757,360,shopify,1,deny,manual,34.95,,TRUE,TRUE,,,,,5999076234943,https://uayblnybdrhhmumudbea.supabase.co/storage/v1/object/public/productos/amino-energy-zero-con-electrolitos%20biotech.webp,1,Amino Energy Zero con electrolitos - BioTech USA,FALSE,Amino Energy Zero con electrolitos,"Bebida en polvo BioTechUSA Amino Energy Zero with electrolytes con aminoácidos, cafeína y sales minerales.

Entre los principios activos compuestos del producto, encontrarás los 9 aminoácidos esenciales (junto con los AACR en una proporción de 2:1:1) e incluso beta-alanina, una sustancia precursora del conocido compues",,,,FALSE,,2028-09-29,3757,3757,TRUE,FALSE,,,,TRUE,FALSE,FALSE,1.40,,BioTech USA,10.00,FALSE,https://uayblnybdrhhmumudbea.supabase.co/storage/v1/object/public/productos/amino-energy-zero-con-electrolitos%20biotech.webp,g,,16.50,active
amino-energy-zero-con-electrolitos,,,,,,,,Variante,Lima · 360 g,,,,,,,,3763,360,shopify,1,deny,manual,34.95,,TRUE,TRUE,,,,,5999076234950,,,,,,,,,,,,,,,,,,,,,,,,,,,,https://sgfm.elcorteingles.es/SGFM/dctm/MEDIA03/202312/21/00120747001392____2__1200x1200.jpg,g,,16.50,active
eaa-zero-t-helado-lim-n-350-g,EAA Zero,"Suplemento dietético con sabor, bebida en polvo con aminoácidos esenciales, L-glutamina y edulcorantes.",BioTech USA,,Deporte,"Sin gluten, Sin lactosa, Té Helado Limón, 350 g",TRUE,Title,Default Title,,,,,,,,3759,350,shopify,2,deny,manual,33.95,,TRUE,TRUE,,,,,5999076232000,//shop.biotechusa.es/cdn/shop/files/EAAZero_1l_350g_lemon_icetea_600x600_bbca8101-d1ed-4820-913f-2e7f2cc00023.png?height=1080&v=1764682748,1,EAA Zero - BioTech USA,FALSE,EAA Zero,"Suplemento dietético con sabor, bebida en polvo con aminoácidos esenciales, L-glutamina y edulcorantes.","ADVERTENCIAS: El producto no es un sustituto de una dieta variada y equilibrada, ni de un estilo de vida saludable.",,,FALSE,,2028-10-02,3759,3759,TRUE,TRUE,Cantidad de nutrientes por dosis diaria (7 g): L-Glutamina: 1790 mg. L-Leucina: 780 mg. L-Lisina: 600 mg. L-Valina: 520 mg. L-Fenilalanina: 500 mg. L-Isoleucina: 400 mg. L-Treonina: 300 mg. L-Metionina: 200 mg. L-Histidina: 200 mg. L-Triptófano: 80 mg.,"L-glutamina (25,6%), L-leucina instantánea (L-leucina, emulgente: lecitinas, maltodextrina) (11,4%), clorhidrato de L-lisina (10,7%), acidulante (ácido cítrico), L-valina (7,4%), L-fenilalanina (7,1%), aromas, L-isoleucina (5,7%), L-treonina (4,3%), clorhidrato de L-histidina (3,5%), L-metionina (2,9%), extracto de hoja de té verde instantáneo (Camellia sinensis), L-triptófano (1,1%), extracto de hoja de té negro instantáneo (Camellia sinensis), edulcorante (sucralosa), sal.
Elaborado en una fábrica que produce alimentos que contienen leche, huevos, gluten, soja, crustáceos, dióxido de azufre y nueces.","Mezclar 1 servicio de polvo (14g = 2 cucharas medidoras colmadas = 1 cucharada sopera colmada) con 400 ml de agua. Tomar un servicio 15 minutos antes del entrenamiento. En días de descanso, tomar un servicio entre comidas. No exceder la dosis diaria recomendada.",TRUE,FALSE,TRUE,1.40,,BioTech USA,10.00,FALSE,,g,,16.50,active
bcaa-zero-amino-cidos-en-polvo-t-helado-de-melocot-n-360-g,BCAA Zero aminoácidos en polvo,"Sin azúcar, ratio 2:1:1 de BCAA en polvo, contiene 6000 mg de BCAA y vitamina B6 por servicio.",BioTech USA,,Deporte,"Sin gluten, Sin lactosa, Té Helado De Melocotón, 360 g",TRUE,Title,Default Title,,,,,,,,3760,360,shopify,1,deny,manual,34.95,,TRUE,TRUE,,,,,5999076223404,https://shop.biotechusa.es/cdn/shop/files/BCAAZero_360g_peach_icetea_600x600_44e06458-a100-4389-b27f-dc46add210e6.png?height=1080&v=1770817494,1,BCAA Zero aminoácidos en polvo - BioTech USA,FALSE,BCAA Zero aminoácidos en polvo,"Sin azúcar, ratio 2:1:1 de BCAA en polvo, contiene 6000 mg de BCAA y vitamina B6 por servicio.",Advertencias: ¡Mantener el producto fuera del alcance de los niños! Los suplementos dietéticos no deben utilizarse como sustitutos de una dieta equilibrada y variada ni de un modo de vida sano.,"Elaborado en una fábrica que produce alimentos que contienen leche, huevos, gluten, soja, crustáceos, dióxido de azufre y nueces.",,FALSE,,2029-01-08,3760,3760,TRUE,TRUE,,"33% L-leucina instantánea (L-leucina, emulgente: lecitinas, maltodextrina), 17% L-isoleucina, 17% L-valina, aromas, 8% L-glutamina, acidulante (ácido cítrico), extracto de hoja de té negro instantáneo (Camellia sinensis), antiaglomerante (dióxido de silicio), edulcorante (sucralosa), sal, clorhidrato de piridoxina.",Uso recomendado: Mezclar 1 ración del polvo (9 g = 2 cucharas dosificadoras = 1 cucharada sopera) con 300 ml de agua en un bote. Consumir 15 minutos antes del entrenamiento. ¡No exceder la dosis recomendada! Usa un shaker.,TRUE,FALSE,TRUE,1.40,,BioTech USA,10.00,FALSE,,g,,16.50,active
bcaa-zero-amino-cidos-en-polvo-sand-a-360-g,BCAA Zero aminoácidos en polvo,"Sin azúcar, ratio 2:1:1 de BCAA en polvo, contiene 6000 mg de BCAA y vitamina B6 por servicio.",BioTech USA,,Deporte,"Sin gluten, Sin lactosa, Sandía, 360 g",TRUE,Title,Default Title,,,,,,,,3762,360,shopify,2,deny,manual,34.95,,TRUE,TRUE,,,,,5999076225484,https://shop.biotechusa.es/cdn/shop/files/BCAAZero_360g_watermelon_600x600_e23dea3f-5dc1-42fa-b31a-e81240a47078.png?height=1080&v=1770817494,1,BCAA Zero aminoácidos en polvo - BioTech USA,FALSE,BCAA Zero aminoácidos en polvo,"Sin azúcar, ratio 2:1:1 de BCAA en polvo, contiene 6000 mg de BCAA y vitamina B6 por servicio.",Advertencias: ¡Mantener el producto fuera del alcance de los niños! Los suplementos dietéticos no deben utilizarse como sustitutos de una dieta equilibrada y variada ni de un modo de vida sano.,"Elaborado en una fábrica que produce alimentos que contienen leche, huevos, gluten, soja, crustáceos, dióxido de azufre y nueces.",,FALSE,,2029-12-16,3762,3762,TRUE,TRUE,,"33% L-leucina instantánea (L-leucina, emulgente: lecitinas, maltodextrina), 17% L-isoleucina, 17% L-valina, 8% L-glutamina, aromas, acidulante (ácido cítrico), antiaglomerante (dióxido de silicio), edulcorante (sucralosa), sal, clorhidrato de piridoxina, colorante (Rojo Allura AC)*.",Uso recomendado: Mezclar 1 ración del polvo (9 g = 2 cucharas dosificadoras = 1 cucharada sopera) con 300 ml de agua en un bote. Consumir 15 minutos antes del entrenamiento. ¡No exceder la dosis recomendada! Usa un shaker.,TRUE,FALSE,TRUE,1.40,,BioTech USA,10.00,FALSE,,g,,16.50,active
black-test-90-uds,Black Test,"Suplemento dietético en cápsulas diseñadas para el hombre, con aminoácido arginina, extractos de plantas, vitaminas y minerales.",BioTech USA,,Deporte,90 uds,TRUE,Title,Default Title,,,,,,,,3764,,shopify,1,deny,manual,34.95,,TRUE,TRUE,,,,,5999076241552,https://shop.biotechusa.es/cdn/shop/files/BlackTest_90caps_400ml_diszdoboz_bal_600x600_e566f61c-cf27-40a7-84b6-500697ca58dc.png?height=1080&v=1762777266,1,Black Test - BioTech USA,FALSE,Black Test,"Suplemento dietético en cápsulas diseñadas para el hombre, con aminoácido arginina, extractos de plantas, vitaminas y minerales.",ADVERTENCIAS: Mantener fuera del alcance de los niños más pequeños. Los complementos alimenticios no deben utilizarse como sustitutos de una dieta equilibrada y variada y por un modo de vida sano. No recomendado para personas con afecciones médicas o que toman medicamentos. No superar la dosis diaria expresamente recomendada.,,,FALSE,,2029-04-28,3764,3764,TRUE,FALSE,"Cada envase contiene 30 dosis, con una dosis diaria equivalente a 3 cápsulas. Cada dosis aporta 780 mg de extracto de semilla de fenogreco, 233 mg de extracto de brécol, 225 mg de extracto de fruto de cardo mariano, de los cuales 180 mg corresponden a silimarina, y 150 mg de extracto de hoja de espinaca, con 7,5 mg de beta-ecdisterona.

La fórmula se completa con 300 mg de beta-alanina, 682 mg de L-arginina y 150 mg de calcio beta-hidroxi-beta-metilbutirato (HMB), que aportan 126 mg de hidroxi-metilbutirato. Además, incorpora un complejo ZMB con zinc, magnesio y vitamina B6, proporcionando 5 mg de zinc (50 % VRN), 75 mg de magnesio (20 % VRN) y 1,5 mg de vitamina B6 (108 % VRN), junto con 7,5 mg de niacina (47 % VRN). Los porcentajes de VRN corresponden a los nutrientes para los que existe un valor de referencia establecido.","Extracto de semilla de frenogreco (Trigonella foenum-graecum) 30,4%, clorhidrato de L-arginina 25,7%, cubierta de la cápsula [gelatina, agente de recubrimiento (goma laca), colorante (óxidos e hidróxidos de hierro), corrector de la acidez (hidróxido de amonio), corrector de la acidez (hidróxido de potasio)], beta-alanina, extracto de brécol [extracto de brécol (Brassica oleracea), maltodextrina] 7,5%, extracto de fruto de cardo mariano (Silybum marianum) 7%, antiaglomerantes (sales magnésicas de ácidos grasos, dióxido de silicio), calcio beta-hidroxi-beta-metilbutirato, extracto de hoja de espinaca (Spinacia oleracea) 4,7%, óxido de magnesio, ácido nicotínico, óxido de zinc, clorhidrato de piridoxina.
Elaborado en una fábrica que produce alimentos que contienen leche, huevos, gluten, soja, cacahuete, crustáceos, pescado, moluscos, dióxido de azufre y nueces.","En días de entrenamiento, tomar 3 cápsulas antes del entrenamiento. En días de descanso, tomar 3 cápsulas por la mañana. No exceder la dosis diaria recomendada. Solo recomendado para hombres.",TRUE,FALSE,FALSE,1.40,,BioTech USA,10.00,FALSE,,,,16.50,active
raspador-de-lengua-de-cobre,Raspador de Lengua de Cobre,"LIMPIEZA BUCAL ESENCIAL
· Elimina bacterias y toxinas de la lengua
· Ayuda a prevenir el mal aliento
· Parte esencial de una rutina diaria
· Hecho en India por artesanos tradicionales con cobre natural",INDIAVEDA,,Cosmetica e higiene,,TRUE,Title,Default Title,,,,,,,,3767,,shopify,12,deny,manual,9.95,,TRUE,TRUE,,,,,8906119330583,https://indiaveda.com/924-producto_ficha_opt/raspador-de-lengua-cobre-indiaveda.jpg,1,Raspador de Lengua de Cobre - INDIAVEDA,FALSE,Raspador de Lengua de Cobre,"LIMPIEZA BUCAL ESENCIAL
· Elimina bacterias y toxinas de la lengua
· Ayuda a prevenir el mal aliento
· Parte esencial de una rutina diaria
· Hecho en India por artesanos tradicionales con cobre natural",,,,FALSE,,,3767,3767,TRUE,FALSE,,"Materiales: cobre 100% natural

Fabricación: hecho a mano en India por artesanos tradicionales",Raspa tu lengua todos los días después de cepillarte los dientes. Raspa desde la base de la lengua hacia delante unas 7 veces o hasta que veas que no se eliminan más desechos.,TRUE,FALSE,FALSE,5.20,,INDIAVEDA,21.00,FALSE,,,,4.04,active
100-pure-whey-sin-sabor-1-kg,100% Pure Whey,"100% Pure Whey Natural de BioTechUSA es un concentrado de proteínas de suero de leche, sin aditivos.",BioTech USA,,Deporte,"Sin gluten, Sin Sabor, 1 kg",TRUE,Title,Default Title,,,,,,,,3771,1000,shopify,2,deny,manual,37.95,,TRUE,TRUE,,,,,5999076228553,https://shop.biotechusa.es/cdn/shop/files/100PureWhey_Natural_Unflav_900g_bal_600x600_f6ba147a-bdd8-41f2-85e3-a1446d731110.png?height=1080&v=1782926350,1,100% Pure Whey - BioTech USA,FALSE,100% Pure Whey,"100% Pure Whey Natural de BioTechUSA es un concentrado de proteínas de suero de leche, sin aditivos.","ADVERTENCIAS: El producto no es un sustituto de una dieta variada y equilibrada, ni de un estilo de vida saludable.",,,FALSE,,2029-03-02,3771,3771,TRUE,TRUE,"Información nutricional (por 28 g): Valor energético: 481 kJ / 108 kcal. Grasas: 1,7 g, de las cuales saturadas: 1,1 g. Hidratos de carbono: 2,2 g, de los cuales azúcares: 2,2 g. Proteínas: 22 g. Sal: 0,13 g.

Perfil típico de aminoácidos/ 1 dosis (28 g): aminoácidos esenciales 9,7 g, aminoácidos condicionalmente esenciales 7,8 g, aminoácidos no esenciales 4,5 g. BCAA total 4,6 g.","Concentrado de proteína de suero de leche (100%).
Elaborado en una fábrica que produce alimentos que contienen leche, huevos, soja, crustáceos, dióxido de azufre y nueces.","Uso recomendado: Mezclar en un bote mezclador una ración de producto (28 gr = 2 cucharadas colmadas) con 200 ml de agua. En los días de entrenamiento, consumir una ración por la mañana y una ración inmediatamente después del ejercicio. En los días de descanso, consumir una ración en la mañana y una por la tarde.",TRUE,FALSE,FALSE,1.40,,BioTech USA,10.00,FALSE,,g,,23.90,active
creatine-candy-frutos-del-bosque-240-uds,Creatine Candy,"¿Te gustaría incorporar fácilmente el poder de la creatina en tu día a día? Creatine Candy aporta 3 gramos de creatina en cuatro tabletas masticables afrutadas que puedes tomar en cualquier lugar y en cualquier momento. Sabroso, práctico y ni siquiera trastoca tu rutina diaria. Sin lactosa, vegano y de bajo contenido de azúcar: un pequeño hábito que impulsa en gran medida tu rendimiento.",BioTech USA,,Deporte,"Vegano, Sin gluten, Sin lactosa, Frutos del Bosque, 240 uds",TRUE,Title,Default Title,,,,,,,,3774,,shopify,4,deny,manual,29.95,,TRUE,TRUE,,,,,5999076265206,https://shop.biotechusa.es/cdn/shop/files/Creatine_Candy_red_berry_240_tabs_750ml_600x600_27f4e090-2a1d-49b6-be4b-ac6b8e2ec997.png?height=1080&v=1762776863,1,Creatine Candy - BioTech USA,FALSE,Creatine Candy,"¿Te gustaría incorporar fácilmente el poder de la creatina en tu día a día? Creatine Candy aporta 3 gramos de creatina en cuatro tabletas masticables afrutadas que puedes tomar en cualquier lugar y en cualquier momento. Sabroso, práctico y ni siquiera trastoca tu rutina diaria. Sin lactosa, vegano y de bajo contenido d",,,,FALSE,,2028-10-08,3774,3774,TRUE,TRUE,"Otros principios activos (por dosis diaria de 4 comprimidos masticables): Monohidrato de creatina: 3412 mg, del cual creatina: 3000 mg.","Monohidrato de creatina 43%, agente de carga (isomaltosa), concentrado alimentario con propiedades colorantes [maltodextrina, concentrado de remolacha, acidulante (ácido cítrico)], aromas, fresa en polvo 3,7%, antiaglomerantes (sales magnésicas de ácidos grasos, dióxido de silicio), acidulante (ácido cítrico), edulcorante (sucralosa).
Elaborado en una fábrica que produce alimentos que contienen leche, huevos, gluten, soja, cacahuete, frutos de cáscara, apio, pescado, crustáceos y dióxido de azufre.

CONSUMIR PREFERENTEMENTE ANTES DEL (día/mes/año): ver en el envase (LOT/EXP). Después de abrir no retire las bolsas de sílice.
Distribuido por: BioTech USA S.L., 1033 Budapest, Huszti út 60., Hungría.
Lugar de procedencia: UE (lugar de procedencia del ingrediente primario/de los ingredientes primarios: fuera de la UE).",,TRUE,FALSE,TRUE,1.40,,BioTech USA,10.00,TRUE,,,,15.50,active
creatine-excell-120-uds,Creatine Excell,"Puro monohidrato de creatina 100% Creapure® en cápsulas vegetales. Presentación pre-dosificada de alta concentración: 1000mg, en cápsulas ‘000’ de tamaño ajustado para una forma de uso cómoda. El compuesto para complementación en deportistas más estudiado científicamente de la patente más reconocida internacionalmente. Libre de contaminantes y degradación. Creatina monohidrato de máxima calidad.",HSN,,Suplementos,"Vegano, Sin gluten, Sin lactosa, 120 uds",TRUE,Title,Default Title,,,,,,,,3777,,shopify,2,deny,manual,29.95,,TRUE,TRUE,,,,,5060326277307,https://www.hsnstore.com/media/catalog/product/cache/5a15c5988afb4929a2501169a37460ec/c/r/creatine-creapure-120-vcaps-hsn_1.jpg,1,Creatine Excell - HSN,FALSE,Creatine Excell,"Puro monohidrato de creatina 100% Creapure® en cápsulas vegetales. Presentación pre-dosificada de alta concentración: 1000mg, en cápsulas ‘000’ de tamaño ajustado para una forma de uso cómoda. El compuesto para complementación en deportistas más estudiado científicamente de la patente más reconocida internacionalmente.","Conservar en un lugar fresco (por debajo de 25ºC), seco y oscuro. No superar la dosis diaria expresamente recomendada. Mantener fuera del alcance de los niños más pequeños. Los complementos alimenticios no deben utilizarse como sustitutos de una dieta equilibrada. Es necesario mantener una dieta variada y equilibrada y un estilo de vida saludable.",,,FALSE,,2029-04-01,3777,3777,TRUE,TRUE,,"Monohidrato de creatina, cápsula vegetal [agente de recubrimiento (hidroxipropilmetilcelulosa)], antiaglomerante (sales magnésicas de ácidos grasos).","Tomar 1 cápsula vegetal, 3 veces al día.",TRUE,FALSE,TRUE,1.40,,HSN,10.00,TRUE,,,,11.40,active
100-pure-whey,100% Pure Whey,"Complejo de suero de leche con bromelina, aminoácidos, sin aceite de palma, con edulcorante.",BioTech USA,,Deporte,"Sin gluten, Black Biscuit, 454 g",TRUE,Variante,Black Biscuit · 454 g,,,,,,,,3784,454,shopify,1,deny,manual,19.95,,TRUE,TRUE,,,,,5999076240081,https://shop.biotechusa.es/cdn/shop/files/PW_400g_BlackBiscuit_bal.png?height=1080&v=1774558031,1,100% Pure Whey - BioTech USA,FALSE,100% Pure Whey,"Complejo de suero de leche con bromelina, aminoácidos, sin aceite de palma, con edulcorante.",,,,FALSE,,2029-02-12,3784,3784,TRUE,TRUE,,,"Uso recomendado: Mezclar en un bote mezclador una ración de producto (28 gr = 2 cucharadas colmadas) con 250 ml de agua. Consumir una ración dentro de 45 minutos después del entrenamiento y una ración entre dos comidas. En días de descanso, consumir una ración en la mañana y una por la noche.",TRUE,FALSE,FALSE,1.40,,BioTech USA,10.00,FALSE,https://shop.biotechusa.es/cdn/shop/files/PW_400g_BlackBiscuit_bal.png?height=1080&v=1774558031,g,,11.90,active
100-pure-whey,,,,,,,,Variante,Caramelo Capuchino · 400 g,,,,,,,,3785,400,shopify,1,deny,manual,19.95,,TRUE,TRUE,,,,,5999076269570,,,,,,,,,,,,,,,,,,,,,,,,,,,,https://shop.biotechusa.es/cdn/shop/files/PW_400g_CaramelCappuccino_bal.png?height=1080&v=1774557971,g,,11.90,active
iso-whey-platinum,Iso Whey Platinum,"Bebida en polvo a base de aislado y concentrado de proteína de suero con sabor, con creatina añadida, aminoácidos y vitamina B3.",BioTech USA,,Deporte,"Sin gluten, Chocolate, 454 g",TRUE,Variante,Chocolate · 454 g,,,,,,,,3788,454,shopify,1,deny,manual,29.95,,TRUE,TRUE,,,,,5999076265961,https://shop.biotechusa.es/cdn/shop/files/IWZ_Platinum_454g_Chocolate_bal_600x600_cf1cdf66-d81e-4555-9e67-b5e4931ce423.png?height=1080&v=1774557970,1,Iso Whey Platinum - BioTech USA,FALSE,Iso Whey Platinum,"Bebida en polvo a base de aislado y concentrado de proteína de suero con sabor, con creatina añadida, aminoácidos y vitamina B3.","ADVERTENCIAS: No debe ser consumido por menores de 18 años, ni por personas con afecciones médicas y/o que toman medicamentos. No debe ser consumido por mujeres embarazadas o en período de lactancia.",,,FALSE,,2029-03-11,3788,3788,TRUE,TRUE,"Información nutricional (por 22,5 g): Valor energético: 389 kJ / 92 kcal. Grasas: 1,0 g, de las cuales ácidos grasos saturados: 0,5 g. Hidratos de carbono: 1,0 g, de los cuales azúcares: 0,7 g. Proteínas: 20 g. Sal: 0,24 g.

Vitaminas (por 22,5 g): Niacina: 3,0 mg.

Otros principios activos añadidos (por 22,5 g): Monohidrato de creatina micronizado: 3412 mg, del cual creatina: 3000 mg. L-Glutamina: 788 mg. Clorhidrato de L-arginina: 192 mg, del cual L-arginina: 159 mg.

Aminoácidos esenciales — EAA (por 22,5 g): L-Histidina: 339 mg. L-Isoleucina: 1040 mg. L-Leucina: 1911 mg. L-Lisina: 1662 mg. L-Metionina: 425 mg. L-Fenilalanina: 578 mg. L-Treonina: 1170 mg. L-Triptófano: 309 mg. L-Valina: 1006 mg. Total: 8440 mg.

Aminoácidos condicionalmente esenciales — CAA (por 22,5 g): L-Arginina: 740 mg. L-Cisteína: 577 mg. L-Glutamina y ácido L-glutámico: 4298 mg. L-Prolina: 999 mg. L-Tirosina: 538 mg. Total: 7152 mg.

Aminoácidos no esenciales — NAA (por 22,5 g): L-Alanina: 866 mg. L-Asparagina y ácido L-aspártico: 1935 mg. Glicina: 324 mg. L-Serina: 859 mg. Total: 3984 mg.",,"Instrucciones de uso: Mezclar 1 dosis (22,5 g = 1 cuchara medidora= 4 cucharadas soperas) con 200 ml de agua en un shaker.Para realizar medidas precisas utilice una báscula. Tomar 1 dosis diariamente.",TRUE,FALSE,FALSE,1.40,,BioTech USA,10.00,FALSE,https://shop.biotechusa.es/cdn/shop/files/IWZ_Platinum_454g_Chocolate_bal_600x600_cf1cdf66-d81e-4555-9e67-b5e4931ce423.png?height=1080&v=1774557970,g,,17.50,active
iso-whey-platinum,,,,,,,,Variante,Cookies & Cream · 454 g,,,,,,,,3789,454,shopify,2,deny,manual,29.95,,TRUE,TRUE,,,,,5999076265992,,,,,,,,,,,,,,,,,,,,,,,,,,,,https://shop.biotechusa.es/cdn/shop/files/IWZ_Platinum_454g_CookiesCream_bal_600x600_31fd7074-53b7-4c87-a2cf-3a27bf32647c.png?height=1080&v=1774557970,g,,17.50,active
iso-whey-platinum,,,,,,,,Variante,Fresa · 454 g,,,,,,,,3790,454,shopify,1,deny,manual,29.95,,TRUE,TRUE,,,,,5999076265978,,,,,,,,,,,,,,,,,,,,,,,,,,,,https://shop.biotechusa.es/cdn/shop/files/IWZ_Platinum_454g_Strawberry_bal_600x600_78507800-02bd-4ad2-9875-af254dc6c596.png?height=1080&v=1774557970,g,,17.50,active
iso-whey-platinum,,,,,,,,Variante,Coco Mango · 454 g,,,,,,,,3791,454,shopify,1,deny,manual,29.95,,TRUE,TRUE,,,,,5999076265985,,,,,,,,,,,,,,,,,,,,,,,,,,,,https://shop.biotechusa.es/cdn/shop/files/IWZ_Platinum_454g_CoconutMango_bal_600x600_9165f18b-e1a5-4be6-9152-1aed169a99e0.png?height=1080&v=1774557970,g,,17.50,active
champ-scalpurify-400-ml,Champú Scalpurify,"Champú natural para el cuidado del cuero cabelludo con tendencia a descamación visible y exceso de sebo. Su fórmula con prebióticos, corteza de juá, zinc PCA y aceites esenciales ayuda a equilibrar el cuero cabelludo, favorece una sensación de confort y deja el cabello limpio, fresco y cuidado.",Esential'Arôms,,Cosmetica e higiene,400 ml,TRUE,Title,Default Title,,,,,,,,3797,400,shopify,3,deny,manual,24.95,,TRUE,TRUE,,,,,8413568028430,https://esentialaroms.com/wp-content/uploads/2026/05/champu-anticaspa-400ml-53892-1.jpg,1,Champú Scalpurify - Esential'Arôms,FALSE,Champú Scalpurify,"Champú natural para el cuidado del cuero cabelludo con tendencia a descamación visible y exceso de sebo. Su fórmula con prebióticos, corteza de juá, zinc PCA y aceites esenciales ayuda a equilibrar el cuero cabelludo, favorece una sensación de confort y deja el cabello limpio, fresco y cuidado.",,,,FALSE,,,3797,3797,TRUE,FALSE,,"Ammonium Lauryl Sulfate, Aqua, Lavandula Angustifolia (Lavender) Flower Water*, Cocamidopropyl Betaine, Caprylyl/Capryl Glucoside, Betaine, Lauryl Glucoside, Glycerin, Alpha-glucan Oligosaccharide, Sodium Chloride, Melaleuca Alternifolia (Tea Tree) Leaf Oil*, Propanediol, Cymbopogon Martinii Oil*, Citric Acid, Potassium Sorbate, Sodium Dehydroacetate, Lavandula Hybrida Oil, Zinc PCA, Ziziphus Joazeiro Bark Extract, Aloe Barbadensis Leaf Extract*, Arctium Lappa Root Extract*, Azadirachta Indica Bark Extract*, Camellia Sinensis Leaf Extract*, Iris Germanica Root Extract*, Sodium Benzoate, Geraniol**, Linalool**, Limonene**. *Ingredientes procedentes de la Agricultura Ecológica. 98% del total es de origen natural. El 11% del total de los ingredientes procede de la Agricultura Ecológica. **Naturalmente contenido en el aceite esencial.","Aplicar sobre el cabello mojado, masajear suavemente el cabello y el cuero cabelludo y aclarar con abundante agua. Evitar el contacto con los ojos y las mucosas.",TRUE,FALSE,FALSE,5.20,,Esential'Arôms,21.00,FALSE,,g,,14.83,active
champ-scalpurify-200-ml,Champú Scalpurify,"Champú natural para el cuidado del cuero cabelludo con tendencia a descamación visible y exceso de sebo. Su fórmula con prebióticos, corteza de juá, zinc PCA y aceites esenciales ayuda a equilibrar el cuero cabelludo, favorece una sensación de confort y deja el cabello limpio, fresco y cuidado.",Esential'Arôms,,Cosmetica e higiene,200 ml,TRUE,Title,Default Title,,,,,,,,3798,200,shopify,5,deny,manual,16.95,,TRUE,TRUE,,,,,8413568024975,https://esentialaroms.com/wp-content/uploads/2026/05/champu-anticaspa-200ml-53822_01-1.jpg,1,Champú Scalpurify - Esential'Arôms,FALSE,Champú Scalpurify,"Champú natural para el cuidado del cuero cabelludo con tendencia a descamación visible y exceso de sebo. Su fórmula con prebióticos, corteza de juá, zinc PCA y aceites esenciales ayuda a equilibrar el cuero cabelludo, favorece una sensación de confort y deja el cabello limpio, fresco y cuidado.",,,,FALSE,,,3798,3798,TRUE,FALSE,,"Ammonium Lauryl Sulfate, Aqua, Lavandula Angustifolia (Lavender) Flower Water*, Cocamidopropyl Betaine, Caprylyl/Capryl Glucoside, Betaine, Lauryl Glucoside, Glycerin, Alpha-glucan Oligosaccharide, Sodium Chloride, Melaleuca Alternifolia (Tea Tree) Leaf Oil*, Propanediol, Cymbopogon Martinii Oil*, Citric Acid, Potassium Sorbate, Sodium Dehydroacetate, Lavandula Hybrida Oil, Zinc PCA, Ziziphus Joazeiro Bark Extract, Aloe Barbadensis Leaf Extract*, Arctium Lappa Root Extract*, Azadirachta Indica Bark Extract*, Camellia Sinensis Leaf Extract*, Iris Germanica Root Extract*, Sodium Benzoate, Geraniol**, Linalool**, Limonene**. *Ingredientes procedentes de la Agricultura Ecológica. 98% del total es de origen natural. El 11% del total de los ingredientes procede de la Agricultura Ecológica. **Naturalmente contenido en el aceite esencial.","Aplicar sobre el cabello mojado, masajear suavemente el cabello y el cuero cabelludo y aclarar con abundante agua. Evitar el contacto con los ojos y las mucosas.",TRUE,FALSE,FALSE,5.20,,Esential'Arôms,21.00,FALSE,,g,,10.07,active
masajeador-capilar,Masajeador Capilar,"Masajeador capilar de silicona flexible que estimula la microcirculación y ejerce un efecto exfoliante. Ayuda a desobstruir el folículo piloso, favoreciendo un crecimiento más fuerte y saludable, y deja el cuero cabelludo equilibrado y revitalizado. Limpia en profundidad, elimina impurezas y el exceso de grasa, y potencia la eficacia del champú. Apto para todo tipo de cabello.
Ayuda a desobstruir el folículo piloso
Mejora la circulación capilar
Estimula el crecimiento del cabello
Ayuda a limpia el cabello exhaustivamente",Esential'Arôms,,Cosmetica e higiene,,TRUE,Title,Default Title,,,,,,,,3799,,shopify,4,deny,manual,9.95,,TRUE,TRUE,,,,,8413568027457,https://esentialaroms.com/wp-content/uploads/2026/05/masajeador-capilar-51252-2.jpg,1,Masajeador Capilar - Esential'Arôms,FALSE,Masajeador Capilar,"Masajeador capilar de silicona flexible que estimula la microcirculación y ejerce un efecto exfoliante. Ayuda a desobstruir el folículo piloso, favoreciendo un crecimiento más fuerte y saludable, y deja el cuero cabelludo equilibrado y revitalizado. Limpia en profundidad, elimina impurezas y el exceso de grasa, y poten",,,,FALSE,,,3799,3799,TRUE,FALSE,,,"USO EN MOJADO: aplicar el champú y masajear el cuero cabelludo con movimientos circulares suaves durante 1–2 minutos.
USO CON ACEITE: aplicar unas gotas de aceite sobre el cuero cabelludo seco y distribuir por secciones. Utilizar el masajeador realizando movimientos circulares suaves durante 5–10 minutos.",TRUE,FALSE,FALSE,5.20,,,21.00,FALSE,,,,6.66,active
blooming-up-90-uds,Blooming Up,"Life Pro Blooming Up es un suplemento avanzado formulado especialmente para las mujeres que buscan mejorar su bienestar general y realzar su belleza natural desde el interior. Este producto combina una selección premium de ingredientes que trabajan en sinergia para nutrir la piel, el cabello y las uñas, además de apoyar el sistema inmunológico*.",Life PRO,,Suplementos,"Vegano, Sin gluten, 90 uds",TRUE,Title,Default Title,,,,,,,,3800,,shopify,1,deny,manual,32.95,,TRUE,TRUE,,,,,8435635712219,https://www.lifepronutrition.com/4075-large_default/life-pro-blooming-up-90-vegancaps.jpg,1,Blooming Up - Life PRO,FALSE,Blooming Up,"Life Pro Blooming Up es un suplemento avanzado formulado especialmente para las mujeres que buscan mejorar su bienestar general y realzar su belleza natural desde el interior. Este producto combina una selección premium de ingredientes que trabajan en sinergia para nutrir la piel, el cabello y las uñas, además de apoya","Producto para uso en adultos. Los complementos alimenticios no deben utilizarse como sustitutos de una dieta equilibrada y un estilo de vida saludable. Este producto no está diseñado para diagnosticar, tratar o prevenir ninguna enfermedad. No superar la dosis diaria expresamente recomendada. Mantener fuera del alcance de los niños más pequeños. No debe ser consumido si en le mismo día se consumen otros complementos alimenticios que contengan ésteres de astaxantina. No debe ser consumido por lactantes, niños ni adolescentes menores de 14 años.",Puede contener trazas de leche y soja.,,FALSE,,2029-03-01,3800,3800,TRUE,TRUE,"Vitaminas y minerales (por servicio de 3 cápsulas): Vitamina E: 10 mg α-TE (83% VRN). Vitamina B2: 1,5 mg (107% VRN). Vitamina D: 12,5 µg (250% VRN). Biotina: 2500 µg (5000% VRN). Folato: 200 µg (100% VRN). Vitamina B12: 2,4 µg (96% VRN). Zinc: 10 mg (100% VRN).

Otros principios activos (por servicio de 3 cápsulas): Péptidos de colágeno: 325 mg. N-acetil L-cisteína: 299 mg. Sulfato de condroitina: 150 mg. Sulfato de glucosamina: 135 mg. Glucosamina: 80 mg. Oleorresina rica en astaxantina del alga Haematococcus pluvialis: 120 mg. Astaxantina: 6 mg. Ácido hialurónico: 5 mg.","Péptidos de colágeno, N-acetil L-cisteína, agente de carga: celulosa microcristalina, sulfato de condroitina, acetato de DL-alfa tocoferilo (vitamina E), sulfato de glucosamina, oleorresina rica en astaxantina del alga Haematococcus pluvialis, bisglicinato de zinc, antiaglomerante: sales magnésicas de ácidos grasos, hialuronato de sodio, colecalciferol (vitamina D3), D-biotina (biotina), riboflavina (vitamina B2), L-metil folato cálcico (folato) y cianocobalamina (vitamina B12). Cápsula (agente de recubrimiento: hidroxipropilmetilcelulosa).
El zinc y la biotina contribuyen al mantenimiento del cabello en condiciones normales.",Tomar 3 cápsulas al día.,TRUE,FALSE,FALSE,1.40,,Life PRO,10.00,TRUE,,,,16.90,active
creatina-monohidratada,Creatina Monohidratada,"Life Pro Creatine Monohydrate 200 MESH 500 mg es un suplemento deportivo formulado a base de creatina monohidrato de alta pureza, diseñado para mejorar el rendimiento físico, aumentar la fuerza y favorecer el desarrollo muscular en entrenamientos de alta intensidad. Gracias a su micronización 200 MESH, esta creatina presenta una textura extremadamente fina, lo que se traduce en una mejor disolución, mayor comodidad de uso y una excelente absorción.",Life PRO,,Deporte,"Vegano, Sin gluten, Lollipop, 500 g",TRUE,Variante,Lollipop · 500 g,,,,,,,,3803,500,shopify,1,deny,manual,21.95,,TRUE,TRUE,,,,,8435635720825,https://www.lifepronutrition.com/5242-large_default/life-pro-creatine-monohydrate-200mesh-500g.jpg,1,Creatina Monohidratada - Life PRO,FALSE,Creatina Monohidratada,"Life Pro Creatine Monohydrate 200 MESH 500 mg es un suplemento deportivo formulado a base de creatina monohidrato de alta pureza, diseñado para mejorar el rendimiento físico, aumentar la fuerza y favorecer el desarrollo muscular en entrenamientos de alta intensidad. Gracias a su micronización 200 MESH, esta creatina pr",,"Aunque este producto no contiene leche y soja, se fabrica en una instalación que procesa ingredientes que sí los contienen.",,FALSE,,2028-06-01,3803,3803,TRUE,TRUE,,,,TRUE,FALSE,FALSE,1.40,,Life PRO,10.00,TRUE,https://www.lifepronutrition.com/5242-large_default/life-pro-creatine-monohydrate-200mesh-500g.jpg,g,,9.90,active
creatina-monohidratada,,,,,,,,Variante,Lollipop · 250 g,,,,,,,,3802,250,shopify,2,deny,manual,27.95,,TRUE,TRUE,,,,,8435635720993,,,,,,,,,,,,,,,,,,,,,,,,,,,,https://www.lifepronutrition.com/5343-large_default/life-pro-creatine-creapure-250g.jpg,g,,13.00,active
creatina-monohidratada,,,,,,,,Variante,Sin Sabor · 500 g,,,,,,,,3804,500,shopify,1,deny,manual,21.95,,TRUE,TRUE,,,,,8435635721013,,,,,,,,,,,,,,,,,,,,,,,,,,,,https://www.lifepronutrition.com/5352-large_default/life-pro-creatine-monohydrate-200mesh-500g.jpg,g,,9.90,active
creatina-monohidratada,,,,,,,,Variante,Melón · 500 g,,,,,,,,3805,500,shopify,1,deny,manual,21.95,,TRUE,TRUE,,,,,8435635720832,,,,,,,,,,,,,,,,,,,,,,,,,,,,https://www.lifepronutrition.com/5236-large_default/life-pro-creatine-monohydrate-200mesh-500g.jpg,g,,9.90,active
creatina-monohidratada,,,,,,,,Variante,Lima · 250 g,,,,,,,,3801,250,shopify,2,deny,manual,27.95,,TRUE,TRUE,,,,,8435635721006,,,,,,,,,,,,,,,,,,,,,,,,,,,,https://www.lifepronutrition.com/5341-large_default/life-pro-creatine-creapure-250g.jpg,g,,13.00,active
malto-dextrin-sin-sabor-800-g,Malto Dextrin,Malto Dextrin es un suplemento deportivo que pertenece a la nueva línea Endurance de Life Pro diseñado con el fin de aportar carbohidratos de manera rápida y mantener los niveles de energía.,Life PRO,,Deporte,"Sin gluten, Sin Sabor, 800 g",TRUE,Title,Default Title,,,,,,,,3806,800,shopify,1,deny,manual,9.95,,TRUE,TRUE,,,,,8435635701138,https://www.lifepronutrition.com/924-large_default/life-pro-endurance-malto-dextrin-800g.jpg,1,Malto Dextrin - Life PRO,FALSE,Malto Dextrin,Malto Dextrin es un suplemento deportivo que pertenece a la nueva línea Endurance de Life Pro diseñado con el fin de aportar carbohidratos de manera rápida y mantener los niveles de energía.,"Producto para uso en adultos. Los complementos alimenticios no deben utilizarse como sustitutos de una dieta equilibrada. Este producto no está diseñado para diagnosticar, tratar o prevenir ninguna enfermedad. No superar la dosis diaria expresamente recomendada. Mantener fuera del alcance de los niños más pequeños.",Puede contener trazas de leche y soja.,,FALSE,,2028-07-01,3806,3806,TRUE,TRUE,"Información nutricional (por 100 g): Valor energético: 384 kcal. Grasas: 0 g, de las cuales saturadas: 0 g. Hidratos de carbono: 96 g, de los cuales azúcares: 6,4 g. Proteínas: 0 g. Sal: 0 g.",Maltodextrina,"Disolver 30g en 500ml de agua. Es perfecto para reponer los depósitos de glucógeno después del entrenamiento, o bien, proporcionar energía lista para ser usada antes o durante en el ejercicio.",TRUE,FALSE,FALSE,1.40,,Life PRO,10.00,FALSE,,g,,4.50,active
ar-ndanos-rojos-250-g,Arándanos Rojos,Los arándanos Rapunzel se cultivan en zonas tradicionales de cultivo en Canadá. Se cocinan con sirope de manzana para reducir su acidez y resaltar su agradable sabor afrutado y ligeramente ácido. Los arándanos enteros están jugosos.,Rapunzel,,Alimentos,250 g,TRUE,Title,Default Title,,,,,,,,3818,250,shopify,8,deny,manual,11.97,,TRUE,TRUE,,,,,4006040047025,https://en.rapunzel.de/imgmedia/600/313200.png,1,Arándanos Rojos - Rapunzel,FALSE,Arándanos Rojos,Los arándanos Rapunzel se cultivan en zonas tradicionales de cultivo en Canadá. Se cocinan con sirope de manzana para reducir su acidez y resaltar su agradable sabor afrutado y ligeramente ácido. Los arándanos enteros están jugosos.,,,,FALSE,,2027-07-30,3818,3818,TRUE,FALSE,,"seca arándanos*(60,00%), jarabe de manzana*(39,00%), aceite de girasol*","Ideal como aperitivo, en muesli, postres, salsas, tanto para repostería como en platos salados.",TRUE,FALSE,FALSE,1.40,,Rapunzel,10.00,FALSE,,g,,6.79,active
galleta-de-crema,Galleta de Crema,,sottolestelle,,Alimentos,"Vegano, Sin lactosa, Chocolate Negro, 200 g",TRUE,Variante,Chocolate Negro · 200 g,,,,,,,,3819,200,shopify,8,deny,manual,3.95,,TRUE,TRUE,,,,,8032454003896,https://shop.sottolestelle.com/data/prod/orig/nm69aee456a466c3-40970525_1554-2345.png?1773069485q,1,Galleta de Crema - sottolestelle,FALSE,Galleta de Crema,,,"El producto contiene: Gluten, Frutos de cáscara.

El producto puede contener trazas de: Mostaza, Semillas de sésamo, Altramuz, otros frutos secos, Soja.",,FALSE,,2027-04-24,3819,3819,TRUE,FALSE,,,,TRUE,FALSE,TRUE,1.40,,,10.00,TRUE,https://shop.sottolestelle.com/data/prod/orig/nm69aee456a466c3-40970525_1554-2345.png?1773069485q,g,,2.39,active
galleta-de-crema,,,,,,,,Variante,Coco · 200 g,,,,,,,,3826,200,shopify,8,deny,manual,3.95,,TRUE,TRUE,,,,,8032454003902,,,,,,,,,,,,,,,,,,,,,,,,,,,,https://shop.sottolestelle.com/data/prod/orig/nm69aedfd53a7747-90987224_1555-2344.png?1773068340,g,,2.39,active
galletas-de-trigo-espelta-trigo-sarraceno-y-coco-220-g,Galletas de Trigo Espelta,,Biocop,,Alimentos,"Bio, Trigo Sarraceno y Coco, 220 g",TRUE,Title,Default Title,,,,,,,,3820,220,shopify,8,deny,manual,3.85,,TRUE,TRUE,,,,,8423903074510,https://uayblnybdrhhmumudbea.supabase.co/storage/v1/object/public/productos/Galletas%20de%20Trigo%20Espelta%20Trigo%20Sarraceno%20y%20Coco%20220%20g.jpg,1,Galletas de Trigo Espelta - Biocop,FALSE,Galletas de Trigo Espelta,,,"Alérgenos: Gluten

Trazas: Frutos con cáscara, Huevos y prod.a base de huevos, Leche y derivados, Mostaza y derivados, Soja y derivados",,TRUE,,2027-03-27,3820,3820,TRUE,FALSE,"Información nutricional (por 100 g): Valor energético: 2017 kJ / 482 kcal. Grasas: 23 g, de las cuales saturadas: 5,9 g. Hidratos de carbono: 60 g, de los cuales azúcares: 18 g. Proteínas: 7,8 g. Fibra alimentaria: 4,5 g. Sal: 0,53 g.","Ingredientes: Harina de TRIGO ESPELTA* 47 %, aceite de semillas de girasol*, azúcar de caña*, harina de trigo sarraceno* 10 %, coco rallado* 6 %, coco en polvo* 4 %, jarabe de glucosa*, gasificantes:
( bicarbonato de amonio, bicarbonato de sodio), sal,aroma natural de coco.* De agricultura biológica.","Uso: Para cosumir a cualquier hora del día, como desayuno o merienda. También entre horas o para acompañar el café.",TRUE,FALSE,FALSE,1.40,,Biocop,10.00,FALSE,,g,,1.76,active
galletas-crujientes-cacahuete-125-g,Galletas Crujientes,,Biocop,,Alimentos,"Cacahuete, 125 g",TRUE,Title,Default Title,,,,,,,,3821,125,shopify,10,deny,manual,2.97,,TRUE,TRUE,,,,,8423903074299,https://uayblnybdrhhmumudbea.supabase.co/storage/v1/object/public/productos/galletas%20crujiente%20cacahuete%20biocop.jpg,1,Galletas Crujientes - Biocop,FALSE,Galletas Crujientes,,,"Alérgenos: Cacahuetes, Gluten

Trazas: Altramuces y prod. a base de altramuces, Dióxido de azufre y sulfitos, Frutos con cáscara, Huevos y prod.a base de huevos, Leche y derivados, Mostaza y derivados, Sésamo y prod. a base de sésamo, Soja y derivados",,FALSE,,2027-05-31,3821,3821,TRUE,FALSE,"Información nutricional (por 100 g): Valor energético: 2023 kJ / 483 kcal. Grasas: 22 g, de las cuales saturadas: 3,4 g. Hidratos de carbono: 53 g, de los cuales azúcares: 27 g. Proteínas: 16 g. Fibra alimentaria: 4,5 g. Sal: 0,47 g.","Ingredientes: Harina de TRIGO*,crema de CACAHUETE *30%, azúcar de caña de comercio justo**,emulsionante: lecitinas*, gasificante :carbonato de amonio, sal , antioxidante: extracto de romero*. *De agricultura biológica. **De comercio justo.","Uso: Para consumir en cualquier momento del día, para desayuno y merienda o entre horas.",TRUE,FALSE,FALSE,1.40,,Biocop,10.00,FALSE,,g,,1.36,active
alcaparras-en-vinagre-140-g,Alcaparras en Vinagre,,Bio Organica Italia,,Alimentos,"Bio, Vegano, 140 g",TRUE,Title,Default Title,,,,,,,,3822,140,shopify,6,deny,manual,4.45,,TRUE,TRUE,,,,,8029689023294,https://uayblnybdrhhmumudbea.supabase.co/storage/v1/object/public/productos/alcaparras%20en%20vinagre%20bio%20italia.jpg,1,Alcaparras en Vinagre - Bio Organica Italia,FALSE,Alcaparras en Vinagre,,,,,TRUE,,2029-04-01,3822,3822,TRUE,FALSE,"Información nutricional (por 100 g): Valor energético: 97 kJ / 23 kcal. Grasas: 0,42 g, de las cuales saturadas: 0,00 g. Hidratos de carbono: 1,4 g, de los cuales azúcares: 1,0 g. Proteínas: 1,90 g. Fibra alimentaria: 3,3 g. Sal: 5,85 g.","Ingredientes: Alcaparras*, agua, vinagre de vino* 2,5%, sal, regulador de acidez: ácido láctico.
*de agricultura biologica","Uso: Ideal como aperitivo o como condimento para ensaladas, bruschetta, pizzas, primer y segundo corse a base de carne o pescado.",TRUE,FALSE,FALSE,1.40,,Biocop,10.00,TRUE,,g,,1.88,active
mezcla-de-semillas-250-g,Mezcla de Semillas,,Biocop,,Alimentos,"Bio, 250 g",TRUE,Title,Default Title,,,,,,,,3823,250,shopify,6,deny,manual,2.98,,TRUE,TRUE,,,,,8423903043509,https://uayblnybdrhhmumudbea.supabase.co/storage/v1/object/public/productos/mezcla_de_semillas_sesamo_tostado_biocop_250_g.jpg,1,Mezcla de Semillas - Biocop,FALSE,Mezcla de Semillas,,,"Alérgenos: Sésamo y prod. a base de sésamo
Trazas: Altramuces y prod. a base de altramuces, Cacahuetes, Frutos con cáscara, Gluten, Soja y derivados",,TRUE,,2027-12-20,3823,3823,TRUE,FALSE,"Información nutricional (por 100 g): Valor energético: 2357 kJ / 560 kcal. Grasas: 48 g. Hidratos de carbono: 20,75 g. Proteínas: 21,75 g. Fibra alimentaria: 11,5 g.","Ingredientes: Girasol* 50%, SÉSAMO tostado* 25%, calabaza* 15%, lino marrón* 10%.
*De agricultura biológica.","Uso: Para condimentar platos y espolvorear sobre panes, galletas o ensaladas.",TRUE,FALSE,FALSE,1.40,,Biocop,10.00,FALSE,,g,,1.58,active
ciruelas-sin-hueso-200-g,Ciruelas Sin Hueso,Ciruelas sin huesos parcialmente deshidratadas ecológicas,noberasco,,Alimentos,"Bio, 200 g",TRUE,Title,Default Title,,,,,,,,3824,200,shopify,10,deny,manual,4.98,,TRUE,TRUE,,,,,8005120210300,https://noberasco.it/wp-content/uploads/2025/04/BIO_PRUGNE_EXP.png,1,Ciruelas Sin Hueso - noberasco,FALSE,Ciruelas Sin Hueso,Ciruelas sin huesos parcialmente deshidratadas ecológicas,,,,TRUE,,2027-08-01,3824,3824,TRUE,FALSE,,"ciruelas, agua. Sin azúcares añadidos.",,TRUE,FALSE,FALSE,1.40,,,10.00,FALSE,,g,,2.78,active
tostadas-high-protein-170-g,Tostadas High Protein,"Tostada sin gluten
Alto contenido en proteínas debido a la harina natural de girasol
Rico en magnesio, zinc y fibra
Fuente de ácido fólico y hierro
Fabricado en Alemania",Schnitzer,,Alimentos,"Bio, Vegano, Sin gluten, Sin lactosa, 170 g",TRUE,Title,Default Title,,,,,,,,3825,170,shopify,8,deny,manual,2.98,,TRUE,TRUE,,,,,4022993300390,https://www.schnitzer.eu/cdn/shop/files/Schnitzer_Glutenfreiheit_Aufbackbroetchen_Toastie_High_Protein_A47270_20250910.jpg?v=1785178394&width=900,1,Tostadas High Protein - Schnitzer,FALSE,Tostadas High Protein,"Tostada sin gluten
Alto contenido en proteínas debido a la harina natural de girasol
Rico en magnesio, zinc y fibra
Fuente de ácido fólico y hierro
Fabricado en Alemania",,"Alérgenos contenidos
Contiene semillas de sésamo
Puede contener trazas de soja, lupino y huevo.
Libre de gluten y lactosa (lactosa <0,1 g/100 g)",,TRUE,"Tostada tostada a tu gusto o disfrútala directamente del paquete. Una vez abierto, guárdalo en la nevera y consume en un plazo de 2 días.",2026-12-03,3825,3825,TRUE,TRUE,"Información nutricional (por 100 g): Valor energético: 1059 kJ / 254 kcal. Grasas: 12 g, de las cuales saturadas: 1,2 g. Hidratos de carbono: 16 g, de los cuales azúcares: 3,2 g. Fibra: 11 g. Proteínas: 15 g. Sal: 1,5 g.

Vitaminas y minerales (por 100 g): Magnesio: 206 mg (55% VRN). Zinc: 4,5 mg (45% VRN). Ácido fólico: 53,3 µg (27% VRN). Hierro: 3,9 mg (28% VRN)","Agua, harina de girasol* 23%, quinoa* inflada, semillas de girasol* 11%, vinagre de manzana*, semillas de chía* (Salvia hispanica), linaza*, concentrado de zumo de manzana*, sal marina, cáscaras de psyllium* molidas, semillas de sésamo*, harina de arroz*",,TRUE,FALSE,TRUE,1.40,,Shnitzer,10.00,TRUE,,g,,1.94,active
crunchy-muesli-avellanas-500-g,Crunchy Muesli,"Muesli de avena crujiente ecológico con avellanas. Krunchy Hazelnut Less Sugar te ofrece toda la textura crujiente con solo 11g de azúcar por cada 100g, eso es un 30% menos de azúcar que otras mueslis crujientes.

Por cierto, nuestra línea ""30% menos de azúcar*"" también está disponible en Frutos del bosque, cacao, Avena y Espeltado sabores.",barnhouse,,Alimentos,"Bio, Vegano, Avellanas, 500 g",TRUE,Title,Default Title,,,,,,,,3827,500,shopify,6,deny,manual,6.95,,TRUE,TRUE,,,,,4021234101413,https://barnhouse.de/cdn/shop/files/Krunchy_Haselnuss_Weniger_Zucker_NEU.jpg?v=1776072436&width=700,1,Crunchy Muesli - barnhouse,FALSE,Crunchy Muesli,"Muesli de avena crujiente ecológico con avellanas. Krunchy Hazelnut Less Sugar te ofrece toda la textura crujiente con solo 11g de azúcar por cada 100g, eso es un 30% menos de azúcar que otras mueslis crujientes.

Por cierto, nuestra línea ""30% menos de azúcar*"" también está disponible en Frutos del bosque, cacao, Aven",,"Contiene gluten, avellanas y soja. Puede contener restos de otros frutos secos, cacahuetes, sésamo y leche.",,TRUE,,2027-04-30,3827,3827,TRUE,FALSE,"Información nutricional (por 100 g): Valor energético: 2016 kJ / 481 kcal. Grasas: 21 g, de las cuales ácidos grasos saturados: 3,7 g. Hidratos de carbono: 61 g, de los cuales azúcares: 11 g. Fibra: 6,8 g. Proteínas: 8,7 g. Sal: 0,23 g.","Copos de avena entera* 46%, jarabe de tapioca*, avellanas* 11%, copos de maíz* (maíz*, jarabe de maíz*, sal marina, emulsionante: lecitina de soja*), aceite de girasol*, azúcar de remolacha* 7,4%, espelta (tipo trigo)*copos de coco inflados*",,TRUE,FALSE,FALSE,1.40,,,10.00,TRUE,,g,,3.51,active
caseina-micellar,Caseina Micellar,"MICELLAR CASEIN de BIG® es una caseína micelar de la más alta calidad hecha a base de Lacprodan® de Arla® Foods Ingredients, elaborada a partir de suero lácteo fresco y nutricionalmente equilibrado.",Big Universal,,Deporte,"Natilla Vainilla & Cinamon, 1 kg",TRUE,Variante,Natilla Vainilla & Cinamon · 1 kg,,,,,,,,3841,1000,shopify,1,deny,manual,39.95,,TRUE,TRUE,,,,,8425252164676,https://bigsupps.site/cdn/shop/files/producto_MicellarCasein_natillas_1kg_arla2025_500x600c.jpg?v=1756476525,1,Caseina Micellar - Big Universal,FALSE,Caseina Micellar,"MICELLAR CASEIN de BIG® es una caseína micelar de la más alta calidad hecha a base de Lacprodan® de Arla® Foods Ingredients, elaborada a partir de suero lácteo fresco y nutricionalmente equilibrado.","Advertencias: Puede contener trazas de gluten, pescado, cacahuete y frutos de cáscara (avellana). Producto para uso en adultos.",,,FALSE,,2028-05-01,3841,3841,TRUE,FALSE,,,"Modo de empleo: Añadir 1 cacito (30g) y mezclar con 300-350ml de agua o leche desnatada (para un batido más espeso utilice menos líquido, para uno más ligero use más). Para mejores resultados vierta primero el líquido y a continuación el producto en un agitador o mezclador. Tomar inmediatamente tras la preparación. Consumir antes de dormir.",TRUE,FALSE,FALSE,1.40,,Big Universal,10.00,FALSE,https://bigsupps.site/cdn/shop/files/producto_MicellarCasein_natillas_1kg_arla2025_500x600c.jpg?v=1756476525,g,,28.90,active
caseina-micellar,,,,,,,,Variante,Choco Delight con Topping de 3 Chocolates · 1 kg,,,,,,,,3840,1000,shopify,0,deny,manual,39.95,,TRUE,TRUE,,,,,8425252161712,,,,,,,,,,,,,,,,,,,,,,,,,,,,https://bigsupps.site/cdn/shop/files/producto_MicellarCaseinToppings_chocodelighttriplechoco_1kg_arla2025_500x600c.jpg?v=1756476231,g,,28.90,active
vitamina-e-e-oleum-20-ml,Vitamina E E-Oleum,"Aceite cosmético concentrado de vitamina E de origen natural que ayuda a mantener la piel hidratada, protegida y confortable. Su textura oleosa ligera refuerza la función barrera cutánea y contribuye a preservar el buen aspecto de la piel frente a los efectos del estrés oxidativo.  
Vitamina E natural  
Refuerza la barrera cutánea  
Textura oleosa ligera  
Todo tipo de piel",Esential'Arôms,,Cosmetica e higiene,"Bio, 20 ml",TRUE,Title,Default Title,,,,,,,,3850,20,shopify,5,deny,manual,17.95,,TRUE,TRUE,,,,,8413568017502,https://esentialaroms.com/wp-content/uploads/2026/05/E-Oleum_02.jpg,1,Vitamina E E-Oleum - Esential'Arôms,FALSE,Vitamina E E-Oleum,"Aceite cosmético concentrado de vitamina E de origen natural que ayuda a mantener la piel hidratada, protegida y confortable. Su textura oleosa ligera refuerza la función barrera cutánea y contribuye a preservar el buen aspecto de la piel frente a los efectos del estrés oxidativo.  
Vitamina E natural  
Refuerza la bar",,,,TRUE,,,3850,3850,TRUE,FALSE,"Favorece la función barrera de la piel. Tiene propiedades reparadoras de la piel y antioxidantes que neutralizan los daños causados por los radicales libres en la piel. Recomendado para cuidar la piel seca, irritada. Ayuda en el caso de pieles sensibles, muy sensibles e intolerantes. Indicado para el cuidado del pezón durante la lactancia, para proteger los labios y la mucosa bucal y para la sequedad peribucal y perianal en el adulto y el niño.","&alpha;, &beta;, &gamma;, &delta;-tocoferol
Tocopherol, Helianthus Annuus Seed Oil. 100% del total es de origen natural.","Aplicar una pequeña cantidad (1-2 gotas) sobre la zona a tratar al menos dos veces al día.  
NO COMEDOGÉNICO. GRADO ALIMENTARIO",TRUE,FALSE,FALSE,5.20,,,21.00,FALSE,,g,,9.98,active
vaselina-natural-100-ml,Vaselina Natural,"Tarro de 100 ml  
Vaselina de origen natural 100% vegetal que proporciona un film natural que favorece la función barrera de la piel, permitiendo la transpiración (no es oclusiva). Ayuda a reducir las pérdidas de agua, protege, afina y suaviza la piel de inmediato, incluso en caso de descamación. Conviene a las pieles secas, muy secas, descamadas y o agredidas. Sin perfume.",Esential'Arôms,,Cosmetica e higiene,100 ml,TRUE,Title,Default Title,,,,,,,,3851,100,shopify,6,deny,manual,18.95,,TRUE,TRUE,,,,,8413568023466,https://esentialaroms.com/wp-content/uploads/2026/05/Naturvaseline_01-1.jpg,1,Vaselina Natural - Esential'Arôms,FALSE,Vaselina Natural,"Tarro de 100 ml  
Vaselina de origen natural 100% vegetal que proporciona un film natural que favorece la función barrera de la piel, permitiendo la transpiración (no es oclusiva). Ayuda a reducir las pérdidas de agua, protege, afina y suaviza la piel de inmediato, incluso en caso de descamación. Conviene a las pieles ",Evitar el contacto con ojos y mucosas.,,,FALSE,,,3851,3851,TRUE,FALSE,,"Olus (Vegetable) Oil, Butyrospermum Parkii (Shea) Butter, Stearyl Stearate, Helianthus Anuus Seed Oil, Tocopherol, Copernicia Cerifera Cera, Rhus Verniciflua Peel Cera. 100% del total es de origen natural.",Aplicar sobre las zonas de mayor sequedad realizando un suave masaje hasta su total absorción. Evitar el contacto con ojos y mucosas.,TRUE,FALSE,FALSE,5.20,,Esential'Arôms,21.00,FALSE,,g,,11.26,active
crema-de-d-a-antiedad-pro-collagen-50-ml,Crema de Día Antiedad Pro-Collagen,"Reestructura, recompacta y previene los signos de envejecimiento. Además, proporciona un escudo antipolución y un efecto silicone-like gracias a su contenido en alternativas naturales a las siliconas. Crema de última generación formulada con un emulgente de origen natural extraído de la oliva, un complejo de ácidos grasos de composición similar a la composición lipídica de la piel que mejora la integridad de la barrera.  
Ácido hialurónico natural. Cuidado antimanchas. 12 h hidratación.",Esential'Arôms,,Cosmetica e higiene,"Bio, 50 ml",TRUE,Title,Default Title,,,,,,,,3852,50,shopify,10,deny,manual,36.95,,TRUE,TRUE,,,,,8413568013702,https://esentialaroms.com/wp-content/uploads/2026/05/Crema_de_dia_antiedad_Pro-Collagen_01-2.jpg,1,Crema de Día Antiedad Pro-Collagen - Esential'Arôms,FALSE,Crema de Día Antiedad Pro-Collagen,"Reestructura, recompacta y previene los signos de envejecimiento. Además, proporciona un escudo antipolución y un efecto silicone-like gracias a su contenido en alternativas naturales a las siliconas. Crema de última generación formulada con un emulgente de origen natural extraído de la oliva, un complejo de ácidos gra",,,,TRUE,,,3852,3852,TRUE,FALSE,,"Aqua, Rosa Damascena Flower Water*, Olea Europaea (Olive) Oil Unsaponifiables, Cetyl Palmitate, Glycerin, Coco-Caprylate/Caprate, Olus (Vegetable) Oil, Silybum Marianum Seed Oil, Cetearyl Olivate, Glyceryl Stearate, Sorbitan Olivate, Isostearyl Alcohol, Camellia Japonica Seed Oil, Crambe Abyssinica Seed Oil Phytosterol Esters, Oryza Sativa (Rice) Starch, Betaine, Parfum, Hydrogenated Ethylhexyl Olivate, Persea Gratissima (Avocado) Oil*, Simmondsia Chinensis (Jojoba) Seed Oil*, Porphyra Umbilicalis Extract, Benzyl Alcohol, Propanediol, Sorbitan Palmitate, Hydrolyzed Hyaluronic Acid, Adansonia Digitata Seed Oil*, Boswellia Serrata Gum, Xanthan Gum, Algae Extract, Aloe Barbadensis Leaf Extract*, Salicylic Acid, Hydrogenated Olive Oil Unsaponifiables, Orbignya Oleifera Seed Oil, Biosaccharide Gum-1, Helianthus Annuus (Sunflower) Seed Oil, Tocopherol, Ficus Carica (Fig) Fruit Extract, Ginkgo Biloba Nut extract, Morus Alba Fruit Extract, Punica Granatum Fruit Extract, Sodium Levulinate, Sorbic Acid, Glyceryl Caprylate, Sodium Benzoate, Sodium Anisate, Citric Acid, Potassium Sorbate, Phytic Acid, Linalool**, Limonene**, Eugenol**, Benzyl Benzoate**, Farnesol**, Citronellol**, Geraniol**, Benzyl Salicylate**, Citral**. *Ingredientes procedentes de la Agricultura Ecológica. El 99% del total es de origen natural. El 20% del total de los ingredientes procede de la Agricultura Ecológica. **Naturalmente contenido en el perfume y el agua floral.","Aplicar sobre la piel limpia del rostro, a diario, como crema de día.",TRUE,FALSE,FALSE,5.20,,Esential'Arôms,21.00,FALSE,,g,,19.76,active
s-rum-de-ojos-to-be-youthful-25-ml,Sérum de Ojos To Be Youthful,"El Dr. Althea To Be Youthful Eye Serum está formulado para tratar y prevenir los signos del envejecimiento en el área de los ojos. Su potente combinación de niacinamida, ácido hialurónico y adenosina ayuda a iluminar la piel, reducir manchas oscuras y mejorar la textura. Además, proporciona una hidratación profunda que mejora la elasticidad y disminuye la apariencia de líneas finas y arrugas. Este sérum también combate las ojeras y la hinchazón, ofreciendo un contorno de ojos más firme y revitalizado.",Dr.Althea,,Cosmetica e higiene,"Vegano, 25 ml",TRUE,Title,Default Title,,,,,,,,3853,25,shopify,2,deny,manual,24.95,,TRUE,TRUE,,,,,8809447254395,https://uayblnybdrhhmumudbea.supabase.co/storage/v1/object/public/productos/dralthea-to-be-youthful-eye-serum-25-ml.jpg,1,Sérum de Ojos To Be Youthful - Dr.Althea,FALSE,Sérum de Ojos To Be Youthful,"El Dr. Althea To Be Youthful Eye Serum está formulado para tratar y prevenir los signos del envejecimiento en el área de los ojos. Su potente combinación de niacinamida, ácido hialurónico y adenosina ayuda a iluminar la piel, reducir manchas oscuras y mejorar la textura. Además, proporciona una hidratación profunda que",,,,FALSE,,,3853,3853,TRUE,FALSE,,,"Para obtener los mejores resultados, aplique una pequeña cantidad del Dr. Althea To Be Youthful Eye Serum en el área del contorno de ojos, utilizando la yema de los dedos para masajear suavemente hasta su completa absorción. Se recomienda su uso diario, tanto por la mañana como por la noche. La fórmula incluye ingredientes como:

Niacinamida: Ilumina y mejora la textura de la piel.
Ácido Hialurónico: Hidrata profundamente y mejora la elasticidad.
Adenosina: Calma y mejora la elasticidad, reduciendo ojeras e hinchazón.
Extracto de Centella Asiatica: Calma y suaviza la piel.
Extracto de Aloe Vera: Alivia la irritación y mejora la salud de la piel.
Con su uso regular, este sérum promete una mirada más joven y revitalizada, convirtiéndose en un aliado esencial en tu rutina de cuidado facial.",TRUE,FALSE,FALSE,5.20,,,21.00,TRUE,,g,,6.26,active
parches-de-ojo-de-hidrogel-de-col-geno-84-g-30-uds,Parches de Ojo de Hidrogel de Colágeno,"Descripción : mixsoon Collagen Hydrogel Eye Patch es un parche diseñado para la delicada zona del contorno de los ojos. Gracias al colágeno hidrolizado de origen francés y sus alto contenido en aminoácidos y péptidos, proporciona hidratación y luminosidad, siendo perfecto para aquellos que luchan contra la flacidez, la pérdida de elasticidad o las arrugas en el contorno de los ojos.",mixsoon,,Cosmetica e higiene,84 g (30 uds),TRUE,Title,Default Title,,,,,,,,3854,,shopify,2,deny,manual,27.95,,TRUE,TRUE,,,,,8809732913358,https://mixsoon.es/cdn/shop/files/CollagenHydrogelEyePatch_Main01_1_f7d6da60-01f4-4fe2-a6ab-43244b94a2aa.png?v=1759321776&width=1200,1,Parches de Ojo de Hidrogel de Colágeno - mixsoon,FALSE,Parches de Ojo de Hidrogel de Colágeno,"Descripción : mixsoon Collagen Hydrogel Eye Patch es un parche diseñado para la delicada zona del contorno de los ojos. Gracias al colágeno hidrolizado de origen francés y sus alto contenido en aminoácidos y péptidos, proporciona hidratación y luminosidad, siendo perfecto para aquellos que luchan contra la flacidez, la",,,,FALSE,,,3854,3854,TRUE,FALSE,,,,TRUE,FALSE,FALSE,5.20,,,21.00,FALSE,,,,11.57,active
crema-vitamina-c-30-ml,Crema Vitamina C,"Descripción: Crema hidratante iluminadora formulada con un 7% de derivados de vitamina C, diseñada para aportar luminosidad y mejorar el aspecto de la piel sin la irritación habitual de las fórmulas más potentes.

Su fórmula combina el Triple Booster Complex (vitamina C, niacinamida y glutatión) para ayudar a unificar el tono, mejorar la textura y potenciar la luminosidad. Además, contribuye a mantener la hidratación y la elasticidad de la piel, dejando un acabado fresco y ligero sin sensación grasa ni pegajosa.",mixsoon,,Cosmetica e higiene,30 ml,TRUE,Title,Default Title,,,,,,,,3855,30,shopify,1,deny,manual,17.95,,TRUE,TRUE,,,,,8809732915321,https://mixsoon.es/cdn/shop/files/1_7abe0c3b-7089-41c5-b42a-fae4b731fa25.png?v=1784103875&width=1200,1,Crema Vitamina C - mixsoon,FALSE,Crema Vitamina C,"Descripción: Crema hidratante iluminadora formulada con un 7% de derivados de vitamina C, diseñada para aportar luminosidad y mejorar el aspecto de la piel sin la irritación habitual de las fórmulas más potentes.

Su fórmula combina el Triple Booster Complex (vitamina C, niacinamida y glutatión) para ayudar a unificar ",,,,FALSE,,,3855,3855,TRUE,FALSE,,"Ingredientes: Agua/Aqua, ácido 3-O-etil ascórbico, triglicérido caprílico/cáprico, glicerina, propanodiol, poliacriloildimetil taurato de amonio, alcohol cetearílico, pentilenglicol, alcoholes C14-22, 1,2-hexanodiol, celulosa, estearato de glicerilo, bisabolol, citrato de estearato de glicerilo, laurato de hexilo, sílice, alquil glucósido C12-20, celulosa microcristalina, goma xantana, tocoferol, aceite de fruta de Hippophae rhamnoides, extracto de fermento de Sphingomonas, etilhexilglicerina, adenosina, trometamina, fitato de sodio, ácido cítrico, niacinamida, citrato de sodio, glutatión, ácido ascórbico","Modo de uso : Aplicar una cantidad adecuada sobre el rostro como último paso de la rutina de cuidado. Masajear suavemente hasta su completa absorción. Se puede usar por la mañana y por la noche. Durante el día, aplicar protector solar tras su uso.",TRUE,FALSE,FALSE,5.20,,,21.00,FALSE,,g,,7.98,active
kit-de-viaje-5-uds,Kit de Viaje,"Un set completo de rutina de cuidado facial de Centella con 5 productos mini para viajar o probar la línea Centella.

Relajante, hidratante, exfoliación suave, tamaño de viaje

Tipo de piel:
Normal, combinado, seco",Madagascar Centella,,Cosmetica e higiene,5 uds,TRUE,Title,Default Title,,,,,,,,3856,,shopify,1,deny,manual,39.45,,TRUE,TRUE,,,,,8809913831211,https://uayblnybdrhhmumudbea.supabase.co/storage/v1/object/public/productos/centella%20travel%20kit.webp,1,Kit de Viaje - Madagascar Centella,FALSE,Kit de Viaje,"Un set completo de rutina de cuidado facial de Centella con 5 productos mini para viajar o probar la línea Centella.

Relajante, hidratante, exfoliación suave, tamaño de viaje

Tipo de piel:
Normal, combinado, seco",,,,FALSE,,,3856,3856,TRUE,FALSE,"Ampolla

Centella - La ampolleta característica de SKIN1004 ayuda a proporcionar hidratación, apoya la barrera natural de la piel y ofrece un cuidado calmante con ingredientes ricos en antioxidantes.
- Ayuda a calmar e hidratar la piel sensible.

Tónico

tonificante de Centella - Un tónico exfoliante suave con textura ligera y
acuosa - Un tónico de uso cotidiano infusionado con extracto de Centella Asiatica y PHA, un exfoliante
suave - PHA, un ingrediente exfoliante suave, se activa gradualmente en la piel para eliminar suavemente el sebo y las células
muertas - Certificado para un aspecto más luminoso y cuidado de líneas finas para un aspecto
más claro y elástico - Prueba no comedogénica completa, segura para piel con aspecto problemático y todos los demás

tipos de piel Espuma

de ampolla Centella - Un limpiador rico y espumoso con un pH ideal de 5 elimina eficazmente el maquillaje y las impurezas sin despojar la piel
- Poder de limpieza avanzado elimina hasta el 92,69% del polvo fino - Ultra
- El polvo de bicarbonato ultra fino se une al sebo y a las impurezas en los poros para eliminarlos
Tensioactivos derivados del coco que limpian suavemente mientras mantienen la piel hidratada
- Contiene ampolla Centella que ayuda a calmar y equilibrar la piel Centella Light Cleansing Oil

- Un limpiador ligero a base de aceite que derrite suavemente maquillaje, suciedad, aceites y protector solar, suave incluso en la zona
de los ojos - Formulado con aceite de Centella (Centella extraído de MCT) y seis aceites botánicos


- El aceite micelar limpiador permite eliminar el exceso de grasa y maquillaje sin eliminar aceites
saludables - Textura ligera similar al agua, adecuada para quienes se inician en los
limpiadores con aceite - No comedogénica; Ayuda a disolver el sebo y mantener los poros limpios

. Crema

calmante Centella - Sensibilidad refrescante que ayuda a suavizar el aspecto del
enrojecimiento - Un potente cuidado calmante ayuda a calmar la piel sensible y apoya la barrera natural de la
piel - Contiene tres componentes esenciales para firmar la piel: Ceramida, colesterol y ácidos grasos
- Ayuda a mantener el equilibrio natural de la piel con un pH similar al de
aspecto saludable - Contiene extracto de Centella Asiatica de Madagascar
- Textura gel ligera y no pegajosa que se desliza suavemente sobre la piel","Extracto de Centella Asiatica, Gluconolactona, Betaína, Ácido cítrico, Hialuronato de sodio, Aceite de fruta de cítricos Aurantium bergamia (bergamota), Aceite de semilla de Helianthus annuus (girasol), Aceite de fruta de Olea europaea (olivo), Aceite de semilla de Simmondsia chinensis (Jojoba), Trehalosa, NP de Ceramida, Colesterol


Agua de Ampolla Centella

Agua, glicerina, butilenglicol, extracto de Centella asiatica, 1,2-hexanodiol, goma de celulosa, etilhexilglicerina.

Tónico de Centella

Agua, dipropilenglicol, extracto de Centella asiatica, 1,2-hexanodiol, niacinamida, citrato de sodio, gluconolactona, etilhexilglicerina, adenosina, EDTA disódico, glicirrizato dipotásico, betaína, ácido hialurónico, carbómero, trometamina.

Espuma Limpiadora de Centella

Isoetionato de cocoilo sódico, glicerina, taurato de metil cocoilo sódico, coco-betaína, extracto de Centella asiatica, glicinato de cocoilo potásico, 1,2-hexanodiol, cocoato de potasio, benzoato de potasio, policuaternio-67, ácido cítrico, cloruro de sodio, gluconato de sodio, dextrina, extracto de cacao (Theobroma cacao), EDTA disódico, acetato de sodio, bicarbonato de sodio, extracto de raíz de Coptis chinensis, hialuronato de sodio, extracto de fruto de Coccinia indica, extracto de Eclipta prostrata.

Aceite Limpiador Ligero de Centella

Estearato de etilhexilo, etilhexanoato de cetilo, tetraoleato de Sorbeth-30, triglicéridos caprílicos/cápricos, aceite de fruto de bergamota (Citrus aurantium bergamia), extracto de Centella asiatica, aceite de semilla de jojoba (Simmondsia chinensis), aceite de fruto de oliva (Olea europaea), aceite de semilla de girasol (Helianthus annuus), etilhexilglicerina, aceite de flor de geranio (Pelargonium graveolens), aceite de flor de rosa damascena (Rosa damascena), limoneno, linalool.

Crema de Centella

Agua, glicerina, propanodiol, dipropilenglicol, ciclopentasiloxano, extracto de Centella asiatica, 1,2-hexanodiol, ciclohexasiloxano, trehalosa, caprilil meticona, C12-14 Pareth-12, carbómero, trometamina, C30-45 alquil cetearil dimeticona crosspolymer, copolímero de acriloildimetiltaurato de amonio/VP, butilenglicol, goma xantana, extracto de raíz de jengibre (Zingiber officinale), extracto de hoja de menta (Mentha piperita), etilhexilglicerina, glicirrizato dipotásico, ácido tranexámico, dextrina, extracto de semilla de cacao (Theobroma cacao), filtrado de fermentación de raíz de Leuconostoc/Rábano, goma biosacárida-1, EDTA disódico, hialuronato de sodio, beta-glucano, lecitina hidrogenada, extracto de raíz de Coptis chinensis, alcohol cetearílico, ácido esteárico, ceramida NP, ceramida NG, colesterol, fitoesfingosina, ceramida AS, ceramida AP y ceramida EOP.",,TRUE,FALSE,FALSE,5.20,,,21.00,FALSE,,,,16.51,active
royal-vita-propolis-33-ampoule-15-ml,Royal Vita Propolis 33 Ampoule,"Una ampolla de creación multitarea formulada con extracto de propóleo y extracto de jalea real proporciona un rico nutritivo para la piel, mientras que el árbol de vitaminas ilumina el tono apagado de la piel, dejándola revitalizada, radiante y flexible.",Dr. Ceuracle,,Cosmetica e higiene,15 ml,TRUE,Title,Default Title,,,,,,,,3857,15,shopify,1,deny,manual,24.95,,TRUE,TRUE,,,,,8806133614174,https://uayblnybdrhhmumudbea.supabase.co/storage/v1/object/public/productos/Dr-Ceuracle-Royal-Vita-Propolis-33-Ampoule-30-ml.avif,1,Royal Vita Propolis 33 Ampoule - Dr. Ceuracle,FALSE,Royal Vita Propolis 33 Ampoule,"Una ampolla de creación multitarea formulada con extracto de propóleo y extracto de jalea real proporciona un rico nutritivo para la piel, mientras que el árbol de vitaminas ilumina el tono apagado de la piel, dejándola revitalizada, radiante y flexible.",,,,FALSE,,,3857,3857,TRUE,FALSE,"Agua, butilenglicol, pantenol, agua de flor de rosa centifolia, extracto de Portulaca oleracea, niacinamida, propilenglicol, 1,2-hexanediol, extracto de fruta de Hippophae rhamnoides, ácido ascórbico 3-O-etilo, extracto de propópolis, carbómero, arginina, fenoxietanol, hidroxietilcelulosa, glicirrizado dipotásico, adenosina, hialuronato sódico, extracto de centella asiática, extracto de hamamelis virginna (hamamelis), extracto de jalea real, extracto de Spirodela polyrhiza","Extracto de propóleo
Revitaliza y nutre inmediatamente la piel opaca y cansada.

Extracto de jalea real
Ayuda a proteger la piel de los radicales libres y a que la piel se sienta más rellena.",,TRUE,FALSE,FALSE,5.20,,,21.00,FALSE,,g,,10.64,active
crema-royal-vita-propolis-33-50-g,Crema Royal Vita Propolis 33,"Una crema multitarea que crea un brillo formulado con extracto de propóleo y extracto de jalea real aporta un rico nutriente a la piel, mientras que el árbol de vitaminas ilumina el tono apagado de la piel, dejándolo revitalizado, radiante y flexible.",Dr.Ceuracle,,Cosmetica e higiene,50 g,TRUE,Title,Default Title,,,,,,,,3858,50,shopify,1,deny,manual,34.95,,TRUE,TRUE,,,,,8806133613832,https://uayblnybdrhhmumudbea.supabase.co/storage/v1/object/public/productos/crema%20royal%20vita%20propolis%2033%20dr.ceuracle.jpg,1,Crema Royal Vita Propolis 33 - Dr.Ceuracle,FALSE,Crema Royal Vita Propolis 33,"Una crema multitarea que crea un brillo formulado con extracto de propóleo y extracto de jalea real aporta un rico nutriente a la piel, mientras que el árbol de vitaminas ilumina el tono apagado de la piel, dejándolo revitalizado, radiante y flexible.",,,,FALSE,,,3858,3858,TRUE,FALSE,"Agua, butilenglicol, aceite vegetal, poligliceril-3 metilglucosa destearato, niacinamida, 1,2-hexanediol, amonio acrildimetiltaurato/copolímero Vp, aceite de semilla de camelia japonica, ácido ascórbico 3-O-etil, glicerina, extracto de propópolis, dipropilenglicol, extracto de hoja de Eclipta prostrata, extracto de hoja de Laminaria japonica, hidroxiacetofenona, alcohol, aceite de cítricos aurantium dulcis (naranja), etilhexilglicerina, agua de flor de rosa centifolia, propanediol, extracto de fruto de hipofas rhamnoides, sodio Hialuronato, adenosina, fructooligosacáridos, lecitina hidrogenada, aceite de cáscara de cítricos nobilis (mandarina de mandanda), beta-glucano, extracto de centella asiática, estearoilglutato de sodio, aceite de semilla de helianthus annuus (girasol), extracto de fruta de ficus carica (higo), aceite de fruta de litsea cubeba, extracto de acmella oleracea, ácido hialurónico hidrolizado, extracto de corteza de amurense de felodendro, extracto de portulaca oleracea, dextrina, extracto de semilla de Theobroma cacao (cacao), extracto de flor de chamomila recutita (matricaria),  Extracto de hoja de Rosmarinus Officinalis (romero), Ceramida Np, Extracto de jalea real, Extracto de Hamamelis Virginiana (Hamamelis (Hamamel), Fenoxietanol, Extracto de semilla de Lupinus Albus, Tocoferol","Extracto de propóleo
Revitaliza y nutre inmediatamente la piel opaca y cansada.

Extracto de jalea real
Ayuda a proteger la piel de los radicales libres y a que la piel se sienta más rellena.",,TRUE,FALSE,FALSE,5.20,,,21.00,FALSE,,g,,15.56,active
mascarilla-para-dormir-t-de-kombucha-vegana-100-g,Mascarilla para Dormir,"Una mascarilla para dormir nutritiva formulada con
Extracto de kombucha y Bakuchiol, entregando
Hidratación duradera y mejora de la renovación celular de la piel",Dr.Ceuracle,,Cosmetica e higiene,"Té de Kombucha Vegana, 100 g",TRUE,Title,Default Title,,,,,,,,3859,100,shopify,1,deny,manual,29.95,,TRUE,TRUE,,,,,8806133616505,https://uayblnybdrhhmumudbea.supabase.co/storage/v1/object/public/productos/dr-ceuracle-vegan-kombucha-tea-sleeping-mask.jpg,1,Mascarilla para Dormir - Dr.Ceuracle,FALSE,Mascarilla para Dormir,"Una mascarilla para dormir nutritiva formulada con
Extracto de kombucha y Bakuchiol, entregando
Hidratación duradera y mejora de la renovación celular de la piel",,,,FALSE,,,3859,3859,TRUE,FALSE,"Agua, glicerina, mantequilla de butirospermo Parkii, aceite de cocos nucifera, palma etilhexila
tate, coco-caprilato/capato, butilenoglicol, alcohol cetearílico, po hidrogenado
ly (C6-14 Olefina), Aceite de semilla de Macadamia Integrifolia, Niacinamida, Alcoh Araquilo
ol, metilpropanediol, poligliceril-3 destearato, 1,2-hexanediol, alcohol behenílico,
Copolímero de acrilato hidroxietil/taurato de acrilildimetil sodio, Hidroxiaceto
Fenonas, sílice, escualano, poligliceril-10 laurato, aceite de fruta Olea Europaea, sodio
umstearoil glutamato, glucósido araquil, estearato de glicerilo, ésteres de jojoba, cam
Extracto de hoja de ellia sinensis, Saccharomyces Filtrado de fermentación, Carbómero, Helianthus A
Cera de semillas de nnuus, trometamina, agua de hojas de Camellia sinensis, dipropilenglicol,
Extracto de hoja de Eclipta Prostrata, Citrato de estearato de glicerilo, Extracto de Laminaria japonica,
Aceite de oliva hidrogenado no saponificables, adenosina, dextrina, teogroma cacao S
Extracto de eed, Isosotearato de Sorbitano, EDTA disódico, Aceite de Abies Sibirica, Laura Sódica
te, Bakuchiol, fructooligosacáridos, aceite de semilla de Helianthus annuus Unsaponifiable
s, Lecitina hidrogenada, Poliglicerina-3, Beta-glucano, ácido láurico, Rosmarinus Of
Aceite de hoja de Ficinalis, Aceite de Salvia Sclarea, Extracto de Centella Asiatica, Fruto de Ficus Carica
tracto, glucosa, Pelargonium graveolens Flower Oil, Schisandra chinensis Fruit Extr
acto, ácido hialurónico hidrolizado, aceite de hoja de Eugenia Caryophyllus, tocoferol, anth
Aceite de flores de Emis Nobilis, Parque Nacional de Ceramida, Aceite de Flores de Chamomilla Recutita, Enebro 
Aceite mexicano, Pogostemon Cablin Oil","Kombucha: : El té negro fermentado contiene abundantes probióticos, vitamina B y diversas nutriciones, ayudando a liberar toxinas y fortalecendo el sistema inmunológico. 
Bakuchiol:  Retinol derivado de la planta que imita el 99% de la eficacia del retinol sin preocuparse por efectos secundarios, excelente para la recuperación de la piel y efectos luminosos.","Después de la limpieza, aplica una cantidad generosa en la piel y masátala suavemente. Para una mejor absorción, úsalo solo para la rutina de cuidado facial nocturno.",TRUE,FALSE,FALSE,5.20,,,21.00,FALSE,,g,,13.10,active
s-rum-de-niacinamida-chaenomeles-sinensis-30-ml,Sérum de Niacinamida Chaenomeles Sinensis,"Mary&May Niacinamida + Suero de Chaenomeles Sinensis, extracto de niacinamida al 2% y extracto de Chaenomeles Sinensis al 93% para mejorar la pigmentación y la impureza dérmica, sin fragancia 1,01 fl oz",MARY & MAY,,Cosmetica e higiene,30 ml,TRUE,Title,Default Title,,,,,,,,3860,30,shopify,0,deny,manual,19.95,,TRUE,TRUE,,,,,8809670680848,https://marynmay.com/cdn/shop/files/50_d606dd7e-54e6-4a83-9b81-b85a76ee919a.jpg?v=1714374223&width=900,1,Sérum de Niacinamida Chaenomeles Sinensis - MARY & MAY,FALSE,Sérum de Niacinamida Chaenomeles Sinensis,"Mary&May Niacinamida + Suero de Chaenomeles Sinensis, extracto de niacinamida al 2% y extracto de Chaenomeles Sinensis al 93% para mejorar la pigmentación y la impureza dérmica, sin fragancia 1,01 fl oz",,,,FALSE,,,3860,3860,TRUE,FALSE,,"Extracto de fruta de Chaenomeles sinensis, gliceret-26, niacinamida, 1,2-hexanediol, arginina, carbómero, etilhexiglicerina, caprylylglycol","Aplica la cantidad adecuada cuidadosamente sobre la cara y el cuello, luego alisa suavemente para una mejor absorción. Recomiendo aplicar la loción después de usar piel o tónico.",TRUE,FALSE,FALSE,5.20,,,21.00,FALSE,,g,,6.68,active
s-rum-restaurador-de-caracol-negro-50-ml,Sérum Restaurador de Caracol Negro,"Reparación intensiva y refezón
Potenciador Impulsado por filtrado de secreción de caracol, este sérum multifuncional mejora la regeneración, elasticidad y resiliencia de la piel. Nutre profundamente la piel cansada y sin brillo, al tiempo que aborda las líneas finas, la textura áspera y la pérdida de firmeza, revitalizando la piel para una apariencia visiblemente más suave y juvenil.

Complejo
antioxidante de superalimento negro Infusionado con cinco potentes superalimentos negros—como arroz negro, semilla de café y sésamo negro—esta fórmula rica en antioxidantes apoya la recuperación de la piel, protege contra los signos visibles del envejecimiento y fortalece la barrera cutánea para una vitalidad a largo plazo.",ÍUNIK,,Cosmetica e higiene,50 ml,TRUE,Title,Default Title,,,,,,,,3861,50,shopify,1,deny,manual,24.95,,TRUE,TRUE,,,,,8809728080132,https://uayblnybdrhhmumudbea.supabase.co/storage/v1/object/public/productos/serum%20reparador%20de%20caracol%20negro%20iunik.webp,1,Sérum Restaurador de Caracol Negro - ÍUNIK,FALSE,Sérum Restaurador de Caracol Negro,"Reparación intensiva y refezón
Potenciador Impulsado por filtrado de secreción de caracol, este sérum multifuncional mejora la regeneración, elasticidad y resiliencia de la piel. Nutre profundamente la piel cansada y sin brillo, al tiempo que aborda las líneas finas, la textura áspera y la pérdida de firmeza, revitaliz",,,,FALSE,,,3861,3861,TRUE,FALSE,,"Extracto
de caracol Rico en propiedades regenerativas, la mucina de caracol apoya el proceso natural de curación de la piel, dejándola clara, suave y revitalizada.

Complejo
de Superalimentos Negro Infusionado con antocianinas negras ricas en antioxidantes y nutrientes de semillas de café, arroz negro, sésamo negro, algas y berenjenas para energizar la piel y promover una tez juvenil y saludable.

Centella Asiatica Leaf
Water calma rápidamente la piel irritada y apoya la recuperación de las zonas dañadas, ofreciendo un cuidado suave para la piel sensible y estresada.","Después del tónico, aplica la cantidad adecuada a lo largo de la textura de la piel y da palmitas suaves para una mejor absorción.",TRUE,FALSE,FALSE,5.20,,,21.00,FALSE,,g,,10.23,active
crema-para-manchas-timeless-bloom-retinol-30-ml,Crema para Manchas,"Reducción potente de arrugas
Sinergia entre la hortensia de Jeju
Contiene retinol puro del 0,1%
Crema spot 4 en 1
Analizado para detectar irritación mínima
Hipoalergénico
Dermatólogo analizado",Purito,,Cosmetica e higiene,"Vegano, Timeless Bloom Retinol, 30 ml",TRUE,Title,Default Title,,,,,,,,3862,30,shopify,1,deny,manual,23.95,,TRUE,TRUE,,,,,8809563103065,https://purito.com/wp-content/uploads/2024/05/Retinol-Spot-Cream-slide-04.jpg,1,Crema para Manchas - Purito,FALSE,Crema para Manchas,"Reducción potente de arrugas
Sinergia entre la hortensia de Jeju
Contiene retinol puro del 0,1%
Crema spot 4 en 1
Analizado para detectar irritación mínima
Hipoalergénico
Dermatólogo analizado",,,,FALSE,,,3862,3862,TRUE,FALSE,"agua, triglicéridos caprílicos/capricos, glicerina, alcohol cetearílico, propanediol, tetraetilhexanoato penteritritilo, butiloglicol, extracto de hoja de hortensia macrophylla, bakuchiol, ácido hialurónico, extracto de hoja de camelia sinensis, hialuronato de sodio, retinol (1.000 ppm), alantoína, alcohol aracílico, estearato de gliceril, tocoferol, alcohol behenílico, carbómero, copolímero de acrilato de sodio/taurato de acrilildimetil de sodio, trometamina, glucósido cetearílico, caprilglicol, poliisobuteno, araquilo glucósido, hidroxiacetofenona, pentilenoglicol, copolímero de acrilato hidroxietil/taurato de acrilildimetil sodio, glicirrizado dipotásico, poligliceril-10 laurato, extracto de bulbo de Allium sativum (ajo), estearato de gliceril SE, estearato de sorbitano, 1,2-hexanediol, etilhexilglicerina, adenosina, EDTA dissódico, glucosido caprylyl/capryl, oleato de sorbitano, rutina, extracto de raíz de curcuma longa (cúrcuma), extracto de vid de Vitis vinifera (uva), isostearato de sorbitano, extracto de raíz de Paeonia suffruticosa, Glucosa, chicle de esclerotio, goma xantana","Hortensia de Jeju
La hortensia Tamrasan, que crece alrededor del monte Halla de la isla de Jeju, es una atemporal lucha contra las arrugas de la piel.

Prosperando en una variedad de climas y terrenos, la hortensia Jeju proporciona una energía nutritiva potente que ayuda a retrasar y reducir la apariencia de las arrugas, resultando en una piel más suave y firme.

Retinol
El retinol es un tipo de vitamina A que es un gran agente sulfurizante para la piel, ayudando a reducir la apariencia de las arrugas y mejorar la elasticidad de la piel. También ayuda a mantener la piel suave, radiante y radiante.

Bakuchiol
El bakuchiol reduce la apariencia de las arrugas sin irritación, dejando la piel más firme y joven.

*La descripción anterior se limita a las características de las materias primas.","Envejecimiento temprano del pozo
Después de tu rutina nocturna de cuidado de la piel, aplica una pequeña cantidad en las zonas que te preocupan y golpea hasta que se absorba. Empieza a usarlo día sí sí y ve aumentando el uso poco a poco.

Para el endurecimiento de la piel y los efectos contra las arrugas, recomendamos usarlo en combinación con el sérum Timeless Bloom Bakuchiol.

El secreto desvelado por la noche
El retinol es sensible a la luz y al calor, por lo que recomendamos usar este producto por la noche. Después del uso nocturno, aplica protector solar durante el día para proteger tu piel.

*Recomendamos realizar una prueba de parche cuando se use retinol por primera vez.

Cuidado de las arrugas más eficaz
Para obtener el máximo resultado, aplica suavemente en dirección contraria a la arruga, luego masajea la piel hacia arriba y finalmente da unas palmaditas suaves para absorber.",TRUE,FALSE,FALSE,5.20,,,21.00,TRUE,,g,,9.70,active
s-rum-facial-age-r-vitamina-c-pro-20-ml,Sérum Facial AGE-R Vitamina C Pro,sérum concentrado contra los signos del envejecimiento de la piel con vitamina C,medicube,,Cosmetica e higiene,20 ml,TRUE,Title,Default Title,,,,,,,,3863,20,shopify,2,deny,manual,24.95,,TRUE,TRUE,,,,,8800256118946,https://uayblnybdrhhmumudbea.supabase.co/storage/v1/object/public/productos/age-r%20ampollas%20medicube.webp,1,Sérum Facial AGE-R Vitamina C Pro - medicube,FALSE,Sérum Facial AGE-R Vitamina C Pro,sérum concentrado contra los signos del envejecimiento de la piel con vitamina C,,,,FALSE,,,3863,3863,TRUE,FALSE,,"vitamina C, vitamina E, cafeína, pantenol, aceite de jojoba, cúrcuma, adenosina , ingredientes fermentados, alantoína, glicerina, aminoácidos, ácido ferúlico","Aplica una cantidad adecuada del sérum en la piel del rostro y da golpecitos pequeños con las puntas de los dedos hasta que se absorba. Utiliza en el rostro, cuello y escote. El sérum se puede utilizar bajo la crema de día/noche, o por separado.",TRUE,FALSE,FALSE,5.20,,,21.00,FALSE,,g,,11.48,active
set-de-s-rums-deep-vitamina-c-30-g,Set de sérums Deep Vitamina C,"Sérum iluminador clínicamente probado para reducir manchas y mejorar la luminosidad de la piel.

Set de 3 sérums faciales concentrados con 14,5% de vitamina C pura y Alpha-Bisabolol, diseñado para tratar la hiperpigmentación, manchas oscuras, tono desigual y pérdida de luminosidad. Su fórmula avanzada ha sido clínicamente probada en 12 estudios diferentes, ofreciendo resultados visibles en solo 4 semanas.

Gracias a su tecnología de triple cuidado de melanina, actúa desde las capas más profundas de la piel para revelar un cutis más uniforme, radiante y firme, manteniendo la hidratación y mejorando la elasticidad.",medicube,,Cosmetica e higiene,30 g,TRUE,Title,Default Title,,,,,,,,3864,30,shopify,1,deny,manual,29.95,,TRUE,TRUE,,,,,8800240566944,https://uayblnybdrhhmumudbea.supabase.co/storage/v1/object/public/productos/Set%20de%20serums%20Deep%20Vitamina%20C%20medicube.webp,1,Set de sérums Deep Vitamina C - medicube,FALSE,Set de sérums Deep Vitamina C,"Sérum iluminador clínicamente probado para reducir manchas y mejorar la luminosidad de la piel.

Set de 3 sérums faciales concentrados con 14,5% de vitamina C pura y Alpha-Bisabolol, diseñado para tratar la hiperpigmentación, manchas oscuras, tono desigual y pérdida de luminosidad. Su fórmula avanzada ha sido clínicame",,,,FALSE,,,3864,3864,TRUE,FALSE,,,,TRUE,FALSE,FALSE,5.20,,,21.00,FALSE,,g,,13.44,active
s-rum-triple-col-geno-55-ml,Sérum Triple Colágeno,"Caracteristicas principales
Sérum de uso diario con textura ligera y absorción rápida.
Fórmula con colágeno y niacinamida para piel de aspecto apagado.
Diseñado para aplicarse antes de crema hidratante y protector solar.
Formato de 1,85 oz para una rutina constante.
Acabado cómodo que facilita el uso bajo maquillaje.
Ideal para piel apagada que busca un sérum ligero y cómodo.",medicube,,Cosmetica e higiene,55 ml,TRUE,Title,Default Title,,,,,,,,3865,55,shopify,1,deny,manual,14.95,,TRUE,TRUE,,,,,8800289470462,https://uayblnybdrhhmumudbea.supabase.co/storage/v1/object/public/productos/medicube-triple-collagen-serum-40.jpg,1,Sérum Triple Colágeno - medicube,FALSE,Sérum Triple Colágeno,"Caracteristicas principales
Sérum de uso diario con textura ligera y absorción rápida.
Fórmula con colágeno y niacinamida para piel de aspecto apagado.
Diseñado para aplicarse antes de crema hidratante y protector solar.
Formato de 1,85 oz para una rutina constante.
Acabado cómodo que facilita el uso bajo maquillaje.
I",,,,FALSE,,,3865,3865,TRUE,FALSE,,,,TRUE,FALSE,FALSE,5.20,,,21.00,FALSE,,g,,6.03,active
s-rum-vitamina-c-boosting-30-ml,Sérum Vitamina C Boosting,"Qué es:
El sérum potenciador de vitamina C de la Dra. Althea ayuda a reducir las manchas oscuras faciales con niacinamida y alfa arbutina.

Formulado sin colorantes ni aromas artificiales, ofrece una experiencia suave y amigable para la piel, libre de aditivos sintéticos.

Beneficios:
- Fuerte efecto
iluminador - Cuidado de manchas oscuras y tono de piel uniforme
- Colorantes y aroma no artificiales

Efectos:
Con 63% de agua Hippophae Rhamnoides, 5% de niacinamida y 2% de ácido tranexámico, ayuda a reducir la opacidad y las manchas oscuras para lograr un tono más brillante y uniforme.",Dr.Althea,,Cosmetica e higiene,30 ml,TRUE,Title,Default Title,,,,,,,,3866,30,shopify,1,deny,manual,24.95,,TRUE,TRUE,,,,,8809447255385,https://doctoraltheaglobal.com/cdn/shop/files/boostingvitamincserum_3bde0495-f104-4c2c-b6a7-8700dc22ec53.jpg?v=1782872380&width=750,1,Sérum Vitamina C Boosting - Dr.Althea,FALSE,Sérum Vitamina C Boosting,"Qué es:
El sérum potenciador de vitamina C de la Dra. Althea ayuda a reducir las manchas oscuras faciales con niacinamida y alfa arbutina.

Formulado sin colorantes ni aromas artificiales, ofrece una experiencia suave y amigable para la piel, libre de aditivos sintéticos.

Beneficios:
- Fuerte efecto
iluminador - Cuida",,,,FALSE,,,3866,3866,TRUE,FALSE,,"Hippophae Rhamnoides Water, Centella Asiatica Leaf Water, Niacinamida, Butylen Glucol, 1,2-hexanediol, Dipropileno Glicol, Agua, Metil Gluceth-20, Metilpropanediol, Betaína, Ácido tranexámico, Glicerina, Pentilenglicol, Propanidiol, Hidroxietil urea, Extracto de Laminaria japonica, Extracto de hoja de Eclipta Prostrata, Ficus Carica (Higo), Extracto de Centella Asiatica, Lecitina hidrogenada, Hialuronato de sodio, Gósmero, 3-O-etílico ácido ascórbico, C12-14 Pareth-12, Amonio Copolímero de acriloildimetiltaurato/Vp, goma xantana, trometamina, pantenol, etilhexilglicerina, adenosina, edta disódico, fructooligosacáridos, beta-glucano, ácido ascórbico, ácido hialurónico hidrolizado, ceramida np, alfa-arbutina, tocoferol, lisato fermentado de bífida, bisabolol, ubiquinona, ubiquinona ubiquinona hidroxidecil, hialuronato","1. Después de la limpieza, aplica el tónico para preparar e hidratar.
2. Aplicar el sérum de forma uniforme y extraer para la absorción.
3. Durante el día, termina con el protector solar. Aunque la vitamina C proporciona cierta protección, es esencial proteger tu piel de los dañinos rayos UV.",TRUE,FALSE,FALSE,5.20,,,21.00,FALSE,,g,,8.25,active
